patient,sex,neoadjuvant,ihc_her2,fish_her2,her2,pam50,rna_sample,rna_aliquot,rna_file_id,n_rna_files,n_TS,n_BS,n_DX,stratum,exclusion,rank,role
TCGA-3C-AAAU,Female,No,Negative,[Not Evaluated],neg,LumA,TCGA-3C-AAAU-01A,TCGA-3C-AAAU-01A-11R-A41B-07,84225715-14a6-423c-a6d6-15558e151f56,1,1,0,0,LumA,no_dx_slide,,
TCGA-3C-AALI,Female,No,Positive,,pos,Her2,TCGA-3C-AALI-01A,TCGA-3C-AALI-01A-11R-A41B-07,927604f9-a38e-4c3f-b50f-3e0db4daf5ec,1,1,0,2,HER2pos,,166.0,reserve
TCGA-3C-AALJ,Female,No,Indeterminate,,undetermined,LumB,TCGA-3C-AALJ-01A,TCGA-3C-AALJ-01A-31R-A41B-07,931442ba-af81-4b68-beca-7285fc44b1df,1,1,0,2,,her2_undetermined,,
TCGA-3C-AALK,Female,No,Positive,,pos,LumA,TCGA-3C-AALK-01A,TCGA-3C-AALK-01A-11R-A41B-07,7b4d770a-2b8c-4ca5-bf51-c4745c5de39a,1,1,0,1,HER2pos,,32.0,main
TCGA-4H-AAAK,Female,No,Equivocal,,undetermined,LumA,TCGA-4H-AAAK-01A,TCGA-4H-AAAK-01A-12R-A41B-07,307261f2-f88f-4658-b6d1-98ef946148e2,1,1,0,1,,her2_undetermined,,
TCGA-5L-AAT0,Female,No,Negative,,neg,LumA,TCGA-5L-AAT0-01A,TCGA-5L-AAT0-01A-12R-A41B-07,a1a6d1dd-a1c6-4c5c-b54d-42de80680bc3,1,1,0,1,LumA,,179.0,reserve
TCGA-5L-AAT1,Female,No,Equivocal,,undetermined,,TCGA-5L-AAT1-01A,TCGA-5L-AAT1-01A-12R-A41B-07,2d5b0962-b5c4-4482-9f28-47e4dcdb6df6,1,1,0,1,,her2_undetermined,,
TCGA-5T-A9QA,Female,No,Equivocal,Negative,neg,LumB,TCGA-5T-A9QA-01A,TCGA-5T-A9QA-01A-11R-A41B-07,635084ad-0b62-4217-bc6f-e2a8c1326aee,1,1,0,1,LumB,,59.0,reserve
TCGA-A1-A0SB,Female,No,Negative,,neg,Normal,TCGA-A1-A0SB-01A,TCGA-A1-A0SB-01A-11R-A144-07,0e0df72c-33c0-4e4f-939c-a4d45a6e1ea3,1,1,1,1,,her2neg_pam50_not_LumA_LumB_Basal,,
TCGA-A1-A0SD,Female,No,Negative,,neg,LumA,TCGA-A1-A0SD-01A,TCGA-A1-A0SD-01A-11R-A115-07,3b9e620f-a661-4a1d-ac46-ab4c56a4b241,1,1,1,1,LumA,,313.0,reserve
TCGA-A1-A0SE,Female,No,Negative,Negative,neg,LumA,TCGA-A1-A0SE-01A,TCGA-A1-A0SE-01A-11R-A084-07,f66aace4-01a4-4def-8e71-26d9aaf13d49,1,1,1,1,LumA,,295.0,reserve
TCGA-A1-A0SF,Female,No,Negative,,neg,LumA,TCGA-A1-A0SF-01A,TCGA-A1-A0SF-01A-11R-A144-07,4ef93d93-a6c6-4137-944c-6092e4ff7ae9,1,1,0,1,LumA,,45.0,reserve
TCGA-A1-A0SG,Female,No,Negative,,neg,LumA,TCGA-A1-A0SG-01A,TCGA-A1-A0SG-01A-11R-A144-07,76367cee-b571-49e5-8121-9e69f906c230,1,1,1,0,LumA,no_dx_slide,,
TCGA-A1-A0SH,Female,No,Equivocal,Negative,neg,LumA,TCGA-A1-A0SH-01A,TCGA-A1-A0SH-01A-11R-A084-07,2e9902c2-e171-465e-ae13-45c413f7515f,1,1,1,1,LumA,,107.0,reserve
TCGA-A1-A0SI,Female,No,Negative,,neg,LumB,TCGA-A1-A0SI-01A,TCGA-A1-A0SI-01A-11R-A144-07,d5330be0-9f72-4be5-9139-8503aa4d00b4,1,1,1,1,LumB,,12.0,main
TCGA-A1-A0SJ,Female,No,Equivocal,Negative,neg,LumA,TCGA-A1-A0SJ-01A,TCGA-A1-A0SJ-01A-11R-A084-07,09385f52-e4ad-4ae0-9f09-91e8dd5fc953,1,1,1,1,LumA,,96.0,reserve
TCGA-A1-A0SK,Female,No,Negative,,neg,Basal,TCGA-A1-A0SK-01A,TCGA-A1-A0SK-01A-12R-A084-07,507952aa-23c0-4239-ae19-04d8f862acc2,1,1,1,1,Basal,,26.0,reserve
TCGA-A1-A0SM,Male,No,Positive,Positive,pos,,TCGA-A1-A0SM-01A,TCGA-A1-A0SM-01A-11R-A084-07,e38111a3-54f9-4229-8803-fc74e0c12c55,1,1,1,1,HER2pos,not_female,,
TCGA-A1-A0SN,Female,No,Positive,,pos,LumB,TCGA-A1-A0SN-01A,TCGA-A1-A0SN-01A-11R-A144-07,9c00a43c-1da0-4e3b-b7e2-54a48d29ecae,1,1,1,1,HER2pos,,60.0,reserve
TCGA-A1-A0SO,Female,No,Equivocal,Negative,neg,Basal,TCGA-A1-A0SO-01A,TCGA-A1-A0SO-01A-22R-A084-07,2e753306-2df6-4666-b1ce-06992d109d02,1,1,1,0,Basal,no_dx_slide,,
TCGA-A1-A0SP,Female,unknown,Negative,,neg,Basal,TCGA-A1-A0SP-01A,TCGA-A1-A0SP-01A-11R-A084-07,222b562a-3ef7-4e69-a60d-54aac5104102,1,1,1,1,Basal,neoadjuvant_yes_or_unknown,,
TCGA-A1-A0SQ,Female,No,Negative,,neg,LumA,TCGA-A1-A0SQ-01A,TCGA-A1-A0SQ-01A-21R-A144-07,19520ee7-658f-4e16-8a24-291beed9f0af,1,1,1,1,LumA,,37.0,reserve
TCGA-A2-A04N,Female,No,,Negative,neg,LumA,TCGA-A2-A04N-01A,TCGA-A2-A04N-01A-11R-A115-07,45bf52c6-b1a3-4f01-8345-a224fc195e18,1,1,0,1,LumA,,265.0,reserve
TCGA-A2-A04P,Female,No,,Negative,neg,Basal,TCGA-A2-A04P-01A,TCGA-A2-A04P-01A-31R-A034-07,c95a37a1-d3cd-421c-bc5f-0f8dc448f64c,1,1,1,1,Basal,,59.0,reserve
TCGA-A2-A04Q,Female,No,Equivocal,Negative,neg,Basal,TCGA-A2-A04Q-01A,TCGA-A2-A04Q-01A-21R-A034-07,b2f5c7b1-96c1-4928-83e9-4f67ace3158e,1,1,0,1,Basal,,19.0,main
TCGA-A2-A04R,Female,No,Equivocal,Negative,neg,LumB,TCGA-A2-A04R-01A,TCGA-A2-A04R-01A-41R-A109-07,2fa144d0-2776-46d9-a7d4-41f68a1d3727,1,1,1,1,LumB,,86.0,reserve
TCGA-A2-A04T,Female,No,Equivocal,Negative,neg,Basal,TCGA-A2-A04T-01A,TCGA-A2-A04T-01A-21R-A034-07,a701ab46-0745-4f23-8723-df5846e8806f,1,1,1,1,Basal,,84.0,reserve
TCGA-A2-A04U,Female,No,Negative,Positive,pos,Basal,TCGA-A2-A04U-01A,TCGA-A2-A04U-01A-11R-A115-07,0ed77a2e-a2c9-4557-8ba3-2c8bade9b792,1,1,1,1,HER2pos,,6.0,main
TCGA-A2-A04V,Female,No,Equivocal,Negative,neg,LumA,TCGA-A2-A04V-01A,TCGA-A2-A04V-01A-21R-A034-07,136df0c2-a2a4-42e9-9cc6-9051d4f4c13d,1,0,1,1,LumA,,337.0,reserve
TCGA-A2-A04W,Female,No,Positive,Positive,pos,Her2,TCGA-A2-A04W-01A,TCGA-A2-A04W-01A-31R-A115-07,94468afc-faea-4091-af0f-d2df8aec37da,1,1,1,1,HER2pos,,121.0,reserve
TCGA-A2-A04X,Female,No,Positive,Positive,pos,Her2,TCGA-A2-A04X-01A,TCGA-A2-A04X-01A-21R-A034-07,4cac7145-605b-43d2-a1e3-309971cbe173,1,0,2,1,HER2pos,,33.0,main
TCGA-A2-A04Y,Female,No,Negative,Negative,neg,LumB,TCGA-A2-A04Y-01A,TCGA-A2-A04Y-01A-21R-A034-07,59980021-265a-4817-b7ea-02908a52cbcb,1,0,1,1,LumB,,112.0,reserve
TCGA-A2-A0CK,Female,No,Negative,Negative,neg,LumA,TCGA-A2-A0CK-01A,TCGA-A2-A0CK-01A-11R-A22K-07,87b59374-da2d-41ba-bbde-43a9022eac2c,1,1,1,1,LumA,,277.0,reserve
TCGA-A2-A0CL,Female,No,Negative,Negative,neg,Normal,TCGA-A2-A0CL-01A,TCGA-A2-A0CL-01A-11R-A115-07,4c8d0d1a-dbd3-4124-8458-dfb61f61f11c,1,1,1,1,,her2neg_pam50_not_LumA_LumB_Basal,,
TCGA-A2-A0CM,Female,No,Negative,,neg,Basal,TCGA-A2-A0CM-01A,TCGA-A2-A0CM-01A-31R-A034-07,8fb0660c-fb39-47f0-8450-1f7abff3b656,1,1,1,1,Basal,,52.0,reserve
TCGA-A2-A0CO,Female,No,Negative,Negative,neg,,TCGA-A2-A0CO-01A,TCGA-A2-A0CO-01A-13R-A22K-07,da2cff7a-9b9d-4ae8-aa49-d717a77906e1,1,1,1,1,,her2neg_pam50_not_LumA_LumB_Basal,,
TCGA-A2-A0CP,Female,No,,Negative,neg,LumA,TCGA-A2-A0CP-01A,TCGA-A2-A0CP-01A-11R-A034-07,9b980569-4da2-43ee-a06a-18ee09baf41d,1,1,1,1,LumA,,282.0,reserve
TCGA-A2-A0CQ,Female,No,Equivocal,Negative,neg,LumA,TCGA-A2-A0CQ-01A,TCGA-A2-A0CQ-01A-21R-A034-07,5b6828f2-4da6-49a4-a19c-569e089ff0b0,1,1,1,1,LumA,,175.0,reserve
TCGA-A2-A0CR,Female,No,Negative,Negative,neg,LumA,TCGA-A2-A0CR-01A,TCGA-A2-A0CR-01A-11R-A22K-07,a25f8ce5-b3f3-4d2d-b862-b703650066fb,1,1,1,1,LumA,,152.0,reserve
TCGA-A2-A0CS,Female,No,Equivocal,Negative,neg,LumA,TCGA-A2-A0CS-01A,TCGA-A2-A0CS-01A-11R-A115-07,e21262db-a694-4461-b1b0-e52c0891113a,1,1,1,1,LumA,,112.0,reserve
TCGA-A2-A0CT,Female,No,Equivocal,Negative,neg,LumA,TCGA-A2-A0CT-01A,TCGA-A2-A0CT-01A-31R-A056-07,1d7789a1-1ff1-4865-a9c9-dfb40e57aff5,1,0,2,1,LumA,,222.0,reserve
TCGA-A2-A0CU,Female,No,Equivocal,Negative,neg,LumA,TCGA-A2-A0CU-01A,TCGA-A2-A0CU-01A-12R-A034-07,1dd898ab-3b85-4932-b889-0eb0a494f2b6,1,1,1,1,LumA,,256.0,reserve
TCGA-A2-A0CV,Female,No,Negative,Negative,neg,LumA,TCGA-A2-A0CV-01A,TCGA-A2-A0CV-01A-31R-A115-07,2ce2b916-b768-424c-a57b-96ab4a77276e,1,1,1,1,LumA,,48.0,reserve
TCGA-A2-A0CW,Female,No,Equivocal,Negative,neg,LumB,TCGA-A2-A0CW-01A,TCGA-A2-A0CW-01A-21R-A115-07,5aba8f7f-c815-45e9-bee0-4dda9bfac07f,1,1,1,1,LumB,,110.0,reserve
TCGA-A2-A0CX,Female,No,Positive,,pos,Her2,TCGA-A2-A0CX-01A,TCGA-A2-A0CX-01A-21R-A00Z-07,3bb2e240-9cea-4dd2-be32-6bc6976a79b1,1,1,1,1,HER2pos,,167.0,reserve
TCGA-A2-A0CY,Female,No,Negative,Negative,neg,,TCGA-A2-A0CY-01A,TCGA-A2-A0CY-01A-12R-A034-07,c96ef17c-52c1-43d9-a7e5-730fd8f3641f,1,1,1,1,,her2neg_pam50_not_LumA_LumB_Basal,,
TCGA-A2-A0CZ,Female,No,Negative,Negative,neg,,TCGA-A2-A0CZ-01A,TCGA-A2-A0CZ-01A-11R-A034-07,36e4ffb0-0bab-4035-88f1-a181b195fce1,1,1,1,1,,her2neg_pam50_not_LumA_LumB_Basal,,
TCGA-A2-A0D0,Female,No,Negative,Negative,neg,Basal,TCGA-A2-A0D0-01A,TCGA-A2-A0D0-01A-11R-A00Z-07,d2a12641-a25f-4aab-99a4-433cf664ae73,1,1,1,1,Basal,,107.0,reserve
TCGA-A2-A0D1,Female,No,Positive,Positive,pos,Her2,TCGA-A2-A0D1-01A,TCGA-A2-A0D1-01A-11R-A034-07,788a4858-c6c6-4a8d-9aef-dbd32d74776b,1,1,0,0,HER2pos,no_dx_slide,,
TCGA-A2-A0D2,Female,No,Negative,Negative,neg,Basal,TCGA-A2-A0D2-01A,TCGA-A2-A0D2-01A-21R-A034-07,64bfe46f-8152-4c70-b69d-ea412a4dfcff,1,1,1,0,Basal,no_dx_slide,,
TCGA-A2-A0D3,Female,No,Negative,Negative,neg,LumA,TCGA-A2-A0D3-01A,TCGA-A2-A0D3-01A-11R-A115-07,7d904415-9887-4738-99ae-66dcd60084ac,1,1,1,1,LumA,,187.0,reserve
TCGA-A2-A0D4,Female,No,Negative,Negative,neg,LumB,TCGA-A2-A0D4-01A,TCGA-A2-A0D4-01A-11R-A00Z-07,7ba3b335-cd4c-4b44-a4da-44fa1109a6f0,1,1,1,1,LumB,,82.0,reserve
TCGA-A2-A0EM,Female,No,,Negative,neg,LumA,TCGA-A2-A0EM-01A,TCGA-A2-A0EM-01A-11R-A034-07,24c5fcbb-019c-4636-813b-0b9d4d1d9501,1,1,1,1,LumA,,52.0,reserve
TCGA-A2-A0EN,Female,No,Equivocal,Negative,neg,LumA,TCGA-A2-A0EN-01A,TCGA-A2-A0EN-01A-13R-A084-07,e4f80aa3-eace-4ab4-afff-69d952ed5442,1,1,1,1,LumA,,132.0,reserve
TCGA-A2-A0EO,Female,No,Negative,Negative,neg,LumA,TCGA-A2-A0EO-01A,TCGA-A2-A0EO-01A-11R-A034-07,31e1dbf5-8c97-4e4d-a488-d6737ab304c2,1,1,0,1,LumA,,189.0,reserve
TCGA-A2-A0EP,Female,No,Negative,Negative,neg,LumA,TCGA-A2-A0EP-01A,TCGA-A2-A0EP-01A-52R-A22U-07,28aa7b6c-d5ec-4aa1-9c39-70d571efe6fb,1,1,0,1,LumA,,225.0,reserve
TCGA-A2-A0EQ,Female,No,Positive,Negative,discordant,Her2,TCGA-A2-A0EQ-01A,TCGA-A2-A0EQ-01A-11R-A034-07,c3f4adee-86da-42fa-b37a-d48d66f89e09,1,1,1,1,,her2_discordant,,
TCGA-A2-A0ER,Female,No,Equivocal,Negative,neg,LumA,TCGA-A2-A0ER-01A,TCGA-A2-A0ER-01A-21R-A034-07,92fc6274-1d0f-4e1c-a124-9e5135753d99,1,1,0,1,LumA,,110.0,reserve
TCGA-A2-A0ES,Female,No,Negative,Negative,neg,LumA,TCGA-A2-A0ES-01A,TCGA-A2-A0ES-01A-11R-A115-07,987d401a-3e68-414e-8067-afe277b02fad,1,1,1,1,LumA,,266.0,reserve
TCGA-A2-A0ET,Female,No,Equivocal,Negative,neg,LumA,TCGA-A2-A0ET-01A,TCGA-A2-A0ET-01A-31R-A034-07,1c386dc6-8279-4156-bd7c-47e2f8af27bf,1,1,1,1,LumA,,316.0,reserve
TCGA-A2-A0EU,Female,No,Negative,Negative,neg,LumA,TCGA-A2-A0EU-01A,TCGA-A2-A0EU-01A-22R-A056-07,c7019746-2fcf-4b4b-b7e5-025413e1014f,1,1,0,1,LumA,,224.0,reserve
TCGA-A2-A0EV,Female,No,Negative,Negative,neg,LumA,TCGA-A2-A0EV-01A,TCGA-A2-A0EV-01A-11R-A034-07,75d5bcb2-3055-4b6a-822c-1aa37a9f1337,1,1,1,1,LumA,,160.0,reserve
TCGA-A2-A0EW,Female,No,Negative,Negative,neg,LumA,TCGA-A2-A0EW-01A,TCGA-A2-A0EW-01A-21R-A115-07,8d87fbd5-8ca7-4ff6-b8b1-79f098dbca9f,1,1,1,1,LumA,,229.0,reserve
TCGA-A2-A0EX,Female,No,Negative,Negative,neg,LumA,TCGA-A2-A0EX-01A,TCGA-A2-A0EX-01A-21R-A034-07,8f79405a-c78e-4a9e-a673-969658a0f90b,1,1,0,1,LumA,,7.0,main
TCGA-A2-A0EY,Female,No,Positive,Positive,pos,LumB,TCGA-A2-A0EY-01A,TCGA-A2-A0EY-01A-11R-A034-07,c7571e35-d912-4935-b2c3-bbba019fe9f8,1,1,1,1,HER2pos,,90.0,reserve
TCGA-A2-A0ST,Female,No,,Negative,neg,Basal,TCGA-A2-A0ST-01A,TCGA-A2-A0ST-01A-12R-A084-07,1d15f05d-2ac2-4b83-987e-6f4b157b0b74,1,1,1,1,Basal,,36.0,reserve
TCGA-A2-A0SU,Female,No,Negative,,neg,LumA,TCGA-A2-A0SU-01A,TCGA-A2-A0SU-01A-11R-A084-07,055f6138-ea7a-468d-90c2-87a473486867,1,1,1,1,LumA,,242.0,reserve
TCGA-A2-A0SV,Female,No,Equivocal,Negative,neg,LumB,TCGA-A2-A0SV-01A,TCGA-A2-A0SV-01A-11R-A084-07,1b65bcb7-8170-4eb8-af93-c547b984c571,1,1,1,1,LumB,,40.0,reserve
TCGA-A2-A0SW,Female,No,,Negative,neg,LumB,TCGA-A2-A0SW-01A,TCGA-A2-A0SW-01A-11R-A084-07,e748021e-b8ec-4b17-8b59-ce9d0a3d42e1,1,1,1,1,LumB,,99.0,reserve
TCGA-A2-A0SX,Female,No,Negative,,neg,Basal,TCGA-A2-A0SX-01A,TCGA-A2-A0SX-01A-12R-A084-07,6e112ec6-1791-4764-8a62-7ad4dfea2d3b,1,1,1,1,Basal,,32.0,reserve
TCGA-A2-A0SY,Female,No,,Positive,pos,LumA,TCGA-A2-A0SY-01A,TCGA-A2-A0SY-01A-31R-A084-07,a3039f53-9e11-4b53-b65e-ea5e14914ef0,1,1,1,1,HER2pos,,75.0,reserve
TCGA-A2-A0T0,Female,No,Negative,,neg,Basal,TCGA-A2-A0T0-01A,TCGA-A2-A0T0-01A-22R-A084-07,bbd09e9b-84ba-458f-a595-b03069b843dd,1,1,1,1,Basal,,49.0,reserve
TCGA-A2-A0T1,Female,No,Positive,,pos,Her2,TCGA-A2-A0T1-01A,TCGA-A2-A0T1-01A-21R-A084-07,9d61e56d-690b-4d66-891a-f8d010d704cf,1,1,1,1,HER2pos,,43.0,reserve
TCGA-A2-A0T2,Female,No,Negative,,neg,Basal,TCGA-A2-A0T2-01A,TCGA-A2-A0T2-01A-11R-A084-07,54600389-6de5-44ce-ada1-8a8508b50980,1,1,1,1,Basal,,30.0,reserve
TCGA-A2-A0T3,Female,No,Equivocal,Negative,neg,LumB,TCGA-A2-A0T3-01A,TCGA-A2-A0T3-01A-21R-A115-07,d898d021-e82b-42e6-b82e-28c187136674,1,1,1,1,LumB,,91.0,reserve
TCGA-A2-A0T4,Female,No,Equivocal,Negative,neg,LumA,TCGA-A2-A0T4-01A,TCGA-A2-A0T4-01A-31R-A084-07,7d5e390d-86f3-4988-9606-aeedabd31b52,1,1,1,1,LumA,,134.0,reserve
TCGA-A2-A0T5,Female,No,Negative,Negative,neg,LumA,TCGA-A2-A0T5-01A,TCGA-A2-A0T5-01A-21R-A084-07,d5d23d6a-c141-442f-ac4f-714e46b8d9ef,1,1,1,1,LumA,,234.0,reserve
TCGA-A2-A0T6,Female,No,Negative,,neg,LumA,TCGA-A2-A0T6-01A,TCGA-A2-A0T6-01A-11R-A084-07,a73c6624-c462-4c25-94bf-58769257c6dc,1,1,1,1,LumA,,239.0,reserve
TCGA-A2-A0T7,Female,No,Negative,,neg,LumA,TCGA-A2-A0T7-01A,TCGA-A2-A0T7-01A-21R-A084-07,6bd03014-d3b8-4cac-929b-af970321ae1f,1,1,1,1,LumA,,99.0,reserve
TCGA-A2-A0YC,Female,No,,Negative,neg,LumA,TCGA-A2-A0YC-01A,TCGA-A2-A0YC-01A-11R-A109-07,4c75e72b-db9f-425b-9f14-946ee801071e,1,1,0,1,LumA,,147.0,reserve
TCGA-A2-A0YD,Female,No,,Negative,neg,LumA,TCGA-A2-A0YD-01A,TCGA-A2-A0YD-01A-11R-A109-07,5030e484-7981-462f-b78d-9fdf1a8531c5,1,1,1,1,LumA,,28.0,reserve
TCGA-A2-A0YE,Female,No,Negative,,neg,Basal,TCGA-A2-A0YE-01A,TCGA-A2-A0YE-01A-11R-A109-07,c94fb480-7f46-4c24-bcb1-26f66a57c45a,1,1,1,1,Basal,,108.0,reserve
TCGA-A2-A0YF,Female,No,Negative,,neg,LumA,TCGA-A2-A0YF-01A,TCGA-A2-A0YF-01A-21R-A109-07,5dee4a6f-9cf4-4360-a37b-e7b94aa70dac,1,1,0,1,LumA,,314.0,reserve
TCGA-A2-A0YG,Female,No,Positive,,pos,LumB,TCGA-A2-A0YG-01A,TCGA-A2-A0YG-01A-21R-A109-07,cc7f30ec-5369-45ec-80cb-68534838a655,1,1,1,1,HER2pos,,68.0,reserve
TCGA-A2-A0YH,Female,No,Negative,,neg,LumB,TCGA-A2-A0YH-01A,TCGA-A2-A0YH-01A-11R-A109-07,f6392b6f-24d9-4768-8269-c7c647f8ff8c,1,1,1,1,LumB,,46.0,reserve
TCGA-A2-A0YI,Female,No,Negative,,neg,LumA,TCGA-A2-A0YI-01A,TCGA-A2-A0YI-01A-31R-A10J-07,6d488c27-ae90-41d4-8ddb-01a8eb731f0e,1,1,1,1,LumA,,268.0,reserve
TCGA-A2-A0YJ,Female,No,Negative,,neg,Basal,TCGA-A2-A0YJ-01A,TCGA-A2-A0YJ-01A-11R-A109-07,6ac73ea5-48e8-40d8-8383-fa28991813fd,1,1,1,1,Basal,,76.0,reserve
TCGA-A2-A0YK,Female,No,Negative,,neg,Normal,TCGA-A2-A0YK-01A,TCGA-A2-A0YK-01A-22R-A109-07,55f42211-4119-40a3-b5e4-329e913ef910,1,1,1,1,,her2neg_pam50_not_LumA_LumB_Basal,,
TCGA-A2-A0YL,Female,No,Negative,,neg,LumA,TCGA-A2-A0YL-01A,TCGA-A2-A0YL-01A-21R-A109-07,c4afcca9-94e4-4ecd-98d1-0aab86de8685,1,1,1,1,LumA,,231.0,reserve
TCGA-A2-A0YM,Female,No,,Negative,neg,Basal,TCGA-A2-A0YM-01A,TCGA-A2-A0YM-01A-11R-A109-07,fe7dfda5-6846-4238-9ccc-472978eb78a1,1,1,1,1,Basal,,6.0,main
TCGA-A2-A0YT,Female,Yes,,Negative,neg,LumB,TCGA-A2-A0YT-01A,TCGA-A2-A0YT-01A-11R-A109-07,f94b47fb-764c-456f-946d-907a2fc154db,1,1,1,1,LumB,neoadjuvant_yes_or_unknown,,
TCGA-A2-A1FV,Female,No,Negative,Negative,neg,LumA,TCGA-A2-A1FV-01A,TCGA-A2-A1FV-01A-11R-A13Q-07,8c6fa126-82a0-4290-a657-8466959585c4,1,1,0,1,LumA,,111.0,reserve
TCGA-A2-A1FW,Female,No,Negative,,neg,LumB,TCGA-A2-A1FW-01A,TCGA-A2-A1FW-01A-11R-A13Q-07,e06eeb14-0ebf-453f-847b-b1ae63fe8194,1,1,0,1,LumB,,2.0,main
TCGA-A2-A1FX,Female,No,,Negative,neg,LumB,TCGA-A2-A1FX-01A,TCGA-A2-A1FX-01A-11R-A13Q-07,8f1fa5b0-7b8b-41ae-9ba4-9bce8776e5a8,1,1,0,1,LumB,,18.0,main
TCGA-A2-A1FZ,Female,No,Negative,,neg,LumA,TCGA-A2-A1FZ-01A,TCGA-A2-A1FZ-01A-51R-A14D-07,fd121fe6-7529-4a92-a324-2186622180b3,1,1,0,1,LumA,,104.0,reserve
TCGA-A2-A1G0,Female,No,Equivocal,Negative,neg,LumA,TCGA-A2-A1G0-01A,TCGA-A2-A1G0-01A-11R-A13Q-07,ef3ba95e-2251-43a6-8910-2bdfb02d22be,1,1,0,1,LumA,,156.0,reserve
TCGA-A2-A1G1,Female,No,Equivocal,Positive,pos,Basal,TCGA-A2-A1G1-01A,TCGA-A2-A1G1-01A-21R-A13Q-07,269215ae-9040-4ac6-9d3d-017c0cbb2811,1,1,0,1,HER2pos,,71.0,reserve
TCGA-A2-A1G4,Female,No,Negative,,neg,LumB,TCGA-A2-A1G4-01A,TCGA-A2-A1G4-01A-11R-A13Q-07,871d28f4-09d5-4f16-8c29-4aa7d247f3e3,1,1,0,1,LumB,,115.0,reserve
TCGA-A2-A1G6,Female,No,Negative,,neg,Normal,TCGA-A2-A1G6-01A,TCGA-A2-A1G6-01A-11R-A13Q-07,0c3ddae2-366f-4b21-ab46-a2cfe1963e42,1,1,0,1,,her2neg_pam50_not_LumA_LumB_Basal,,
TCGA-A2-A259,Female,No,Negative,Negative,neg,LumA,TCGA-A2-A259-01A,TCGA-A2-A259-01A-11R-A16F-07,69f5df3f-273f-4e02-934b-af9c9ec52067,1,1,0,1,LumA,,309.0,reserve
TCGA-A2-A25A,Female,No,Equivocal,Negative,neg,Normal,TCGA-A2-A25A-01A,TCGA-A2-A25A-01A-12R-A16F-07,1ca86ab0-2f8a-4cd3-81b8-d19e8579b1d6,1,1,0,1,,her2neg_pam50_not_LumA_LumB_Basal,,
TCGA-A2-A25B,Female,No,Equivocal,Negative,neg,LumB,TCGA-A2-A25B-01A,TCGA-A2-A25B-01A-11R-A169-07,22fdb34e-9f50-4382-9800-e6e35773c538,1,1,0,1,LumB,,10.0,main
TCGA-A2-A25C,Female,No,Negative,,neg,LumB,TCGA-A2-A25C-01A,TCGA-A2-A25C-01A-11R-A169-07,fd4bd1de-fc4a-42bc-aca5-5ac16ec14118,1,1,0,1,LumB,,114.0,reserve
TCGA-A2-A25D,Female,No,Negative,Negative,neg,LumA,TCGA-A2-A25D-01A,TCGA-A2-A25D-01A-12R-A16F-07,e6cbdcab-7fd1-43a6-be43-68b6a0fb4fe9,1,1,0,1,LumA,,278.0,reserve
TCGA-A2-A25E,Female,No,Equivocal,Equivocal,undetermined,LumB,TCGA-A2-A25E-01A,TCGA-A2-A25E-01A-11R-A169-07,d721071e-6c0e-46df-9158-1fe37a64f1ed,1,1,0,1,,her2_undetermined,,
TCGA-A2-A25F,Female,No,Negative,,neg,Basal,TCGA-A2-A25F-01A,TCGA-A2-A25F-01A-11R-A169-07,4d27c8ac-375b-414a-8f88-75092f03bdd8,1,1,0,1,Basal,,96.0,reserve
TCGA-A2-A3KC,Female,No,Equivocal,Negative,neg,,TCGA-A2-A3KC-01A,TCGA-A2-A3KC-01A-11R-A213-07,cc12e7a8-e384-47f5-94b8-3e472925cc87,1,1,0,1,,her2neg_pam50_not_LumA_LumB_Basal,,
TCGA-A2-A3KD,Female,No,Negative,Negative,neg,LumA,TCGA-A2-A3KD-01A,TCGA-A2-A3KD-01A-12R-A213-07,5599b7dd-7c2a-4037-ad77-11a0b4ddcb54,1,1,0,1,LumA,,154.0,reserve
TCGA-A2-A3XS,Female,No,,Negative,neg,,TCGA-A2-A3XS-01A,TCGA-A2-A3XS-01A-11R-A22U-07,14979d31-e8b1-4948-beea-f913dfefa200,1,1,0,1,,her2neg_pam50_not_LumA_LumB_Basal,,
TCGA-A2-A3XT,Female,No,Negative,Negative,neg,Basal,TCGA-A2-A3XT-01A,TCGA-A2-A3XT-01A-11R-A22U-07,0c068d5a-ccad-47a5-bfe0-0dc5f136d6aa,1,1,0,1,Basal,,60.0,reserve
TCGA-A2-A3XU,Female,No,,Negative,neg,Basal,TCGA-A2-A3XU-01A,TCGA-A2-A3XU-01A-12R-A22U-07,22dad91c-889d-4d40-b9b8-c9facd752dc9,1,1,0,1,Basal,,39.0,reserve
TCGA-A2-A3XV,Female,No,Equivocal,Positive,pos,Her2,TCGA-A2-A3XV-01A,TCGA-A2-A3XV-01A-21R-A239-07,59f472a7-ce4f-4d3a-9193-8b3a4500d52b,1,1,0,1,HER2pos,,65.0,reserve
TCGA-A2-A3XW,Female,No,Negative,Negative,neg,Normal,TCGA-A2-A3XW-01A,TCGA-A2-A3XW-01A-11R-A239-07,e59d6b6e-1a01-4f3f-b298-06f2c6c7b111,1,1,0,1,,her2neg_pam50_not_LumA_LumB_Basal,,
TCGA-A2-A3XX,Female,No,Negative,Negative,neg,Basal,TCGA-A2-A3XX-01A,TCGA-A2-A3XX-01A-21R-A239-07,c0f6d246-c872-41a5-8135-2bdbdb1f924f,1,1,0,1,Basal,,18.0,main
TCGA-A2-A3XY,Female,No,Negative,Negative,neg,,TCGA-A2-A3XY-01A,TCGA-A2-A3XY-01A-11R-A239-07,fc9fab5b-52f0-4c79-bdf3-750c650a0fdc,1,1,0,1,,her2neg_pam50_not_LumA_LumB_Basal,,
TCGA-A2-A3XZ,Female,No,Positive,,pos,Her2,TCGA-A2-A3XZ-01A,TCGA-A2-A3XZ-01A-42R-A239-07,3974a62d-d399-42f3-b550-336e793b0cfe,1,1,0,1,HER2pos,,83.0,reserve
TCGA-A2-A3Y0,Female,No,Negative,,neg,Basal,TCGA-A2-A3Y0-01A,TCGA-A2-A3Y0-01A-11R-A239-07,c5baa506-f18b-42d8-bafd-4e9b85e1d390,1,1,0,1,Basal,,126.0,reserve
TCGA-A2-A4RW,Female,No,Negative,,neg,,TCGA-A2-A4RW-01A,TCGA-A2-A4RW-01A-21R-A266-07,c8b0b391-320c-4fea-9b68-3070103cb148,1,1,0,1,,her2neg_pam50_not_LumA_LumB_Basal,,
TCGA-A2-A4RX,Female,No,Negative,,neg,,TCGA-A2-A4RX-01A,TCGA-A2-A4RX-01A-11R-A266-07,4382bb60-997e-4a1a-9cdb-3d8738806379,1,1,0,1,,her2neg_pam50_not_LumA_LumB_Basal,,
TCGA-A2-A4RY,Female,No,Negative,,neg,,TCGA-A2-A4RY-01A,TCGA-A2-A4RY-01A-31R-A266-07,f55dbdb1-0301-4000-a854-717aed117a63,1,1,0,1,,her2neg_pam50_not_LumA_LumB_Basal,,
TCGA-A2-A4S0,Female,No,Negative,,neg,,TCGA-A2-A4S0-01A,TCGA-A2-A4S0-01A-21R-A266-07,383b947b-6824-4c75-b4f3-ccfa933d3d33,1,1,0,1,,her2neg_pam50_not_LumA_LumB_Basal,,
TCGA-A2-A4S1,Female,No,Negative,,neg,Basal,TCGA-A2-A4S1-01A,TCGA-A2-A4S1-01A-21R-A266-07,dcf2138e-b0f7-4b2e-b535-d463819f1b24,1,1,0,1,Basal,,81.0,reserve
TCGA-A2-A4S2,Female,No,Negative,,neg,LumA,TCGA-A2-A4S2-01A,TCGA-A2-A4S2-01A-12R-A266-07,bab81011-81b1-4fa4-bda1-fddec99245f5,1,1,0,1,LumA,,341.0,reserve
TCGA-A2-A4S3,Female,No,Negative,,neg,LumB,TCGA-A2-A4S3-01A,TCGA-A2-A4S3-01A-21R-A266-07,d14d5953-f379-4adb-9a1b-028f91b1a9e6,1,1,0,1,LumB,,41.0,reserve
TCGA-A7-A0CD,Female,No,Equivocal,Negative,neg,LumA,TCGA-A7-A0CD-01A,TCGA-A7-A0CD-01A-11R-A00Z-07,79bfddcc-1d7b-43a7-9221-8f230eca31d8,1,1,1,2,LumA,,281.0,reserve
TCGA-A7-A0CE,Female,No,Equivocal,Negative,neg,Basal,TCGA-A7-A0CE-01A,TCGA-A7-A0CE-01A-11R-A00Z-07,04e03ae1-b2f3-446d-862d-172fea6320de,1,1,1,2,Basal,,90.0,reserve
TCGA-A7-A0CG,Female,No,Negative,,neg,LumA,TCGA-A7-A0CG-01A,TCGA-A7-A0CG-01A-12R-A056-07,e37e5793-921d-4930-8f22-ddcd5f881fe6,1,1,1,2,LumA,,178.0,reserve
TCGA-A7-A0CH,Female,No,,,undetermined,LumA,TCGA-A7-A0CH-01A,TCGA-A7-A0CH-01A-21R-A00Z-07,64657d41-17ad-4692-8a13-0cf55c55f11d,1,0,2,2,,her2_undetermined,,
TCGA-A7-A0CJ,Female,No,Negative,,neg,LumB,TCGA-A7-A0CJ-01A,TCGA-A7-A0CJ-01A-21R-A00Z-07,c55e6460-fea1-468e-951e-bf45bbddd7a6,1,1,1,2,LumB,,58.0,reserve
TCGA-A7-A0D9,Female,No,Negative,,neg,LumA,TCGA-A7-A0D9-01A,TCGA-A7-A0D9-01A-31R-A056-07,69aebf68-5357-4269-84fb-ee91a6bd67fd,1,0,2,2,LumA,,264.0,reserve
TCGA-A7-A0DA,Female,No,Negative,,neg,Basal,TCGA-A7-A0DA-01A,TCGA-A7-A0DA-01A-31R-A115-07,3293a2fa-d57c-448e-a336-a92def5dd92a,1,1,0,2,Basal,,88.0,reserve
TCGA-A7-A0DB,Female,No,Negative,,neg,LumA,TCGA-A7-A0DB-01A,TCGA-A7-A0DB-01A-11R-A00Z-07,a8898537-0afa-4655-b123-78c11b90c53a,3,1,1,2,LumA,,102.0,reserve
TCGA-A7-A0DC,Female,No,Negative,,neg,,TCGA-A7-A0DC-01A,TCGA-A7-A0DC-01A-11R-A00Z-07,0e1999e0-9c02-4804-88b6-60b46d100739,2,1,1,2,,her2neg_pam50_not_LumA_LumB_Basal,,
TCGA-A7-A13D,Female,No,Equivocal,Negative,neg,Basal,TCGA-A7-A13D-01A,TCGA-A7-A13D-01A-13R-A12P-07,50c7c034-fccb-4eb1-b8db-e0a5d9e50172,3,1,1,2,Basal,,79.0,reserve
TCGA-A7-A13E,Female,No,Equivocal,Negative,neg,Basal,TCGA-A7-A13E-01A,TCGA-A7-A13E-01A-11R-A12P-07,0a511373-8fd3-433a-a5e1-877530d6a239,3,1,1,2,Basal,,83.0,reserve
TCGA-A7-A13F,Female,No,Equivocal,Negative,neg,LumB,TCGA-A7-A13F-01A,TCGA-A7-A13F-01A-11R-A12P-07,9c87ef50-5854-4f69-820b-9e0b4d46c982,1,1,1,2,LumB,,4.0,main
TCGA-A7-A13G,Female,No,Negative,,neg,LumA,TCGA-A7-A13G-01A,TCGA-A7-A13G-01A-11R-A13Q-07,d4943f66-388e-4c86-b61a-5ef9fef34eff,2,1,1,2,LumA,,35.0,reserve
TCGA-A7-A13H,Female,No,Equivocal,Negative,neg,,TCGA-A7-A13H-01A,TCGA-A7-A13H-01A-11R-A22K-07,270356b5-f258-49b3-a850-16ea88ec6c76,1,0,1,2,,her2neg_pam50_not_LumA_LumB_Basal,,
TCGA-A7-A26E,Female,No,Negative,,neg,LumA,TCGA-A7-A26E-01A,TCGA-A7-A26E-01A-11R-A169-07,2b519fff-dd2a-458e-ac2b-573167aeb7f2,3,1,0,1,LumA,,300.0,reserve
TCGA-A7-A26F,Female,No,Equivocal,Negative,neg,Basal,TCGA-A7-A26F-01A,TCGA-A7-A26F-01A-21R-A169-07,3c70b5af-2238-4fbe-991b-dc68975cc7f1,2,1,0,1,Basal,,110.0,reserve
TCGA-A7-A26G,Female,No,Negative,,neg,Basal,TCGA-A7-A26G-01A,TCGA-A7-A26G-01A-21R-A169-07,cd417f4e-c065-4e73-a7c7-955b2fe71add,1,1,0,1,Basal,,82.0,reserve
TCGA-A7-A26H,Female,No,Equivocal,Positive,pos,LumA,TCGA-A7-A26H-01A,TCGA-A7-A26H-01A-11R-A169-07,b2fdef29-2c03-4aaf-bac8-2e1e5d07333b,1,1,0,1,HER2pos,,98.0,reserve
TCGA-A7-A26I,Female,No,Equivocal,Negative,neg,Basal,TCGA-A7-A26I-01A,TCGA-A7-A26I-01A-11R-A169-07,3e5dce7b-3f1e-4b43-b83e-8c0fc654e9c4,2,1,0,1,Basal,,40.0,reserve
TCGA-A7-A26J,Female,No,Negative,,neg,LumA,TCGA-A7-A26J-01A,TCGA-A7-A26J-01A-11R-A169-07,23ac8b84-f000-45ea-ad35-a46323d3670a,3,1,0,1,LumA,,29.0,reserve
TCGA-A7-A2KD,Female,No,Positive,,pos,LumB,TCGA-A7-A2KD-01A,TCGA-A7-A2KD-01A-31R-A21T-07,79d67844-5389-40ee-a1fd-5b19ecf81b73,1,1,0,1,HER2pos,,142.0,reserve
TCGA-A7-A3IY,Female,No,Negative,,neg,,TCGA-A7-A3IY-01A,TCGA-A7-A3IY-01A-21R-A21T-07,94db1456-e7f2-4f5f-92e3-b8faa801097d,1,1,0,1,,her2neg_pam50_not_LumA_LumB_Basal,,
TCGA-A7-A3IZ,Female,No,Equivocal,Negative,neg,,TCGA-A7-A3IZ-01A,TCGA-A7-A3IZ-01A-11R-A213-07,0e2a0a41-fc0f-40d0-a0e7-d3eecac3cfd7,1,1,0,1,,her2neg_pam50_not_LumA_LumB_Basal,,
TCGA-A7-A3J0,Female,No,Negative,,neg,,TCGA-A7-A3J0-01A,TCGA-A7-A3J0-01A-11R-A213-07,0b4cae8e-1a2c-4ba9-b126-5abf35f73b36,1,1,0,1,,her2neg_pam50_not_LumA_LumB_Basal,,
TCGA-A7-A3J1,Female,No,Negative,,neg,,TCGA-A7-A3J1-01A,TCGA-A7-A3J1-01A-11R-A213-07,9928c491-426a-4507-8ddd-999d6b892e29,1,1,0,1,,her2neg_pam50_not_LumA_LumB_Basal,,
TCGA-A7-A3RF,Female,No,Negative,,neg,LumA,TCGA-A7-A3RF-01A,TCGA-A7-A3RF-01A-11R-A22K-07,d56cbe4c-2158-4f78-a545-d5c963a22978,1,1,0,1,LumA,,12.0,main
TCGA-A7-A425,Female,No,Indeterminate,Negative,neg,LumA,TCGA-A7-A425-01A,TCGA-A7-A425-01A-11R-A24H-07,898920ea-31b3-4244-a413-4b957e93594f,1,1,0,1,LumA,,188.0,reserve
TCGA-A7-A426,Female,No,Negative,,neg,,TCGA-A7-A426-01A,TCGA-A7-A426-01A-22R-A24H-07,b1d29048-b913-40d9-bb58-97c107b95e8d,1,1,0,1,,her2neg_pam50_not_LumA_LumB_Basal,,
TCGA-A7-A4SA,Female,No,Negative,,neg,,TCGA-A7-A4SA-01A,TCGA-A7-A4SA-01A-11R-A266-07,e4f1f27b-24a1-4d01-af87-b2692d092d2a,1,1,0,1,,her2neg_pam50_not_LumA_LumB_Basal,,
TCGA-A7-A4SB,Female,No,Negative,,neg,,TCGA-A7-A4SB-01A,TCGA-A7-A4SB-01A-21R-A266-07,2700aca8-b120-4655-87ab-a9f8f7f633db,1,1,0,1,,her2neg_pam50_not_LumA_LumB_Basal,,
TCGA-A7-A4SC,Female,No,Equivocal,Negative,neg,,TCGA-A7-A4SC-01A,TCGA-A7-A4SC-01A-12R-A266-07,a217c1ab-e2cb-487c-982a-8241da38272f,1,1,0,1,,her2neg_pam50_not_LumA_LumB_Basal,,
TCGA-A7-A4SD,Female,No,Equivocal,Negative,neg,Basal,TCGA-A7-A4SD-01A,TCGA-A7-A4SD-01A-11R-A266-07,4b8ef410-8612-4c64-839f-47770deba446,1,1,0,1,Basal,,109.0,reserve
TCGA-A7-A4SE,Female,No,Negative,,neg,Basal,TCGA-A7-A4SE-01A,TCGA-A7-A4SE-01A-11R-A266-07,87b7171a-7340-4e1e-849b-c52351f23ab0,1,1,0,1,Basal,,66.0,reserve
TCGA-A7-A4SF,Female,No,Positive,,pos,,TCGA-A7-A4SF-01A,TCGA-A7-A4SF-01A-11R-A266-07,b3b6d3bf-426f-4720-9adb-98783faa0eff,1,1,0,1,HER2pos,,47.0,reserve
TCGA-A7-A56D,Female,No,Negative,,neg,LumA,TCGA-A7-A56D-01A,TCGA-A7-A56D-01A-11R-A27Q-07,430184b1-040d-4b3a-863d-1e6c71009d93,1,1,0,1,LumA,,287.0,reserve
TCGA-A7-A5ZV,Female,No,Equivocal,Negative,neg,Basal,TCGA-A7-A5ZV-01A,TCGA-A7-A5ZV-01A-11R-A28M-07,89fa8a0c-e046-4fbf-97c5-4ed5cc4e5e4c,1,1,0,1,Basal,,54.0,reserve
TCGA-A7-A5ZW,Female,No,Negative,,neg,LumA,TCGA-A7-A5ZW-01A,TCGA-A7-A5ZW-01A-12R-A29R-07,c9bc7edd-c545-4d76-9246-1bfa043a966c,1,1,0,1,LumA,,67.0,reserve
TCGA-A7-A5ZX,Female,No,Negative,,neg,LumA,TCGA-A7-A5ZX-01A,TCGA-A7-A5ZX-01A-12R-A29R-07,934aa789-6d42-4b2d-8a74-7d482d79ed8b,1,1,0,2,LumA,,174.0,reserve
TCGA-A7-A6VV,Female,No,Negative,,neg,Basal,TCGA-A7-A6VV-01A,TCGA-A7-A6VV-01A-22R-A33J-07,1aa289bb-8ac9-4e9e-be61-3164afbe06a2,1,1,0,2,Basal,,41.0,reserve
TCGA-A7-A6VW,Female,No,Negative,,neg,Basal,TCGA-A7-A6VW-01A,TCGA-A7-A6VW-01A-21R-A33J-07,b4835808-46fa-4b6c-a933-92acc9908319,1,1,0,1,Basal,,27.0,reserve
TCGA-A7-A6VX,Female,No,Negative,,neg,LumB,TCGA-A7-A6VX-01A,TCGA-A7-A6VX-01A-12R-A33J-07,e1a528ee-1bec-4aa5-bb9c-9d0af3ba4108,1,1,0,2,LumB,,101.0,reserve
TCGA-A7-A6VY,Female,No,Negative,,neg,Basal,TCGA-A7-A6VY-01A,TCGA-A7-A6VY-01A-12R-A33J-07,9f06e9cd-8184-4b66-a2e0-96da9a7159e8,1,1,0,1,Basal,,1.0,main
TCGA-A8-A06N,Female,No,Negative,Negative,neg,LumB,TCGA-A8-A06N-01A,TCGA-A8-A06N-01A-11R-A00Z-07,1cb0d51d-def6-40ec-9c5f-4a98315b0382,1,1,1,1,LumB,,60.0,reserve
TCGA-A8-A06O,Female,No,Negative,Negative,neg,LumB,TCGA-A8-A06O-01A,TCGA-A8-A06O-01A-11R-A00Z-07,7f2773df-bece-43e0-94ff-46ba7dcf713e,1,1,1,1,LumB,,9.0,main
TCGA-A8-A06P,Female,No,Negative,Negative,neg,LumA,TCGA-A8-A06P-01A,TCGA-A8-A06P-01A-11R-A00Z-07,192d2e5c-31a1-45aa-8bb5-b33e4f873077,1,1,1,1,LumA,,15.0,main
TCGA-A8-A06Q,Female,No,Negative,Negative,neg,LumB,TCGA-A8-A06Q-01A,TCGA-A8-A06Q-01A-11R-A034-07,a1516cec-76ec-4a05-97a0-a56ef8490e60,1,1,1,1,LumB,,47.0,reserve
TCGA-A8-A06R,Female,No,Positive,Positive,pos,LumB,TCGA-A8-A06R-01A,TCGA-A8-A06R-01A-11R-A00Z-07,fb32f0b1-4fb7-43d5-8091-dc13a1f6d9e8,1,1,1,1,HER2pos,,128.0,reserve
TCGA-A8-A06T,Female,No,Positive,Positive,pos,LumA,TCGA-A8-A06T-01A,TCGA-A8-A06T-01A-11R-A00Z-07,45584684-6082-422f-abe5-ef918f8ee77a,1,1,1,1,HER2pos,,100.0,reserve
TCGA-A8-A06U,Female,No,Positive,Positive,pos,LumA,TCGA-A8-A06U-01A,TCGA-A8-A06U-01A-11R-A00Z-07,068841a8-af6a-4925-bad0-586005f59521,1,1,1,1,HER2pos,,25.0,main
TCGA-A8-A06X,Female,No,Positive,Positive,pos,LumB,TCGA-A8-A06X-01A,TCGA-A8-A06X-01A-21R-A00Z-07,be4d1c31-e925-4eb0-aa96-974b6f6bcc07,1,0,1,1,HER2pos,,139.0,reserve
TCGA-A8-A06Y,Female,No,Negative,Negative,neg,LumA,TCGA-A8-A06Y-01A,TCGA-A8-A06Y-01A-21R-A00Z-07,89e048e0-2bdb-4c62-9c0e-2e6e796238dd,1,0,2,1,LumA,,144.0,reserve
TCGA-A8-A06Z,Female,No,Negative,Negative,neg,LumB,TCGA-A8-A06Z-01A,TCGA-A8-A06Z-01A-11R-A00Z-07,502fcba1-9d3c-4117-86fb-70a26c090692,1,1,1,1,LumB,,22.0,reserve
TCGA-A8-A075,Female,No,Positive,Positive,pos,LumB,TCGA-A8-A075-01A,TCGA-A8-A075-01A-11R-A084-07,27aab1a6-96af-4dc1-b9ce-4690ead0d355,1,1,1,1,HER2pos,,154.0,reserve
TCGA-A8-A076,Female,No,Positive,Positive,pos,LumB,TCGA-A8-A076-01A,TCGA-A8-A076-01A-21R-A00Z-07,391a3465-d22e-424b-af09-3e6342159bbb,1,1,1,1,HER2pos,,106.0,reserve
TCGA-A8-A079,Female,No,Negative,Negative,neg,LumB,TCGA-A8-A079-01A,TCGA-A8-A079-01A-21R-A00Z-07,16786247-5ff5-47e0-83e2-fee15779e522,1,0,1,1,LumB,,55.0,reserve
TCGA-A8-A07B,Female,No,Positive,Positive,pos,LumA,TCGA-A8-A07B-01A,TCGA-A8-A07B-01A-11R-A00Z-07,cee943a8-ea26-4b2f-b8a4-66300ccacfb5,1,1,1,1,HER2pos,,31.0,main
TCGA-A8-A07C,Female,No,Negative,Negative,neg,,TCGA-A8-A07C-01A,TCGA-A8-A07C-01A-11R-A034-07,d9ea5bde-aa1a-4210-976f-b2f67c6d0191,1,1,1,1,,her2neg_pam50_not_LumA_LumB_Basal,,
TCGA-A8-A07E,Female,No,Negative,Negative,neg,LumA,TCGA-A8-A07E-01A,TCGA-A8-A07E-01A-11R-A034-07,a9527be9-e865-4074-ae57-f3510e70c203,1,1,1,1,LumA,,91.0,reserve
TCGA-A8-A07F,Female,No,Negative,Negative,neg,LumA,TCGA-A8-A07F-01A,TCGA-A8-A07F-01A-11R-A00Z-07,fc0e74d2-ab94-48b1-8e31-808bde7a3fe6,1,1,1,1,LumA,,19.0,main
TCGA-A8-A07G,Female,No,Negative,Negative,neg,LumA,TCGA-A8-A07G-01A,TCGA-A8-A07G-01A-11R-A034-07,ed0aae7b-f815-4dc8-a98f-5844602cbaea,1,1,1,1,LumA,,217.0,reserve
TCGA-A8-A07I,Female,No,Positive,Positive,pos,Her2,TCGA-A8-A07I-01A,TCGA-A8-A07I-01A-11R-A00Z-07,61647238-a8c4-4156-af15-c32947983cfd,1,1,1,1,HER2pos,,168.0,reserve
TCGA-A8-A07J,Female,No,Negative,Negative,neg,LumA,TCGA-A8-A07J-01A,TCGA-A8-A07J-01A-11R-A00Z-07,c64a0adb-56a8-4966-9dd9-1acd789c1bb3,1,1,2,1,LumA,,33.0,reserve
TCGA-A8-A07L,Female,No,Negative,Negative,neg,LumB,TCGA-A8-A07L-01A,TCGA-A8-A07L-01A-11R-A00Z-07,59d61414-a337-4e45-9e89-4526dde82786,1,1,1,1,LumB,,29.0,reserve
TCGA-A8-A07O,Female,No,Negative,Negative,neg,Basal,TCGA-A8-A07O-01A,TCGA-A8-A07O-01A-11R-A00Z-07,d1237195-a00b-4c52-86b3-4627c42eb14c,1,1,1,1,Basal,,118.0,reserve
TCGA-A8-A07P,Female,No,Positive,Positive,pos,LumA,TCGA-A8-A07P-01A,TCGA-A8-A07P-01A-11R-A00Z-07,c2c7669c-0eea-48a8-add8-bd5ea3f9808f,1,1,1,1,HER2pos,,147.0,reserve
TCGA-A8-A07R,Female,No,Positive,,pos,,TCGA-A8-A07R-01A,TCGA-A8-A07R-01A-21R-A034-07,b0e906d2-e2ae-49fa-8d7a-8a00f1d6d0a1,1,0,2,1,HER2pos,,131.0,reserve
TCGA-A8-A07S,Female,No,Negative,Negative,neg,,TCGA-A8-A07S-01A,TCGA-A8-A07S-01A-11R-A034-07,bbe70939-24be-4397-a125-510cad51337c,1,1,1,1,,her2neg_pam50_not_LumA_LumB_Basal,,
TCGA-A8-A07U,Female,No,Negative,Negative,neg,Basal,TCGA-A8-A07U-01A,TCGA-A8-A07U-01A-11R-A034-07,ad67e3a9-1751-4e6f-a962-2175f824f96d,1,1,0,1,Basal,,48.0,reserve
TCGA-A8-A07W,Female,No,Negative,Negative,neg,LumB,TCGA-A8-A07W-01A,TCGA-A8-A07W-01A-11R-A00Z-07,aa89d193-05a1-4f7f-9291-b9cf646656de,1,1,1,1,LumB,,126.0,reserve
TCGA-A8-A07Z,Female,No,Negative,Negative,neg,LumA,TCGA-A8-A07Z-01A,TCGA-A8-A07Z-01A-11R-A00Z-07,84ab5edd-38bf-4987-b9af-fa4d1cbdef2c,1,1,1,1,LumA,,162.0,reserve
TCGA-A8-A081,Female,No,Negative,Negative,neg,LumB,TCGA-A8-A081-01A,TCGA-A8-A081-01A-11R-A00Z-07,59915f69-8e37-44a8-a8f6-feb9e06b6703,1,1,1,1,LumB,,3.0,main
TCGA-A8-A082,Female,No,Negative,Negative,neg,LumB,TCGA-A8-A082-01A,TCGA-A8-A082-01A-11R-A00Z-07,0a06329d-82cd-41a9-822e-43cfd49e63a2,1,1,1,1,LumB,,70.0,reserve
TCGA-A8-A083,Female,No,Negative,Negative,neg,LumA,TCGA-A8-A083-01A,TCGA-A8-A083-01A-21R-A00Z-07,e24e6f7c-49c1-498e-b269-4bee014007af,1,0,1,1,LumA,,157.0,reserve
TCGA-A8-A084,Female,Yes,Negative,Negative,neg,,TCGA-A8-A084-01A,TCGA-A8-A084-01A-21R-A00Z-07,86d52d54-1b0d-40b1-99ce-82b4e345acb8,1,0,1,1,,neoadjuvant_yes_or_unknown,,
TCGA-A8-A085,Male,No,Negative,Negative,neg,,TCGA-A8-A085-01A,TCGA-A8-A085-01A-11R-A00Z-07,8644d07c-979f-4ec6-928a-afe9229fb9f1,1,1,1,1,,not_female,,
TCGA-A8-A086,Female,No,Negative,Negative,neg,LumA,TCGA-A8-A086-01A,TCGA-A8-A086-01A-11R-A00Z-07,ffeede9a-d9a9-4836-8c56-39f12a5fde0e,1,1,1,1,LumA,,47.0,reserve
TCGA-A8-A08A,Female,No,Negative,Negative,neg,LumA,TCGA-A8-A08A-01A,TCGA-A8-A08A-01A-11R-A32Y-07,2a73a18d-eca4-475b-9c37-283feb92915f,1,1,1,1,LumA,,109.0,reserve
TCGA-A8-A08B,Female,No,Positive,Positive,pos,Her2,TCGA-A8-A08B-01A,TCGA-A8-A08B-01A-11R-A00Z-07,111b2865-e7dc-45c9-b206-20b5713714bc,1,0,1,1,HER2pos,,112.0,reserve
TCGA-A8-A08C,Female,No,Positive,Positive,pos,,TCGA-A8-A08C-01A,TCGA-A8-A08C-01A-11R-A00Z-07,c4241ab5-95b7-4870-aaed-55541756c42f,1,1,1,1,HER2pos,,125.0,reserve
TCGA-A8-A08F,Female,Yes,Negative,Negative,neg,,TCGA-A8-A08F-01A,TCGA-A8-A08F-01A-11R-A00Z-07,385ddd6f-c126-4c4f-acde-1ef2d74d3639,1,1,1,1,,neoadjuvant_yes_or_unknown,,
TCGA-A8-A08G,Female,No,Positive,Positive,pos,LumB,TCGA-A8-A08G-01A,TCGA-A8-A08G-01A-11R-A00Z-07,df176b72-7266-4eeb-a3ed-8f09199c1963,1,1,1,1,HER2pos,,170.0,reserve
TCGA-A8-A08H,Female,No,Positive,Positive,pos,Normal,TCGA-A8-A08H-01A,TCGA-A8-A08H-01A-21R-A00Z-07,30ff778c-844b-4140-9025-7ab1938f10a9,1,0,2,1,HER2pos,,51.0,reserve
TCGA-A8-A08I,Female,No,Negative,Negative,neg,LumB,TCGA-A8-A08I-01A,TCGA-A8-A08I-01A-11R-A00Z-07,20e90b8d-aa05-4918-8e54-1b969488148f,1,1,1,1,LumB,,68.0,reserve
TCGA-A8-A08J,Female,No,Negative,Negative,neg,Her2,TCGA-A8-A08J-01A,TCGA-A8-A08J-01A-11R-A00Z-07,5db109b6-dbfe-4ec8-8697-bb7fff5beb4b,1,1,1,1,,her2neg_pam50_not_LumA_LumB_Basal,,
TCGA-A8-A08L,Female,No,Negative,Negative,neg,Her2,TCGA-A8-A08L-01A,TCGA-A8-A08L-01A-11R-A00Z-07,cf089a52-2196-422d-affa-a5f434edd134,1,1,1,1,,her2neg_pam50_not_LumA_LumB_Basal,,
TCGA-A8-A08O,Female,No,Negative,Negative,neg,LumA,TCGA-A8-A08O-01A,TCGA-A8-A08O-01A-21R-A056-07,cee1efda-644b-4cee-aad2-d7f5ca93cdec,1,0,2,1,LumA,,74.0,reserve
TCGA-A8-A08P,Female,No,Positive,Positive,pos,LumB,TCGA-A8-A08P-01A,TCGA-A8-A08P-01A-11R-A00Z-07,dbe79158-b616-4c7b-94d7-5f127b3013ff,1,1,1,1,HER2pos,,63.0,reserve
TCGA-A8-A08R,Female,No,Negative,Negative,neg,Basal,TCGA-A8-A08R-01A,TCGA-A8-A08R-01A-11R-A034-07,f6cb208f-cc43-4245-8392-dc5ada57bb9b,1,0,1,1,Basal,,74.0,reserve
TCGA-A8-A08S,Female,Yes,Positive,Positive,pos,,TCGA-A8-A08S-01A,TCGA-A8-A08S-01A-11R-A034-07,519b92e0-0dbc-471c-988f-48ce9dc95be3,1,0,1,1,HER2pos,neoadjuvant_yes_or_unknown,,
TCGA-A8-A08T,Female,No,Positive,Positive,pos,LumA,TCGA-A8-A08T-01A,TCGA-A8-A08T-01A-21R-A00Z-07,8603da6b-3bb9-4fff-b409-c5af2afd53b3,1,0,2,1,HER2pos,,27.0,main
TCGA-A8-A08X,Female,No,Positive,Positive,pos,Her2,TCGA-A8-A08X-01A,TCGA-A8-A08X-01A-21R-A00Z-07,12f8a326-1417-478e-a45e-abdff8b44266,1,0,2,1,HER2pos,,119.0,reserve
TCGA-A8-A08Z,Female,No,Negative,Negative,neg,LumA,TCGA-A8-A08Z-01A,TCGA-A8-A08Z-01A-21R-A00Z-07,5b92e1c6-6265-46b5-bcf7-0c0bafe6f390,1,0,2,1,LumA,,243.0,reserve
TCGA-A8-A090,Female,No,Positive,Positive,pos,LumA,TCGA-A8-A090-01A,TCGA-A8-A090-01A-11R-A00Z-07,812eeeed-1222-4add-b6d1-f53ae2669218,1,1,1,1,HER2pos,,61.0,reserve
TCGA-A8-A091,Female,No,Negative,Negative,neg,LumA,TCGA-A8-A091-01A,TCGA-A8-A091-01A-11R-A00Z-07,91060c43-f1e3-49ea-a3c9-96def417716b,1,1,1,1,LumA,,13.0,main
TCGA-A8-A092,Female,No,Negative,Negative,neg,LumB,TCGA-A8-A092-01A,TCGA-A8-A092-01A-11R-A00Z-07,c7db3ef0-0440-4fcf-a18b-c70b3f88e327,1,1,1,1,LumB,,87.0,reserve
TCGA-A8-A093,Female,No,Negative,Negative,neg,LumA,TCGA-A8-A093-01A,TCGA-A8-A093-01A-11R-A00Z-07,56be281f-e85c-4dcb-9d75-cd9ae3430bbe,1,1,1,1,LumA,,9.0,main
TCGA-A8-A094,Female,No,Negative,Negative,neg,Her2,TCGA-A8-A094-01A,TCGA-A8-A094-01A-11R-A00Z-07,0c279a15-1250-4923-bcde-96cc3fd32d42,1,1,1,1,,her2neg_pam50_not_LumA_LumB_Basal,,
TCGA-A8-A095,Female,No,Negative,Negative,neg,LumB,TCGA-A8-A095-01A,TCGA-A8-A095-01A-11R-A00Z-07,dc8b305a-6f43-410e-9ce6-96ac24827550,1,1,1,1,LumB,,14.0,main
TCGA-A8-A096,Female,No,Negative,Negative,neg,LumB,TCGA-A8-A096-01A,TCGA-A8-A096-01A-11R-A00Z-07,774133e2-dfca-4918-9be9-8727fc99fe26,1,1,1,1,LumB,,32.0,reserve
TCGA-A8-A097,Female,No,Positive,Positive,pos,LumA,TCGA-A8-A097-01A,TCGA-A8-A097-01A-11R-A034-07,c1778b3c-5649-4e26-b937-fd00ffd58387,1,1,1,1,HER2pos,,9.0,main
TCGA-A8-A099,Female,No,Positive,Positive,pos,LumA,TCGA-A8-A099-01A,TCGA-A8-A099-01A-11R-A00Z-07,072cae2e-f4c1-4a3f-85e1-6f7e35a65108,1,1,1,1,HER2pos,,66.0,reserve
TCGA-A8-A09A,Female,No,Negative,Negative,neg,LumA,TCGA-A8-A09A-01A,TCGA-A8-A09A-01A-11R-A00Z-07,762adf07-6d7a-4d02-98fb-16fffd548a93,1,1,1,1,LumA,,32.0,reserve
TCGA-A8-A09B,Female,No,Negative,Negative,neg,LumA,TCGA-A8-A09B-01A,TCGA-A8-A09B-01A-11R-A00Z-07,1a4285b8-765b-4954-b9f2-dc8609572889,1,1,1,1,LumA,,195.0,reserve
TCGA-A8-A09C,Female,No,Negative,Negative,neg,LumB,TCGA-A8-A09C-01A,TCGA-A8-A09C-01A-11R-A00Z-07,a8ab2eb8-9da3-494f-b740-dc3f4185acb2,1,1,1,1,LumB,,69.0,reserve
TCGA-A8-A09D,Female,No,Negative,Negative,neg,LumA,TCGA-A8-A09D-01A,TCGA-A8-A09D-01A-11R-A00Z-07,78b9cc4c-a99b-4814-9538-3cf9515af75b,1,1,1,1,LumA,,214.0,reserve
TCGA-A8-A09E,Female,Yes,Positive,Positive,pos,,TCGA-A8-A09E-01A,TCGA-A8-A09E-01A-11R-A00Z-07,ead53b27-6ad9-4b96-b5d4-0d4f06fb2d13,1,1,1,1,HER2pos,neoadjuvant_yes_or_unknown,,
TCGA-A8-A09G,Female,No,Positive,Positive,pos,Her2,TCGA-A8-A09G-01A,TCGA-A8-A09G-01A-21R-A00Z-07,575ef8e2-dfbc-48b3-9836-089b94498e09,1,0,2,1,HER2pos,,148.0,reserve
TCGA-A8-A09I,Female,No,Positive,Positive,pos,LumB,TCGA-A8-A09I-01A,TCGA-A8-A09I-01A-22R-A034-07,59ce4079-0da6-4339-8861-ad376b150f75,1,0,2,1,HER2pos,,136.0,reserve
TCGA-A8-A09K,Female,Yes,Negative,Negative,neg,,TCGA-A8-A09K-01A,TCGA-A8-A09K-01A-11R-A00Z-07,9dcf3c95-cc67-4a83-a2c8-12cbce82b9c4,1,1,0,1,,neoadjuvant_yes_or_unknown,,
TCGA-A8-A09M,Female,No,Negative,Negative,neg,LumB,TCGA-A8-A09M-01A,TCGA-A8-A09M-01A-11R-A00Z-07,56e43b33-6dc7-496b-bdee-75e5fed5d502,1,1,1,1,LumB,,35.0,reserve
TCGA-A8-A09N,Female,No,Positive,Positive,pos,LumB,TCGA-A8-A09N-01A,TCGA-A8-A09N-01A-11R-A00Z-07,2a2d5de1-44d7-4c83-91d6-fc1b3c136143,1,1,1,1,HER2pos,,30.0,main
TCGA-A8-A09Q,Female,No,Negative,Negative,neg,LumB,TCGA-A8-A09Q-01A,TCGA-A8-A09Q-01A-11R-A00Z-07,f502949f-ca10-4617-a7ee-b8f142f7ec93,1,1,1,1,LumB,,117.0,reserve
TCGA-A8-A09R,Female,No,Negative,Negative,neg,LumB,TCGA-A8-A09R-01A,TCGA-A8-A09R-01A-11R-A00Z-07,577dde85-20c6-44c0-bf77-bda22a7f58c0,1,1,1,1,LumB,,65.0,reserve
TCGA-A8-A09T,Female,No,Negative,Negative,neg,LumA,TCGA-A8-A09T-01A,TCGA-A8-A09T-01A-11R-A00Z-07,e45b755d-1df6-446a-aa05-59ae1960b442,1,1,1,1,LumA,,280.0,reserve
TCGA-A8-A09V,Female,No,Negative,Negative,neg,LumA,TCGA-A8-A09V-01A,TCGA-A8-A09V-01A-11R-A034-07,1300bf72-ead0-4c03-b140-fca26302b43c,1,1,1,1,LumA,,246.0,reserve
TCGA-A8-A09W,Female,No,Negative,Negative,neg,LumB,TCGA-A8-A09W-01A,TCGA-A8-A09W-01A-11R-A00Z-07,819746a4-f2c1-4fc2-8dbe-b9c34892d510,1,1,1,1,LumB,,104.0,reserve
TCGA-A8-A09X,Female,No,Negative,Negative,neg,Her2,TCGA-A8-A09X-01A,TCGA-A8-A09X-01A-11R-A00Z-07,09f1c0ee-ee22-435f-88c9-d9f5c936c45c,1,1,1,1,,her2neg_pam50_not_LumA_LumB_Basal,,
TCGA-A8-A09Z,Female,No,Negative,Negative,neg,LumB,TCGA-A8-A09Z-01A,TCGA-A8-A09Z-01A-11R-A00Z-07,12b68e56-a83f-4b65-bb66-59e8522acbc9,1,1,1,1,LumB,,49.0,reserve
TCGA-A8-A0A1,Female,No,Negative,Negative,neg,LumA,TCGA-A8-A0A1-01A,TCGA-A8-A0A1-01A-11R-A00Z-07,121a48ed-798d-4102-bb8f-e736570e18d6,1,1,1,1,LumA,,167.0,reserve
TCGA-A8-A0A2,Female,No,Negative,Negative,neg,LumA,TCGA-A8-A0A2-01A,TCGA-A8-A0A2-01A-11R-A034-07,d52eff00-a7b7-42f0-82fe-ec4c054b1dd9,1,1,1,1,LumA,,221.0,reserve
TCGA-A8-A0A4,Female,No,Negative,Negative,neg,LumA,TCGA-A8-A0A4-01A,TCGA-A8-A0A4-01A-11R-A00Z-07,d777e8a9-92a8-48eb-bf58-8e13af99c77f,1,1,1,1,LumA,,305.0,reserve
TCGA-A8-A0A6,Female,No,Negative,Negative,neg,LumA,TCGA-A8-A0A6-01A,TCGA-A8-A0A6-01A-12R-A056-07,b4d6811f-cb5c-4ad9-8f13-5d58f0b6afd4,1,1,0,0,LumA,no_dx_slide,,
TCGA-A8-A0A7,Female,No,Positive,Positive,pos,Her2,TCGA-A8-A0A7-01A,TCGA-A8-A0A7-01A-11R-A00Z-07,e4e099ea-7207-48b8-a578-d5e6d83054b0,1,1,1,1,HER2pos,,129.0,reserve
TCGA-A8-A0A9,Female,No,Negative,Negative,neg,LumA,TCGA-A8-A0A9-01A,TCGA-A8-A0A9-01A-11R-A00Z-07,da333184-1ddd-4cd7-9c0d-e4526a03a1c9,1,1,1,1,LumA,,55.0,reserve
TCGA-A8-A0AB,Female,No,Positive,Positive,pos,LumA,TCGA-A8-A0AB-01A,TCGA-A8-A0AB-01A-11R-A034-07,ad18b7e0-57ec-41c5-99a1-0c9d8740e0f1,1,1,1,1,HER2pos,,22.0,main
TCGA-A8-A0AD,Female,No,Negative,Negative,neg,LumA,TCGA-A8-A0AD-01A,TCGA-A8-A0AD-01A-11R-A056-07,ecf9996e-0cba-4394-9f5a-51fceab1ac56,1,1,1,1,LumA,,288.0,reserve
TCGA-AC-A23C,Female,No,Positive,Positive,pos,LumA,TCGA-AC-A23C-01A,TCGA-AC-A23C-01A-12R-A169-07,ec67e25e-9cc6-45a7-a7c0-8dc778ae14c1,1,1,0,1,HER2pos,,134.0,reserve
TCGA-AC-A23E,Female,No,,,undetermined,LumA,TCGA-AC-A23E-01A,TCGA-AC-A23E-01A-11R-A157-07,73ac99d6-d01b-45d9-8df2-205610109911,1,1,0,1,,her2_undetermined,,
TCGA-AC-A23G,Female,No,Positive,Positive,pos,,TCGA-AC-A23G-01A,TCGA-AC-A23G-01A-11R-A213-07,89ece3f8-e2db-4ed6-b5b8-dd4df34d6224,1,1,0,1,HER2pos,,163.0,reserve
TCGA-AC-A23H,Female,No,Positive,Positive,pos,Her2,TCGA-AC-A23H-01A,TCGA-AC-A23H-01A-11R-A157-07,de98339e-9b13-4def-b3d9-234fdc784cec,1,1,0,1,HER2pos,,93.0,reserve
TCGA-AC-A2B8,Female,No,Negative,Negative,neg,LumA,TCGA-AC-A2B8-01A,TCGA-AC-A2B8-01A-11R-A17B-07,20e1a6f6-c34f-4744-9b2a-392ea074ebe2,1,1,0,1,LumA,,335.0,reserve
TCGA-AC-A2BK,Female,No,Negative,,neg,Basal,TCGA-AC-A2BK-01A,TCGA-AC-A2BK-01A-11R-A21T-07,bd86e2d9-6098-4f78-9e9b-f2f95367c739,1,1,0,1,Basal,,53.0,reserve
TCGA-AC-A2BM,Female,No,,Negative,neg,LumB,TCGA-AC-A2BM-01A,TCGA-AC-A2BM-01A-11R-A21T-07,b0e49ee8-40e0-4edf-bcde-277a0fe1d12f,1,1,0,1,LumB,,5.0,main
TCGA-AC-A2FB,Female,No,Positive,,pos,LumA,TCGA-AC-A2FB-01A,TCGA-AC-A2FB-01A-11R-A17B-07,fde3b574-b9be-4dc2-a5ae-aaab8a0bbd26,1,1,0,1,HER2pos,,59.0,reserve
TCGA-AC-A2FE,Female,No,,,undetermined,,TCGA-AC-A2FE-01A,TCGA-AC-A2FE-01A-11R-A19W-07,5bee33e8-6c0e-4b47-b5b4-a82bf5784d81,1,1,0,1,,her2_undetermined,,
TCGA-AC-A2FF,Female,No,,Negative,neg,LumA,TCGA-AC-A2FF-01A,TCGA-AC-A2FF-01A-11R-A17B-07,05aa6d12-6d48-4ecb-8211-036e647ef72e,1,1,0,1,LumA,,207.0,reserve
TCGA-AC-A2FG,Female,No,,Negative,neg,LumA,TCGA-AC-A2FG-01A,TCGA-AC-A2FG-01A-11R-A17B-07,6c3f2469-50ea-48a7-bb17-043e74e54535,1,1,0,1,LumA,,301.0,reserve
TCGA-AC-A2FK,Female,No,,Negative,neg,Normal,TCGA-AC-A2FK-01A,TCGA-AC-A2FK-01A-12R-A180-07,bb761704-bced-4fd6-9a90-187595b1d005,1,1,0,1,,her2neg_pam50_not_LumA_LumB_Basal,,
TCGA-AC-A2FM,Female,No,,,undetermined,,TCGA-AC-A2FM-01A,TCGA-AC-A2FM-01A-11R-A19W-07,d32a2386-8747-4f9f-84b2-130a2c948342,1,1,0,1,,her2_undetermined,,
TCGA-AC-A2FO,Female,No,Negative,Indeterminate,neg,LumA,TCGA-AC-A2FO-01A,TCGA-AC-A2FO-01A-11R-A180-07,586d9c21-e58a-4171-9755-30c0e8b16293,1,1,0,1,LumA,,272.0,reserve
TCGA-AC-A2QH,Female,No,Negative,,neg,Basal,TCGA-AC-A2QH-01A,TCGA-AC-A2QH-01A-11R-A18M-07,ff570f9a-a252-496d-a452-344063851a7b,2,1,0,1,Basal,,34.0,reserve
TCGA-AC-A2QI,Female,No,Negative,,neg,,TCGA-AC-A2QI-01A,TCGA-AC-A2QI-01A-12R-A19W-07,d2e2915c-125e-45c6-b7f3-6a815b3d2859,1,1,0,1,,her2neg_pam50_not_LumA_LumB_Basal,,
TCGA-AC-A2QJ,Female,No,Negative,,neg,,TCGA-AC-A2QJ-01A,TCGA-AC-A2QJ-01A-12R-A19W-07,a260d9e5-d88e-44eb-8431-4266c1baf68a,1,1,0,1,,her2neg_pam50_not_LumA_LumB_Basal,,
TCGA-AC-A3BB,Female,No,Negative,,neg,,TCGA-AC-A3BB-01A,TCGA-AC-A3BB-01A-21R-A19W-07,778642d9-e4e2-4ae8-a900-b2e663c9d5b9,1,1,0,1,,her2neg_pam50_not_LumA_LumB_Basal,,
TCGA-AC-A3EH,Female,No,Negative,Negative,neg,,TCGA-AC-A3EH-01A,TCGA-AC-A3EH-01A-22R-A22K-07,d93c4b85-2617-43d9-8017-ed3a82dc4117,1,1,0,1,,her2neg_pam50_not_LumA_LumB_Basal,,
TCGA-AC-A3HN,Female,No,Negative,,neg,LumA,TCGA-AC-A3HN-01A,TCGA-AC-A3HN-01A-11R-A213-07,2e6baa15-85d7-43b0-8a89-a0dc169ae16a,1,1,0,1,LumA,,181.0,reserve
TCGA-AC-A3OD,Female,No,Negative,,neg,LumA,TCGA-AC-A3OD-01A,TCGA-AC-A3OD-01A-11R-A21T-07,7e915086-4926-4670-9f43-e35e2d04d6c5,2,1,0,1,LumA,,161.0,reserve
TCGA-AC-A3QP,Female,No,Equivocal,Negative,neg,LumA,TCGA-AC-A3QP-01A,TCGA-AC-A3QP-01A-11R-A22U-07,4e261db3-6727-49bc-8a2e-77a7a30b4fa7,1,1,0,1,LumA,,307.0,reserve
TCGA-AC-A3QQ,Female,No,Positive,,pos,LumA,TCGA-AC-A3QQ-01B,TCGA-AC-A3QQ-01B-06R-A22O-07,150cf3db-44a8-4553-a648-66913d68adde,1,0,2,1,HER2pos,,58.0,reserve
TCGA-AC-A3TM,Female,No,Equivocal,Equivocal,undetermined,,TCGA-AC-A3TM-01A,TCGA-AC-A3TM-01A-11R-A22K-07,a853d2bb-b696-493a-9451-59dcedde5f20,1,1,0,1,,her2_undetermined,,
TCGA-AC-A3TN,Female,No,Positive,Indeterminate,pos,,TCGA-AC-A3TN-01A,TCGA-AC-A3TN-01A-11R-A22K-07,a9b2ff1a-3b37-4388-a1e6-826e2edea49b,1,1,0,1,HER2pos,,5.0,main
TCGA-AC-A3W5,Female,No,,Positive,pos,Her2,TCGA-AC-A3W5-01A,TCGA-AC-A3W5-01A-11R-A22K-07,5e863e9f-1449-4a38-ac00-cfd7c21ba6e2,1,1,0,1,HER2pos,,15.0,main
TCGA-AC-A3W6,Female,No,Negative,,neg,,TCGA-AC-A3W6-01A,TCGA-AC-A3W6-01A-12R-A22K-07,99ce2ebd-7a50-4808-ba75-8626ad6d7cfd,1,1,0,1,,her2neg_pam50_not_LumA_LumB_Basal,,
TCGA-AC-A3W7,Female,No,Negative,,neg,,TCGA-AC-A3W7-01A,TCGA-AC-A3W7-01A-11R-A22K-07,be10214b-9a03-4556-b28b-5775028c782b,1,1,0,1,,her2neg_pam50_not_LumA_LumB_Basal,,
TCGA-AC-A3YI,Female,No,Positive,,pos,Normal,TCGA-AC-A3YI-01A,TCGA-AC-A3YI-01A-21R-A239-07,a2f902f5-2413-4698-b53b-446df6409d61,1,1,0,1,HER2pos,,144.0,reserve
TCGA-AC-A3YJ,Female,No,,,undetermined,LumA,TCGA-AC-A3YJ-01A,TCGA-AC-A3YJ-01A-11R-A22U-07,6d17023b-03fd-4e66-9c7e-72395f09e87f,1,1,0,1,,her2_undetermined,,
TCGA-AC-A4ZE,Female,No,Positive,,pos,LumA,TCGA-AC-A4ZE-01A,TCGA-AC-A4ZE-01A-11R-A41B-07,eff9c23b-fc85-403c-8e88-86b4def8ced1,1,1,0,1,HER2pos,,143.0,reserve
TCGA-AC-A5EH,Female,No,Negative,,neg,Her2,TCGA-AC-A5EH-01A,TCGA-AC-A5EH-01A-11R-A28M-07,99367019-5583-4bcc-aa62-25916515fe17,1,1,0,1,,her2neg_pam50_not_LumA_LumB_Basal,,
TCGA-AC-A5EI,Female,No,Negative,,neg,,,,,0,0,0,1,,no_primary_rna,,
TCGA-AC-A5XS,Female,No,Negative,,neg,LumA,TCGA-AC-A5XS-01A,TCGA-AC-A5XS-01A-11R-A29R-07,2a73e390-7415-486e-8d15-d9ea6ede09ba,1,1,0,1,LumA,,306.0,reserve
TCGA-AC-A5XU,Female,No,Negative,,neg,LumA,TCGA-AC-A5XU-01A,TCGA-AC-A5XU-01A-11R-A28M-07,46933fec-1800-4da5-814c-30cce4ae2fb5,1,1,0,1,LumA,,72.0,reserve
TCGA-AC-A62V,Male,No,,,undetermined,,TCGA-AC-A62V-01A,TCGA-AC-A62V-01A-11R-A31O-07,db5aadbb-3042-4c20-8235-ccd19634d9d3,1,1,0,1,,not_female,,
TCGA-AC-A62X,Female,No,,,undetermined,Basal,TCGA-AC-A62X-01A,TCGA-AC-A62X-01A-11R-A29R-07,00469928-b243-4cae-acd7-134508e99ceb,1,1,0,1,,her2_undetermined,,
TCGA-AC-A62Y,Female,No,Negative,,neg,LumA,TCGA-AC-A62Y-01A,TCGA-AC-A62Y-01A-11R-A29R-07,584eef35-12c2-4aac-be09-175a9f9c5dfc,1,1,0,1,LumA,,332.0,reserve
TCGA-AC-A6IV,Female,No,Equivocal,,undetermined,LumA,TCGA-AC-A6IV-01A,TCGA-AC-A6IV-01A-12R-A33J-07,ec9fb459-42b7-47eb-8c3a-48f492a7b2dc,1,1,0,1,,her2_undetermined,,
TCGA-AC-A6IW,Female,No,Negative,,neg,Basal,TCGA-AC-A6IW-01A,TCGA-AC-A6IW-01A-12R-A33J-07,3208ca18-f70a-415e-8d10-5e9cb8a24b52,1,1,0,1,Basal,,4.0,main
TCGA-AC-A6IX,Female,No,,,undetermined,LumA,TCGA-AC-A6IX-01A,TCGA-AC-A6IX-01A-12R-A32P-07,f43b97fd-8953-4a5e-bafb-eb572145abe3,1,1,0,1,,her2_undetermined,,
TCGA-AC-A6NO,Female,No,Negative,,neg,LumA,TCGA-AC-A6NO-01A,TCGA-AC-A6NO-01A-12R-A33J-07,56cc8f11-ba1c-48c9-8455-1f73640f9cf5,1,1,0,1,LumA,,208.0,reserve
TCGA-AC-A7VB,Female,No,,,undetermined,LumB,TCGA-AC-A7VB-01A,TCGA-AC-A7VB-01A-11R-A352-07,fe7c2cdd-7c3f-4d76-ad78-2a676116f464,1,1,0,1,,her2_undetermined,,
TCGA-AC-A7VC,Female,No,Negative,,neg,Basal,TCGA-AC-A7VC-01A,TCGA-AC-A7VC-01A-11R-A352-07,aedc877a-f4b9-4657-b5c9-b7768b5751c9,1,1,0,1,Basal,,95.0,reserve
TCGA-AC-A8OP,Female,No,Indeterminate,,undetermined,LumA,TCGA-AC-A8OP-01A,TCGA-AC-A8OP-01A-11R-A36F-07,3d0b3b80-92ae-44dc-89fc-2ead925b81a2,1,1,0,1,,her2_undetermined,,
TCGA-AC-A8OQ,Female,No,Indeterminate,,undetermined,Basal,TCGA-AC-A8OQ-01A,TCGA-AC-A8OQ-01A-11R-A41B-07,e52108ad-c4ab-4ab4-8636-caaeaae7ea62,1,1,0,1,,her2_undetermined,,
TCGA-AC-A8OR,Female,No,Negative,,neg,LumA,TCGA-AC-A8OR-01A,TCGA-AC-A8OR-01A-21R-A41B-07,65264188-23f8-4214-a45a-574f47471bb3,1,1,0,1,LumA,,127.0,reserve
TCGA-AC-A8OS,Female,No,Positive,,pos,LumA,TCGA-AC-A8OS-01A,TCGA-AC-A8OS-01A-12R-A41B-07,b2c326d7-25ab-42dc-afc2-bc93381062ea,1,1,0,1,HER2pos,,138.0,reserve
TCGA-AN-A03X,Female,No,Positive,,pos,LumA,TCGA-AN-A03X-01A,TCGA-AN-A03X-01A-21R-A00Z-07,a2837f64-2441-4d31-befc-514f8526b1f7,1,0,2,0,HER2pos,no_dx_slide,,
TCGA-AN-A03Y,Female,No,Negative,,neg,LumB,TCGA-AN-A03Y-01A,TCGA-AN-A03Y-01A-21R-A00Z-07,3eb2d652-73f5-41c0-bf73-f40e85e1ecae,1,0,2,1,LumB,,1.0,main
TCGA-AN-A041,Female,No,Positive,,pos,LumA,TCGA-AN-A041-01A,TCGA-AN-A041-01A-11R-A034-07,80563e43-422f-458b-a543-6b1dad9171e5,1,0,1,1,HER2pos,,19.0,main
TCGA-AN-A046,Female,No,Negative,,neg,LumA,TCGA-AN-A046-01A,TCGA-AN-A046-01A-21R-A034-07,ed76d903-de08-4060-ab15-b4add3c551f0,1,0,2,1,LumA,,11.0,main
TCGA-AN-A049,Female,No,Negative,,neg,LumA,TCGA-AN-A049-01A,TCGA-AN-A049-01A-21R-A00Z-07,89dfc6f3-9f78-4e03-a2e7-e9010c7814a2,1,0,2,0,LumA,no_dx_slide,,
TCGA-AN-A04A,Female,No,Negative,,neg,LumA,TCGA-AN-A04A-01A,TCGA-AN-A04A-01A-21R-A034-07,1ace2a0c-773d-45b5-8fd6-968c88731bbb,1,0,2,0,LumA,no_dx_slide,,
TCGA-AN-A04C,Female,No,Positive,,pos,Her2,TCGA-AN-A04C-01A,TCGA-AN-A04C-01A-21R-A034-07,6d505305-dc5f-4dc7-8721-817f444ff7ee,1,0,1,0,HER2pos,no_dx_slide,,
TCGA-AN-A04D,Female,No,Negative,,neg,Basal,TCGA-AN-A04D-01A,TCGA-AN-A04D-01A-21R-A034-07,d141392c-757b-44f5-b531-0bcc136d8b17,1,0,2,0,Basal,no_dx_slide,,
TCGA-AN-A0AJ,Female,No,Positive,,pos,LumB,TCGA-AN-A0AJ-01A,TCGA-AN-A0AJ-01A-11R-A00Z-07,fc0a2d23-31a3-4aab-bdd9-0abb51880043,1,1,1,1,HER2pos,,102.0,reserve
TCGA-AN-A0AK,Female,No,Positive,,pos,LumB,TCGA-AN-A0AK-01A,TCGA-AN-A0AK-01A-21R-A00Z-07,d2007230-83cb-4f12-bec5-e42afc4a58cd,1,1,1,1,HER2pos,,114.0,reserve
TCGA-AN-A0AL,Female,No,Negative,,neg,Basal,TCGA-AN-A0AL-01A,TCGA-AN-A0AL-01A-11R-A00Z-07,f52fccc4-745f-4e5d-bff8-8d2009b6588d,1,1,1,1,Basal,,86.0,reserve
TCGA-AN-A0AM,Female,No,Negative,,neg,LumB,TCGA-AN-A0AM-01A,TCGA-AN-A0AM-01A-11R-A034-07,e14858ca-8bb5-4d6d-906c-5d62722d90f8,1,1,1,1,LumB,,66.0,reserve
TCGA-AN-A0AR,Female,No,Negative,,neg,Basal,TCGA-AN-A0AR-01A,TCGA-AN-A0AR-01A-11R-A00Z-07,422ef158-74dd-4a5e-88a6-5b0da33004d1,1,1,1,1,Basal,,10.0,main
TCGA-AN-A0AS,Female,No,Negative,,neg,LumA,TCGA-AN-A0AS-01A,TCGA-AN-A0AS-01A-11R-A00Z-07,d5120825-ab1f-446c-af1e-3be57846a15b,1,1,1,1,LumA,,129.0,reserve
TCGA-AN-A0AT,Female,No,Negative,,neg,Basal,TCGA-AN-A0AT-01A,TCGA-AN-A0AT-01A-11R-A034-07,4dd3d7e2-8a60-41e8-8812-a06f413afe2b,1,1,1,1,Basal,,73.0,reserve
TCGA-AN-A0FD,Female,No,Positive,Positive,pos,LumA,TCGA-AN-A0FD-01A,TCGA-AN-A0FD-01A-11R-A034-07,9a1c9a5a-7b3f-463b-bc9c-e06107b2aeb7,1,1,1,1,HER2pos,,14.0,main
TCGA-AN-A0FE,,unknown,,,undetermined,,,,,0,0,0,0,,not_female,,
TCGA-AN-A0FF,Female,No,Negative,,neg,LumB,TCGA-AN-A0FF-01A,TCGA-AN-A0FF-01A-11R-A034-07,c00ad8a9-ed1d-4289-aa62-3e64cb574205,1,1,1,1,LumB,,43.0,reserve
TCGA-AN-A0FG,,unknown,,,undetermined,,,,,0,0,0,0,,not_female,,
TCGA-AN-A0FJ,Female,No,Positive,,pos,Basal,TCGA-AN-A0FJ-01A,TCGA-AN-A0FJ-01A-11R-A00Z-07,511ca25f-0b7f-4912-9b79-ed551721a420,1,1,1,1,HER2pos,,113.0,reserve
TCGA-AN-A0FK,Female,No,Positive,,pos,LumA,TCGA-AN-A0FK-01A,TCGA-AN-A0FK-01A-11R-A034-07,82d46633-2eea-4b43-81b6-addab4f069b4,1,1,1,1,HER2pos,,159.0,reserve
TCGA-AN-A0FL,Female,No,Positive,,pos,Basal,TCGA-AN-A0FL-01A,TCGA-AN-A0FL-01A-11R-A034-07,a2cb26d9-70e7-47ca-b019-a5fa136b42f7,1,1,1,1,HER2pos,,29.0,main
TCGA-AN-A0FN,Female,No,Positive,,pos,LumA,TCGA-AN-A0FN-01A,TCGA-AN-A0FN-01A-11R-A034-07,0022cd20-f64f-4773-b9ff-a3de0b71b259,1,1,1,1,HER2pos,,130.0,reserve
TCGA-AN-A0FS,Female,No,Positive,,pos,LumA,TCGA-AN-A0FS-01A,TCGA-AN-A0FS-01A-11R-A034-07,15d7e135-acb7-46ef-a8b1-f424e40a9e4d,1,1,1,1,HER2pos,,155.0,reserve
TCGA-AN-A0FT,Female,No,Positive,,pos,LumA,TCGA-AN-A0FT-01A,TCGA-AN-A0FT-01A-11R-A034-07,2ff175d2-100f-4ce8-8d1e-b3b95b41ae56,1,1,1,1,HER2pos,,24.0,main
TCGA-AN-A0FV,Female,No,Positive,,pos,Her2,TCGA-AN-A0FV-01A,TCGA-AN-A0FV-01A-11R-A00Z-07,a4589532-53e0-4025-b8d3-e11e79e1fc9c,1,1,1,1,HER2pos,,40.0,main
TCGA-AN-A0FW,Female,No,Negative,,neg,LumA,TCGA-AN-A0FW-01A,TCGA-AN-A0FW-01A-11R-A034-07,1dacccf9-58ae-490f-9f3f-31c82f93b3b8,1,1,1,1,LumA,,89.0,reserve
TCGA-AN-A0FX,Female,No,Positive,,pos,Basal,TCGA-AN-A0FX-01A,TCGA-AN-A0FX-01A-11R-A034-07,7d8935d4-33df-4a11-a352-e4e1acc563a4,1,1,0,1,HER2pos,,79.0,reserve
TCGA-AN-A0FY,Female,No,Negative,,neg,LumB,TCGA-AN-A0FY-01A,TCGA-AN-A0FY-01A-11R-A034-07,e9fe2319-2624-4ac1-9c41-d0ac44608f02,1,1,1,1,LumB,,39.0,reserve
TCGA-AN-A0FZ,Female,No,Positive,,pos,LumA,TCGA-AN-A0FZ-01A,TCGA-AN-A0FZ-01A-11R-A034-07,c5e46ae9-c4c1-4afd-a772-392ede15808d,1,1,1,1,HER2pos,,103.0,reserve
TCGA-AN-A0G0,Female,No,Negative,,neg,,TCGA-AN-A0G0-01A,TCGA-AN-A0G0-01A-11R-A034-07,e94299a9-67bc-4c30-963c-1476fbb7d5ff,1,1,1,1,,her2neg_pam50_not_LumA_LumB_Basal,,
TCGA-AN-A0XL,Female,No,Negative,,neg,LumA,TCGA-AN-A0XL-01A,TCGA-AN-A0XL-01A-11R-A10J-07,10d1a1f0-c89b-4b1e-93fa-7c6fd7f5bb8f,1,0,1,1,LumA,,192.0,reserve
TCGA-AN-A0XN,Female,No,Negative,,neg,LumA,TCGA-AN-A0XN-01A,TCGA-AN-A0XN-01A-21R-A109-07,1341b934-ead3-4c4a-bd84-09084895fa83,1,1,1,1,LumA,,150.0,reserve
TCGA-AN-A0XO,Female,No,Negative,,neg,LumA,TCGA-AN-A0XO-01A,TCGA-AN-A0XO-01A-11R-A109-07,41e96cc6-43d5-4eea-bbd3-23fb389d5532,1,1,1,1,LumA,,258.0,reserve
TCGA-AN-A0XP,Female,No,Positive,,pos,LumA,TCGA-AN-A0XP-01A,TCGA-AN-A0XP-01A-11R-A109-07,6a40f728-eee2-4777-a8e0-67fd6f9f7927,1,1,1,1,HER2pos,,11.0,main
TCGA-AN-A0XR,Female,No,Negative,,neg,LumB,TCGA-AN-A0XR-01A,TCGA-AN-A0XR-01A-11R-A109-07,fd7a6cfc-0ebe-4b79-b93d-d70b9bf533bc,1,1,1,0,LumB,no_dx_slide,,
TCGA-AN-A0XS,Female,No,Negative,,neg,LumA,TCGA-AN-A0XS-01A,TCGA-AN-A0XS-01A-22R-A109-07,e3569a42-412b-405d-a1ca-5c89b1ea36d0,1,1,1,1,LumA,,21.0,reserve
TCGA-AN-A0XT,Female,No,Negative,,neg,LumA,TCGA-AN-A0XT-01A,TCGA-AN-A0XT-01A-11R-A109-07,40ad8a2a-abd2-4701-b984-4afa4c27c260,1,1,1,1,LumA,,348.0,reserve
TCGA-AN-A0XU,Female,No,Negative,,neg,Basal,TCGA-AN-A0XU-01A,TCGA-AN-A0XU-01A-11R-A109-07,5fbe4a11-de4d-418e-9bc3-75b768d4a665,1,1,1,1,Basal,,7.0,main
TCGA-AN-A0XV,Female,No,Positive,Negative,discordant,LumA,TCGA-AN-A0XV-01A,TCGA-AN-A0XV-01A-11R-A109-07,debafec8-b9f4-45f3-aa4c-8e48e58e6a49,1,1,1,0,,no_dx_slide,,
TCGA-AN-A0XW,Female,No,Positive,Negative,discordant,LumA,TCGA-AN-A0XW-01A,TCGA-AN-A0XW-01A-11R-A109-07,76267112-851f-4f5b-af40-f3c90af1b2ce,1,1,1,1,,her2_discordant,,
TCGA-AO-A03L,Female,No,Positive,Negative,discordant,LumA,TCGA-AO-A03L-01A,TCGA-AO-A03L-01A-41R-A056-07,79f97f73-b650-49cf-8654-53038a6c0de7,1,1,1,1,,her2_discordant,,
TCGA-AO-A03M,Female,No,Negative,Negative,neg,LumA,TCGA-AO-A03M-01B,TCGA-AO-A03M-01B-11R-A10J-07,81f86e31-55db-4483-b6e0-55451ffbd1db,1,1,1,1,LumA,,18.0,main
TCGA-AO-A03N,Female,No,Negative,,neg,LumB,TCGA-AO-A03N-01B,TCGA-AO-A03N-01B-11R-A10J-07,5c0579f7-6184-4afa-805c-7aeec4a4c5d2,1,1,1,1,LumB,,75.0,reserve
TCGA-AO-A03O,Female,No,Negative,Negative,neg,LumB,TCGA-AO-A03O-01A,TCGA-AO-A03O-01A-11R-A00Z-07,ccc7b8e5-7ea4-4efc-81c1-ef6c15acd241,1,1,1,1,LumB,,113.0,reserve
TCGA-AO-A03P,Female,No,Negative,,neg,LumB,TCGA-AO-A03P-01A,TCGA-AO-A03P-01A-11R-A00Z-07,50e8fce6-5775-41d6-bcaa-73773db999e2,1,1,1,1,LumB,,37.0,reserve
TCGA-AO-A03R,Female,No,Negative,Negative,neg,Normal,TCGA-AO-A03R-01A,TCGA-AO-A03R-01A-21R-A034-07,3bc9d1c0-b57f-44b5-8624-b3ee99aeafe4,1,0,2,1,,her2neg_pam50_not_LumA_LumB_Basal,,
TCGA-AO-A03T,Female,No,Negative,,neg,Normal,TCGA-AO-A03T-01A,TCGA-AO-A03T-01A-21R-A034-07,a542178a-a338-40d4-be52-b9a71af89b58,1,0,1,1,,her2neg_pam50_not_LumA_LumB_Basal,,
TCGA-AO-A03U,Female,No,Negative,Negative,neg,Normal,TCGA-AO-A03U-01B,TCGA-AO-A03U-01B-21R-A10J-07,7806768a-e8c6-48b0-a241-c036c230e78b,1,1,1,1,,her2neg_pam50_not_LumA_LumB_Basal,,
TCGA-AO-A03V,Female,No,Negative,,neg,LumA,TCGA-AO-A03V-01A,TCGA-AO-A03V-01A-11R-A115-07,bc39baa2-786e-4d9a-874e-a7f4febc3be2,1,1,0,1,LumA,,65.0,reserve
TCGA-AO-A0J2,Female,No,Equivocal,Negative,neg,Her2,TCGA-AO-A0J2-01A,TCGA-AO-A0J2-01A-11R-A034-07,62e7008b-f4ca-40e3-88b3-7354ba2585ac,1,1,1,1,,her2neg_pam50_not_LumA_LumB_Basal,,
TCGA-AO-A0J3,Female,No,Equivocal,Negative,neg,LumB,TCGA-AO-A0J3-01A,TCGA-AO-A0J3-01A-11R-A034-07,5d720a05-3673-45be-9163-08e0fc332f80,1,1,1,1,LumB,,122.0,reserve
TCGA-AO-A0J4,Female,No,Negative,,neg,Basal,TCGA-AO-A0J4-01A,TCGA-AO-A0J4-01A-11R-A034-07,7fa9ad2e-67a7-449f-be73-9e18dc46b529,1,1,1,1,Basal,,63.0,reserve
TCGA-AO-A0J5,Female,Yes,Equivocal,Negative,neg,LumA,TCGA-AO-A0J5-01A,TCGA-AO-A0J5-01A-11R-A034-07,b54476c3-f6f1-4474-b447-72023ba97687,1,1,1,1,LumA,neoadjuvant_yes_or_unknown,,
TCGA-AO-A0J6,Female,No,Negative,,neg,Basal,TCGA-AO-A0J6-01A,TCGA-AO-A0J6-01A-11R-A034-07,0f0b1a31-1f88-40e0-bd25-320046de4970,1,1,1,1,Basal,,100.0,reserve
TCGA-AO-A0J7,Female,No,Negative,,neg,LumB,TCGA-AO-A0J7-01A,TCGA-AO-A0J7-01A-11R-A034-07,cbbbb1af-8bf4-4bb6-9258-33bf416190e7,1,1,1,1,LumB,,96.0,reserve
TCGA-AO-A0J8,Female,No,Negative,,neg,LumA,TCGA-AO-A0J8-01A,TCGA-AO-A0J8-01A-21R-A034-07,051a1102-a815-4b39-b903-80d8b4a2348f,1,1,1,1,LumA,,219.0,reserve
TCGA-AO-A0J9,Female,No,,Negative,neg,LumA,TCGA-AO-A0J9-01A,TCGA-AO-A0J9-01A-11R-A034-07,537ec810-35bc-47d8-8242-72ef91cd63e0,1,1,1,1,LumA,,58.0,reserve
TCGA-AO-A0JA,Female,No,Negative,,neg,LumA,TCGA-AO-A0JA-01A,TCGA-AO-A0JA-01A-11R-A056-07,870fb4d4-8366-4bfa-b4c1-04d55eded427,1,1,1,1,LumA,,66.0,reserve
TCGA-AO-A0JB,Female,No,Negative,,neg,Normal,TCGA-AO-A0JB-01A,TCGA-AO-A0JB-01A-11R-A32Y-07,2a09e101-9e01-45ec-9b02-d806f4cd7469,1,1,1,1,,her2neg_pam50_not_LumA_LumB_Basal,,
TCGA-AO-A0JC,Female,No,Negative,,neg,LumA,TCGA-AO-A0JC-01A,TCGA-AO-A0JC-01A-11R-A056-07,9da9a119-9f9a-4ddb-947e-97724b9fe45f,1,1,1,1,LumA,,262.0,reserve
TCGA-AO-A0JD,Female,No,Negative,Negative,neg,LumB,TCGA-AO-A0JD-01A,TCGA-AO-A0JD-01A-11R-A056-07,16ffdede-3d07-431a-a4ed-318c7a66c096,1,1,1,1,LumB,,62.0,reserve
TCGA-AO-A0JE,Female,No,Positive,Positive,pos,Her2,TCGA-AO-A0JE-01A,TCGA-AO-A0JE-01A-11R-A056-07,7f1cbb4f-aecf-42be-91cc-fb35d03447df,1,1,1,1,HER2pos,,95.0,reserve
TCGA-AO-A0JF,Female,No,Negative,,neg,LumA,TCGA-AO-A0JF-01A,TCGA-AO-A0JF-01A-11R-A056-07,a9b5ab37-10c2-4fb6-9c4e-3fcd5ea26526,1,1,1,1,LumA,,324.0,reserve
TCGA-AO-A0JG,Female,No,Negative,,neg,LumA,TCGA-AO-A0JG-01A,TCGA-AO-A0JG-01A-31R-A084-07,e94ef671-995d-452b-bcbe-993e5b437a68,1,0,1,1,LumA,,86.0,reserve
TCGA-AO-A0JI,Female,No,Negative,,neg,LumA,TCGA-AO-A0JI-01A,TCGA-AO-A0JI-01A-21R-A056-07,e12f17ae-dc1f-4e91-93bd-b827ad276dde,1,1,1,1,LumA,,263.0,reserve
TCGA-AO-A0JJ,Female,No,Negative,,neg,LumA,TCGA-AO-A0JJ-01A,TCGA-AO-A0JJ-01A-11R-A056-07,c7646bc5-436b-4ad5-b5ae-894b2e843cda,1,1,1,1,LumA,,197.0,reserve
TCGA-AO-A0JL,Female,No,Negative,Positive,pos,,TCGA-AO-A0JL-01A,TCGA-AO-A0JL-01A-11R-A056-07,83eeba96-e3dc-44a3-846c-43dcc2ff9806,1,1,1,1,HER2pos,,80.0,reserve
TCGA-AO-A0JM,Female,No,Positive,Positive,pos,LumB,TCGA-AO-A0JM-01A,TCGA-AO-A0JM-01A-21R-A056-07,cd9fd232-1d69-4ef0-911d-28130243994f,1,1,1,1,HER2pos,,101.0,reserve
TCGA-AO-A124,Female,No,Negative,,neg,Basal,TCGA-AO-A124-01A,TCGA-AO-A124-01A-11R-A10J-07,a63cca36-139d-4054-9d99-9b04ddae7ec2,1,1,1,1,Basal,,119.0,reserve
TCGA-AO-A125,Female,No,Negative,Negative,neg,LumA,TCGA-AO-A125-01A,TCGA-AO-A125-01A-11R-A10J-07,3e0cc1e4-0882-4e9b-9373-34bcbce097d7,1,1,1,1,LumA,,124.0,reserve
TCGA-AO-A126,Female,No,Negative,Negative,neg,LumA,TCGA-AO-A126-01A,TCGA-AO-A126-01A-11R-A10J-07,3841a099-bf19-4891-9b12-5db1d699e922,1,1,1,1,LumA,,311.0,reserve
TCGA-AO-A128,Female,No,Negative,Negative,neg,Basal,TCGA-AO-A128-01A,TCGA-AO-A128-01A-11R-A10J-07,e173c170-b7c6-4aa9-9f34-33cd02702d75,1,1,1,1,Basal,,22.0,reserve
TCGA-AO-A129,Female,No,Negative,Negative,neg,Basal,TCGA-AO-A129-01A,TCGA-AO-A129-01A-21R-A10J-07,bdef0c66-0755-4581-b813-87c8512754ba,1,1,1,1,Basal,,38.0,reserve
TCGA-AO-A12A,Female,No,Negative,Negative,neg,LumA,TCGA-AO-A12A-01A,TCGA-AO-A12A-01A-21R-A115-07,4cafa8be-69f1-4c1a-87fb-c71df6de6a74,1,1,1,1,LumA,,145.0,reserve
TCGA-AO-A12B,Female,No,Negative,,neg,LumA,TCGA-AO-A12B-01A,TCGA-AO-A12B-01A-11R-A10J-07,3782bc2e-5a29-4380-9b44-735ca1ac8896,1,1,1,1,LumA,,168.0,reserve
TCGA-AO-A12C,Female,No,Positive,Negative,discordant,,TCGA-AO-A12C-01A,TCGA-AO-A12C-01A-11R-A10J-07,152c8e57-1f2f-464c-ad13-de0f4d81dbff,1,1,1,1,,her2_discordant,,
TCGA-AO-A12D,Female,No,Positive,Positive,pos,Her2,TCGA-AO-A12D-01A,TCGA-AO-A12D-01A-11R-A115-07,a58e2ae3-a236-4209-8292-70465216cb85,1,1,1,1,HER2pos,,26.0,main
TCGA-AO-A12E,Female,No,Negative,,neg,LumA,TCGA-AO-A12E-01A,TCGA-AO-A12E-01A-11R-A10J-07,afedbcf7-d427-4371-9c2a-f349b03de522,1,1,1,1,LumA,,274.0,reserve
TCGA-AO-A12F,Female,No,Negative,,neg,Basal,TCGA-AO-A12F-01A,TCGA-AO-A12F-01A-11R-A115-07,d6882616-b77d-4d4c-90dc-7318c57876e1,1,1,1,1,Basal,,116.0,reserve
TCGA-AO-A12G,Female,No,Positive,Negative,discordant,LumA,TCGA-AO-A12G-01A,TCGA-AO-A12G-01A-11R-A10J-07,bf26a3fb-39a8-4eff-b801-a7dd915e73f5,1,1,1,1,,her2_discordant,,
TCGA-AO-A12H,Female,No,Negative,,neg,LumA,TCGA-AO-A12H-01A,TCGA-AO-A12H-01A-11R-A115-07,b5994562-8eab-43a5-9846-cd3916a9260f,1,1,1,1,LumA,,333.0,reserve
TCGA-AO-A1KO,Female,No,Negative,,neg,Normal,TCGA-AO-A1KO-01A,TCGA-AO-A1KO-01A-31R-A13Q-07,d240cdef-e1a3-481f-a0d5-895d7cc5cabd,1,1,0,1,,her2neg_pam50_not_LumA_LumB_Basal,,
TCGA-AO-A1KP,Female,No,Negative,Negative,neg,LumB,TCGA-AO-A1KP-01A,TCGA-AO-A1KP-01A-11R-A13Q-07,fbdb3ca1-c7c8-437e-a315-25e3bc623236,1,1,0,1,LumB,,120.0,reserve
TCGA-AO-A1KQ,Male,No,Negative,,neg,,TCGA-AO-A1KQ-01A,TCGA-AO-A1KQ-01A-11R-A13Q-07,67d73608-5dfb-41c1-85d3-52f1eba7daa2,1,1,0,1,,not_female,,
TCGA-AO-A1KR,Female,No,Negative,Negative,neg,Basal,TCGA-AO-A1KR-01A,TCGA-AO-A1KR-01A-12R-A144-07,707414cc-7f34-41c6-8803-6641521a4069,1,1,0,1,Basal,,114.0,reserve
TCGA-AO-A1KS,Female,No,Equivocal,Negative,neg,LumB,TCGA-AO-A1KS-01A,TCGA-AO-A1KS-01A-11R-A13Q-07,b9d564b4-4561-44b2-b020-baf106f23baa,1,1,0,1,LumB,,38.0,reserve
TCGA-AO-A1KT,Female,No,Equivocal,Negative,neg,LumB,TCGA-AO-A1KT-01A,TCGA-AO-A1KT-01A-11R-A13Q-07,23304266-b28c-4ff2-8dcf-bb18f56417b4,1,1,0,1,LumB,,13.0,main
TCGA-AQ-A04H,Female,No,Indeterminate,Positive,pos,LumB,TCGA-AQ-A04H-01B,TCGA-AQ-A04H-01B-11R-A10J-07,895b7107-2c08-4106-b119-6fbb597392da,1,1,1,1,HER2pos,,91.0,reserve
TCGA-AQ-A04J,Female,No,Negative,,neg,Basal,TCGA-AQ-A04J-01A,TCGA-AQ-A04J-01A-02R-A034-07,eb914a22-6e3f-4296-89d4-a960902fba2b,1,0,1,1,Basal,,99.0,reserve
TCGA-AQ-A04L,Female,No,Positive,,pos,,TCGA-AQ-A04L-01B,TCGA-AQ-A04L-01B-21R-A10J-07,0427af63-b665-4c57-874b-65222c200bfe,1,1,1,1,HER2pos,,53.0,reserve
TCGA-AQ-A0Y5,Female,Yes,Positive,Positive,pos,LumA,TCGA-AQ-A0Y5-01A,TCGA-AQ-A0Y5-01A-11R-A14M-07,c2515ef2-5cfc-4cc2-9541-ae072616d361,1,0,1,1,HER2pos,neoadjuvant_yes_or_unknown,,
TCGA-AQ-A1H2,Female,No,Indeterminate,Positive,pos,LumA,TCGA-AQ-A1H2-01A,TCGA-AQ-A1H2-01A-11R-A13Q-07,7915bbbc-7e5b-4439-bea4-12fc7f639d6d,1,1,0,0,HER2pos,no_dx_slide,,
TCGA-AQ-A1H3,Female,No,Negative,,neg,LumA,TCGA-AQ-A1H3-01A,TCGA-AQ-A1H3-01A-31R-A13Q-07,77cdf045-d52d-4cc1-b2f1-e2b0d106af0f,1,1,0,0,LumA,no_dx_slide,,
TCGA-AQ-A54N,Female,No,Equivocal,Negative,neg,,TCGA-AQ-A54N-01A,TCGA-AQ-A54N-01A-11R-A266-07,ea5c9d47-1803-4bd5-88da-352e172bc45d,1,1,0,1,,her2neg_pam50_not_LumA_LumB_Basal,,
TCGA-AQ-A54O,Male,No,Negative,,neg,,TCGA-AQ-A54O-01A,TCGA-AQ-A54O-01A-11R-A266-07,da8c5f1e-a4e3-46bd-adb3-ce758e654983,1,1,0,1,,not_female,,
TCGA-AQ-A7U7,Female,No,Negative,,neg,LumA,TCGA-AQ-A7U7-01A,TCGA-AQ-A7U7-01A-22R-A352-07,fa48dda4-5b65-44fa-b0c3-b02d53d928c5,1,1,0,1,LumA,,254.0,reserve
TCGA-AR-A0TP,Female,No,Negative,,neg,Basal,TCGA-AR-A0TP-01A,TCGA-AR-A0TP-01A-11R-A084-07,95f4620f-f9b0-4533-bb13-f412d774244a,1,1,1,1,Basal,,78.0,reserve
TCGA-AR-A0TQ,Female,No,Equivocal,Positive,pos,LumB,TCGA-AR-A0TQ-01A,TCGA-AR-A0TQ-01A-11R-A084-07,82255740-abaa-47b3-9def-89b0673d1cfb,1,1,1,1,HER2pos,,124.0,reserve
TCGA-AR-A0TR,Female,No,Equivocal,Negative,neg,LumA,TCGA-AR-A0TR-01A,TCGA-AR-A0TR-01A-11R-A084-07,04a7cce8-c3b3-4994-9dac-c0e53099f37d,1,1,1,1,LumA,,271.0,reserve
TCGA-AR-A0TS,Female,No,Negative,,neg,Basal,TCGA-AR-A0TS-01A,TCGA-AR-A0TS-01A-11R-A115-07,ad1ea8c5-ca8b-49e9-a650-6012d71daf24,1,1,1,1,Basal,,120.0,reserve
TCGA-AR-A0TT,Female,No,Negative,,neg,LumB,TCGA-AR-A0TT-01A,TCGA-AR-A0TT-01A-31R-A084-07,1d7e99d8-052d-491a-8088-91cb0790cb17,1,1,1,1,LumB,,93.0,reserve
TCGA-AR-A0TU,Female,No,Negative,,neg,,TCGA-AR-A0TU-01A,TCGA-AR-A0TU-01A-31R-A109-07,017d71aa-0999-4d8e-9cb4-88b9013e61eb,1,1,1,1,,her2neg_pam50_not_LumA_LumB_Basal,,
TCGA-AR-A0TV,Female,No,Equivocal,Negative,neg,LumB,TCGA-AR-A0TV-01A,TCGA-AR-A0TV-01A-21R-A084-07,fc203d80-6254-402c-8c8b-a5500bfa909e,1,1,1,1,LumB,,88.0,reserve
TCGA-AR-A0TW,Female,No,Equivocal,Negative,neg,LumA,TCGA-AR-A0TW-01A,TCGA-AR-A0TW-01A-11R-A084-07,c38adc46-f0f2-4c71-91b6-da2159dcb190,1,1,1,1,LumA,,53.0,reserve
TCGA-AR-A0TX,Female,No,Positive,,pos,Her2,TCGA-AR-A0TX-01A,TCGA-AR-A0TX-01A-11R-A084-07,eb166054-ff70-4a86-883b-9c25a7d2b0e5,1,1,1,1,HER2pos,,156.0,reserve
TCGA-AR-A0TY,Female,No,Negative,,neg,LumB,TCGA-AR-A0TY-01A,TCGA-AR-A0TY-01A-12R-A115-07,5a827399-307b-412b-a2ce-f6c81d2750a6,1,1,0,1,LumB,,102.0,reserve
TCGA-AR-A0TZ,Female,No,Equivocal,Negative,neg,LumA,TCGA-AR-A0TZ-01A,TCGA-AR-A0TZ-01A-12R-A084-07,9765934d-d954-485c-abfe-b9db59f18193,1,1,1,1,LumA,,255.0,reserve
TCGA-AR-A0U0,Female,No,,,undetermined,Basal,TCGA-AR-A0U0-01A,TCGA-AR-A0U0-01A-11R-A109-07,4bb6eb79-4256-4b19-b158-883da969a582,1,1,0,1,,her2_undetermined,,
TCGA-AR-A0U1,Female,No,Negative,,neg,,,,,0,0,0,1,,no_primary_rna,,
TCGA-AR-A0U2,Female,No,Negative,,neg,LumB,TCGA-AR-A0U2-01A,TCGA-AR-A0U2-01A-11R-A109-07,91e43fc0-1bd1-41e3-a828-43ec6620feb6,1,1,1,1,LumB,,98.0,reserve
TCGA-AR-A0U3,Female,No,Negative,,neg,LumA,TCGA-AR-A0U3-01A,TCGA-AR-A0U3-01A-11R-A109-07,dcf2260b-c0bf-4f59-a4da-079a340b1e33,1,1,0,1,LumA,,95.0,reserve
TCGA-AR-A0U4,Female,No,Negative,,neg,Basal,TCGA-AR-A0U4-01A,TCGA-AR-A0U4-01A-11R-A109-07,1f5bbb4e-9b0e-4953-a360-83fd7b6a2267,1,1,1,1,Basal,,14.0,main
TCGA-AR-A1AH,Female,No,Negative,,neg,Basal,TCGA-AR-A1AH-01A,TCGA-AR-A1AH-01A-11R-A12D-07,59858555-bc6a-4286-8280-0f8341123cac,1,1,0,1,Basal,,80.0,reserve
TCGA-AR-A1AI,Female,No,Equivocal,Negative,neg,Basal,TCGA-AR-A1AI-01A,TCGA-AR-A1AI-01A-11R-A12P-07,7774e389-c3c5-4abf-846c-4e8eead7e521,1,0,0,1,Basal,no_frozen_slide_same_sample,,
TCGA-AR-A1AJ,Female,No,Negative,,neg,Basal,TCGA-AR-A1AJ-01A,TCGA-AR-A1AJ-01A-21R-A12P-07,28ecd88f-6249-425c-99e1-9055989feff8,1,1,0,1,Basal,,3.0,main
TCGA-AR-A1AK,Female,No,Negative,,neg,LumA,TCGA-AR-A1AK-01A,TCGA-AR-A1AK-01A-21R-A12P-07,5405b59e-44cc-4745-b838-ca279210cbed,1,1,0,1,LumA,,8.0,main
TCGA-AR-A1AL,Female,No,Negative,,neg,LumA,TCGA-AR-A1AL-01A,TCGA-AR-A1AL-01A-21R-A12P-07,8e475a5c-0a90-4c31-a472-b1ae0946633d,1,1,0,1,LumA,,93.0,reserve
TCGA-AR-A1AM,Female,No,Equivocal,Negative,neg,,TCGA-AR-A1AM-01A,TCGA-AR-A1AM-01A-41R-A22K-07,37bf6454-a4e7-4e00-9562-57ba6fd58b6d,1,1,0,1,,her2neg_pam50_not_LumA_LumB_Basal,,
TCGA-AR-A1AN,Female,No,Negative,,neg,LumA,TCGA-AR-A1AN-01A,TCGA-AR-A1AN-01A-11R-A12P-07,f69ca0e5-201f-4066-81a5-c5b9c8a5012c,1,1,0,1,LumA,,297.0,reserve
TCGA-AR-A1AO,Female,No,Negative,,neg,Normal,TCGA-AR-A1AO-01A,TCGA-AR-A1AO-01A-11R-A12P-07,f88ba6a1-27bf-43fa-a2c7-05db1eb9e8ea,1,1,0,1,,her2neg_pam50_not_LumA_LumB_Basal,,
TCGA-AR-A1AP,Female,No,Equivocal,Negative,neg,LumA,TCGA-AR-A1AP-01A,TCGA-AR-A1AP-01A-11R-A12P-07,5728b421-9832-417b-8963-b7b17decc58e,1,1,0,1,LumA,,290.0,reserve
TCGA-AR-A1AQ,Female,No,Equivocal,Negative,neg,Basal,TCGA-AR-A1AQ-01A,TCGA-AR-A1AQ-01A-11R-A12P-07,ef181439-d071-40e0-a185-f29343085f8c,1,1,0,1,Basal,,112.0,reserve
TCGA-AR-A1AR,Female,No,Negative,,neg,Basal,TCGA-AR-A1AR-01A,TCGA-AR-A1AR-01A-31R-A137-07,7235fd65-e9cb-45f1-ac78-cad80823325e,1,1,0,1,Basal,,93.0,reserve
TCGA-AR-A1AS,Female,No,Negative,,neg,LumA,TCGA-AR-A1AS-01A,TCGA-AR-A1AS-01A-11R-A12P-07,128bf144-f452-48af-941d-f6069e3bb0bb,1,1,0,1,LumA,,193.0,reserve
TCGA-AR-A1AT,Female,No,Positive,,pos,,TCGA-AR-A1AT-01A,TCGA-AR-A1AT-01A-11R-A12P-07,fb397586-1b5b-40e0-a885-8663f9c76f6d,1,1,0,1,HER2pos,,50.0,reserve
TCGA-AR-A1AU,Female,No,Equivocal,Negative,neg,LumA,TCGA-AR-A1AU-01A,TCGA-AR-A1AU-01A-11R-A12P-07,2377e521-919f-4f6f-b426-ddc993775597,1,1,0,1,LumA,,296.0,reserve
TCGA-AR-A1AV,Male,No,Negative,,neg,,TCGA-AR-A1AV-01A,TCGA-AR-A1AV-01A-21R-A12P-07,d27acb8c-2551-4ea7-8c09-f211cb4a9ec0,1,1,0,1,,not_female,,
TCGA-AR-A1AW,Female,No,Equivocal,Negative,neg,LumB,TCGA-AR-A1AW-01A,TCGA-AR-A1AW-01A-21R-A12P-07,c1f6f39f-db8f-4449-bfb2-d1f3f2a95d22,1,1,0,1,LumB,,11.0,main
TCGA-AR-A1AX,Female,No,Positive,,pos,LumA,TCGA-AR-A1AX-01A,TCGA-AR-A1AX-01A-11R-A12P-07,4c46a463-f0e3-4e19-ad95-5dab0231d1c6,1,1,0,1,HER2pos,,152.0,reserve
TCGA-AR-A1AY,Female,No,Negative,,neg,Basal,TCGA-AR-A1AY-01A,TCGA-AR-A1AY-01A-21R-A12P-07,58764dda-7c61-4705-a834-4d654c60ef2b,1,1,0,1,Basal,,115.0,reserve
TCGA-AR-A24H,Female,No,Negative,,neg,LumB,TCGA-AR-A24H-01A,TCGA-AR-A24H-01A-11R-A169-07,f2bf29d2-4c33-4810-90e8-88f37ea47bc8,1,1,0,1,LumB,,30.0,reserve
TCGA-AR-A24K,Female,No,Equivocal,Negative,neg,LumB,TCGA-AR-A24K-01A,TCGA-AR-A24K-01A-11R-A169-07,9b47ed32-440b-4e50-93f9-5aeb56f03397,1,1,0,1,LumB,,76.0,reserve
TCGA-AR-A24L,Female,No,Equivocal,Negative,neg,LumA,TCGA-AR-A24L-01A,TCGA-AR-A24L-01A-11R-A169-07,7814e438-105f-4d5b-94fe-8c66e95585ea,1,1,0,1,LumA,,334.0,reserve
TCGA-AR-A24M,Female,No,Negative,,neg,LumA,TCGA-AR-A24M-01A,TCGA-AR-A24M-01A-11R-A169-07,5645320f-820e-45b7-b4cf-ea05085f53e3,1,1,0,1,LumA,,101.0,reserve
TCGA-AR-A24N,Female,No,Equivocal,Negative,neg,LumB,TCGA-AR-A24N-01A,TCGA-AR-A24N-01A-11R-A169-07,f7b5d569-1a46-4f23-bfca-a46daacda793,1,1,0,1,LumB,,6.0,main
TCGA-AR-A24O,Female,No,Negative,,neg,LumA,TCGA-AR-A24O-01A,TCGA-AR-A24O-01A-11R-A169-07,f0107961-a5e1-46ec-b232-a47f0049bc5f,1,1,0,1,LumA,,146.0,reserve
TCGA-AR-A24P,Female,No,Equivocal,Negative,neg,LumA,TCGA-AR-A24P-01A,TCGA-AR-A24P-01A-11R-A169-07,12959673-a8ec-4223-a5fe-0648276db5fc,1,1,0,1,LumA,,123.0,reserve
TCGA-AR-A24Q,Female,No,Negative,,neg,Basal,TCGA-AR-A24Q-01A,TCGA-AR-A24Q-01A-12R-A169-07,5cce30f3-99ae-4959-987a-0d280dc2ec44,1,1,0,1,Basal,,98.0,reserve
TCGA-AR-A24R,Female,No,Negative,Negative,neg,LumB,TCGA-AR-A24R-01A,TCGA-AR-A24R-01A-11R-A169-07,7e035247-3586-443f-a94c-0addbaf3b17f,1,1,0,1,LumB,,64.0,reserve
TCGA-AR-A24S,Female,No,Negative,,neg,LumB,TCGA-AR-A24S-01A,TCGA-AR-A24S-01A-11R-A169-07,2abc5233-1389-4efb-ba21-de05251ab25a,1,1,0,1,LumB,,26.0,reserve
TCGA-AR-A24T,Female,No,Equivocal,Negative,neg,LumA,TCGA-AR-A24T-01A,TCGA-AR-A24T-01A-11R-A169-07,e3e859ed-2cc7-4842-a9dd-72938cd2170c,1,1,0,1,LumA,,114.0,reserve
TCGA-AR-A24U,Female,No,Positive,,pos,Her2,TCGA-AR-A24U-01A,TCGA-AR-A24U-01A-11R-A169-07,7af23ba7-e5bf-41b9-b91f-5709321dadb7,1,1,0,1,HER2pos,,70.0,reserve
TCGA-AR-A24V,Female,No,Negative,,neg,LumA,TCGA-AR-A24V-01A,TCGA-AR-A24V-01A-21R-A169-07,d01e4cd5-3c52-4655-8b7c-ef6070d58090,1,1,0,1,LumA,,22.0,reserve
TCGA-AR-A24W,Female,No,Negative,,neg,LumA,TCGA-AR-A24W-01A,TCGA-AR-A24W-01A-11R-A169-07,452e9e11-5545-4e7a-abfb-2486e70206bd,1,1,0,1,LumA,,315.0,reserve
TCGA-AR-A24X,Female,No,Equivocal,Negative,neg,LumA,TCGA-AR-A24X-01A,TCGA-AR-A24X-01A-11R-A169-07,7be570ba-7f69-431e-88c2-614e92bc88ae,1,1,0,1,LumA,,200.0,reserve
TCGA-AR-A24Z,Female,No,Negative,,neg,LumB,TCGA-AR-A24Z-01A,TCGA-AR-A24Z-01A-11R-A169-07,4b558a24-b10c-4d59-a921-10e6a3a9fb35,1,1,0,1,LumB,,116.0,reserve
TCGA-AR-A250,Female,No,Equivocal,Positive,pos,LumB,TCGA-AR-A250-01A,TCGA-AR-A250-01A-31R-A169-07,206804c1-e5be-4076-9793-406d11094266,1,1,0,1,HER2pos,,39.0,main
TCGA-AR-A251,Female,No,Equivocal,Negative,neg,Basal,TCGA-AR-A251-01A,TCGA-AR-A251-01A-12R-A169-07,416defdf-a4f7-4305-97ff-d3b3ebce672f,1,1,0,1,Basal,,127.0,reserve
TCGA-AR-A252,Female,No,Negative,,neg,LumA,TCGA-AR-A252-01A,TCGA-AR-A252-01A-11R-A169-07,fed5e108-cb1a-45b8-88e8-c5ea6a6bd61a,1,1,0,1,LumA,,186.0,reserve
TCGA-AR-A254,Female,No,Positive,,pos,Her2,TCGA-AR-A254-01A,TCGA-AR-A254-01A-21R-A169-07,bdee019c-38ae-4686-84fe-2454ba4c70dc,1,1,0,1,HER2pos,,7.0,main
TCGA-AR-A255,Female,No,Positive,,pos,LumA,TCGA-AR-A255-01A,TCGA-AR-A255-01A-11R-A169-07,be65c37e-7aa8-466d-a1fe-102e8e25e2e9,1,1,0,1,HER2pos,,120.0,reserve
TCGA-AR-A256,Female,No,Negative,,neg,Basal,TCGA-AR-A256-01A,TCGA-AR-A256-01A-11R-A169-07,398fa6bf-78af-473b-8f2c-a2b3b605131f,1,1,0,1,Basal,,129.0,reserve
TCGA-AR-A2LE,Female,No,,,undetermined,LumA,TCGA-AR-A2LE-01A,TCGA-AR-A2LE-01A-11R-A180-07,89e67cfd-7728-4a0e-bfa5-4c55ae957ef8,1,1,0,1,,her2_undetermined,,
TCGA-AR-A2LH,Female,No,Equivocal,Negative,neg,Normal,TCGA-AR-A2LH-01A,TCGA-AR-A2LH-01A-31R-A18M-07,f7e414a0-c2ca-40c7-a7a0-282d80247fa0,1,1,0,1,,her2neg_pam50_not_LumA_LumB_Basal,,
TCGA-AR-A2LJ,Female,No,Positive,Positive,pos,,TCGA-AR-A2LJ-01A,TCGA-AR-A2LJ-01A-12R-A19W-07,eba83203-1de1-447a-88d0-2ffbccc24990,1,1,0,1,HER2pos,,1.0,main
TCGA-AR-A2LK,Female,No,Equivocal,Negative,neg,LumB,TCGA-AR-A2LK-01A,TCGA-AR-A2LK-01A-11R-A180-07,5d875fca-d1ff-4c08-9dfa-0f1e67dc586b,1,1,0,1,LumB,,52.0,reserve
TCGA-AR-A2LL,Female,No,Equivocal,Negative,neg,,TCGA-AR-A2LL-01A,TCGA-AR-A2LL-01A-11R-A180-07,5c57b96c-909e-468e-bef6-f0375a788fcb,1,1,0,1,,her2neg_pam50_not_LumA_LumB_Basal,,
TCGA-AR-A2LM,Female,No,,Negative,neg,LumA,TCGA-AR-A2LM-01A,TCGA-AR-A2LM-01A-11R-A180-07,b8c05229-16e4-4888-9f44-556c5570a4af,1,1,0,1,LumA,,82.0,reserve
TCGA-AR-A2LN,Female,No,Negative,,neg,LumA,TCGA-AR-A2LN-01A,TCGA-AR-A2LN-01A-21R-A18M-07,587b3262-55f8-4611-8431-0c02a5df652d,1,1,0,1,LumA,,169.0,reserve
TCGA-AR-A2LO,Female,No,Equivocal,Negative,neg,LumA,TCGA-AR-A2LO-01A,TCGA-AR-A2LO-01A-31R-A18M-07,f7619693-b880-408e-8be5-f266f61a403e,1,1,0,1,LumA,,203.0,reserve
TCGA-AR-A2LQ,Female,No,Negative,,neg,Normal,TCGA-AR-A2LQ-01A,TCGA-AR-A2LQ-01A-22R-A18M-07,908283cf-b948-4474-906e-bd07195d0805,1,1,0,1,,her2neg_pam50_not_LumA_LumB_Basal,,
TCGA-AR-A2LR,Female,No,Negative,,neg,,TCGA-AR-A2LR-01A,TCGA-AR-A2LR-01A-12R-A18M-07,7acdca8d-6231-4077-b7ac-eec857c43092,1,1,0,1,,her2neg_pam50_not_LumA_LumB_Basal,,
TCGA-AR-A5QM,Female,No,Equivocal,,undetermined,LumA,TCGA-AR-A5QM-01A,TCGA-AR-A5QM-01A-11R-A27Q-07,cba08218-0a7b-4425-8776-b240fac9b6cf,1,1,0,1,,her2_undetermined,,
TCGA-AR-A5QN,Female,No,Positive,,pos,LumA,TCGA-AR-A5QN-01A,TCGA-AR-A5QN-01A-12R-A28M-07,3844ac53-a01f-41f1-a3f3-d9decf12d024,1,1,0,1,HER2pos,,132.0,reserve
TCGA-AR-A5QP,Female,No,Equivocal,,undetermined,LumA,TCGA-AR-A5QP-01A,TCGA-AR-A5QP-01A-11R-A28M-07,61f32a8d-4649-4ea8-8374-00ab281464bf,1,1,0,1,,her2_undetermined,,
TCGA-AR-A5QQ,Female,No,Negative,,neg,Basal,TCGA-AR-A5QQ-01A,TCGA-AR-A5QQ-01A-11R-A28M-07,f55eb7a0-34e6-4d0d-9427-7d7896ddf060,1,1,0,1,Basal,,11.0,main
TCGA-B6-A0I1,Female,No,,,undetermined,Basal,TCGA-B6-A0I1-01A,TCGA-B6-A0I1-01A-11R-A21T-07,1852f5d0-ce76-4f0d-87a7-0383f338c96b,1,1,1,1,,her2_undetermined,,
TCGA-B6-A0I2,Female,No,,,undetermined,Basal,TCGA-B6-A0I2-01A,TCGA-B6-A0I2-01A-11R-A034-07,ccd3b6f5-b425-47fb-b48e-0e24a4d6a4b2,1,1,1,1,,her2_undetermined,,
TCGA-B6-A0I5,Female,No,,,undetermined,LumA,TCGA-B6-A0I5-01A,TCGA-B6-A0I5-01A-11R-A034-07,4004cdd0-51fa-4330-bd03-5448f6c7b787,1,1,1,1,,her2_undetermined,,
TCGA-B6-A0I6,Female,No,,,undetermined,,TCGA-B6-A0I6-01A,TCGA-B6-A0I6-01A-11R-A034-07,1051db4c-40a5-4a98-a239-d96c986aa349,1,1,1,1,,her2_undetermined,,
TCGA-B6-A0I8,Female,No,,,undetermined,,TCGA-B6-A0I8-01A,TCGA-B6-A0I8-01A-11R-A034-07,b96a8979-77c1-41b5-a247-0342262d30f7,1,1,1,1,,her2_undetermined,,
TCGA-B6-A0I9,Female,No,,,undetermined,Her2,TCGA-B6-A0I9-01A,TCGA-B6-A0I9-01A-11R-A034-07,0710056c-2f04-4182-90ca-45492dd6444c,1,1,1,1,,her2_undetermined,,
TCGA-B6-A0IA,Female,No,,,undetermined,LumA,TCGA-B6-A0IA-01A,TCGA-B6-A0IA-01A-11R-A034-07,e86f9f1b-4e5c-4743-8158-14ec2e83b6f1,1,1,1,1,,her2_undetermined,,
TCGA-B6-A0IB,Female,No,,,undetermined,LumB,TCGA-B6-A0IB-01A,TCGA-B6-A0IB-01A-11R-A034-07,a127fb1e-aa3b-4b6d-98b5-c141ffba9ae7,1,1,1,1,,her2_undetermined,,
TCGA-B6-A0IC,Female,No,,,undetermined,LumA,TCGA-B6-A0IC-01A,TCGA-B6-A0IC-01A-11R-A034-07,e2a43c17-8973-49bc-a1f3-30afa26ef5f1,1,1,1,1,,her2_undetermined,,
TCGA-B6-A0IE,Female,No,,,undetermined,LumA,TCGA-B6-A0IE-01A,TCGA-B6-A0IE-01A-11R-A034-07,70ea9273-29f3-425a-ba66-5b75db62c9b7,1,1,1,1,,her2_undetermined,,
TCGA-B6-A0IG,Female,No,,,undetermined,LumA,TCGA-B6-A0IG-01A,TCGA-B6-A0IG-01A-11R-A034-07,f36e613e-af30-4b1c-aaf3-89540e05ddb1,1,1,1,1,,her2_undetermined,,
TCGA-B6-A0IH,Female,No,,,undetermined,LumA,TCGA-B6-A0IH-01A,TCGA-B6-A0IH-01A-11R-A115-07,c71bfebf-e152-4706-bd72-07103f936a85,1,1,1,1,,her2_undetermined,,
TCGA-B6-A0IJ,Female,No,,,undetermined,Basal,TCGA-B6-A0IJ-01A,TCGA-B6-A0IJ-01A-11R-A034-07,0b829610-f28e-418e-b79d-d3351e13e1fe,1,1,1,1,,her2_undetermined,,
TCGA-B6-A0IK,Female,No,,,undetermined,Her2,TCGA-B6-A0IK-01A,TCGA-B6-A0IK-01A-12R-A056-07,f2842246-b121-48f0-a8c5-474a8fb47036,1,1,1,1,,her2_undetermined,,
TCGA-B6-A0IM,Female,No,,,undetermined,LumA,TCGA-B6-A0IM-01A,TCGA-B6-A0IM-01A-11R-A034-07,f205f47f-bd57-42bf-a702-4a17d4391411,1,1,1,1,,her2_undetermined,,
TCGA-B6-A0IN,Female,No,,,undetermined,LumB,TCGA-B6-A0IN-01A,TCGA-B6-A0IN-01A-11R-A034-07,f979b428-649b-42ac-9eae-31ff4daa7b8f,1,1,0,1,,her2_undetermined,,
TCGA-B6-A0IO,Female,No,,,undetermined,LumA,TCGA-B6-A0IO-01A,TCGA-B6-A0IO-01A-11R-A034-07,e5016a2d-c839-4962-aa12-16b6c0e1328b,1,1,1,1,,her2_undetermined,,
TCGA-B6-A0IP,Female,No,,,undetermined,LumA,TCGA-B6-A0IP-01A,TCGA-B6-A0IP-01A-11R-A034-07,263123b0-ec68-47cd-96dd-4f0795503d89,1,1,1,1,,her2_undetermined,,
TCGA-B6-A0IQ,Female,No,,,undetermined,Basal,TCGA-B6-A0IQ-01A,TCGA-B6-A0IQ-01A-11R-A034-07,f30b7e3e-f26d-47f7-a87f-6c1a4f074f65,1,1,1,1,,her2_undetermined,,
TCGA-B6-A0RE,Female,No,,,undetermined,Basal,TCGA-B6-A0RE-01A,TCGA-B6-A0RE-01A-11R-A056-07,6c908d24-e571-436a-9a06-705c294ba5d7,1,1,1,1,,her2_undetermined,,
TCGA-B6-A0RG,Female,No,,,undetermined,LumA,TCGA-B6-A0RG-01A,TCGA-B6-A0RG-01A-11R-A056-07,cdfe79d9-a0bd-4700-937f-07bd0ee51d73,1,1,1,1,,her2_undetermined,,
TCGA-B6-A0RH,Female,No,,,undetermined,Her2,TCGA-B6-A0RH-01A,TCGA-B6-A0RH-01A-21R-A115-07,6b62d6dd-bb6f-4f39-9041-992c47b875f3,1,1,1,1,,her2_undetermined,,
TCGA-B6-A0RI,Female,No,,,undetermined,LumA,TCGA-B6-A0RI-01A,TCGA-B6-A0RI-01A-11R-A056-07,1c3a771f-43db-4b45-93f8-f8e6d2ab6847,1,1,1,1,,her2_undetermined,,
TCGA-B6-A0RL,Female,No,,,undetermined,LumB,TCGA-B6-A0RL-01A,TCGA-B6-A0RL-01A-11R-A084-07,f1934efb-1c8a-4c72-ba94-d263ef0d0cd4,1,1,1,1,,her2_undetermined,,
TCGA-B6-A0RM,Female,No,,,undetermined,LumA,TCGA-B6-A0RM-01A,TCGA-B6-A0RM-01A-11R-A084-07,45702d4f-2d23-4e37-88ad-565e44a18fa2,1,1,1,1,,her2_undetermined,,
TCGA-B6-A0RN,Female,No,,,undetermined,LumA,TCGA-B6-A0RN-01A,TCGA-B6-A0RN-01A-12R-A084-07,fdd73b76-517e-4554-ba4d-1c67b1b758f8,1,1,1,1,,her2_undetermined,,
TCGA-B6-A0RO,Female,No,,,undetermined,LumA,TCGA-B6-A0RO-01A,TCGA-B6-A0RO-01A-22R-A084-07,6df72103-ccfb-4a53-b839-2e8c47ec2145,1,1,1,1,,her2_undetermined,,
TCGA-B6-A0RP,Female,No,,,undetermined,LumA,TCGA-B6-A0RP-01A,TCGA-B6-A0RP-01A-21R-A084-07,8256e097-4476-4906-a5c5-c9da288a363a,1,1,1,1,,her2_undetermined,,
TCGA-B6-A0RQ,Female,No,,,undetermined,Normal,TCGA-B6-A0RQ-01A,TCGA-B6-A0RQ-01A-11R-A115-07,5fcd0660-3e77-4a56-af19-01045301708c,1,1,1,1,,her2_undetermined,,
TCGA-B6-A0RS,Female,No,,,undetermined,Her2,TCGA-B6-A0RS-01A,TCGA-B6-A0RS-01A-11R-A084-07,9c0043c4-b65a-42ca-9f02-fe1cef04beaf,1,1,1,1,,her2_undetermined,,
TCGA-B6-A0RT,Female,No,,,undetermined,Basal,TCGA-B6-A0RT-01A,TCGA-B6-A0RT-01A-21R-A084-07,08b0fe4c-ee3c-4510-b75a-6d240cb038cc,1,1,0,1,,her2_undetermined,,
TCGA-B6-A0RU,Female,No,,,undetermined,Basal,TCGA-B6-A0RU-01A,TCGA-B6-A0RU-01A-11R-A084-07,9bb406c8-2b8e-410e-8bca-02a778312056,1,1,1,1,,her2_undetermined,,
TCGA-B6-A0RV,Female,No,,,undetermined,LumA,TCGA-B6-A0RV-01A,TCGA-B6-A0RV-01A-11R-A084-07,d914654b-ec4f-4be5-a525-2997a4b39279,1,1,1,1,,her2_undetermined,,
TCGA-B6-A0WS,Female,No,,,undetermined,LumA,TCGA-B6-A0WS-01A,TCGA-B6-A0WS-01A-11R-A115-07,c47a7c89-551d-4115-94e4-7ba4b938e88b,1,1,0,1,,her2_undetermined,,
TCGA-B6-A0WT,Female,No,,,undetermined,LumA,TCGA-B6-A0WT-01A,TCGA-B6-A0WT-01A-11R-A109-07,7ff8696e-3809-4b96-9259-be654631d952,1,1,1,1,,her2_undetermined,,
TCGA-B6-A0WV,Female,No,,,undetermined,LumB,TCGA-B6-A0WV-01A,TCGA-B6-A0WV-01A-11R-A109-07,cd47d9e9-8072-4681-93ac-6c1420f6624c,1,1,1,1,,her2_undetermined,,
TCGA-B6-A0WW,Female,No,,,undetermined,LumB,TCGA-B6-A0WW-01A,TCGA-B6-A0WW-01A-11R-A109-07,e4732dd4-002a-4b37-9a56-d01d551e9cc3,1,1,1,1,,her2_undetermined,,
TCGA-B6-A0WX,Female,No,,,undetermined,Basal,TCGA-B6-A0WX-01A,TCGA-B6-A0WX-01A-11R-A109-07,f2a4b38d-bfc0-4363-9a58-b5fa2af26ff3,1,1,1,1,,her2_undetermined,,
TCGA-B6-A0WY,Female,No,,,undetermined,LumA,TCGA-B6-A0WY-01A,TCGA-B6-A0WY-01A-11R-A109-07,56209bc1-f94b-4aa4-a9dd-757003f36fd2,1,1,0,1,,her2_undetermined,,
TCGA-B6-A0WZ,Female,No,,,undetermined,LumA,TCGA-B6-A0WZ-01A,TCGA-B6-A0WZ-01A-11R-A109-07,1737104f-367e-4098-a068-12f8ece492bf,1,1,1,1,,her2_undetermined,,
TCGA-B6-A0X0,Female,No,,,undetermined,LumA,TCGA-B6-A0X0-01A,TCGA-B6-A0X0-01A-21R-A115-07,a4fc84b0-29ff-4994-b493-1102a044838d,1,1,1,1,,her2_undetermined,,
TCGA-B6-A0X1,Female,No,,,undetermined,Basal,TCGA-B6-A0X1-01A,TCGA-B6-A0X1-01A-11R-A109-07,440bdce7-eb0c-4661-b96a-e90d10e230d6,1,1,1,1,,her2_undetermined,,
TCGA-B6-A0X4,Female,No,,,undetermined,LumA,TCGA-B6-A0X4-01A,TCGA-B6-A0X4-01A-11R-A109-07,2dc5eb24-fb84-455a-ae05-3b58ad2fc284,1,1,0,1,,her2_undetermined,,
TCGA-B6-A0X5,Female,No,,,undetermined,LumB,TCGA-B6-A0X5-01A,TCGA-B6-A0X5-01A-21R-A109-07,d393af6b-de4b-4ca6-bc06-a29068dfe086,1,0,1,1,,her2_undetermined,,
TCGA-B6-A0X7,Female,No,,,undetermined,LumA,TCGA-B6-A0X7-01A,TCGA-B6-A0X7-01A-11R-A10J-07,9054231e-9b1f-4ee4-b22c-1e9dbfdcfc03,1,1,0,1,,her2_undetermined,,
TCGA-B6-A1KC,Female,No,Negative,,neg,LumB,TCGA-B6-A1KC-01B,TCGA-B6-A1KC-01B-11R-A157-07,c6ec90b5-d323-4a55-b48a-c3acf38557ba,1,1,0,1,LumB,,67.0,reserve
TCGA-B6-A1KF,Female,No,Equivocal,,undetermined,Basal,TCGA-B6-A1KF-01A,TCGA-B6-A1KF-01A-11R-A13Q-07,0fef4f4a-1c4e-4035-acff-af12febbaf1e,1,1,0,1,,her2_undetermined,,
TCGA-B6-A1KI,Female,No,Equivocal,Negative,neg,LumA,TCGA-B6-A1KI-01A,TCGA-B6-A1KI-01A-11R-A14M-07,80d565a0-59f6-409e-8850-5d4e2b5b996d,1,1,0,1,LumA,,283.0,reserve
TCGA-B6-A1KN,Female,No,,,undetermined,LumB,TCGA-B6-A1KN-01A,TCGA-B6-A1KN-01A-11R-A13Q-07,235a9719-23a6-48b5-bbb1-248dbec23a35,1,1,0,1,,her2_undetermined,,
TCGA-B6-A2IU,Female,No,,,undetermined,LumA,TCGA-B6-A2IU-01A,TCGA-B6-A2IU-01A-32R-A18M-07,e8149278-3269-4dbe-9500-7045fd56cd2f,1,1,0,1,,her2_undetermined,,
TCGA-B6-A3ZX,Female,No,Negative,,neg,,TCGA-B6-A3ZX-01A,TCGA-B6-A3ZX-01A-11R-A239-07,f6565f25-4317-4615-a437-af79da929ecd,1,1,0,0,,no_dx_slide,,
TCGA-B6-A400,Female,No,Negative,,neg,,TCGA-B6-A400-01A,TCGA-B6-A400-01A-11R-A239-07,ee39aea6-23f8-470f-863c-545ef6c5ea77,1,1,0,0,,no_dx_slide,,
TCGA-B6-A401,Female,No,Negative,,neg,LumA,TCGA-B6-A401-01A,TCGA-B6-A401-01A-11R-A239-07,e2b3728b-9827-4a13-b52c-caabd58f902e,1,1,0,0,LumA,no_dx_slide,,
TCGA-B6-A402,Female,No,Negative,,neg,,TCGA-B6-A402-01A,TCGA-B6-A402-01A-11R-A239-07,c4ceaaf8-4803-45d7-9937-42d25db60148,1,1,0,0,,no_dx_slide,,
TCGA-B6-A408,Female,No,Equivocal,Negative,neg,,TCGA-B6-A408-01A,TCGA-B6-A408-01A-12R-A24H-07,02a11397-2a9b-4dba-8c6a-6b9f0aa24372,1,1,0,0,,no_dx_slide,,
TCGA-B6-A409,Female,No,Equivocal,Negative,neg,Basal,TCGA-B6-A409-01A,TCGA-B6-A409-01A-11R-A24H-07,48847088-1303-4b23-8902-c0ca4ea5ae80,1,1,0,0,Basal,no_dx_slide,,
TCGA-B6-A40B,Female,No,Negative,,neg,LumA,TCGA-B6-A40B-01A,TCGA-B6-A40B-01A-11R-A239-07,80c3e656-26e4-4b45-acce-fac1a0c09d28,1,1,0,0,LumA,no_dx_slide,,
TCGA-B6-A40C,Female,No,Negative,,neg,LumA,TCGA-B6-A40C-01A,TCGA-B6-A40C-01A-11R-A239-07,641c4e5d-4880-4f5e-9d1e-702cab91a6b4,1,1,0,0,LumA,no_dx_slide,,
TCGA-BH-A0AU,Female,No,Positive,Negative,discordant,LumB,TCGA-BH-A0AU-01A,TCGA-BH-A0AU-01A-11R-A12P-07,8c884351-1c8b-47ff-8bef-1a4f25f645fb,1,1,1,1,,her2_discordant,,
TCGA-BH-A0AV,Female,No,,Negative,neg,Basal,TCGA-BH-A0AV-01A,TCGA-BH-A0AV-01A-31R-A115-07,f03677e2-11ab-40b2-8499-591357c2c9d6,1,0,1,1,Basal,,105.0,reserve
TCGA-BH-A0AW,Female,No,Positive,,pos,Her2,TCGA-BH-A0AW-01A,TCGA-BH-A0AW-01A-11R-A056-07,b0fc63c9-c4aa-4206-8636-47245f510cff,1,1,1,1,HER2pos,,76.0,reserve
TCGA-BH-A0AY,Female,No,Negative,,neg,LumA,TCGA-BH-A0AY-01A,TCGA-BH-A0AY-01A-21R-A00Z-07,27513ce4-3807-481f-abcb-c59774a90519,1,1,1,1,LumA,,232.0,reserve
TCGA-BH-A0AZ,Female,No,Negative,,neg,LumA,TCGA-BH-A0AZ-01A,TCGA-BH-A0AZ-01A-21R-A12P-07,5dfadec2-3a10-40a9-99be-4984e917ba88,1,1,1,1,LumA,,223.0,reserve
TCGA-BH-A0B0,Female,No,Negative,,neg,LumA,TCGA-BH-A0B0-01A,TCGA-BH-A0B0-01A-21R-A115-07,88a16056-cc45-4fee-99e0-f7fc7e1971df,1,1,1,1,LumA,,267.0,reserve
TCGA-BH-A0B1,Female,No,Negative,,neg,,TCGA-BH-A0B1-01A,TCGA-BH-A0B1-01A-12R-A056-07,aabb4a65-aff2-4f78-a969-bacbe5b80856,1,1,1,1,,her2neg_pam50_not_LumA_LumB_Basal,,
TCGA-BH-A0B2,Female,No,,,undetermined,,TCGA-BH-A0B2-01A,TCGA-BH-A0B2-01A-11R-A10J-07,f78dec09-cb25-49c1-828c-6a88cf2be7d3,1,1,1,0,,no_dx_slide,,
TCGA-BH-A0B3,Female,No,Negative,,neg,Basal,TCGA-BH-A0B3-01A,TCGA-BH-A0B3-01A-11R-A056-07,37939d7d-074b-42b7-8d68-95a8afef4c38,1,1,1,1,Basal,,9.0,main
TCGA-BH-A0B4,Male,No,Equivocal,Positive,pos,,TCGA-BH-A0B4-01A,TCGA-BH-A0B4-01A-11R-A00Z-07,280141da-fd54-4901-bc15-5d106c56fb23,1,1,1,1,HER2pos,not_female,,
TCGA-BH-A0B5,Female,No,Negative,,neg,LumA,TCGA-BH-A0B5-01A,TCGA-BH-A0B5-01A-11R-A12P-07,aa4bc249-100e-4cf6-8356-1dc96b7dbea9,1,1,1,1,LumA,,215.0,reserve
TCGA-BH-A0B6,Female,Yes,Positive,,pos,,TCGA-BH-A0B6-01A,TCGA-BH-A0B6-01A-11R-A19W-07,81801e72-d293-42e0-8871-5468e33b6d89,1,1,1,1,HER2pos,neoadjuvant_yes_or_unknown,,
TCGA-BH-A0B7,Female,No,Positive,,pos,Her2,TCGA-BH-A0B7-01A,TCGA-BH-A0B7-01A-12R-A115-07,b4ac6e06-8760-4cb2-883c-c829eaefdc4c,1,1,1,1,HER2pos,,73.0,reserve
TCGA-BH-A0B8,Female,No,Equivocal,Negative,neg,,TCGA-BH-A0B8-01A,TCGA-BH-A0B8-01A-21R-A056-07,aa9179e0-a44c-440a-a150-a9d5727579ea,1,1,1,1,,her2neg_pam50_not_LumA_LumB_Basal,,
TCGA-BH-A0B9,Female,No,Negative,,neg,Basal,TCGA-BH-A0B9-01A,TCGA-BH-A0B9-01A-11R-A056-07,4f464ced-080f-41f1-9a00-955db0d5fda6,1,1,1,1,Basal,,51.0,reserve
TCGA-BH-A0BA,Female,No,Negative,,neg,LumA,TCGA-BH-A0BA-01A,TCGA-BH-A0BA-01A-11R-A056-07,9cf6e387-2b87-4f53-bb5a-d545a78f21cd,1,1,1,1,LumA,,170.0,reserve
TCGA-BH-A0BC,Female,No,Negative,,neg,LumA,TCGA-BH-A0BC-01A,TCGA-BH-A0BC-01A-22R-A084-07,de6f1503-33d7-4f86-b835-bdffba7ea4e3,1,1,1,1,LumA,,191.0,reserve
TCGA-BH-A0BD,Female,No,Negative,,neg,LumB,TCGA-BH-A0BD-01A,TCGA-BH-A0BD-01A-11R-A034-07,f7a47166-9593-4a37-b95a-2de86b6d65c9,1,1,1,1,LumB,,19.0,main
TCGA-BH-A0BF,Female,No,Negative,,neg,LumB,TCGA-BH-A0BF-01A,TCGA-BH-A0BF-01A-21R-A12P-07,84df6b33-7f6a-496d-8cd7-f523b07fd0bb,1,1,1,1,LumB,,100.0,reserve
TCGA-BH-A0BG,Female,No,Negative,,neg,Basal,TCGA-BH-A0BG-01A,TCGA-BH-A0BG-01A-11R-A115-07,742a677b-e99b-4916-bb92-3536c55ee5e3,1,1,1,1,Basal,,111.0,reserve
TCGA-BH-A0BJ,Female,No,Negative,,neg,LumA,TCGA-BH-A0BJ-01A,TCGA-BH-A0BJ-01A-11R-A056-07,4660cd29-08ac-452c-9bb8-10e9d9e906ab,1,1,1,1,LumA,,322.0,reserve
TCGA-BH-A0BL,Female,No,Negative,,neg,Basal,TCGA-BH-A0BL-01A,TCGA-BH-A0BL-01A-11R-A115-07,8a7fe670-bcef-4fcb-9759-9892ff5f4f61,1,1,1,1,Basal,,89.0,reserve
TCGA-BH-A0BM,Female,No,Negative,,neg,LumA,TCGA-BH-A0BM-01A,TCGA-BH-A0BM-01A-11R-A056-07,9a6563cf-557b-4f26-b6a2-6c6f1eb03654,1,1,1,1,LumA,,69.0,reserve
TCGA-BH-A0BO,Female,No,Negative,,neg,LumA,TCGA-BH-A0BO-01A,TCGA-BH-A0BO-01A-23R-A12D-07,4ef3b472-5fce-4e6a-a835-659cc3fee694,1,0,2,1,LumA,,345.0,reserve
TCGA-BH-A0BP,Female,No,Negative,,neg,LumA,TCGA-BH-A0BP-01A,TCGA-BH-A0BP-01A-11R-A115-07,14edb678-3b6c-4a58-aabf-0f9d1f7d9bdc,1,1,1,1,LumA,,182.0,reserve
TCGA-BH-A0BQ,Female,No,Positive,,pos,LumA,TCGA-BH-A0BQ-01A,TCGA-BH-A0BQ-01A-21R-A115-07,9cbb73a5-7b3b-4559-a295-d4693ae6dee2,1,0,2,1,HER2pos,,17.0,main
TCGA-BH-A0BR,Female,No,Negative,,neg,LumA,TCGA-BH-A0BR-01A,TCGA-BH-A0BR-01A-21R-A115-07,196aed5b-6812-47c5-ad7b-4dd1743ed0b5,1,1,1,1,LumA,,338.0,reserve
TCGA-BH-A0BS,Female,No,,Negative,neg,LumA,TCGA-BH-A0BS-01A,TCGA-BH-A0BS-01A-11R-A12P-07,17b87e41-8f42-48d8-90f8-d2c9b8553481,1,1,1,1,LumA,,196.0,reserve
TCGA-BH-A0BT,Female,No,Negative,,neg,LumA,TCGA-BH-A0BT-01A,TCGA-BH-A0BT-01A-11R-A12P-07,35fd75aa-21e8-49c0-8b40-159839c3cc19,1,1,1,1,LumA,,88.0,reserve
TCGA-BH-A0BV,Female,No,Negative,,neg,LumA,TCGA-BH-A0BV-01A,TCGA-BH-A0BV-01A-11R-A00Z-07,d84ce38f-afb8-4b1a-9a5f-f62d59577b3d,1,1,1,1,LumA,,342.0,reserve
TCGA-BH-A0BW,Female,No,,Negative,neg,Basal,TCGA-BH-A0BW-01A,TCGA-BH-A0BW-01A-11R-A115-07,1ab2be1b-4a61-480e-aa1b-eafab958f1f7,1,1,1,1,Basal,,55.0,reserve
TCGA-BH-A0BZ,Female,No,Negative,,neg,LumB,TCGA-BH-A0BZ-01A,TCGA-BH-A0BZ-01A-31R-A12P-07,3d075fc4-5a01-47ce-bef0-a77acf71061d,1,1,1,1,LumB,,8.0,main
TCGA-BH-A0C0,Female,No,Equivocal,Positive,pos,LumB,TCGA-BH-A0C0-01A,TCGA-BH-A0C0-01A-21R-A056-07,3eadce70-ba3d-4806-b112-6ac83bc89dc4,1,1,1,1,HER2pos,,23.0,main
TCGA-BH-A0C1,Female,No,Negative,,neg,LumA,TCGA-BH-A0C1-01B,TCGA-BH-A0C1-01B-11R-A12D-07,5fbbee45-08b5-4cd0-83c6-c18bc4e89d99,1,1,1,1,LumA,,213.0,reserve
TCGA-BH-A0C3,Female,No,Negative,,neg,LumB,TCGA-BH-A0C3-01A,TCGA-BH-A0C3-01A-21R-A12P-07,5461f36b-c2a2-4a6a-8b17-444c143655fc,1,1,1,1,LumB,,80.0,reserve
TCGA-BH-A0C7,Female,No,,Positive,pos,LumB,TCGA-BH-A0C7-01B,TCGA-BH-A0C7-01B-11R-A115-07,7d0189e8-9726-439a-b5e4-b650bc33794b,1,1,1,1,HER2pos,,54.0,reserve
TCGA-BH-A0DD,Male,No,Positive,Positive,pos,,TCGA-BH-A0DD-01A,TCGA-BH-A0DD-01A-31R-A12P-07,fcb1b40a-85c0-498c-881e-7161edcf39e6,1,1,1,1,HER2pos,not_female,,
TCGA-BH-A0DE,Female,No,Negative,,neg,LumA,TCGA-BH-A0DE-01A,TCGA-BH-A0DE-01A-11R-A115-07,3173d46f-7344-41e4-bd4c-027fe5b5ec06,1,1,1,1,LumA,,173.0,reserve
TCGA-BH-A0DG,Female,No,Negative,,neg,LumA,TCGA-BH-A0DG-01A,TCGA-BH-A0DG-01A-21R-A12P-07,39b28d5e-fc51-4dfc-bcbe-0285c3bad830,1,0,1,1,LumA,,78.0,reserve
TCGA-BH-A0DH,Female,No,Negative,,neg,LumA,TCGA-BH-A0DH-01A,TCGA-BH-A0DH-01A-11R-A084-07,73aeda8d-ef07-4d3d-a0fc-643943dd046a,1,1,1,1,LumA,,220.0,reserve
TCGA-BH-A0DI,Female,No,Negative,,neg,LumA,TCGA-BH-A0DI-01A,TCGA-BH-A0DI-01A-21R-A12P-07,0e56b380-a3d6-4e81-8299-9f8a62330d7b,1,1,1,1,LumA,,10.0,main
TCGA-BH-A0DK,Female,No,Negative,,neg,LumA,TCGA-BH-A0DK-01A,TCGA-BH-A0DK-01A-21R-A056-07,a629c407-5141-454c-bb69-ba7e58d1febc,1,1,1,1,LumA,,257.0,reserve
TCGA-BH-A0DL,Female,No,Negative,,neg,Basal,TCGA-BH-A0DL-01A,TCGA-BH-A0DL-01A-11R-A115-07,683e004b-7992-4250-a94b-c355c45725d2,1,1,1,1,Basal,,15.0,main
TCGA-BH-A0DO,Female,No,Negative,,neg,LumA,TCGA-BH-A0DO-01B,TCGA-BH-A0DO-01B-11R-A12D-07,69bb06b6-74b3-441b-82d7-c6783aa88cdd,1,1,1,1,LumA,,185.0,reserve
TCGA-BH-A0DP,Female,No,Negative,,neg,LumA,TCGA-BH-A0DP-01A,TCGA-BH-A0DP-01A-21R-A056-07,e5b0c2dc-c652-40a0-bb80-d7e87830b406,1,1,1,1,LumA,,165.0,reserve
TCGA-BH-A0DQ,Female,No,Negative,,neg,LumA,TCGA-BH-A0DQ-01A,TCGA-BH-A0DQ-01A-11R-A084-07,c642f518-6ba5-4c90-9f0c-0bad0ed80199,1,1,0,1,LumA,,49.0,reserve
TCGA-BH-A0DS,Female,No,Negative,,neg,LumA,TCGA-BH-A0DS-01A,TCGA-BH-A0DS-01A-11R-A056-07,158cc60a-89b0-40f0-8536-8c0f0e31429b,1,1,1,1,LumA,,4.0,main
TCGA-BH-A0DT,Female,No,Negative,,neg,LumA,TCGA-BH-A0DT-01A,TCGA-BH-A0DT-01A-21R-A12D-07,1936f1a9-66bc-4e48-8189-f0e3a67a5593,1,1,1,1,LumA,,115.0,reserve
TCGA-BH-A0DV,Female,No,Negative,,neg,LumA,TCGA-BH-A0DV-01A,TCGA-BH-A0DV-01A-21R-A12P-07,287a036d-5b2d-4faf-93a0-cf0be006fa6b,1,1,1,1,LumA,,40.0,reserve
TCGA-BH-A0DX,Female,No,Negative,,neg,LumA,TCGA-BH-A0DX-01A,TCGA-BH-A0DX-01A-11R-A115-07,43820fe3-a899-4e6b-9227-27e32edaefd5,1,1,1,1,LumA,,329.0,reserve
TCGA-BH-A0DZ,Female,No,Positive,,pos,LumA,TCGA-BH-A0DZ-01A,TCGA-BH-A0DZ-01A-11R-A00Z-07,be6f8b24-e668-41c6-89f7-f4cdc8533cae,1,1,1,1,HER2pos,,42.0,reserve
TCGA-BH-A0E0,Female,No,Negative,,neg,Basal,TCGA-BH-A0E0-01A,TCGA-BH-A0E0-01A-11R-A056-07,7882ff91-e415-48ae-9151-26b55f1cfc57,1,1,1,1,Basal,,42.0,reserve
TCGA-BH-A0E1,Female,No,Equivocal,Negative,neg,LumA,TCGA-BH-A0E1-01A,TCGA-BH-A0E1-01A-11R-A056-07,c1ac2f8b-9ff2-47b9-a685-6cf10a7a925f,1,1,1,1,LumA,,25.0,reserve
TCGA-BH-A0E2,Female,No,Negative,,neg,LumA,TCGA-BH-A0E2-01A,TCGA-BH-A0E2-01A-11R-A056-07,0f1bec43-6235-4390-a148-e7038126c0c8,1,1,1,1,LumA,,235.0,reserve
TCGA-BH-A0E6,Female,No,Equivocal,Negative,neg,Basal,TCGA-BH-A0E6-01A,TCGA-BH-A0E6-01A-11R-A034-07,bc23716d-70e8-486e-b512-8c45654d5d83,1,1,1,1,Basal,,85.0,reserve
TCGA-BH-A0E7,Female,No,Negative,,neg,LumA,TCGA-BH-A0E7-01A,TCGA-BH-A0E7-01A-11R-A034-07,77e51e8b-b21e-458a-9d00-217baa96d771,1,1,1,1,LumA,,252.0,reserve
TCGA-BH-A0E9,Female,No,Negative,,neg,LumA,TCGA-BH-A0E9-01B,TCGA-BH-A0E9-01B-11R-A115-07,363736c4-cc2d-4920-a10b-bd0de899cdb1,1,0,1,1,LumA,,302.0,reserve
TCGA-BH-A0EA,Female,No,Negative,,neg,LumA,TCGA-BH-A0EA-01A,TCGA-BH-A0EA-01A-11R-A115-07,9ccdf2cc-ca01-4ef7-bed9-f955fd0396c2,1,1,0,1,LumA,,116.0,reserve
TCGA-BH-A0EB,Female,No,Equivocal,Negative,neg,LumA,TCGA-BH-A0EB-01A,TCGA-BH-A0EB-01A-11R-A034-07,ddb7443e-0dda-40f1-9652-adc025804c85,1,1,1,1,LumA,,166.0,reserve
TCGA-BH-A0EE,Female,No,Positive,,pos,Her2,TCGA-BH-A0EE-01A,TCGA-BH-A0EE-01A-11R-A034-07,7b188e2a-4a56-49f9-b527-cd61a646f6c7,1,1,1,1,HER2pos,,41.0,reserve
TCGA-BH-A0EI,Female,No,Negative,,neg,LumA,TCGA-BH-A0EI-01A,TCGA-BH-A0EI-01A-11R-A115-07,760131f1-5fbf-469f-9629-43733014953d,1,1,1,1,LumA,,227.0,reserve
TCGA-BH-A0GY,Female,No,Negative,,neg,LumA,TCGA-BH-A0GY-01A,TCGA-BH-A0GY-01A-11R-A056-07,0ca579b1-763e-4f6a-a071-c6514aaa2f11,1,1,1,1,LumA,,331.0,reserve
TCGA-BH-A0GZ,Female,No,Equivocal,Negative,neg,LumA,TCGA-BH-A0GZ-01A,TCGA-BH-A0GZ-01A-11R-A056-07,1c74a1ed-8000-4dc0-970f-03831ca5e167,1,1,1,1,LumA,,63.0,reserve
TCGA-BH-A0H0,Female,No,Negative,,neg,LumB,TCGA-BH-A0H0-01A,TCGA-BH-A0H0-01A-11R-A056-07,e4086c26-d200-4e42-8249-ed8cbeec0951,1,1,0,1,LumB,,45.0,reserve
TCGA-BH-A0H3,Female,No,,Negative,neg,LumA,TCGA-BH-A0H3-01A,TCGA-BH-A0H3-01A-11R-A12P-07,0e89a7ce-aed2-4c74-9bdf-cf50793c73b6,1,1,0,1,LumA,,294.0,reserve
TCGA-BH-A0H5,Female,No,,Negative,neg,LumA,TCGA-BH-A0H5-01A,TCGA-BH-A0H5-01A-21R-A115-07,03d18286-1038-4c0c-9c05-d1269e280250,1,1,1,1,LumA,,164.0,reserve
TCGA-BH-A0H6,Female,No,Negative,,neg,LumA,TCGA-BH-A0H6-01A,TCGA-BH-A0H6-01A-21R-A056-07,4af55932-ab7a-41e5-aa7f-fb16ab18c629,1,1,1,1,LumA,,120.0,reserve
TCGA-BH-A0H7,Female,No,Negative,,neg,LumA,TCGA-BH-A0H7-01A,TCGA-BH-A0H7-01A-13R-A056-07,15f5f60a-13f0-41a2-8711-171d19c2903a,1,1,0,1,LumA,,103.0,reserve
TCGA-BH-A0H9,Female,No,Equivocal,Negative,neg,LumA,TCGA-BH-A0H9-01A,TCGA-BH-A0H9-01A-11R-A056-07,ad4b2d76-b4bb-457d-903f-823630a4d37b,1,1,1,1,LumA,,238.0,reserve
TCGA-BH-A0HA,Female,No,,Negative,neg,LumA,TCGA-BH-A0HA-01A,TCGA-BH-A0HA-01A-11R-A12P-07,40d222ea-3a59-45b9-91a2-0566b239c89e,1,1,1,1,LumA,,20.0,main
TCGA-BH-A0HB,Female,No,Equivocal,Negative,neg,LumA,TCGA-BH-A0HB-01A,TCGA-BH-A0HB-01A-11R-A056-07,519039a7-141e-4367-a6eb-e9307136daf3,1,0,1,1,LumA,,275.0,reserve
TCGA-BH-A0HF,Female,No,Negative,,neg,,TCGA-BH-A0HF-01A,TCGA-BH-A0HF-01A-11R-A056-07,c1d62c39-f3ab-47d3-b654-8b6285cd97a3,1,1,1,1,,her2neg_pam50_not_LumA_LumB_Basal,,
TCGA-BH-A0HI,Female,No,Negative,,neg,LumA,TCGA-BH-A0HI-01A,TCGA-BH-A0HI-01A-11R-A084-07,36a42825-dbc2-4dff-828c-e5008207d254,1,1,0,1,LumA,,17.0,main
TCGA-BH-A0HK,Female,No,Negative,,neg,LumA,TCGA-BH-A0HK-01A,TCGA-BH-A0HK-01A-11R-A056-07,25c20f52-1031-4cd1-a9ed-4b2049b01a3e,1,1,1,1,LumA,,260.0,reserve
TCGA-BH-A0HL,Female,No,Equivocal,Negative,neg,,TCGA-BH-A0HL-01A,TCGA-BH-A0HL-01A-11R-A10U-07,12c6b269-434e-4a18-aa93-844bc9c5eb4d,1,1,1,1,,her2neg_pam50_not_LumA_LumB_Basal,,
TCGA-BH-A0HN,Female,No,Equivocal,Negative,neg,,TCGA-BH-A0HN-01A,TCGA-BH-A0HN-01A-11R-A10U-07,a436c52a-e63f-4d61-bc60-eb497c196489,1,1,1,1,,her2neg_pam50_not_LumA_LumB_Basal,,
TCGA-BH-A0HO,Female,No,Negative,,neg,LumA,TCGA-BH-A0HO-01A,TCGA-BH-A0HO-01A-11R-A034-07,90e074a0-ca6d-4031-aa26-f79e5c662ba7,1,1,1,1,LumA,,248.0,reserve
TCGA-BH-A0HP,Female,No,Negative,,neg,LumA,TCGA-BH-A0HP-01A,TCGA-BH-A0HP-01A-12R-A084-07,95775d9a-4f7f-47c9-806b-acea8e01d40e,1,1,1,1,LumA,,83.0,reserve
TCGA-BH-A0HQ,Female,No,Negative,,neg,LumA,TCGA-BH-A0HQ-01A,TCGA-BH-A0HQ-01A-11R-A034-07,cf801232-8aa2-4ede-80b0-8c5b9876941b,1,1,1,1,LumA,,75.0,reserve
TCGA-BH-A0HU,Female,No,Negative,,neg,LumB,TCGA-BH-A0HU-01A,TCGA-BH-A0HU-01A-11R-A034-07,5978f5bd-575c-4b95-9265-654af1127685,1,1,1,1,LumB,,103.0,reserve
TCGA-BH-A0HW,Female,No,Equivocal,Negative,neg,LumB,TCGA-BH-A0HW-01A,TCGA-BH-A0HW-01A-11R-A034-07,3a0c96d3-4cea-44a3-99e5-71622279700f,1,1,1,1,LumB,,21.0,reserve
TCGA-BH-A0HX,Female,No,Negative,,neg,LumA,TCGA-BH-A0HX-01A,TCGA-BH-A0HX-01A-21R-A056-07,4ef4f9f1-7883-4fff-91c0-223cac5f1887,1,1,1,1,LumA,,138.0,reserve
TCGA-BH-A0HY,Female,No,Positive,,pos,LumB,TCGA-BH-A0HY-01A,TCGA-BH-A0HY-01A-11R-A056-07,1deadf31-dc7d-4361-8041-ab0a27edebb3,1,1,1,1,HER2pos,,36.0,main
TCGA-BH-A0RX,Female,No,Negative,,neg,Basal,TCGA-BH-A0RX-01A,TCGA-BH-A0RX-01A-21R-A084-07,77f150b1-5f40-442d-91c5-6d3571513513,1,1,0,1,Basal,,12.0,main
TCGA-BH-A0W3,Female,No,Equivocal,Negative,neg,LumB,TCGA-BH-A0W3-01A,TCGA-BH-A0W3-01A-11R-A109-07,f8e5691a-e24d-4dba-873e-9ffa3ca12bb6,1,1,1,1,LumB,,63.0,reserve
TCGA-BH-A0W4,Female,No,Negative,,neg,LumA,TCGA-BH-A0W4-01A,TCGA-BH-A0W4-01A-11R-A109-07,7c89d4dc-cccb-4833-9731-be8affb76c89,1,1,1,1,LumA,,158.0,reserve
TCGA-BH-A0W5,Female,No,Equivocal,Equivocal,undetermined,LumA,TCGA-BH-A0W5-01A,TCGA-BH-A0W5-01A-11R-A109-07,ea4c3031-5f48-4048-90ff-a525271cfebc,1,1,1,1,,her2_undetermined,,
TCGA-BH-A0W7,Female,No,Negative,,neg,LumA,TCGA-BH-A0W7-01A,TCGA-BH-A0W7-01A-11R-A115-07,9218f3a6-1ae1-4898-8be4-2335a204aae7,1,0,1,1,LumA,,273.0,reserve
TCGA-BH-A0WA,Female,No,Negative,,neg,Basal,TCGA-BH-A0WA-01A,TCGA-BH-A0WA-01A-11R-A109-07,7789d241-991c-4cc9-a557-69d5c439b930,1,1,1,1,Basal,,68.0,reserve
TCGA-BH-A18F,Female,No,Negative,,neg,LumA,TCGA-BH-A18F-01A,TCGA-BH-A18F-01A-11R-A12D-07,ac7c3a38-5d88-488e-86f7-1c72a26fe5ef,1,1,0,1,LumA,,210.0,reserve
TCGA-BH-A18G,Female,No,Negative,,neg,Basal,TCGA-BH-A18G-01A,TCGA-BH-A18G-01A-11R-A12D-07,ff1f2f31-8607-4627-b487-c5e39e7c30f5,1,1,0,1,Basal,,28.0,reserve
TCGA-BH-A18H,Female,No,Positive,Equivocal,pos,LumA,TCGA-BH-A18H-01A,TCGA-BH-A18H-01A-11R-A12D-07,744a6d3d-b666-49aa-8d26-47f34e3d1eb5,1,1,0,1,HER2pos,,12.0,main
TCGA-BH-A18I,Female,No,Positive,,pos,LumA,TCGA-BH-A18I-01A,TCGA-BH-A18I-01A-11R-A12D-07,3690d431-165d-40bb-af61-cfda445b3be8,1,1,0,1,HER2pos,,146.0,reserve
TCGA-BH-A18J,Female,No,Negative,,neg,LumA,TCGA-BH-A18J-01A,TCGA-BH-A18J-01A-11R-A12D-07,561bb38a-f9b8-4a0a-b03b-fbe70859869a,1,1,0,1,LumA,,325.0,reserve
TCGA-BH-A18K,Female,No,Negative,,neg,LumA,TCGA-BH-A18K-01A,TCGA-BH-A18K-01A-11R-A12D-07,c6fd0f95-d74a-49e3-9a70-fec12e63ff1a,1,1,0,0,LumA,no_dx_slide,,
TCGA-BH-A18L,Female,No,Negative,,neg,LumB,TCGA-BH-A18L-01A,TCGA-BH-A18L-01A-32R-A12D-07,836f61df-2b3d-4e1f-abcc-37734091b746,1,1,0,1,LumB,,105.0,reserve
TCGA-BH-A18M,Female,No,Positive,Positive,pos,LumA,TCGA-BH-A18M-01A,TCGA-BH-A18M-01A-11R-A12D-07,00b13ccf-ad7c-4613-8366-7c583a399691,1,1,0,1,HER2pos,,57.0,reserve
TCGA-BH-A18N,Female,No,Negative,,neg,LumA,TCGA-BH-A18N-01A,TCGA-BH-A18N-01A-11R-A12D-07,97dd05b6-58a9-43ab-9e03-faa105d2a700,1,1,0,1,LumA,,291.0,reserve
TCGA-BH-A18P,Female,No,Positive,Positive,pos,Her2,TCGA-BH-A18P-01A,TCGA-BH-A18P-01A-11R-A12D-07,a2f1fa8f-26d6-4b3e-8816-33f42e3f9209,1,1,0,1,HER2pos,,169.0,reserve
TCGA-BH-A18Q,Female,No,Positive,Negative,discordant,Basal,TCGA-BH-A18Q-01A,TCGA-BH-A18Q-01A-12R-A12D-07,c7aeba7e-b78e-4586-a4dd-8a04cc440737,1,1,0,1,,her2_discordant,,
TCGA-BH-A18R,Female,No,Positive,Positive,pos,Her2,TCGA-BH-A18R-01A,TCGA-BH-A18R-01A-11R-A12D-07,373e0f41-a47e-4f4e-88fe-9703d16a840c,1,1,0,1,HER2pos,,122.0,reserve
TCGA-BH-A18S,Female,No,Negative,,neg,LumA,TCGA-BH-A18S-01A,TCGA-BH-A18S-01A-11R-A12D-07,dbbacb2c-b675-4a35-a6ff-157865f24945,1,1,0,1,LumA,,299.0,reserve
TCGA-BH-A18T,Female,No,Positive,Negative,discordant,Basal,TCGA-BH-A18T-01A,TCGA-BH-A18T-01A-11R-A12D-07,08837ae7-6f4f-4aa1-8722-7c404b66ed75,1,1,0,1,,her2_discordant,,
TCGA-BH-A18U,Female,No,Positive,,pos,LumB,TCGA-BH-A18U-01A,TCGA-BH-A18U-01A-21R-A12D-07,1db8a1bb-fef2-4e06-9cd5-a1f6579573a5,1,1,0,1,HER2pos,,55.0,reserve
TCGA-BH-A18V,Female,No,Negative,,neg,Basal,TCGA-BH-A18V-01A,TCGA-BH-A18V-01A-11R-A12D-07,19baf63b-8488-4b90-83b7-a6c671da0095,1,1,0,1,Basal,,37.0,reserve
TCGA-BH-A1EN,Female,No,Positive,,pos,Her2,TCGA-BH-A1EN-01A,TCGA-BH-A1EN-01A-11R-A13Q-07,eedfb6fb-3db6-4eae-8c6c-8b6722ae72b6,1,1,0,1,HER2pos,,162.0,reserve
TCGA-BH-A1EO,Female,No,Negative,,neg,LumA,TCGA-BH-A1EO-01A,TCGA-BH-A1EO-01A-11R-A137-07,c84958db-e7a3-4cd5-9b5e-a5435a86021d,1,1,0,1,LumA,,1.0,main
TCGA-BH-A1ES,Female,No,Negative,,neg,,TCGA-BH-A1ES-01A,TCGA-BH-A1ES-01A-11R-A137-07,70c9af7f-8a58-434f-8f45-098ef0450319,1,1,0,1,,her2neg_pam50_not_LumA_LumB_Basal,,
TCGA-BH-A1ET,Female,No,Negative,,neg,LumA,TCGA-BH-A1ET-01A,TCGA-BH-A1ET-01A-11R-A137-07,7cf427fc-2c7c-434b-84c5-9ea118da110f,1,1,0,1,LumA,,298.0,reserve
TCGA-BH-A1EU,Female,No,Negative,,neg,LumA,TCGA-BH-A1EU-01A,TCGA-BH-A1EU-01A-11R-A137-07,c3bab823-4bf2-40ea-903c-fb342067c893,1,1,0,1,LumA,,87.0,reserve
TCGA-BH-A1EV,Female,No,Positive,,pos,Her2,TCGA-BH-A1EV-01A,TCGA-BH-A1EV-01A-11R-A137-07,0a7421d4-5722-427a-9643-da1074e5c25c,1,1,0,1,HER2pos,,4.0,main
TCGA-BH-A1EW,Female,No,Negative,,neg,LumA,TCGA-BH-A1EW-01A,TCGA-BH-A1EW-01A-11R-A137-07,f8b403a1-37cf-4acb-b5d7-b3437fafa7f8,1,1,0,1,LumA,,206.0,reserve
TCGA-BH-A1EX,Female,No,Positive,Negative,discordant,LumA,TCGA-BH-A1EX-01A,TCGA-BH-A1EX-01A-11R-A13Q-07,17ff23ff-17b3-4ed1-b10c-2d922c045807,1,1,0,1,,her2_discordant,,
TCGA-BH-A1EY,Female,No,Negative,,neg,LumA,TCGA-BH-A1EY-01A,TCGA-BH-A1EY-01A-11R-A13Q-07,891873c8-bb26-4215-9281-a79be2651f11,1,1,0,1,LumA,,312.0,reserve
TCGA-BH-A1F0,Female,No,Negative,,neg,Basal,TCGA-BH-A1F0-01A,TCGA-BH-A1F0-01A-11R-A137-07,0525bcb6-d206-46c8-b37d-b9b7cc90fef6,1,1,0,1,Basal,,71.0,reserve
TCGA-BH-A1F2,Female,No,Positive,,pos,LumB,TCGA-BH-A1F2-01A,TCGA-BH-A1F2-01A-31R-A13Q-07,773071d4-438a-4da7-b833-d2d172c4c4e2,1,1,0,1,HER2pos,,108.0,reserve
TCGA-BH-A1F5,Female,No,Negative,,neg,,TCGA-BH-A1F5-01A,TCGA-BH-A1F5-01A-12R-A13Q-07,d657ed9a-fd92-493c-ae10-120c8b0c58d7,1,1,0,1,,her2neg_pam50_not_LumA_LumB_Basal,,
TCGA-BH-A1F6,Female,No,Negative,,neg,Basal,TCGA-BH-A1F6-01A,TCGA-BH-A1F6-01A-11R-A13Q-07,76bcf698-d2da-42de-b33c-c5deb721c643,1,1,0,1,Basal,,29.0,reserve
TCGA-BH-A1F8,Female,No,Positive,,pos,LumB,TCGA-BH-A1F8-01A,TCGA-BH-A1F8-01A-11R-A13Q-07,3ce988e2-61c5-4f53-b9c8-cfc280649c1f,1,1,0,1,HER2pos,,62.0,reserve
TCGA-BH-A1FB,Female,No,Negative,,neg,,TCGA-BH-A1FB-01A,TCGA-BH-A1FB-01A-11R-A13Q-07,d9b6b523-00de-4638-a3f3-8de841fb7183,1,1,0,1,,her2neg_pam50_not_LumA_LumB_Basal,,
TCGA-BH-A1FC,Female,No,Negative,,neg,Basal,TCGA-BH-A1FC-01A,TCGA-BH-A1FC-01A-11R-A13Q-07,09f9ebad-e7cd-4c20-9eab-8fd2066d9051,1,1,0,1,Basal,,21.0,reserve
TCGA-BH-A1FD,Female,No,Negative,,neg,LumB,TCGA-BH-A1FD-01A,TCGA-BH-A1FD-01A-11R-A13Q-07,0437af11-bb89-4901-9764-bb410c2e94c5,1,1,0,0,LumB,no_dx_slide,,
TCGA-BH-A1FE,Female,No,,,undetermined,LumA,TCGA-BH-A1FE-01A,TCGA-BH-A1FE-01A-11R-A13Q-07,195c9f03-31c3-465a-ac58-3949246b173b,1,1,0,1,,her2_undetermined,,
TCGA-BH-A1FG,Female,No,Negative,,neg,LumA,TCGA-BH-A1FG-01A,TCGA-BH-A1FG-01A-11R-A13Q-07,e67bbc10-91cf-406e-8d5f-8d44c77315f1,1,1,0,1,LumA,,6.0,main
TCGA-BH-A1FH,Female,No,,,undetermined,LumA,TCGA-BH-A1FH-01A,TCGA-BH-A1FH-01A-12R-A13Q-07,451ecdf8-433f-4d38-8ab6-3cc8d428ed95,1,1,0,1,,her2_undetermined,,
TCGA-BH-A1FJ,Female,No,,,undetermined,LumB,TCGA-BH-A1FJ-01A,TCGA-BH-A1FJ-01A-11R-A13Q-07,8f4d34b3-5dd0-4ff2-b017-0cfa6e5c5f6b,1,1,0,1,,her2_undetermined,,
TCGA-BH-A1FL,Female,No,,,undetermined,LumA,TCGA-BH-A1FL-01A,TCGA-BH-A1FL-01A-11R-A13Q-07,ae72486a-e98c-4d72-b172-085d5b79df2c,1,1,0,1,,her2_undetermined,,
TCGA-BH-A1FM,Female,No,,,undetermined,LumB,TCGA-BH-A1FM-01A,TCGA-BH-A1FM-01A-11R-A13Q-07,a3e73f16-dc65-4c2e-9846-052b8fae144c,1,1,0,1,,her2_undetermined,,
TCGA-BH-A1FN,Female,No,,,undetermined,LumB,TCGA-BH-A1FN-01A,TCGA-BH-A1FN-01A-11R-A13Q-07,ab06e3b7-52ef-45e4-8fc6-dbb4f63b110e,1,1,0,1,,her2_undetermined,,
TCGA-BH-A1FR,Female,No,,,undetermined,LumA,TCGA-BH-A1FR-01A,TCGA-BH-A1FR-01A-11R-A13Q-07,56081713-6249-4a3f-8498-277e688d1ec9,1,1,0,1,,her2_undetermined,,
TCGA-BH-A1FU,Female,No,,,undetermined,Normal,TCGA-BH-A1FU-01A,TCGA-BH-A1FU-01A-11R-A14D-07,90eefb33-6808-45c3-9ab1-6eca0decdc9d,1,1,0,1,,her2_undetermined,,
TCGA-BH-A201,Female,No,Negative,,neg,LumA,TCGA-BH-A201-01A,TCGA-BH-A201-01A-11R-A14M-07,9415696a-44d9-477f-aba3-0a30ded48778,1,1,0,1,LumA,,171.0,reserve
TCGA-BH-A202,Female,No,Positive,,pos,LumB,TCGA-BH-A202-01A,TCGA-BH-A202-01A-11R-A14M-07,6a89e8a2-577e-4531-98e8-ba6fc6cfe525,1,1,0,1,HER2pos,,153.0,reserve
TCGA-BH-A203,Female,No,,,undetermined,Her2,TCGA-BH-A203-01A,TCGA-BH-A203-01A-12R-A169-07,4bf6ebc1-575d-49e4-9f66-068b537373c0,1,1,0,1,,her2_undetermined,,
TCGA-BH-A204,Female,No,,,undetermined,LumB,TCGA-BH-A204-01A,TCGA-BH-A204-01A-11R-A157-07,1f224847-d745-4dc5-9338-4044413e8ec4,1,1,0,1,,her2_undetermined,,
TCGA-BH-A208,Female,No,,,undetermined,Normal,TCGA-BH-A208-01A,TCGA-BH-A208-01A-11R-A157-07,55214dd2-b3e8-444c-9d02-3db6008b1920,1,1,0,1,,her2_undetermined,,
TCGA-BH-A209,Female,No,,,undetermined,LumB,TCGA-BH-A209-01A,TCGA-BH-A209-01A-11R-A157-07,2aa3a845-cce2-4fe2-92f7-1fece9e619d5,1,1,0,1,,her2_undetermined,,
TCGA-BH-A28O,Female,No,Negative,,neg,,TCGA-BH-A28O-01A,TCGA-BH-A28O-01A-11R-A22K-07,e267a6fb-3d15-4658-b464-25438bd41330,1,0,0,1,,no_frozen_slide_same_sample,,
TCGA-BH-A28Q,Female,No,Negative,Indeterminate,neg,LumA,TCGA-BH-A28Q-01A,TCGA-BH-A28Q-01A-11R-A16F-07,7afb1455-c2b6-4ae2-95ec-682ae7df34a2,1,1,0,1,LumA,,137.0,reserve
TCGA-BH-A2L8,Female,No,Negative,Negative,neg,LumA,TCGA-BH-A2L8-01A,TCGA-BH-A2L8-01A-11R-A18M-07,7e0c78b6-4020-47b6-a8bf-46cf290c5c85,1,1,0,1,LumA,,106.0,reserve
TCGA-BH-A42T,Female,No,Positive,Equivocal,pos,,TCGA-BH-A42T-01A,TCGA-BH-A42T-01A-11R-A24H-07,2455f280-a23c-48ec-b4c1-698b56f72a45,1,1,0,1,HER2pos,,35.0,main
TCGA-BH-A42U,Female,No,Negative,,neg,Normal,TCGA-BH-A42U-01A,TCGA-BH-A42U-01A-12R-A24H-07,893122aa-117b-49a4-a81c-1229dde4d78a,1,1,0,1,,her2neg_pam50_not_LumA_LumB_Basal,,
TCGA-BH-A42V,Female,No,Negative,,neg,LumA,TCGA-BH-A42V-01A,TCGA-BH-A42V-01A-11R-A24H-07,c4a9a1df-4397-409e-85ec-30e0789377c2,1,1,0,1,LumA,,284.0,reserve
TCGA-BH-A5IZ,Female,No,Negative,Negative,neg,Basal,TCGA-BH-A5IZ-01A,TCGA-BH-A5IZ-01A-11R-A27Q-07,466bf078-4844-457e-8f59-7b0ca28024d8,1,1,0,1,Basal,,31.0,reserve
TCGA-BH-A5J0,Female,No,Negative,,neg,LumA,TCGA-BH-A5J0-01A,TCGA-BH-A5J0-01A-11R-A27Q-07,d5358d17-4c49-46fa-8a96-4af9ab298ab4,1,1,0,1,LumA,,328.0,reserve
TCGA-BH-A6R8,Female,No,,Negative,neg,LumA,TCGA-BH-A6R8-01A,TCGA-BH-A6R8-01A-21R-A33J-07,b26b27b0-5209-483c-a359-9a5d3ae920e9,1,1,0,0,LumA,no_dx_slide,,
TCGA-BH-A6R9,Female,No,Negative,,neg,Normal,TCGA-BH-A6R9-01A,TCGA-BH-A6R9-01A-21R-A32P-07,bb1ee078-38d1-4e5d-af50-50754fce7112,1,1,0,0,,no_dx_slide,,
TCGA-BH-A8FY,Female,No,Negative,,neg,LumA,TCGA-BH-A8FY-01A,TCGA-BH-A8FY-01A-11R-A36F-07,bdf5a2b7-f9cb-4668-9687-1db0541bdfe4,1,1,0,0,LumA,no_dx_slide,,
TCGA-BH-A8FZ,Female,No,Equivocal,,undetermined,Normal,TCGA-BH-A8FZ-01A,TCGA-BH-A8FZ-01A-11R-A352-07,bb3c5c27-7e75-43cc-8dfd-eab290e2f9da,1,1,0,0,,no_dx_slide,,
TCGA-BH-A8G0,Female,No,Negative,,neg,LumA,TCGA-BH-A8G0-01A,TCGA-BH-A8G0-01A-11R-A352-07,e58f3dde-82f6-4a5d-9909-8f5659a26915,1,1,0,0,LumA,no_dx_slide,,
TCGA-BH-AB28,Female,No,Negative,Indeterminate,neg,LumA,TCGA-BH-AB28-01A,TCGA-BH-AB28-01A-31R-A41B-07,6c7f9fc6-3dba-4605-9f0c-d4f00095352f,1,1,0,0,LumA,no_dx_slide,,
TCGA-C8-A12K,Female,No,,,undetermined,Basal,TCGA-C8-A12K-01A,TCGA-C8-A12K-01A-21R-A115-07,87af5cf5-08e6-443b-a23b-6221f7433a65,1,1,1,1,,her2_undetermined,,
TCGA-C8-A12L,Female,No,Equivocal,,undetermined,Her2,TCGA-C8-A12L-01A,TCGA-C8-A12L-01A-11R-A115-07,d3badb09-df1e-488e-ade9-97f1925b5649,1,1,1,1,,her2_undetermined,,
TCGA-C8-A12M,Female,No,Negative,,neg,LumB,TCGA-C8-A12M-01A,TCGA-C8-A12M-01A-11R-A115-07,0a688b9b-06ea-4b83-bfce-9cee0d866a0c,1,1,1,1,LumB,,106.0,reserve
TCGA-C8-A12N,Female,No,Negative,,neg,LumA,TCGA-C8-A12N-01A,TCGA-C8-A12N-01A-11R-A115-07,e18e1661-70dd-4b36-ae6c-c0265fbe01bb,1,1,1,1,LumA,,98.0,reserve
TCGA-C8-A12O,Female,No,Negative,,neg,LumA,TCGA-C8-A12O-01A,TCGA-C8-A12O-01A-11R-A115-07,892928f7-8239-4d15-812b-046f9192d7de,1,1,1,1,LumA,,3.0,main
TCGA-C8-A12P,Female,No,Positive,,pos,Her2,TCGA-C8-A12P-01A,TCGA-C8-A12P-01A-11R-A115-07,09a491b5-1bfb-47d9-963f-69f6c7e6c1e5,1,1,1,1,HER2pos,,72.0,reserve
TCGA-C8-A12Q,Female,No,Positive,,pos,Her2,TCGA-C8-A12Q-01A,TCGA-C8-A12Q-01A-11R-A115-07,2faa9332-e577-4884-94e4-b895827db8b6,1,1,1,1,HER2pos,,45.0,reserve
TCGA-C8-A12T,Female,No,Positive,,pos,Her2,TCGA-C8-A12T-01A,TCGA-C8-A12T-01A-11R-A115-07,befa225f-9fe9-412f-a503-449874cf52d8,1,1,1,1,HER2pos,,107.0,reserve
TCGA-C8-A12U,Female,No,Negative,,neg,LumB,TCGA-C8-A12U-01A,TCGA-C8-A12U-01A-11R-A115-07,318c3a49-64bc-4704-8739-d4cf31cef51f,1,1,1,1,LumB,,123.0,reserve
TCGA-C8-A12V,Female,No,Negative,,neg,Basal,TCGA-C8-A12V-01A,TCGA-C8-A12V-01A-11R-A115-07,71ce6854-2231-48ad-ba1b-54bb4ec7d713,1,1,1,1,Basal,,122.0,reserve
TCGA-C8-A12W,Female,No,Negative,,neg,LumB,TCGA-C8-A12W-01A,TCGA-C8-A12W-01A-11R-A115-07,ae7a394e-b030-46d3-8cf2-c378c0afdc81,1,1,1,1,LumB,,20.0,main
TCGA-C8-A12X,Female,No,Negative,,neg,LumA,TCGA-C8-A12X-01A,TCGA-C8-A12X-01A-11R-A115-07,9684fb22-becb-44dc-8d84-4c8540507c8c,1,1,1,1,LumA,,304.0,reserve
TCGA-C8-A12Y,Female,No,,,undetermined,LumA,TCGA-C8-A12Y-01A,TCGA-C8-A12Y-01A-11R-A12D-07,73edea85-f978-4c99-b9c3-fda3ffc6a065,1,1,1,1,,her2_undetermined,,
TCGA-C8-A12Z,Female,No,Positive,,pos,Her2,TCGA-C8-A12Z-01A,TCGA-C8-A12Z-01A-11R-A115-07,51948358-b1bb-46d7-a25c-8d3fe81557f0,1,1,1,1,HER2pos,,164.0,reserve
TCGA-C8-A130,Female,No,Equivocal,,undetermined,LumB,TCGA-C8-A130-01A,TCGA-C8-A130-01A-31R-A115-07,ed1497db-7c6f-4bd2-83ed-ee05fa286f8b,1,1,1,1,,her2_undetermined,,
TCGA-C8-A131,Female,No,Negative,,neg,Basal,TCGA-C8-A131-01A,TCGA-C8-A131-01A-11R-A115-07,ae2e0936-a225-491b-8361-3c20663768d9,1,1,1,1,Basal,,44.0,reserve
TCGA-C8-A132,Female,No,,,undetermined,LumA,TCGA-C8-A132-01A,TCGA-C8-A132-01A-31R-A115-07,4dc3285f-fd32-4a3e-ad59-28597ab5323a,1,1,1,1,,her2_undetermined,,
TCGA-C8-A133,Female,No,,,undetermined,LumA,TCGA-C8-A133-01A,TCGA-C8-A133-01A-32R-A12D-07,e20d0db7-984a-4bcf-9f1e-54ec63d55a2f,1,1,1,1,,her2_undetermined,,
TCGA-C8-A134,Female,No,Equivocal,,undetermined,Basal,TCGA-C8-A134-01A,TCGA-C8-A134-01A-11R-A115-07,4081fb70-afcd-4be3-a071-6df014f4fa52,1,1,1,1,,her2_undetermined,,
TCGA-C8-A135,Female,No,Positive,,pos,Her2,TCGA-C8-A135-01A,TCGA-C8-A135-01A-11R-A115-07,0a74ea3f-dadc-4c9f-96ea-62a77c1e602c,1,1,1,1,HER2pos,,88.0,reserve
TCGA-C8-A137,Female,No,Positive,,pos,Her2,TCGA-C8-A137-01A,TCGA-C8-A137-01A-11R-A115-07,f0a63361-78bb-4a7f-9d78-31f7b2980ba2,1,1,1,1,HER2pos,,104.0,reserve
TCGA-C8-A138,Female,No,Equivocal,,undetermined,Her2,TCGA-C8-A138-01A,TCGA-C8-A138-01A-11R-A115-07,7dcadaff-5d95-4ba6-9ce7-50bb2e5f17aa,1,1,1,1,,her2_undetermined,,
TCGA-C8-A1HE,Female,No,Equivocal,,undetermined,LumA,TCGA-C8-A1HE-01A,TCGA-C8-A1HE-01A-11R-A13Q-07,5223fb98-dd63-4c20-a7c0-02e0b13ccb33,1,1,0,1,,her2_undetermined,,
TCGA-C8-A1HF,Female,No,Positive,,pos,Her2,TCGA-C8-A1HF-01A,TCGA-C8-A1HF-01A-11R-A137-07,da7f48b2-3bed-4824-8de7-187d0b22f54d,1,1,0,1,HER2pos,,150.0,reserve
TCGA-C8-A1HG,Female,No,Negative,,neg,LumB,TCGA-C8-A1HG-01A,TCGA-C8-A1HG-01A-11R-A137-07,0d669e80-cb31-4afb-bd3f-07d69f10eb3f,1,1,0,1,LumB,,72.0,reserve
TCGA-C8-A1HI,Female,Yes,Negative,,neg,LumA,TCGA-C8-A1HI-01A,TCGA-C8-A1HI-01A-11R-A137-07,b46720bc-7f5a-4bf4-a2a3-3d9fe500d193,1,1,0,1,LumA,neoadjuvant_yes_or_unknown,,
TCGA-C8-A1HJ,Female,No,Negative,,neg,Basal,TCGA-C8-A1HJ-01A,TCGA-C8-A1HJ-01A-11R-A13Q-07,f9fe6c47-0955-432f-b402-a6dc2665e04d,1,1,0,1,Basal,,23.0,reserve
TCGA-C8-A1HK,Female,No,Positive,,pos,Her2,TCGA-C8-A1HK-01A,TCGA-C8-A1HK-01A-21R-A13Q-07,2040d4e4-0ecb-4081-9478-9d2707833a1b,1,1,0,1,HER2pos,,18.0,main
TCGA-C8-A1HL,Female,No,Equivocal,,undetermined,LumB,TCGA-C8-A1HL-01A,TCGA-C8-A1HL-01A-11R-A137-07,54dcd665-8138-4cab-8622-224d7066d466,1,1,0,1,,her2_undetermined,,
TCGA-C8-A1HM,Female,No,Negative,,neg,LumB,TCGA-C8-A1HM-01A,TCGA-C8-A1HM-01A-12R-A137-07,2c3000b7-4db9-4f00-a82a-ca6802806631,1,1,0,1,LumB,,111.0,reserve
TCGA-C8-A1HN,Female,No,Equivocal,,undetermined,LumB,TCGA-C8-A1HN-01A,TCGA-C8-A1HN-01A-11R-A137-07,4c60d168-b545-46a8-8c37-81972a537a83,1,1,0,1,,her2_undetermined,,
TCGA-C8-A1HO,Female,No,Negative,,neg,LumA,TCGA-C8-A1HO-01A,TCGA-C8-A1HO-01A-11R-A13Q-07,98ca3aa5-f509-4e55-a184-12e44c8c8464,1,1,0,1,LumA,,39.0,reserve
TCGA-C8-A26V,Female,No,Negative,,neg,LumB,TCGA-C8-A26V-01A,TCGA-C8-A26V-01A-11R-A16F-07,41a87746-ec8e-47e3-986c-d1a119e7c96b,1,1,0,1,LumB,,28.0,reserve
TCGA-C8-A26W,Female,No,Equivocal,,undetermined,LumB,TCGA-C8-A26W-01A,TCGA-C8-A26W-01A-11R-A16F-07,800ca72f-4bd7-46d7-904b-bcda2fa3500c,1,1,0,1,,her2_undetermined,,
TCGA-C8-A26X,Female,No,Negative,,neg,Her2,TCGA-C8-A26X-01A,TCGA-C8-A26X-01A-31R-A16F-07,c782b873-2727-4fe4-9c9a-741964290349,1,1,0,1,,her2neg_pam50_not_LumA_LumB_Basal,,
TCGA-C8-A26Y,Female,No,Negative,,neg,Her2,TCGA-C8-A26Y-01A,TCGA-C8-A26Y-01A-11R-A16F-07,e8d97ce6-190e-4189-a148-5a8d9f4215c3,1,1,0,1,,her2neg_pam50_not_LumA_LumB_Basal,,
TCGA-C8-A26Z,Female,No,Negative,,neg,LumA,TCGA-C8-A26Z-01A,TCGA-C8-A26Z-01A-11R-A16F-07,39e5a93f-7474-44f8-974a-7ce44f909002,1,1,0,1,LumA,,139.0,reserve
TCGA-C8-A273,Female,No,Negative,,neg,LumA,TCGA-C8-A273-01A,TCGA-C8-A273-01A-11R-A16F-07,31180222-da6e-4106-9b49-09be93d68138,1,1,0,1,LumA,,151.0,reserve
TCGA-C8-A274,Female,No,Negative,,neg,LumB,TCGA-C8-A274-01A,TCGA-C8-A274-01A-11R-A16F-07,885098b3-2e01-4039-ad15-f3dda5c29dc6,1,1,0,1,LumB,,71.0,reserve
TCGA-C8-A275,Female,No,,,undetermined,Her2,TCGA-C8-A275-01A,TCGA-C8-A275-01A-21R-A16F-07,f35ae5c7-6e88-410d-b86f-c5bdae11a5f4,1,1,0,1,,her2_undetermined,,
TCGA-C8-A278,Female,No,Positive,,pos,Her2,TCGA-C8-A278-01A,TCGA-C8-A278-01A-11R-A169-07,5711aa8f-5cd6-41d0-b469-40f049556693,1,1,0,1,HER2pos,,38.0,main
TCGA-C8-A27A,Female,No,Negative,,neg,LumB,TCGA-C8-A27A-01A,TCGA-C8-A27A-01A-11R-A169-07,5422b305-6411-4a01-b371-dc74c9e351e4,1,1,0,1,LumB,,78.0,reserve
TCGA-C8-A27B,Female,No,Negative,,neg,Basal,TCGA-C8-A27B-01A,TCGA-C8-A27B-01A-11R-A169-07,4ec56a4e-a3ce-4511-a517-199e2a535b1a,1,1,0,1,Basal,,33.0,reserve
TCGA-C8-A3M7,Female,No,Negative,,neg,LumA,TCGA-C8-A3M7-01A,TCGA-C8-A3M7-01A-12R-A21T-07,7aff89e2-86cb-43d8-96cd-341c02ebdd49,1,1,0,1,LumA,,149.0,reserve
TCGA-C8-A3M8,Female,No,Positive,,pos,LumB,TCGA-C8-A3M8-01A,TCGA-C8-A3M8-01A-11R-A213-07,cde8361d-ade2-4103-b092-3ee9cbf85ea1,1,1,0,1,HER2pos,,105.0,reserve
TCGA-C8-A8HP,Female,No,Positive,,pos,Her2,TCGA-C8-A8HP-01A,TCGA-C8-A8HP-01A-11R-A36F-07,37af19f9-56f9-48ec-97a9-5b0b6e364293,1,1,0,1,HER2pos,,117.0,reserve
TCGA-C8-A8HQ,Female,No,Negative,,neg,LumB,TCGA-C8-A8HQ-01A,TCGA-C8-A8HQ-01A-11R-A36F-07,5997bdf5-2741-42c5-a01c-807864504c55,1,1,0,1,LumB,,17.0,main
TCGA-C8-A8HR,Female,No,,,undetermined,Normal,TCGA-C8-A8HR-01A,TCGA-C8-A8HR-01A-11R-A36F-07,d80334e2-0ee0-432a-aa78-3d6ca1f017e5,1,1,0,1,,her2_undetermined,,
TCGA-C8-A9FZ,Female,No,Negative,,neg,,,,,0,0,0,1,,no_primary_rna,,
TCGA-D8-A13Y,Female,No,Negative,,neg,LumB,TCGA-D8-A13Y-01A,TCGA-D8-A13Y-01A-11R-A115-07,4c2a67aa-54ef-405d-a498-45c1790380da,1,1,1,2,LumB,,16.0,main
TCGA-D8-A13Z,Female,No,Negative,,neg,Her2,TCGA-D8-A13Z-01A,TCGA-D8-A13Z-01A-11R-A115-07,fd371070-c312-4eca-b3da-d41b1c8a86a7,1,1,1,1,,her2neg_pam50_not_LumA_LumB_Basal,,
TCGA-D8-A140,Female,No,Positive,,pos,LumA,TCGA-D8-A140-01A,TCGA-D8-A140-01A-11R-A115-07,f5e5f153-f422-4c2a-ae54-fc11f416c637,1,1,1,2,HER2pos,,16.0,main
TCGA-D8-A141,Female,No,Negative,,neg,LumA,TCGA-D8-A141-01A,TCGA-D8-A141-01A-11R-A115-07,51886a03-7aee-4b58-806f-906a29bfad0c,1,1,1,2,LumA,,177.0,reserve
TCGA-D8-A142,Female,No,Equivocal,Negative,neg,Basal,TCGA-D8-A142-01A,TCGA-D8-A142-01A-11R-A115-07,c8c7b9cc-7015-4405-a7f5-f60587de285a,1,1,1,1,Basal,,117.0,reserve
TCGA-D8-A143,Female,No,Negative,,neg,Basal,TCGA-D8-A143-01A,TCGA-D8-A143-01A-11R-A115-07,be002264-f534-49b3-90d1-fd5a3f622fb2,1,1,1,1,Basal,,123.0,reserve
TCGA-D8-A145,Female,No,Equivocal,Negative,neg,LumA,TCGA-D8-A145-01A,TCGA-D8-A145-01A-11R-A115-07,3ecfecef-4180-4b7a-8d9a-5532b47ef500,1,1,1,2,LumA,,2.0,main
TCGA-D8-A146,Female,Yes,Negative,,neg,,TCGA-D8-A146-01A,TCGA-D8-A146-01A-31R-A115-07,839a4656-f2ce-4460-858a-8e6b314695ef,1,1,0,1,,neoadjuvant_yes_or_unknown,,
TCGA-D8-A147,Female,No,Negative,,neg,Basal,TCGA-D8-A147-01A,TCGA-D8-A147-01A-11R-A115-07,abefed1d-9f40-4a97-9435-4d9df47f7ebd,1,1,1,1,Basal,,87.0,reserve
TCGA-D8-A1J8,Female,No,Negative,,neg,LumB,TCGA-D8-A1J8-01A,TCGA-D8-A1J8-01A-11R-A13Q-07,19264a73-b106-4b24-be01-0a9a137c6de9,1,1,0,2,LumB,,27.0,reserve
TCGA-D8-A1J9,Female,No,Positive,,pos,LumB,TCGA-D8-A1J9-01A,TCGA-D8-A1J9-01A-11R-A13Q-07,5b4ec1fd-516d-4c32-a233-0699e591df1a,1,1,0,2,HER2pos,,10.0,main
TCGA-D8-A1JA,Female,No,Positive,,pos,Her2,TCGA-D8-A1JA-01A,TCGA-D8-A1JA-01A-11R-A13Q-07,4c9005a5-2cca-4cc3-9a6d-09eb76d780ab,1,1,0,1,HER2pos,,8.0,main
TCGA-D8-A1JB,Female,No,Equivocal,Positive,pos,LumA,TCGA-D8-A1JB-01A,TCGA-D8-A1JB-01A-11R-A13Q-07,5039a492-4dc7-4191-9edd-187cb181da2d,1,1,0,1,HER2pos,,49.0,reserve
TCGA-D8-A1JC,Female,No,Negative,,neg,LumB,TCGA-D8-A1JC-01A,TCGA-D8-A1JC-01A-11R-A13Q-07,8ced7ce3-86ec-4bc8-afce-8fcfb06d8be4,1,1,0,2,LumB,,61.0,reserve
TCGA-D8-A1JD,Female,No,Negative,,neg,LumB,TCGA-D8-A1JD-01A,TCGA-D8-A1JD-01A-11R-A13Q-07,7493bcbc-658d-4789-a25c-9a990dcd44b8,1,1,0,2,LumB,,54.0,reserve
TCGA-D8-A1JE,Female,No,Negative,,neg,LumB,TCGA-D8-A1JE-01A,TCGA-D8-A1JE-01A-11R-A13Q-07,f377c267-d5eb-4542-bd0d-e87f957f3154,1,1,0,2,LumB,,94.0,reserve
TCGA-D8-A1JF,Female,No,Negative,,neg,Her2,TCGA-D8-A1JF-01A,TCGA-D8-A1JF-01A-11R-A13Q-07,7300d49e-2e8c-42e0-873a-1674a19b71e6,1,1,0,1,,her2neg_pam50_not_LumA_LumB_Basal,,
TCGA-D8-A1JG,Female,No,Equivocal,Negative,neg,Her2,TCGA-D8-A1JG-01B,TCGA-D8-A1JG-01B-11R-A13Q-07,4f4862e1-abfc-4577-bdb2-a96759ef2b53,1,1,0,1,,her2neg_pam50_not_LumA_LumB_Basal,,
TCGA-D8-A1JH,Female,No,Negative,,neg,LumA,TCGA-D8-A1JH-01A,TCGA-D8-A1JH-01A-11R-A13Q-07,793d3caa-8353-4536-83e5-711215bd51e9,1,1,0,1,LumA,,344.0,reserve
TCGA-D8-A1JI,Female,No,Negative,,neg,LumB,TCGA-D8-A1JI-01A,TCGA-D8-A1JI-01A-11R-A13Q-07,fad07753-c9c6-4eba-8f43-09740bff6d69,1,1,0,2,LumB,,118.0,reserve
TCGA-D8-A1JJ,Female,No,Negative,,neg,LumB,TCGA-D8-A1JJ-01A,TCGA-D8-A1JJ-01A-31R-A14M-07,268eed55-913e-470b-8940-68daae0b21aa,1,1,0,2,LumB,,23.0,reserve
TCGA-D8-A1JK,Female,No,Negative,,neg,Basal,TCGA-D8-A1JK-01A,TCGA-D8-A1JK-01A-11R-A13Q-07,06598222-e18b-45b1-9e4b-407aa120442c,1,1,0,1,Basal,,46.0,reserve
TCGA-D8-A1JL,Female,No,Negative,,neg,Basal,TCGA-D8-A1JL-01A,TCGA-D8-A1JL-01A-11R-A13Q-07,5fe2671d-4314-444b-adc1-64bbc6a85aab,1,1,0,1,Basal,,124.0,reserve
TCGA-D8-A1JM,Female,No,Negative,,neg,Basal,TCGA-D8-A1JM-01A,TCGA-D8-A1JM-01A-11R-A13Q-07,9cac5296-0f61-46a2-bcbf-9bd3212fb7dd,1,1,0,1,Basal,,5.0,main
TCGA-D8-A1JN,Female,No,Indeterminate,Negative,neg,LumA,TCGA-D8-A1JN-01A,TCGA-D8-A1JN-01A-11R-A13Q-07,4f89dad8-a12e-47d2-a7d9-c1b90f1bd61b,1,1,0,1,LumA,,209.0,reserve
TCGA-D8-A1JP,Female,No,Negative,,neg,LumA,TCGA-D8-A1JP-01A,TCGA-D8-A1JP-01A-11R-A13Q-07,6ce774a5-2636-4a01-ab6e-737f89a4bd4f,1,1,0,1,LumA,,31.0,reserve
TCGA-D8-A1JS,Female,No,Negative,,neg,LumA,TCGA-D8-A1JS-01A,TCGA-D8-A1JS-01A-11R-A13Q-07,20110ed9-8b45-4a62-bd13-e0281915a06b,1,1,0,1,LumA,,184.0,reserve
TCGA-D8-A1JT,Female,No,Equivocal,Negative,neg,LumB,TCGA-D8-A1JT-01A,TCGA-D8-A1JT-01A-31R-A13Q-07,9c99e8d0-a96d-4252-8ea8-e15bfae278c3,1,1,0,2,LumB,,77.0,reserve
TCGA-D8-A1JU,Female,No,Negative,,neg,LumA,TCGA-D8-A1JU-01A,TCGA-D8-A1JU-01A-11R-A13Q-07,67eceef4-f870-47a0-82d8-b39aa3282bd3,1,1,0,1,LumA,,135.0,reserve
TCGA-D8-A1X5,Female,No,Positive,,pos,LumB,TCGA-D8-A1X5-01A,TCGA-D8-A1X5-01A-11R-A14D-07,26466526-2d6e-4869-a06a-c33344e5fab2,1,1,0,2,HER2pos,,145.0,reserve
TCGA-D8-A1X6,Female,No,Negative,,neg,LumB,TCGA-D8-A1X6-01A,TCGA-D8-A1X6-01A-11R-A14M-07,ece7c643-e0b9-4b65-b6f5-89c414c1bfea,1,1,0,2,LumB,,89.0,reserve
TCGA-D8-A1X7,Female,No,Negative,,neg,LumB,TCGA-D8-A1X7-01A,TCGA-D8-A1X7-01A-11R-A14M-07,cdd283b5-8dea-4736-859c-f1a2bbda57c2,1,1,0,2,LumB,,119.0,reserve
TCGA-D8-A1X8,Female,No,Negative,,neg,LumA,TCGA-D8-A1X8-01A,TCGA-D8-A1X8-01A-11R-A14M-07,18022491-5c13-4a17-aed9-ea85e1088267,1,1,0,1,LumA,,172.0,reserve
TCGA-D8-A1X9,Female,No,Indeterminate,Negative,neg,LumA,TCGA-D8-A1X9-01A,TCGA-D8-A1X9-01A-12R-A157-07,3728cb73-4a8a-4392-8140-f027ad876cf2,1,1,0,1,LumA,,23.0,reserve
TCGA-D8-A1XA,Female,No,Equivocal,,undetermined,LumA,TCGA-D8-A1XA-01A,TCGA-D8-A1XA-01A-11R-A14D-07,26415014-f0fe-4b7c-b9dc-2a6f85d47a5e,1,1,0,1,,her2_undetermined,,
TCGA-D8-A1XB,Female,No,Negative,,neg,LumA,TCGA-D8-A1XB-01A,TCGA-D8-A1XB-01A-11R-A14D-07,176e739b-87e2-49b7-80e1-c27a6a632576,1,1,0,2,LumA,,141.0,reserve
TCGA-D8-A1XC,Female,No,Negative,,neg,LumA,TCGA-D8-A1XC-01A,TCGA-D8-A1XC-01A-11R-A14D-07,deb932e6-470e-4fae-88f1-efb2e820325e,1,1,0,2,LumA,,318.0,reserve
TCGA-D8-A1XD,Female,No,Negative,,neg,,TCGA-D8-A1XD-01A,TCGA-D8-A1XD-01A-11R-A14D-07,6b9180f4-bdd0-4118-bff7-0523cad45567,1,1,0,1,,her2neg_pam50_not_LumA_LumB_Basal,,
TCGA-D8-A1XF,Female,No,Negative,,neg,LumB,TCGA-D8-A1XF-01A,TCGA-D8-A1XF-01A-11R-A14D-07,a39defa6-87ec-4855-ab78-44f6b46152e1,1,1,0,2,LumB,,84.0,reserve
TCGA-D8-A1XG,Female,No,Negative,,neg,LumA,TCGA-D8-A1XG-01A,TCGA-D8-A1XG-01A-11R-A14D-07,1eca5ea8-093a-494d-968b-2ffcfe2b4604,1,1,0,1,LumA,,308.0,reserve
TCGA-D8-A1XJ,Female,No,Positive,,pos,Her2,TCGA-D8-A1XJ-01A,TCGA-D8-A1XJ-01A-11R-A14M-07,97387357-c741-43a6-9b3a-55c925f9a516,1,1,0,1,HER2pos,,118.0,reserve
TCGA-D8-A1XK,Female,No,Negative,,neg,Basal,TCGA-D8-A1XK-01A,TCGA-D8-A1XK-01A-21R-A14M-07,7d496f9f-8a04-496a-ad25-68b1b72f864a,1,1,0,1,Basal,,2.0,main
TCGA-D8-A1XL,Female,No,Equivocal,Negative,neg,LumB,TCGA-D8-A1XL-01A,TCGA-D8-A1XL-01A-11R-A14M-07,fed0a382-2eee-4acc-af00-53a9fdcd2a61,1,1,0,2,LumB,,56.0,reserve
TCGA-D8-A1XM,Female,No,Negative,,neg,LumA,TCGA-D8-A1XM-01A,TCGA-D8-A1XM-01A-21R-A14M-07,4c941474-f3e0-4735-bad0-cff8894fb08d,1,1,0,1,LumA,,251.0,reserve
TCGA-D8-A1XO,Female,No,Negative,,neg,LumA,TCGA-D8-A1XO-01A,TCGA-D8-A1XO-01A-11R-A14M-07,0019c951-16c5-48d0-85c8-58d96b12d330,1,1,0,1,LumA,,230.0,reserve
TCGA-D8-A1XQ,Female,No,Negative,,neg,Basal,TCGA-D8-A1XQ-01A,TCGA-D8-A1XQ-01A-11R-A14M-07,ec7b77d4-41a2-4892-be79-23cb24f986d3,1,1,0,1,Basal,,25.0,reserve
TCGA-D8-A1XR,Female,No,Negative,,neg,LumB,TCGA-D8-A1XR-01A,TCGA-D8-A1XR-01A-11R-A14M-07,987603ab-513b-44d6-8b8e-344fd299a81a,1,1,0,2,LumB,,24.0,reserve
TCGA-D8-A1XS,Male,No,Positive,,pos,,TCGA-D8-A1XS-01A,TCGA-D8-A1XS-01A-11R-A14M-07,7dace9fc-28bd-44fb-9e97-6319eb30bb05,1,1,0,2,HER2pos,not_female,,
TCGA-D8-A1XT,Female,No,Positive,,pos,Her2,TCGA-D8-A1XT-01A,TCGA-D8-A1XT-01A-11R-A14M-07,130343f0-62f4-4400-8002-e596edb3c02a,1,1,0,1,HER2pos,,97.0,reserve
TCGA-D8-A1XU,Female,No,Negative,,neg,LumA,TCGA-D8-A1XU-01A,TCGA-D8-A1XU-01A-11R-A14M-07,ddeb1445-08ae-441c-9f2a-4647df1b4ed6,1,1,0,1,LumA,,54.0,reserve
TCGA-D8-A1XV,Female,No,Equivocal,Negative,neg,LumA,TCGA-D8-A1XV-01A,TCGA-D8-A1XV-01A-11R-A14M-07,0877bc64-fbf4-427f-a889-21a4a9102600,1,1,0,2,LumA,,163.0,reserve
TCGA-D8-A1XW,Female,No,Negative,,neg,Normal,TCGA-D8-A1XW-01A,TCGA-D8-A1XW-01A-11R-A14M-07,e7789185-2581-4846-bafd-8b920edc0973,1,1,0,2,,her2neg_pam50_not_LumA_LumB_Basal,,
TCGA-D8-A1XY,Female,No,Positive,,pos,LumA,TCGA-D8-A1XY-01A,TCGA-D8-A1XY-01A-11R-A14M-07,16b9a021-447f-44d8-a1f9-ad45edc73bc9,1,1,0,2,HER2pos,,127.0,reserve
TCGA-D8-A1XZ,Female,No,Negative,,neg,LumB,TCGA-D8-A1XZ-01A,TCGA-D8-A1XZ-01A-11R-A14M-07,621b0997-70e5-415b-8d8c-1e5f90d0d4aa,1,1,0,2,LumB,,95.0,reserve
TCGA-D8-A1Y0,Female,No,Negative,,neg,LumA,TCGA-D8-A1Y0-01A,TCGA-D8-A1Y0-01A-11R-A14M-07,6084a2ac-a342-4378-b4ba-a2d7e6af9124,1,1,0,2,LumA,,77.0,reserve
TCGA-D8-A1Y1,Female,No,Negative,,neg,LumB,TCGA-D8-A1Y1-01A,TCGA-D8-A1Y1-01A-21R-A14M-07,a6f9b537-d843-4181-9ba8-712c44986581,1,1,0,2,LumB,,124.0,reserve
TCGA-D8-A1Y2,Female,No,Indeterminate,Negative,neg,LumB,TCGA-D8-A1Y2-01A,TCGA-D8-A1Y2-01A-11R-A157-07,d5586fdb-d796-4176-84e3-11a72124b41f,1,1,0,2,LumB,,42.0,reserve
TCGA-D8-A1Y3,Female,No,Indeterminate,Negative,neg,LumB,TCGA-D8-A1Y3-01A,TCGA-D8-A1Y3-01A-11R-A157-07,80902247-a485-4374-836b-4b67db4c4981,1,1,0,2,LumB,,107.0,reserve
TCGA-D8-A27E,Female,No,Negative,,neg,LumA,TCGA-D8-A27E-01A,TCGA-D8-A27E-01A-11R-A16F-07,e5393dc3-65d0-4d65-bb75-2fed770af595,1,1,0,1,LumA,,121.0,reserve
TCGA-D8-A27F,Female,No,Negative,,neg,Basal,TCGA-D8-A27F-01A,TCGA-D8-A27F-01A-11R-A16F-07,ac88a5c1-caae-4b08-87bc-0dedbe61d996,1,1,0,1,Basal,,125.0,reserve
TCGA-D8-A27G,Female,No,Equivocal,Negative,neg,LumA,TCGA-D8-A27G-01A,TCGA-D8-A27G-01A-11R-A16F-07,66dbe196-661b-4d0e-ac48-b82fc6a67cc8,1,1,0,1,LumA,,94.0,reserve
TCGA-D8-A27H,Female,No,Negative,,neg,Basal,TCGA-D8-A27H-01A,TCGA-D8-A27H-01A-11R-A16F-07,427a04c9-9b48-49de-8a47-2adc4e1dd32a,1,1,0,1,Basal,,45.0,reserve
TCGA-D8-A27I,Female,No,Negative,,neg,LumA,TCGA-D8-A27I-01A,TCGA-D8-A27I-01A-11R-A16F-07,0c0ddcd7-8b4c-4489-b642-e48c4ab4602a,1,1,0,1,LumA,,228.0,reserve
TCGA-D8-A27K,Female,No,Negative,,neg,LumA,TCGA-D8-A27K-01A,TCGA-D8-A27K-01A-11R-A16F-07,0e9ea184-c4bc-43f0-817c-8a950008e4bd,1,1,0,1,LumA,,142.0,reserve
TCGA-D8-A27L,Female,No,Negative,,neg,LumA,TCGA-D8-A27L-01A,TCGA-D8-A27L-01A-11R-A16F-07,26702590-872f-4e36-a631-ee6cb3f61ec4,1,1,0,1,LumA,,43.0,reserve
TCGA-D8-A27M,Female,No,Negative,,neg,Basal,TCGA-D8-A27M-01A,TCGA-D8-A27M-01A-11R-A16F-07,b3b9ae66-e8d1-4a32-a2a9-46931b753527,1,1,0,1,Basal,,43.0,reserve
TCGA-D8-A27N,Female,No,Positive,,pos,LumB,TCGA-D8-A27N-01A,TCGA-D8-A27N-01A-11R-A16F-07,f33b0d9c-486b-482d-b4a6-c2885072db7b,1,1,0,2,HER2pos,,2.0,main
TCGA-D8-A27P,Female,No,Negative,,neg,LumA,TCGA-D8-A27P-01A,TCGA-D8-A27P-01A-11R-A16F-07,b93b04d3-7526-4d65-bc15-0148e75ac225,1,1,0,1,LumA,,253.0,reserve
TCGA-D8-A27R,Female,No,Equivocal,Negative,neg,LumB,TCGA-D8-A27R-01A,TCGA-D8-A27R-01A-11R-A16F-07,e3a49d98-c7d6-45a1-a8cb-33bab31186c2,1,1,0,2,LumB,,25.0,reserve
TCGA-D8-A27T,Female,No,Negative,,neg,LumA,TCGA-D8-A27T-01A,TCGA-D8-A27T-01A-11R-A16F-07,d880fcce-ad8a-4402-911c-11129d2225df,1,1,0,2,LumA,,226.0,reserve
TCGA-D8-A27V,Female,No,Negative,,neg,LumA,TCGA-D8-A27V-01A,TCGA-D8-A27V-01A-12R-A17B-07,1d0878a6-5c7c-40b9-8eab-64981d783b71,1,1,0,2,LumA,,117.0,reserve
TCGA-D8-A27W,Female,No,Equivocal,Positive,pos,LumB,TCGA-D8-A27W-01A,TCGA-D8-A27W-01A-11R-A16F-07,588a95c5-286a-417f-aa76-b4d8b5c055ef,1,1,0,2,HER2pos,,135.0,reserve
TCGA-D8-A3Z5,Female,No,Negative,,neg,,TCGA-D8-A3Z5-01A,TCGA-D8-A3Z5-01A-41R-A24H-07,19318058-604e-4c3b-a037-eab07708ff82,1,1,0,3,,her2neg_pam50_not_LumA_LumB_Basal,,
TCGA-D8-A3Z6,Female,No,Negative,,neg,LumA,TCGA-D8-A3Z6-01A,TCGA-D8-A3Z6-01A-11R-A239-07,0682b5b9-8529-4152-b6f9-1a13180eedee,1,1,0,3,LumA,,36.0,reserve
TCGA-D8-A4Z1,Female,No,Negative,,neg,LumA,TCGA-D8-A4Z1-01A,TCGA-D8-A4Z1-01A-21R-A266-07,1277b2ec-0374-403f-8bba-cb57aeeb0d01,1,1,0,1,LumA,,26.0,reserve
TCGA-D8-A73U,Female,No,Negative,Negative,neg,LumA,TCGA-D8-A73U-01A,TCGA-D8-A73U-01A-11R-A33J-07,a8fa9282-6695-477a-8202-73882cdfa8f7,1,1,0,2,LumA,,259.0,reserve
TCGA-D8-A73W,Female,No,Negative,,neg,LumA,TCGA-D8-A73W-01A,TCGA-D8-A73W-01A-22R-A352-07,94ae90d4-16a8-4922-b6b6-e5fcec9d0ae6,1,1,0,2,LumA,,42.0,reserve
TCGA-D8-A73X,Female,No,Negative,Negative,neg,LumA,TCGA-D8-A73X-01A,TCGA-D8-A73X-01A-11R-A32P-07,7c196890-04a5-496b-ae10-43b95be57d58,1,1,0,2,LumA,,336.0,reserve
TCGA-E2-A105,Female,No,Equivocal,,undetermined,LumA,TCGA-E2-A105-01A,TCGA-E2-A105-01A-11R-A10J-07,2e60bad2-2dd2-4dc3-aa45-dfc36ef4884b,1,1,1,1,,her2_undetermined,,
TCGA-E2-A106,Female,No,Equivocal,Negative,neg,,TCGA-E2-A106-01A,TCGA-E2-A106-01A-11R-A10J-07,bc0a4326-63d2-4ec4-9af6-7b421aa8aa49,1,1,1,1,,her2neg_pam50_not_LumA_LumB_Basal,,
TCGA-E2-A107,Female,No,Equivocal,Negative,neg,LumA,TCGA-E2-A107-01A,TCGA-E2-A107-01A-11R-A10J-07,9e4b6ad6-99f7-4244-8f1b-20b7b36c457f,1,1,1,1,LumA,,16.0,main
TCGA-E2-A108,Female,No,Negative,,neg,Normal,TCGA-E2-A108-01A,TCGA-E2-A108-01A-13R-A10J-07,7b9b6f5f-bd99-421a-a22c-d3fbe110ee73,1,1,1,1,,her2neg_pam50_not_LumA_LumB_Basal,,
TCGA-E2-A109,Female,No,Equivocal,Negative,neg,LumB,TCGA-E2-A109-01A,TCGA-E2-A109-01A-11R-A10J-07,eea8e274-7b23-444d-999d-1741d7a928d2,1,1,1,1,LumB,,34.0,reserve
TCGA-E2-A10A,Female,No,Positive,Negative,discordant,LumA,TCGA-E2-A10A-01A,TCGA-E2-A10A-01A-21R-A115-07,1a8d6cfd-095d-4461-875a-56d27816a0f5,1,1,1,1,,her2_discordant,,
TCGA-E2-A10B,Female,No,Equivocal,Negative,neg,LumA,TCGA-E2-A10B-01A,TCGA-E2-A10B-01A-11R-A10J-07,2e7a0005-4efb-4121-91d9-c2ca2cb5201d,1,1,0,1,LumA,,27.0,reserve
TCGA-E2-A10C,Female,No,Negative,,neg,LumB,TCGA-E2-A10C-01A,TCGA-E2-A10C-01A-21R-A10J-07,4662f2d3-edd6-4260-a4ad-04c46ca54443,1,1,1,1,LumB,,83.0,reserve
TCGA-E2-A10E,Female,No,Equivocal,Negative,neg,,TCGA-E2-A10E-01A,TCGA-E2-A10E-01A-21R-A10J-07,03891509-3109-450d-8564-77b024a6128e,1,0,2,1,,her2neg_pam50_not_LumA_LumB_Basal,,
TCGA-E2-A10F,Female,No,Equivocal,Negative,neg,LumA,TCGA-E2-A10F-01A,TCGA-E2-A10F-01A-11R-A10J-07,a7d3a4c0-36ee-43ff-bdcc-37db4b11df76,1,1,1,1,LumA,,250.0,reserve
TCGA-E2-A14N,Female,No,Negative,,neg,Basal,TCGA-E2-A14N-01A,TCGA-E2-A14N-01A-31R-A137-07,0648c6fc-df6d-450a-a5a0-e5655febbdf1,1,1,0,1,Basal,,47.0,reserve
TCGA-E2-A14O,Female,No,Equivocal,Negative,neg,LumB,TCGA-E2-A14O-01A,TCGA-E2-A14O-01A-31R-A115-07,5b318f75-dda6-4410-bfc0-2fd52030cae7,1,1,0,1,LumB,,121.0,reserve
TCGA-E2-A14P,Female,No,Positive,,pos,Her2,TCGA-E2-A14P-01A,TCGA-E2-A14P-01A-31R-A12D-07,4ecc1f1a-8ff4-4552-a5e8-7a9652b6d1d5,1,1,0,1,HER2pos,,77.0,reserve
TCGA-E2-A14Q,Female,No,Negative,,neg,LumA,TCGA-E2-A14Q-01A,TCGA-E2-A14Q-01A-11R-A12D-07,a03952ab-2ac1-43a5-a438-1f022bcd0b16,1,1,0,1,LumA,,97.0,reserve
TCGA-E2-A14R,Female,No,Negative,,neg,Basal,TCGA-E2-A14R-01A,TCGA-E2-A14R-01A-11R-A115-07,6e8e0eef-1fc8-446c-9038-3a06657784ec,1,1,0,1,Basal,,62.0,reserve
TCGA-E2-A14S,Female,No,Equivocal,Negative,neg,,TCGA-E2-A14S-01A,TCGA-E2-A14S-01A-11R-A12D-07,1f9a9190-4157-457e-9794-a9217d2aa2f8,1,1,0,1,,her2neg_pam50_not_LumA_LumB_Basal,,
TCGA-E2-A14T,Female,No,Negative,Negative,neg,LumA,TCGA-E2-A14T-01A,TCGA-E2-A14T-01A-11R-A115-07,7ae79f8e-a8fa-4030-b46a-458db80a36c1,1,1,0,1,LumA,,279.0,reserve
TCGA-E2-A14U,Female,No,Equivocal,Negative,neg,,TCGA-E2-A14U-01A,TCGA-E2-A14U-01A-11R-A22K-07,0081f507-b104-4214-9ea1-31dd69130991,1,0,0,1,,no_frozen_slide_same_sample,,
TCGA-E2-A14V,Female,No,Positive,,pos,Her2,TCGA-E2-A14V-01A,TCGA-E2-A14V-01A-11R-A12D-07,7efb7266-28ee-41d3-912a-b0f67135216f,1,1,0,1,HER2pos,,165.0,reserve
TCGA-E2-A14W,Male,No,,Positive,pos,,TCGA-E2-A14W-01A,TCGA-E2-A14W-01A-11R-A12D-07,04024f75-7405-4ccc-8976-91d0a3035b3a,1,1,0,1,HER2pos,not_female,,
TCGA-E2-A14X,Female,No,Negative,,neg,Basal,TCGA-E2-A14X-01A,TCGA-E2-A14X-01A-11R-A115-07,ada5cdcf-f9e0-4209-aa92-ac3b921bbdf4,1,1,0,1,Basal,,72.0,reserve
TCGA-E2-A14Y,Female,No,Equivocal,Positive,pos,Basal,TCGA-E2-A14Y-01A,TCGA-E2-A14Y-01A-21R-A12D-07,67347e29-6d43-4234-8b04-188be7e6440b,1,1,0,1,HER2pos,,78.0,reserve
TCGA-E2-A14Z,Female,No,Negative,,neg,LumA,TCGA-E2-A14Z-01A,TCGA-E2-A14Z-01A-11R-A115-07,65bc2a34-2355-4193-b20e-439f2d7f6df2,1,1,0,1,LumA,,310.0,reserve
TCGA-E2-A150,Female,No,Negative,,neg,Basal,TCGA-E2-A150-01A,TCGA-E2-A150-01A-11R-A12D-07,7860a938-e43a-4c3a-83b4-6578cea95df8,1,1,0,1,Basal,,77.0,reserve
TCGA-E2-A152,Female,No,Positive,,pos,Her2,TCGA-E2-A152-01A,TCGA-E2-A152-01A-11R-A12D-07,1936440a-9cfc-4b04-af40-3fbc22fe87f6,1,1,0,1,HER2pos,,3.0,main
TCGA-E2-A153,Female,No,Negative,,neg,LumA,TCGA-E2-A153-01A,TCGA-E2-A153-01A-12R-A12D-07,aa2ab118-b3cc-4452-a29c-104f80f16f8d,1,1,0,1,LumA,,24.0,reserve
TCGA-E2-A154,Female,No,Negative,,neg,LumA,TCGA-E2-A154-01A,TCGA-E2-A154-01A-11R-A115-07,84e36620-ae1e-4221-84c9-3a6f1d11606d,1,1,0,1,LumA,,320.0,reserve
TCGA-E2-A155,Female,No,Negative,,neg,LumB,TCGA-E2-A155-01A,TCGA-E2-A155-01A-11R-A12D-07,ee89e01e-d54e-4166-a3ae-db9357639523,1,1,0,1,LumB,,7.0,main
TCGA-E2-A156,Female,No,Negative,,neg,LumA,TCGA-E2-A156-01A,TCGA-E2-A156-01A-11R-A12D-07,ec9437c2-dad0-471a-bd2c-faa61846af57,1,1,0,1,LumA,,30.0,reserve
TCGA-E2-A158,Female,No,Negative,,neg,Basal,TCGA-E2-A158-01A,TCGA-E2-A158-01A-11R-A12D-07,27f4c9d4-d6ba-4fea-9f0b-fb06066e69a8,1,1,0,1,Basal,,16.0,main
TCGA-E2-A159,Female,No,,Negative,neg,Basal,TCGA-E2-A159-01A,TCGA-E2-A159-01A-11R-A115-07,11a64d0e-1dd1-471e-87bf-9e2a7fc13f09,1,1,0,1,Basal,,61.0,reserve
TCGA-E2-A15A,Female,No,Negative,,neg,LumB,TCGA-E2-A15A-01A,TCGA-E2-A15A-01A-11R-A12D-07,2a3dc057-3c00-405e-a18f-23e8c43494d4,1,1,0,1,LumB,,57.0,reserve
TCGA-E2-A15C,Female,No,Equivocal,Negative,neg,LumA,TCGA-E2-A15C-01A,TCGA-E2-A15C-01A-31R-A12D-07,35f78d43-917b-4a7b-b992-d004056a370f,1,1,0,1,LumA,,38.0,reserve
TCGA-E2-A15D,Female,No,Equivocal,Negative,neg,LumA,TCGA-E2-A15D-01A,TCGA-E2-A15D-01A-11R-A115-07,cc7ea1eb-4947-4030-ace5-673e9441a9a8,1,1,0,1,LumA,,159.0,reserve
TCGA-E2-A15E,Female,No,,Positive,pos,LumA,TCGA-E2-A15E-01A,TCGA-E2-A15E-01A-11R-A12D-07,d8a94ea1-68a3-43be-8a30-d690541a23aa,1,1,0,0,HER2pos,no_dx_slide,,
TCGA-E2-A15F,Female,No,Negative,,neg,LumA,TCGA-E2-A15F-01A,TCGA-E2-A15F-01A-11R-A115-07,15e249cf-4c45-4006-84fd-899f9927e376,1,1,0,1,LumA,,90.0,reserve
TCGA-E2-A15G,Female,No,Negative,,neg,LumA,TCGA-E2-A15G-01A,TCGA-E2-A15G-01A-11R-A12D-07,b5f2a171-35a3-4b7f-9221-199c589f3147,1,1,0,1,LumA,,292.0,reserve
TCGA-E2-A15H,Female,No,Equivocal,Positive,pos,LumA,TCGA-E2-A15H-01A,TCGA-E2-A15H-01A-11R-A12D-07,78805478-bf7a-4d7b-8c4f-15e334430efd,1,1,0,1,HER2pos,,85.0,reserve
TCGA-E2-A15I,Female,No,Equivocal,Negative,neg,LumA,TCGA-E2-A15I-01A,TCGA-E2-A15I-01A-21R-A137-07,cf53cdad-a323-475e-a84a-87b68d13e262,1,1,0,1,LumA,,202.0,reserve
TCGA-E2-A15J,Female,No,Equivocal,Negative,neg,LumA,TCGA-E2-A15J-01A,TCGA-E2-A15J-01A-11R-A12P-07,8437bf97-2354-40cf-8dc4-631c5d7ae63a,1,1,0,1,LumA,,211.0,reserve
TCGA-E2-A15K,Female,No,Equivocal,Negative,neg,LumB,TCGA-E2-A15K-01A,TCGA-E2-A15K-01A-11R-A12P-07,e22bc31b-332f-45a1-b17c-c747179abe61,1,1,0,1,LumB,,48.0,reserve
TCGA-E2-A15L,Female,No,Equivocal,Negative,neg,LumA,TCGA-E2-A15L-01A,TCGA-E2-A15L-01A-11R-A12D-07,c003fb3b-179c-49b0-8d9a-656c4dc39901,1,1,0,1,LumA,,100.0,reserve
TCGA-E2-A15M,Female,No,Negative,,neg,LumA,TCGA-E2-A15M-01A,TCGA-E2-A15M-01A-11R-A12D-07,309dcac2-7efa-467c-9dc7-222c130b0fec,1,1,0,1,LumA,,155.0,reserve
TCGA-E2-A15O,Female,No,Equivocal,Negative,neg,LumA,TCGA-E2-A15O-01A,TCGA-E2-A15O-01A-11R-A115-07,99502a82-c77e-482b-8589-82d9ef82d5d1,1,1,0,1,LumA,,326.0,reserve
TCGA-E2-A15P,Female,No,Negative,,neg,LumA,TCGA-E2-A15P-01A,TCGA-E2-A15P-01A-11R-A115-07,d923e06d-c747-419d-bd40-b05eb3e13edb,1,1,0,1,LumA,,5.0,main
TCGA-E2-A15R,Female,No,Equivocal,Negative,neg,LumA,TCGA-E2-A15R-01A,TCGA-E2-A15R-01A-11R-A115-07,a6f96d96-c761-4e98-9120-25138aa43e67,1,1,0,1,LumA,,286.0,reserve
TCGA-E2-A15S,Female,No,Equivocal,Negative,neg,LumB,TCGA-E2-A15S-01A,TCGA-E2-A15S-01A-11R-A115-07,064215bd-9ec9-4a16-8ea2-9c6604156398,1,1,0,1,LumB,,125.0,reserve
TCGA-E2-A15T,Female,No,Equivocal,Negative,neg,LumB,TCGA-E2-A15T-01A,TCGA-E2-A15T-01A-11R-A115-07,010e405c-b91d-4046-898e-105d5830d9a9,1,1,0,1,LumB,,31.0,reserve
TCGA-E2-A1AZ,Female,No,Indeterminate,Negative,neg,Basal,TCGA-E2-A1AZ-01A,TCGA-E2-A1AZ-01A-11R-A12P-07,ed797859-4d7e-40e6-bae3-54ef15ad0f0a,1,1,0,1,Basal,,56.0,reserve
TCGA-E2-A1B0,Female,No,Positive,,pos,Her2,TCGA-E2-A1B0-01A,TCGA-E2-A1B0-01A-11R-A12P-07,0caa1750-ec80-484f-9097-1e90fbfa41c2,1,1,0,1,HER2pos,,67.0,reserve
TCGA-E2-A1B1,Female,No,Equivocal,Positive,pos,LumA,TCGA-E2-A1B1-01A,TCGA-E2-A1B1-01A-21R-A12P-07,0e62a6d0-87a7-4efc-922f-753328694458,1,1,0,1,HER2pos,,74.0,reserve
TCGA-E2-A1B4,Female,No,Negative,,neg,LumA,TCGA-E2-A1B4-01A,TCGA-E2-A1B4-01A-11R-A12P-07,8d558ae5-f3a1-49fa-aa44-5abc6244b57a,1,1,0,1,LumA,,240.0,reserve
TCGA-E2-A1B5,Female,No,Negative,,neg,LumA,TCGA-E2-A1B5-01A,TCGA-E2-A1B5-01A-21R-A12P-07,2cd221ee-4d29-4f40-ab4c-780cc9045c5a,1,1,0,1,LumA,,237.0,reserve
TCGA-E2-A1B6,Female,No,Equivocal,Negative,neg,Basal,TCGA-E2-A1B6-01A,TCGA-E2-A1B6-01A-31R-A12P-07,c28e4bbf-6ddc-42fd-9268-826edc17aee5,1,1,0,1,Basal,,35.0,reserve
TCGA-E2-A1BC,Female,No,Negative,,neg,LumA,TCGA-E2-A1BC-01A,TCGA-E2-A1BC-01A-11R-A12P-07,4d0dcaac-cf91-4737-931d-f308fb20df9d,1,1,0,1,LumA,,303.0,reserve
TCGA-E2-A1BD,Female,No,Equivocal,Negative,neg,LumA,TCGA-E2-A1BD-01A,TCGA-E2-A1BD-01A-11R-A12P-07,57a43ef5-102a-4cd9-833d-00a2daf4e56a,1,1,0,1,LumA,,73.0,reserve
TCGA-E2-A1IE,Female,No,Equivocal,Negative,neg,LumA,TCGA-E2-A1IE-01A,TCGA-E2-A1IE-01A-11R-A13Q-07,02e08315-4d34-421c-acc0-129b1e1de38b,1,1,0,1,LumA,,136.0,reserve
TCGA-E2-A1IF,Female,No,Negative,,neg,LumA,TCGA-E2-A1IF-01A,TCGA-E2-A1IF-01A-11R-A144-07,664d7ba8-9b87-4f17-b98d-8e07dea3c488,1,1,0,1,LumA,,323.0,reserve
TCGA-E2-A1IG,Female,No,Negative,,neg,LumA,TCGA-E2-A1IG-01A,TCGA-E2-A1IG-01A-11R-A144-07,54a6b5bc-f788-4bea-b92c-e4dc9c71d99e,1,1,0,1,LumA,,34.0,reserve
TCGA-E2-A1IH,Female,No,Equivocal,,undetermined,LumA,TCGA-E2-A1IH-01A,TCGA-E2-A1IH-01A-11R-A13Q-07,1581b466-9502-491e-828b-dd9b721690cb,1,1,0,1,,her2_undetermined,,
TCGA-E2-A1II,Female,No,Negative,,neg,Basal,TCGA-E2-A1II-01A,TCGA-E2-A1II-01A-11R-A144-07,b9220098-f6f9-4732-8e94-3c9eeb4b8479,1,1,0,1,Basal,,101.0,reserve
TCGA-E2-A1IJ,Female,No,Equivocal,Negative,neg,LumA,TCGA-E2-A1IJ-01A,TCGA-E2-A1IJ-01A-11R-A144-07,783b4e4f-d65d-4025-a7ce-99a7e86255e9,1,1,0,1,LumA,,233.0,reserve
TCGA-E2-A1IK,Female,No,Negative,,neg,LumA,TCGA-E2-A1IK-01A,TCGA-E2-A1IK-01A-11R-A144-07,4bfe1281-919d-47ee-afc7-2b373b113674,1,1,0,1,LumA,,249.0,reserve
TCGA-E2-A1IL,Female,No,Negative,,neg,LumA,TCGA-E2-A1IL-01A,TCGA-E2-A1IL-01A-11R-A14D-07,26caf8b1-0202-4656-9bb9-4a80ffc94118,1,1,0,1,LumA,,276.0,reserve
TCGA-E2-A1IN,Female,No,Negative,,neg,LumA,TCGA-E2-A1IN-01A,TCGA-E2-A1IN-01A-11R-A13Q-07,c9ff3787-de6e-4535-be34-6425ccf9079f,1,1,0,1,LumA,,85.0,reserve
TCGA-E2-A1IO,Female,No,Equivocal,Negative,neg,LumA,TCGA-E2-A1IO-01A,TCGA-E2-A1IO-01A-11R-A144-07,425a82ae-e0bf-48ae-946f-58ccc2571bfd,1,1,0,1,LumA,,343.0,reserve
TCGA-E2-A1IP,,unknown,,,undetermined,,,,,0,0,0,0,,not_female,,
TCGA-E2-A1IU,Female,No,Negative,,neg,LumA,TCGA-E2-A1IU-01A,TCGA-E2-A1IU-01A-11R-A14D-07,41e79241-b5a4-4541-848b-e20e693e8ee3,1,1,0,1,LumA,,204.0,reserve
TCGA-E2-A1L6,Female,No,Negative,,neg,LumA,TCGA-E2-A1L6-01A,TCGA-E2-A1L6-01A-11R-A13Q-07,82004d79-07d3-4a01-b266-4d36353ba561,1,1,0,1,LumA,,319.0,reserve
TCGA-E2-A1L7,Female,No,Negative,,neg,LumB,TCGA-E2-A1L7-01A,TCGA-E2-A1L7-01A-11R-A144-07,104e3cb5-c6df-422b-a55f-6b19408594d4,1,1,0,1,LumB,,44.0,reserve
TCGA-E2-A1L8,Female,No,Equivocal,Negative,neg,LumA,TCGA-E2-A1L8-01A,TCGA-E2-A1L8-01A-11R-A13Q-07,0f1cf3a6-6e68-440a-9744-85e44d88b61f,1,1,0,1,LumA,,270.0,reserve
TCGA-E2-A1L9,Female,No,Negative,,neg,LumA,TCGA-E2-A1L9-01A,TCGA-E2-A1L9-01A-11R-A13Q-07,ea01e210-0d45-4c23-8644-904771672188,1,1,0,1,LumA,,70.0,reserve
TCGA-E2-A1LA,Female,No,Equivocal,Negative,neg,LumA,TCGA-E2-A1LA-01A,TCGA-E2-A1LA-01A-11R-A144-07,5113a198-1bfe-4d4e-8e17-4c8e3359061a,1,1,0,1,LumA,,68.0,reserve
TCGA-E2-A1LB,Female,No,Positive,,pos,Her2,TCGA-E2-A1LB-01A,TCGA-E2-A1LB-01A-11R-A144-07,63454d5d-a654-4be0-b812-dd5c98d07ea1,1,1,0,1,HER2pos,,20.0,main
TCGA-E2-A1LE,Female,No,Positive,,pos,,TCGA-E2-A1LE-01A,TCGA-E2-A1LE-01A-12R-A19W-07,f3d5f550-311d-4c59-8576-81fde80db315,1,1,0,1,HER2pos,,92.0,reserve
TCGA-E2-A1LG,Female,No,Equivocal,Negative,neg,Basal,TCGA-E2-A1LG-01A,TCGA-E2-A1LG-01A-21R-A14M-07,1b8dddf2-89d9-43aa-84c7-1d18e8865106,1,1,0,1,Basal,,67.0,reserve
TCGA-E2-A1LH,Female,No,Negative,,neg,Basal,TCGA-E2-A1LH-01A,TCGA-E2-A1LH-01A-11R-A14D-07,e99a371e-14fa-46f7-89c1-ad36bcd82994,1,1,0,1,Basal,,64.0,reserve
TCGA-E2-A1LI,Female,No,Equivocal,Negative,neg,Basal,TCGA-E2-A1LI-01A,TCGA-E2-A1LI-01A-12R-A157-07,b0cc3c29-89fe-4010-8f56-137f2b897bce,1,1,0,1,Basal,,58.0,reserve
TCGA-E2-A1LK,Female,No,Equivocal,Negative,neg,Basal,TCGA-E2-A1LK-01A,TCGA-E2-A1LK-01A-21R-A14D-07,189f1a1b-96d6-4cb9-9000-001e08dca1ba,1,1,0,1,Basal,,17.0,main
TCGA-E2-A1LL,Female,No,Negative,,neg,Basal,TCGA-E2-A1LL-01A,TCGA-E2-A1LL-01A-11R-A144-07,1b98fd3e-d3e3-4ecc-9fe3-02600177efed,1,1,0,1,Basal,,13.0,main
TCGA-E2-A1LS,Female,No,Negative,,neg,,TCGA-E2-A1LS-01A,TCGA-E2-A1LS-01A-12R-A157-07,5755f322-5df5-4b88-9c79-640167775c12,1,1,0,1,,her2neg_pam50_not_LumA_LumB_Basal,,
TCGA-E2-A2P5,Female,No,,Negative,neg,,TCGA-E2-A2P5-01A,TCGA-E2-A2P5-01A-11R-A19W-07,526d750f-3cab-4379-9b3e-1b7f9fa84528,1,1,0,1,,her2neg_pam50_not_LumA_LumB_Basal,,
TCGA-E2-A2P6,Female,No,,Negative,neg,LumA,TCGA-E2-A2P6-01A,TCGA-E2-A2P6-01A-11R-A19W-07,115d8b96-f3ac-4e6f-a975-60b71b32531a,1,1,0,1,LumA,,105.0,reserve
TCGA-E2-A3DX,Female,No,,Positive,pos,,TCGA-E2-A3DX-01A,TCGA-E2-A3DX-01A-21R-A213-07,11631339-f447-4b28-97a8-3c7c6ccbc843,1,1,0,1,HER2pos,,116.0,reserve
TCGA-E2-A56Z,Female,No,Equivocal,Negative,neg,LumB,TCGA-E2-A56Z-01A,TCGA-E2-A56Z-01A-12R-A29R-07,68814d4d-9db8-471f-b4b3-5c2fecb10773,1,1,0,1,LumB,,79.0,reserve
TCGA-E2-A570,Female,No,Equivocal,Negative,neg,LumA,TCGA-E2-A570-01A,TCGA-E2-A570-01A-11R-A29R-07,478c9754-5a19-477b-8b9d-0825f95f88ff,1,1,0,1,LumA,,84.0,reserve
TCGA-E2-A572,Female,No,Equivocal,Negative,neg,,TCGA-E2-A572-01A,TCGA-E2-A572-01A-13R-A31O-07,cd002ab8-a52b-4d20-9089-11b3e1dbaeb7,1,1,0,1,,her2neg_pam50_not_LumA_LumB_Basal,,
TCGA-E2-A573,Female,No,Equivocal,Negative,neg,Basal,TCGA-E2-A573-01A,TCGA-E2-A573-01A-11R-A29R-07,b3eb0ef4-66e8-48df-9acc-fd252dc2ac61,1,1,0,1,Basal,,50.0,reserve
TCGA-E2-A574,Female,No,Equivocal,Negative,neg,Basal,TCGA-E2-A574-01A,TCGA-E2-A574-01A-11R-A29R-07,ef227e3c-7a6d-4c43-945f-c1c7b410d50b,1,1,0,1,Basal,,92.0,reserve
TCGA-E2-A576,Female,No,Equivocal,Negative,neg,LumA,TCGA-E2-A576-01A,TCGA-E2-A576-01A-11R-A31O-07,469c052c-d2c8-4626-af1c-7276653168fe,1,1,0,1,LumA,,79.0,reserve
TCGA-E2-A9RU,Female,No,Equivocal,Negative,neg,LumB,TCGA-E2-A9RU-01A,TCGA-E2-A9RU-01A-11R-A41B-07,6487c7e6-38ad-417c-8009-6c899fe74a64,1,1,0,1,LumB,,92.0,reserve
TCGA-E9-A1N3,Female,No,,,undetermined,LumA,TCGA-E9-A1N3-01A,TCGA-E9-A1N3-01A-12R-A157-07,91577462-386f-43eb-88e1-859c1d74763c,1,1,0,1,,her2_undetermined,,
TCGA-E9-A1N4,Female,No,Positive,,pos,LumA,TCGA-E9-A1N4-01A,TCGA-E9-A1N4-01A-11R-A14M-07,ac70b1a2-ff7d-49db-a962-4c07479d50b6,1,1,0,1,HER2pos,,99.0,reserve
TCGA-E9-A1N5,Female,No,Positive,,pos,LumA,TCGA-E9-A1N5-01A,TCGA-E9-A1N5-01A-11R-A14D-07,d9126541-4eb3-48fc-88ed-2e0ecea0d9d4,1,1,0,1,HER2pos,,161.0,reserve
TCGA-E9-A1N6,Female,No,Positive,,pos,,TCGA-E9-A1N6-01A,TCGA-E9-A1N6-01A-11R-A144-07,c3b9e954-9acd-481d-b6d1-86db1e62d037,1,1,0,1,HER2pos,,133.0,reserve
TCGA-E9-A1N8,Female,No,Negative,,neg,Basal,TCGA-E9-A1N8-01A,TCGA-E9-A1N8-01A-11R-A144-07,4b445a8f-b60b-44c3-b501-de93010172f7,1,1,0,1,Basal,,24.0,reserve
TCGA-E9-A1N9,Female,No,Positive,,pos,Basal,TCGA-E9-A1N9-01A,TCGA-E9-A1N9-01A-11R-A14D-07,4c57cb4f-b4dc-4cfa-9af5-1447422c5b95,1,1,0,1,HER2pos,,69.0,reserve
TCGA-E9-A1NA,Female,No,Positive,,pos,LumB,TCGA-E9-A1NA-01A,TCGA-E9-A1NA-01A-11R-A144-07,08671bd5-f67a-46fa-979d-4aa40fb6575a,1,1,0,1,HER2pos,,86.0,reserve
TCGA-E9-A1NC,Female,No,Positive,,pos,Basal,TCGA-E9-A1NC-01A,TCGA-E9-A1NC-01A-21R-A26B-07,a83dac26-4fdb-4819-be18-a6e03641fb80,1,2,0,1,HER2pos,,87.0,reserve
TCGA-E9-A1ND,Female,No,Positive,,pos,Basal,TCGA-E9-A1ND-01A,TCGA-E9-A1ND-01A-11R-A144-07,98320692-9c1c-4ed3-9ea1-72f098c03049,1,1,0,1,HER2pos,,28.0,main
TCGA-E9-A1NE,Female,No,Negative,,neg,LumA,TCGA-E9-A1NE-01A,TCGA-E9-A1NE-01A-21R-A14M-07,b3d19aa0-af01-4998-b234-81f313b7a6f0,1,1,0,1,LumA,,92.0,reserve
TCGA-E9-A1NF,Female,No,Negative,,neg,LumB,TCGA-E9-A1NF-01A,TCGA-E9-A1NF-01A-11R-A14D-07,481c702a-58ee-4fab-9559-434a45615aa5,1,1,0,1,LumB,,33.0,reserve
TCGA-E9-A1NG,Female,No,Negative,,neg,LumA,TCGA-E9-A1NG-01A,TCGA-E9-A1NG-01A-21R-A14M-07,8e063797-856c-491a-b702-1a37ebf6b6a8,1,1,0,1,LumA,,321.0,reserve
TCGA-E9-A1NH,Female,No,Negative,,neg,LumA,TCGA-E9-A1NH-01A,TCGA-E9-A1NH-01A-11R-A14D-07,11e658a7-64e3-47ac-8993-eea0d17fc949,1,1,0,1,LumA,,330.0,reserve
TCGA-E9-A1NI,Female,No,Negative,,neg,LumB,TCGA-E9-A1NI-01A,TCGA-E9-A1NI-01A-11R-A14D-07,56a26df4-d9c1-4f43-bb44-8afd34eea927,1,1,0,1,LumB,,85.0,reserve
TCGA-E9-A1QZ,Female,No,,,undetermined,LumA,TCGA-E9-A1QZ-01A,TCGA-E9-A1QZ-01A-21R-A169-07,a8a6308d-04e4-47e9-adb6-c895b605ad69,1,1,0,1,,her2_undetermined,,
TCGA-E9-A1R0,Female,No,,,undetermined,LumA,TCGA-E9-A1R0-01A,TCGA-E9-A1R0-01A-22R-A16F-07,0b798fe4-1c51-4c36-afc8-5bee39fd6077,1,1,0,1,,her2_undetermined,,
TCGA-E9-A1R2,Female,No,Equivocal,Negative,neg,LumA,TCGA-E9-A1R2-01A,TCGA-E9-A1R2-01A-11R-A14D-07,58037e4a-a82f-42a9-84a1-715966343bd4,1,1,0,1,LumA,,183.0,reserve
TCGA-E9-A1R3,Female,No,,,undetermined,LumA,TCGA-E9-A1R3-01A,TCGA-E9-A1R3-01A-31R-A14M-07,0094f9d0-45ec-4aad-bca0-71c60bdd7113,1,1,0,1,,her2_undetermined,,
TCGA-E9-A1R4,Female,No,,,undetermined,LumB,TCGA-E9-A1R4-01A,TCGA-E9-A1R4-01A-21R-A14D-07,488399aa-ef3c-42d7-817f-9db11b9902dd,1,1,0,1,,her2_undetermined,,
TCGA-E9-A1R5,Female,No,,,undetermined,LumA,TCGA-E9-A1R5-01A,TCGA-E9-A1R5-01A-11R-A14M-07,92431faf-af89-4f25-be07-61ac770b9633,1,1,0,1,,her2_undetermined,,
TCGA-E9-A1R6,Female,No,,,undetermined,LumA,TCGA-E9-A1R6-01A,TCGA-E9-A1R6-01A-11R-A14D-07,4e98f490-cbdf-4864-8cc3-b5f9d3c95146,1,1,0,1,,her2_undetermined,,
TCGA-E9-A1R7,Female,No,,,undetermined,LumB,TCGA-E9-A1R7-01A,TCGA-E9-A1R7-01A-11R-A14M-07,86d6bd3f-d1a8-4b12-bd4f-009cd707ad8b,1,1,0,1,,her2_undetermined,,
TCGA-E9-A1RA,Female,No,,,undetermined,LumA,TCGA-E9-A1RA-01A,TCGA-E9-A1RA-01A-11R-A14D-07,7baccc3d-54ba-4a3f-8ec0-b54ccd92df45,1,1,0,1,,her2_undetermined,,
TCGA-E9-A1RB,Female,No,,,undetermined,LumB,TCGA-E9-A1RB-01A,TCGA-E9-A1RB-01A-11R-A157-07,c9920595-31f2-4977-b6bd-c0fa3ffcf461,1,1,0,1,,her2_undetermined,,
TCGA-E9-A1RC,Female,No,,,undetermined,LumA,TCGA-E9-A1RC-01A,TCGA-E9-A1RC-01A-11R-A157-07,8c600781-5238-4b46-80bc-aa2710c1ed3f,1,1,0,1,,her2_undetermined,,
TCGA-E9-A1RD,Female,No,,,undetermined,LumA,TCGA-E9-A1RD-01A,TCGA-E9-A1RD-01A-11R-A157-07,467cc312-373e-4655-a07e-533ccb133b22,1,1,0,1,,her2_undetermined,,
TCGA-E9-A1RE,Female,No,,,undetermined,LumB,TCGA-E9-A1RE-01A,TCGA-E9-A1RE-01A-11R-A157-07,d889e5ea-58f5-4d2f-ad1e-6ab5d3217642,1,1,0,1,,her2_undetermined,,
TCGA-E9-A1RF,Female,No,,,undetermined,LumA,TCGA-E9-A1RF-01A,TCGA-E9-A1RF-01A-11R-A157-07,e0bd84f0-9524-4bd2-aa92-7205357596e5,1,1,0,1,,her2_undetermined,,
TCGA-E9-A1RG,Female,No,,,undetermined,LumB,TCGA-E9-A1RG-01A,TCGA-E9-A1RG-01A-11R-A14D-07,83707590-e4c8-4e06-98d5-f6c5dc710d1b,1,1,0,1,,her2_undetermined,,
TCGA-E9-A1RH,Female,No,,,undetermined,Her2,TCGA-E9-A1RH-01A,TCGA-E9-A1RH-01A-21R-A169-07,0d140db1-dc0d-431d-b389-846d05bbb827,1,1,0,1,,her2_undetermined,,
TCGA-E9-A1RI,Female,No,,,undetermined,LumA,TCGA-E9-A1RI-01A,TCGA-E9-A1RI-01A-11R-A169-07,92dd3ded-2b51-4d1d-8c8a-09ed1f0b16ed,1,1,0,1,,her2_undetermined,,
TCGA-E9-A226,Female,No,,,undetermined,LumB,TCGA-E9-A226-01A,TCGA-E9-A226-01A-21R-A157-07,461fda5d-d6e6-4354-b035-c302cc43b03f,1,1,0,1,,her2_undetermined,,
TCGA-E9-A227,Female,No,Negative,,neg,LumA,TCGA-E9-A227-01A,TCGA-E9-A227-01A-11R-A157-07,295d363f-0366-4102-a35c-86e4a4fe7d84,1,1,0,1,LumA,,130.0,reserve
TCGA-E9-A228,Female,No,,,undetermined,LumB,TCGA-E9-A228-01A,TCGA-E9-A228-01A-31R-A157-07,74b16304-eb3f-4311-9b2e-dbf5eac89b44,1,1,0,1,,her2_undetermined,,
TCGA-E9-A229,Female,No,,,undetermined,LumA,TCGA-E9-A229-01A,TCGA-E9-A229-01A-31R-A157-07,6129ca9a-5466-4cf5-be19-a4e3134659cb,1,1,0,1,,her2_undetermined,,
TCGA-E9-A22A,Female,No,Negative,,neg,LumB,TCGA-E9-A22A-01A,TCGA-E9-A22A-01A-11R-A157-07,f9432d83-a322-4f5b-9c45-7dad736005a4,1,1,0,1,LumB,,50.0,reserve
TCGA-E9-A22B,Female,No,Negative,,neg,LumA,TCGA-E9-A22B-01A,TCGA-E9-A22B-01A-11R-A157-07,5e05ff45-9f44-484d-889f-529e2bfe2a48,1,1,0,1,LumA,,241.0,reserve
TCGA-E9-A22D,Female,No,Positive,,pos,LumB,TCGA-E9-A22D-01A,TCGA-E9-A22D-01A-11R-A157-07,82fea6e8-7c6a-4575-bfcd-c164094538e6,1,1,0,1,HER2pos,,52.0,reserve
TCGA-E9-A22E,Female,No,Positive,,pos,LumB,TCGA-E9-A22E-01A,TCGA-E9-A22E-01A-11R-A157-07,c587bd27-778a-4729-b614-e0631bb3717b,1,1,0,1,HER2pos,,110.0,reserve
TCGA-E9-A22G,Female,No,Positive,,pos,Basal,TCGA-E9-A22G-01A,TCGA-E9-A22G-01A-11R-A157-07,51aab02d-11b1-4ef3-a8f3-8146b6c24aad,1,1,0,1,HER2pos,,115.0,reserve
TCGA-E9-A22H,Female,No,Positive,,pos,LumB,TCGA-E9-A22H-01A,TCGA-E9-A22H-01A-11R-A157-07,9b03a281-22c7-4ad4-b1c8-ba7eed0e8c5b,1,1,0,1,HER2pos,,13.0,main
TCGA-E9-A243,Female,No,,,undetermined,Basal,TCGA-E9-A243-01A,TCGA-E9-A243-01A-21R-A169-07,f3746445-b2d0-4455-a6c0-46562188c056,1,1,0,1,,her2_undetermined,,
TCGA-E9-A244,Female,No,,,undetermined,Basal,TCGA-E9-A244-01A,TCGA-E9-A244-01A-11R-A169-07,34d68427-f4e7-4c9e-97ee-c853519961fb,1,1,0,1,,her2_undetermined,,
TCGA-E9-A245,Female,No,,,undetermined,LumA,TCGA-E9-A245-01A,TCGA-E9-A245-01A-22R-A16F-07,243fe98b-3355-4b09-8094-b9e06a2b8329,1,1,0,1,,her2_undetermined,,
TCGA-E9-A247,Female,No,,,undetermined,LumA,TCGA-E9-A247-01A,TCGA-E9-A247-01A-11R-A169-07,097a38f3-a6c5-4267-8648-cd04e2bd9984,1,1,0,1,,her2_undetermined,,
TCGA-E9-A248,Female,No,,,undetermined,Her2,TCGA-E9-A248-01A,TCGA-E9-A248-01A-11R-A169-07,1dd5828f-8e81-4196-992f-70b8203c915f,1,1,0,1,,her2_undetermined,,
TCGA-E9-A249,Female,No,,,undetermined,LumB,TCGA-E9-A249-01A,TCGA-E9-A249-01A-11R-A169-07,76d94448-4fd0-4476-af15-3c845d70851d,1,1,0,1,,her2_undetermined,,
TCGA-E9-A24A,Female,No,,,undetermined,LumA,TCGA-E9-A24A-01A,TCGA-E9-A24A-01A-11R-A169-07,b6bbcd01-c1a3-42b8-afe7-c17b987903b0,1,1,0,1,,her2_undetermined,,
TCGA-E9-A295,Female,No,Positive,,pos,LumA,TCGA-E9-A295-01A,TCGA-E9-A295-01A-11R-A16F-07,477f941f-1fb8-438f-802e-2e7fe6552fab,1,1,0,1,HER2pos,,48.0,reserve
TCGA-E9-A2JS,Female,No,,,undetermined,LumB,TCGA-E9-A2JS-01A,TCGA-E9-A2JS-01A-11R-A180-07,2ea0b718-c634-4692-9cf0-4f118adfafbd,1,1,0,1,,her2_undetermined,,
TCGA-E9-A2JT,Female,No,,,undetermined,LumA,TCGA-E9-A2JT-01A,TCGA-E9-A2JT-01A-22R-A18M-07,d144a154-2dcb-484f-b50d-1b65ab9eb19e,1,1,0,1,,her2_undetermined,,
TCGA-E9-A3HO,Female,No,,,undetermined,LumB,TCGA-E9-A3HO-01A,TCGA-E9-A3HO-01A-11R-A213-07,75a7e5eb-1db8-4858-9a9f-78abea32ccd4,1,1,0,1,,her2_undetermined,,
TCGA-E9-A3Q9,Female,No,Indeterminate,,undetermined,,TCGA-E9-A3Q9-01A,TCGA-E9-A3Q9-01A-11R-A21T-07,59c3cb45-ca6e-40ad-a3f0-9b496b934aa5,1,1,0,1,,her2_undetermined,,
TCGA-E9-A3QA,Female,No,,,undetermined,Basal,TCGA-E9-A3QA-01A,TCGA-E9-A3QA-01A-61R-A22K-07,d67d6fbf-50fa-485e-8ac7-a3c7ac33b3b2,1,1,0,1,,her2_undetermined,,
TCGA-E9-A3X8,Female,No,Positive,,pos,LumA,TCGA-E9-A3X8-01A,TCGA-E9-A3X8-01A-31R-A22U-07,9b2a1467-775c-48cf-9a3c-e259ccd344e4,1,1,0,1,HER2pos,,37.0,main
TCGA-E9-A54X,Female,No,Negative,,neg,,TCGA-E9-A54X-01A,TCGA-E9-A54X-01A-11R-A266-07,c6882939-729e-4360-b850-9f7a84df2d7e,1,1,0,1,,her2neg_pam50_not_LumA_LumB_Basal,,
TCGA-E9-A54Y,Female,No,Negative,,neg,LumB,TCGA-E9-A54Y-01A,TCGA-E9-A54Y-01A-11R-A466-07,ddd1c3de-8266-4f56-a982-bcc20b868e90,1,1,0,1,LumB,,53.0,reserve
TCGA-E9-A5FK,Female,No,Negative,,neg,LumA,TCGA-E9-A5FK-01A,TCGA-E9-A5FK-01A-11R-A27Q-07,da29bf10-4629-4234-8e49-43a4513fe579,1,1,0,1,LumA,,126.0,reserve
TCGA-E9-A5FL,Female,No,Negative,,neg,Basal,TCGA-E9-A5FL-01A,TCGA-E9-A5FL-01A-11R-A27Q-07,c1f3f326-e99f-4811-9665-d15d6d8a1c33,1,1,0,1,Basal,,65.0,reserve
TCGA-E9-A5UO,Female,No,,,undetermined,LumB,TCGA-E9-A5UO-01A,TCGA-E9-A5UO-01A-11R-A28M-07,71175258-a00a-4035-8f33-eb48bf04066f,1,1,0,1,,her2_undetermined,,
TCGA-E9-A5UP,Female,No,,,undetermined,,TCGA-E9-A5UP-01A,TCGA-E9-A5UP-01A-11R-A28M-07,5428e771-3ea8-46d1-842e-50a270d26bd3,1,1,0,1,,her2_undetermined,,
TCGA-E9-A6HE,Female,No,Negative,Negative,neg,LumA,TCGA-E9-A6HE-01A,TCGA-E9-A6HE-01A-11R-A31O-07,9314aa86-3d8d-4709-a6e1-0aa22b21d6b5,1,1,0,1,LumA,,236.0,reserve
TCGA-EW-A1IW,Female,No,Positive,,pos,LumA,TCGA-EW-A1IW-01A,TCGA-EW-A1IW-01A-11R-A13Q-07,a835cfe4-9359-4178-9c9a-44ecb4173e47,1,1,0,1,HER2pos,,157.0,reserve
TCGA-EW-A1IX,Female,No,Negative,,neg,LumA,TCGA-EW-A1IX-01A,TCGA-EW-A1IX-01A-12R-A144-07,02a0b95f-ea0f-4c0d-ba2d-9724ed9ad712,1,1,0,1,LumA,,339.0,reserve
TCGA-EW-A1IY,Female,No,Negative,,neg,LumB,TCGA-EW-A1IY-01A,TCGA-EW-A1IY-01A-11R-A13Q-07,9b13d7e4-d265-4c0b-8aa3-5b4af70ff87d,1,1,0,1,LumB,,15.0,main
TCGA-EW-A1IZ,Female,No,Negative,,neg,LumA,TCGA-EW-A1IZ-01A,TCGA-EW-A1IZ-01A-11R-A13Q-07,9c55de9c-a13e-4772-9a5d-4cde38f75cf3,1,1,0,1,LumA,,80.0,reserve
TCGA-EW-A1J1,Female,No,Negative,,neg,LumA,TCGA-EW-A1J1-01A,TCGA-EW-A1J1-01A-11R-A13Q-07,86ce8513-c2a6-4b5c-9811-904f0eee21a0,1,1,0,1,LumA,,81.0,reserve
TCGA-EW-A1J2,Female,No,Negative,,neg,LumA,TCGA-EW-A1J2-01A,TCGA-EW-A1J2-01A-21R-A13Q-07,71ea0cc0-d979-4efd-a670-1e8e8a329aca,1,1,0,1,LumA,,51.0,reserve
TCGA-EW-A1J3,Female,No,Positive,,pos,LumA,TCGA-EW-A1J3-01A,TCGA-EW-A1J3-01A-11R-A13Q-07,b9549737-232d-446f-812f-e7e015bfb462,1,1,0,1,HER2pos,,123.0,reserve
TCGA-EW-A1J5,Female,No,Negative,,neg,LumA,TCGA-EW-A1J5-01A,TCGA-EW-A1J5-01A-11R-A13Q-07,1cf56202-05e5-41ad-9f27-3519bee045f4,1,1,0,1,LumA,,269.0,reserve
TCGA-EW-A1J6,Female,No,Negative,,neg,LumB,TCGA-EW-A1J6-01A,TCGA-EW-A1J6-01A-11R-A13Q-07,d7e1d1f4-3189-401d-91dc-048ab13ce5df,1,1,0,1,LumB,,51.0,reserve
TCGA-EW-A1OV,Female,No,Negative,Negative,neg,Her2,TCGA-EW-A1OV-01A,TCGA-EW-A1OV-01A-11R-A144-07,57044315-cc7f-4677-90fa-2e959740bd9c,1,1,0,1,,her2neg_pam50_not_LumA_LumB_Basal,,
TCGA-EW-A1OW,Female,No,Negative,,neg,,TCGA-EW-A1OW-01A,TCGA-EW-A1OW-01A-21R-A144-07,7b738087-65b1-4c6e-94c4-d0ba6bb17098,1,1,0,1,,her2neg_pam50_not_LumA_LumB_Basal,,
TCGA-EW-A1OX,Female,No,Negative,,neg,LumB,TCGA-EW-A1OX-01A,TCGA-EW-A1OX-01A-11R-A144-07,6f3bd40b-98b5-431b-a0b3-c7767b479d7d,1,1,0,1,LumB,,97.0,reserve
TCGA-EW-A1OY,Female,No,Negative,Negative,neg,LumB,TCGA-EW-A1OY-01A,TCGA-EW-A1OY-01A-11R-A144-07,97c68557-c395-40bb-aaa3-a16514da3644,1,1,0,1,LumB,,108.0,reserve
TCGA-EW-A1OZ,Female,No,Equivocal,Positive,pos,LumB,TCGA-EW-A1OZ-01A,TCGA-EW-A1OZ-01A-11R-A144-07,3e3125cd-a554-4a76-a9e2-b9187e0db6ab,1,1,0,1,HER2pos,,149.0,reserve
TCGA-EW-A1P0,Female,No,Negative,,neg,LumB,TCGA-EW-A1P0-01A,TCGA-EW-A1P0-01A-11R-A144-07,dcac8f3c-d282-4ac9-9194-b1461966c795,1,1,0,1,LumB,,90.0,reserve
TCGA-EW-A1P1,Female,No,Equivocal,Negative,neg,Normal,TCGA-EW-A1P1-01A,TCGA-EW-A1P1-01A-31R-A14D-07,d0654d2d-37ef-4d93-996e-c68cfedea376,1,1,0,1,,her2neg_pam50_not_LumA_LumB_Basal,,
TCGA-EW-A1P3,Female,No,Negative,,neg,LumA,TCGA-EW-A1P3-01A,TCGA-EW-A1P3-01A-11R-A144-07,7fadaf69-2a7b-4eca-aec9-c2f2b43eab3c,1,1,0,1,LumA,,131.0,reserve
TCGA-EW-A1P4,Female,No,Negative,,neg,Basal,TCGA-EW-A1P4-01A,TCGA-EW-A1P4-01A-21R-A144-07,86b68671-beef-4a15-aabb-89d79396fd9d,1,1,0,1,Basal,,69.0,reserve
TCGA-EW-A1P5,Female,No,Negative,Negative,neg,LumA,TCGA-EW-A1P5-01A,TCGA-EW-A1P5-01A-11R-A144-07,70f7e473-4a58-4186-aedd-1bab29bef4f3,1,1,0,1,LumA,,44.0,reserve
TCGA-EW-A1P6,Female,No,Negative,,neg,LumA,TCGA-EW-A1P6-01A,TCGA-EW-A1P6-01A-11R-A144-07,2b64d9ef-56fc-4362-99c7-d0cc6011c2a4,1,1,0,1,LumA,,119.0,reserve
TCGA-EW-A1P7,Female,No,Equivocal,Negative,neg,Normal,TCGA-EW-A1P7-01A,TCGA-EW-A1P7-01A-21R-A144-07,dbdaac00-02bf-41e0-8d54-734273e10baa,1,1,0,1,,her2neg_pam50_not_LumA_LumB_Basal,,
TCGA-EW-A1P8,Female,No,Negative,,neg,Basal,TCGA-EW-A1P8-01A,TCGA-EW-A1P8-01A-11R-A144-07,c15e9ead-0373-486e-a99b-26b96bd3ccc4,1,1,0,1,Basal,,113.0,reserve
TCGA-EW-A1PA,Female,No,Negative,,neg,LumA,TCGA-EW-A1PA-01A,TCGA-EW-A1PA-01A-11R-A144-07,8b885bee-44ab-40ce-bc3e-18ef36fa35ae,1,1,0,1,LumA,,76.0,reserve
TCGA-EW-A1PB,Female,No,Negative,,neg,Basal,TCGA-EW-A1PB-01A,TCGA-EW-A1PB-01A-11R-A144-07,2081a155-9d2d-41f6-b243-68a12e9b342a,1,1,0,1,Basal,,91.0,reserve
TCGA-EW-A1PC,Female,No,Negative,,neg,,TCGA-EW-A1PC-01B,TCGA-EW-A1PC-01B-11R-A21T-07,62c0cac5-05eb-46ea-b165-a2e9e342a259,1,1,0,1,,her2neg_pam50_not_LumA_LumB_Basal,,
TCGA-EW-A1PD,Male,No,Equivocal,Positive,pos,,TCGA-EW-A1PD-01A,TCGA-EW-A1PD-01A-11R-A144-07,de5e449b-bc57-4836-89e4-73a3ba24abdf,1,1,0,1,HER2pos,not_female,,
TCGA-EW-A1PE,Female,No,Negative,,neg,LumA,TCGA-EW-A1PE-01A,TCGA-EW-A1PE-01A-11R-A144-07,28b84c2b-6524-46ee-9d1e-24e7d6379af4,1,1,0,1,LumA,,212.0,reserve
TCGA-EW-A1PF,Female,No,Negative,,neg,,TCGA-EW-A1PF-01A,TCGA-EW-A1PF-01A-11R-A144-07,f90e51cb-b862-4a76-acb0-cc882bfb4ee6,1,1,0,1,,her2neg_pam50_not_LumA_LumB_Basal,,
TCGA-EW-A1PG,Female,No,Equivocal,Negative,neg,Normal,TCGA-EW-A1PG-01A,TCGA-EW-A1PG-01A-11R-A144-07,cd2dcf58-da3a-4070-b42f-07d0102a342e,1,1,0,1,,her2neg_pam50_not_LumA_LumB_Basal,,
TCGA-EW-A1PH,Female,No,Negative,,neg,Basal,TCGA-EW-A1PH-01A,TCGA-EW-A1PH-01A-11R-A14M-07,67317cce-4a8c-4313-bb26-4ef7759071b9,1,1,0,1,Basal,,20.0,main
TCGA-EW-A2FR,Female,No,Equivocal,Positive,pos,Her2,TCGA-EW-A2FR-01A,TCGA-EW-A2FR-01A-11R-A21T-07,9568dc22-f91c-44dd-95ec-370466ee64c3,1,1,0,1,HER2pos,,160.0,reserve
TCGA-EW-A2FS,Female,No,Negative,,neg,LumA,TCGA-EW-A2FS-01A,TCGA-EW-A2FS-01A-11R-A17B-07,9dc09c86-c728-4bd9-b2b6-2d9962dad662,1,1,0,1,LumA,,57.0,reserve
TCGA-EW-A2FV,Female,No,Negative,,neg,LumA,TCGA-EW-A2FV-01A,TCGA-EW-A2FV-01A-11R-A17B-07,4d2cc90a-574f-4184-9a1c-86af222e9bb6,1,1,0,1,LumA,,133.0,reserve
TCGA-EW-A2FW,Female,No,Negative,,neg,LumB,TCGA-EW-A2FW-01A,TCGA-EW-A2FW-01A-11R-A17B-07,5c33730b-be75-452a-ad2f-02eb726d4eae,1,1,0,1,LumB,,73.0,reserve
TCGA-EW-A3E8,Female,No,Negative,,neg,,TCGA-EW-A3E8-01B,TCGA-EW-A3E8-01B-11R-A24H-07,d0dcec39-c407-4593-98e3-133714cf2f7b,1,1,0,1,,her2neg_pam50_not_LumA_LumB_Basal,,
TCGA-EW-A3U0,Female,No,Negative,,neg,,TCGA-EW-A3U0-01A,TCGA-EW-A3U0-01A-11R-A22K-07,03a1a105-4856-4e5c-b537-508bdbda50b5,1,1,0,1,,her2neg_pam50_not_LumA_LumB_Basal,,
TCGA-EW-A423,Female,No,Negative,,neg,LumA,TCGA-EW-A423-01A,TCGA-EW-A423-01A-11R-A24H-07,490df7f9-4b05-449d-bf47-d7de49aa50c0,1,1,0,2,LumA,,122.0,reserve
TCGA-EW-A424,Female,No,Positive,,pos,,TCGA-EW-A424-01A,TCGA-EW-A424-01A-11R-A24H-07,845def46-3502-40a8-aff1-8d021906cee5,1,1,0,1,HER2pos,,21.0,main
TCGA-EW-A6S9,Female,No,Positive,,pos,LumA,TCGA-EW-A6S9-01A,TCGA-EW-A6S9-01A-22R-A33J-07,ca6e4602-bcd4-4299-bd31-37f585658b8a,1,1,0,1,HER2pos,,140.0,reserve
TCGA-EW-A6SA,Male,No,Negative,,neg,,TCGA-EW-A6SA-01A,TCGA-EW-A6SA-01A-21R-A32P-07,9b5bdd89-05ac-4cde-beee-66739a903939,1,1,0,1,,not_female,,
TCGA-EW-A6SB,Female,No,Negative,,neg,Basal,TCGA-EW-A6SB-01A,TCGA-EW-A6SB-01A-12R-A32P-07,83f2e26b-fefd-4027-ac5e-fa204ec9f084,1,1,0,1,Basal,,75.0,reserve
TCGA-EW-A6SC,Female,No,Negative,,neg,LumA,TCGA-EW-A6SC-01A,TCGA-EW-A6SC-01A-12R-A32P-07,9d487523-ce75-4146-98d9-aed08dc2f632,1,1,0,1,LumA,,346.0,reserve
TCGA-EW-A6SD,Female,No,,,undetermined,Her2,TCGA-EW-A6SD-01A,TCGA-EW-A6SD-01A-12R-A33J-07,4a5803a6-942a-4992-8b9d-29e1091b10f6,1,1,0,1,,her2_undetermined,,
TCGA-GI-A2C8,Female,Yes,Negative,Negative,neg,LumA,TCGA-GI-A2C8-01A,TCGA-GI-A2C8-01A-11R-A16F-07,db921dd3-3d39-4b42-b2ff-dbe0f6c9f093,1,1,0,1,LumA,neoadjuvant_yes_or_unknown,,
TCGA-GI-A2C9,Female,No,Negative,,neg,,TCGA-GI-A2C9-01A,TCGA-GI-A2C9-01A-11R-A21T-07,3e0c80d6-5091-454c-ad27-eb513cf6f45d,1,1,0,1,,her2neg_pam50_not_LumA_LumB_Basal,,
TCGA-GM-A2D9,Female,No,,Negative,neg,LumA,TCGA-GM-A2D9-01A,TCGA-GM-A2D9-01A-11R-A18M-07,fae4edd8-db77-4937-94c4-3b16d39fb8c9,1,1,0,1,LumA,,153.0,reserve
TCGA-GM-A2DA,Female,No,Equivocal,Positive,pos,LumA,TCGA-GM-A2DA-01A,TCGA-GM-A2DA-01A-11R-A18M-07,90452523-0f9a-4c14-9d5f-e44f7079fb18,1,1,0,1,HER2pos,,34.0,main
TCGA-GM-A2DB,Female,No,Negative,Negative,neg,Her2,TCGA-GM-A2DB-01A,TCGA-GM-A2DB-01A-31R-A18M-07,59bb8b6d-9827-4d5c-8714-cbc8ec3b8be5,1,1,0,1,,her2neg_pam50_not_LumA_LumB_Basal,,
TCGA-GM-A2DC,Female,No,,Negative,neg,LumA,TCGA-GM-A2DC-01A,TCGA-GM-A2DC-01A-11R-A18M-07,97dbbbc5-cd1a-4bb8-99c5-600870ccd35d,1,1,0,1,LumA,,244.0,reserve
TCGA-GM-A2DD,Female,No,Equivocal,Negative,neg,Normal,TCGA-GM-A2DD-01A,TCGA-GM-A2DD-01A-11R-A180-07,e3cfb618-5ed2-4841-b7c1-a9f049ac8f9d,1,1,0,1,,her2neg_pam50_not_LumA_LumB_Basal,,
TCGA-GM-A2DF,Female,No,Negative,Negative,neg,Basal,TCGA-GM-A2DF-01A,TCGA-GM-A2DF-01A-11R-A180-07,842b0c9e-a03d-4074-b0fe-be8d0e056c7d,1,1,0,1,Basal,,97.0,reserve
TCGA-GM-A2DH,Female,No,Negative,Negative,neg,Her2,TCGA-GM-A2DH-01A,TCGA-GM-A2DH-01A-11R-A180-07,4ad2cbb3-5bca-462b-af1f-8a292c317722,1,1,0,1,,her2neg_pam50_not_LumA_LumB_Basal,,
TCGA-GM-A2DI,Female,No,,Negative,neg,LumA,TCGA-GM-A2DI-01A,TCGA-GM-A2DI-01A-31R-A18M-07,bbff7857-30a2-41ad-b2f7-5a6ffc59fe0c,1,1,0,1,LumA,,62.0,reserve
TCGA-GM-A2DK,Female,No,Negative,,neg,LumA,TCGA-GM-A2DK-01A,TCGA-GM-A2DK-01A-21R-A180-07,a17d51b5-c397-4591-a227-dc0425948420,1,1,0,1,LumA,,59.0,reserve
TCGA-GM-A2DL,Female,No,Negative,,neg,LumA,TCGA-GM-A2DL-01A,TCGA-GM-A2DL-01A-11R-A18M-07,3396edba-0d2a-4485-ad0a-5114b38c1abe,1,1,0,1,LumA,,205.0,reserve
TCGA-GM-A2DM,Female,No,Negative,,neg,LumA,TCGA-GM-A2DM-01A,TCGA-GM-A2DM-01A-11R-A180-07,a39993c2-0b95-4df1-b501-b1a746633449,1,1,0,1,LumA,,60.0,reserve
TCGA-GM-A2DN,Female,No,Negative,,neg,LumA,TCGA-GM-A2DN-01A,TCGA-GM-A2DN-01A-11R-A180-07,7140b89b-50b6-42ed-a69d-1cbc7901d530,1,1,0,1,LumA,,285.0,reserve
TCGA-GM-A2DO,Female,No,Negative,,neg,LumB,TCGA-GM-A2DO-01A,TCGA-GM-A2DO-01A-11R-A18M-07,e855de31-6adc-423f-9295-3064f2449f35,1,1,0,1,LumB,,109.0,reserve
TCGA-GM-A3NW,Female,No,Equivocal,Negative,neg,LumA,TCGA-GM-A3NW-01A,TCGA-GM-A3NW-01A-21R-A22K-07,798e4669-4ca3-4af1-b713-be2b1f30e4dc,1,0,0,1,LumA,no_frozen_slide_same_sample,,
TCGA-GM-A3NY,Female,No,Negative,,neg,,TCGA-GM-A3NY-01A,TCGA-GM-A3NY-01A-11R-A21T-07,ea7281b8-a53c-453a-93e9-69549c5f0fe8,1,1,0,1,,her2neg_pam50_not_LumA_LumB_Basal,,
TCGA-GM-A3XG,Female,No,Negative,Negative,neg,,TCGA-GM-A3XG-01A,TCGA-GM-A3XG-01A-31R-A24H-07,fc1ea7f7-814a-43c5-a841-fb0c11734603,1,1,0,1,,her2neg_pam50_not_LumA_LumB_Basal,,
TCGA-GM-A3XL,Female,No,,Negative,neg,Basal,TCGA-GM-A3XL-01A,TCGA-GM-A3XL-01A-11R-A22U-07,435f3fbf-5c8f-4800-bff4-3b4d5f9daf2e,1,1,0,1,Basal,,128.0,reserve
TCGA-GM-A3XN,Female,No,Negative,Negative,neg,,TCGA-GM-A3XN-01A,TCGA-GM-A3XN-01A-12R-A22U-07,1a000feb-3b71-4f95-8b39-68ec25b64d96,1,1,0,1,,her2neg_pam50_not_LumA_LumB_Basal,,
TCGA-GM-A4E0,Female,No,,Negative,neg,LumA,TCGA-GM-A4E0-01A,TCGA-GM-A4E0-01A-12R-A266-07,131d96e3-0799-4956-a752-dc244a05c493,1,1,0,1,LumA,,14.0,main
TCGA-GM-A5PV,Female,No,,Negative,neg,LumA,TCGA-GM-A5PV-01A,TCGA-GM-A5PV-01A-11R-A28M-07,b5fc7f21-688b-4764-b0ce-c450ad902e06,1,1,0,0,LumA,no_dx_slide,,
TCGA-GM-A5PX,Female,No,Negative,Negative,neg,LumA,TCGA-GM-A5PX-01A,TCGA-GM-A5PX-01A-12R-A28M-07,578022ab-5178-4440-8996-73e8826dd74d,1,1,0,0,LumA,no_dx_slide,,
TCGA-HN-A2NL,Female,No,Negative,,neg,Basal,TCGA-HN-A2NL-01A,TCGA-HN-A2NL-01A-11R-A18M-07,7125229a-2fc6-402d-bd87-ad0d3195fd49,1,1,0,1,Basal,,8.0,main
TCGA-HN-A2OB,Female,No,Negative,Negative,neg,LumA,TCGA-HN-A2OB-01A,TCGA-HN-A2OB-01A-21R-A27Q-07,18340589-696e-4f56-80c2-dc7d7428c471,1,1,0,1,LumA,,199.0,reserve
TCGA-JL-A3YW,Female,No,Positive,,pos,,TCGA-JL-A3YW-01A,TCGA-JL-A3YW-01A-12R-A239-07,8ebe5f43-053c-4bfc-aefd-b9c22897b4ce,1,1,0,1,HER2pos,,56.0,reserve
TCGA-JL-A3YX,Female,No,Positive,,pos,LumA,TCGA-JL-A3YX-01A,TCGA-JL-A3YX-01A-11R-A22U-07,5064b439-81da-4ef3-b2de-bbca8d3a07e7,1,1,0,1,HER2pos,,84.0,reserve
TCGA-LD-A66U,Female,No,Negative,,neg,LumA,TCGA-LD-A66U-01A,TCGA-LD-A66U-01A-11R-A31O-07,d67b8114-b70f-4e69-bae5-4f2f982c4b1b,1,1,0,1,LumA,,218.0,reserve
TCGA-LD-A74U,Female,No,Negative,,neg,LumA,TCGA-LD-A74U-01A,TCGA-LD-A74U-01A-13R-A33J-07,478a40b1-0f88-401d-92b6-4b58b2c56798,1,1,0,1,LumA,,216.0,reserve
TCGA-LD-A7W5,Female,No,Negative,,neg,LumA,TCGA-LD-A7W5-01A,TCGA-LD-A7W5-01A-22R-A352-07,7d1c40bf-6119-4f2b-bb33-3ba23546799f,1,1,0,1,LumA,,245.0,reserve
TCGA-LD-A7W6,Female,No,Negative,,neg,LumA,TCGA-LD-A7W6-01A,TCGA-LD-A7W6-01A-81R-A352-07,8e60d7c9-0fee-415f-b7bd-072f1bcd0fac,1,1,0,1,LumA,,194.0,reserve
TCGA-LD-A9QF,Female,No,Positive,,pos,Normal,TCGA-LD-A9QF-01A,TCGA-LD-A9QF-01A-32R-A41B-07,406cb497-badd-4bbe-be62-e1dac7b49180,1,1,0,1,HER2pos,,46.0,reserve
TCGA-LL-A440,Female,No,Equivocal,Negative,neg,LumA,TCGA-LL-A440-01A,TCGA-LL-A440-01A-11R-A24H-07,e6f927ef-840f-438a-9559-863cc64f71e0,1,1,0,1,LumA,,46.0,reserve
TCGA-LL-A441,Female,No,Negative,,neg,,TCGA-LL-A441-01A,TCGA-LL-A441-01A-11R-A24H-07,0ba26ef1-7b7d-48c8-a593-75504769791c,1,1,0,1,,her2neg_pam50_not_LumA_LumB_Basal,,
TCGA-LL-A442,Female,No,Equivocal,Negative,neg,,TCGA-LL-A442-01A,TCGA-LL-A442-01A-11R-A24H-07,2291d3f5-8269-4f31-adad-4b873c7ac770,1,1,0,1,,her2neg_pam50_not_LumA_LumB_Basal,,
TCGA-LL-A50Y,Female,No,Equivocal,Negative,neg,LumA,TCGA-LL-A50Y-01A,TCGA-LL-A50Y-01A-11R-A266-07,3253f315-5ea3-44fc-899f-f9e8f5b6fa96,1,1,0,1,LumA,,41.0,reserve
TCGA-LL-A5YL,Female,No,Positive,Negative,discordant,LumA,TCGA-LL-A5YL-01A,TCGA-LL-A5YL-01A-12R-A29R-07,0e3cf07b-2cea-4ce7-a8f0-c8dc7d3db7a7,1,1,0,1,,her2_discordant,,
TCGA-LL-A5YM,Female,No,Equivocal,Positive,pos,LumB,TCGA-LL-A5YM-01A,TCGA-LL-A5YM-01A-11R-A28M-07,4af2ea24-60fe-4fc1-858b-68ed98855082,1,1,0,1,HER2pos,,81.0,reserve
TCGA-LL-A5YN,Female,No,Equivocal,Positive,pos,LumA,TCGA-LL-A5YN-01A,TCGA-LL-A5YN-01A-11R-A28M-07,cdf2bc60-591c-4219-bf96-40dd8b6c8459,1,1,0,1,HER2pos,,151.0,reserve
TCGA-LL-A5YO,Female,No,Negative,,neg,Her2,TCGA-LL-A5YO-01A,TCGA-LL-A5YO-01A-21R-A28M-07,e0b65eec-7c30-4607-9cae-c8e8463c80c5,1,1,0,1,,her2neg_pam50_not_LumA_LumB_Basal,,
TCGA-LL-A5YP,Female,No,Negative,Positive,pos,Basal,TCGA-LL-A5YP-01A,TCGA-LL-A5YP-01A-21R-A28M-07,236805b9-ea89-43b4-ba51-c09276778e90,1,1,0,1,HER2pos,,141.0,reserve
TCGA-LL-A6FP,Female,Yes,Equivocal,Negative,neg,LumA,TCGA-LL-A6FP-01A,TCGA-LL-A6FP-01A-11R-A31O-07,06227b3b-56d0-4657-bb37-8f56a3dc15f7,1,1,0,1,LumA,neoadjuvant_yes_or_unknown,,
TCGA-LL-A6FQ,Female,No,Negative,,neg,LumA,TCGA-LL-A6FQ-01A,TCGA-LL-A6FQ-01A-11R-A31O-07,21836f98-cc95-46d3-8f40-6c9625f940ba,1,1,0,1,LumA,,71.0,reserve
TCGA-LL-A6FR,Female,No,Equivocal,Positive,pos,Basal,TCGA-LL-A6FR-01A,TCGA-LL-A6FR-01A-12R-A31O-07,5aaaf8b5-a75f-4070-93e8-f5b982144638,1,1,0,1,HER2pos,,137.0,reserve
TCGA-LL-A73Y,Female,No,Negative,,neg,Basal,TCGA-LL-A73Y-01A,TCGA-LL-A73Y-01A-11R-A33J-07,8ca36e25-aabc-4bd9-9ced-a8d432ca0260,1,1,0,1,Basal,,70.0,reserve
TCGA-LL-A73Z,Female,No,Equivocal,Negative,neg,Normal,TCGA-LL-A73Z-01A,TCGA-LL-A73Z-01A-11R-A32P-07,28c03f8f-7f7a-4a53-a840-db0f4052ed26,1,1,0,1,,her2neg_pam50_not_LumA_LumB_Basal,,
TCGA-LL-A740,Female,No,Equivocal,Negative,neg,LumA,TCGA-LL-A740-01A,TCGA-LL-A740-01A-21R-A32P-07,e3e56a3c-5a8b-419e-8904-194a2fdfa550,1,1,0,1,LumA,,198.0,reserve
TCGA-LL-A7SZ,Female,No,Negative,,neg,LumA,TCGA-LL-A7SZ-01A,TCGA-LL-A7SZ-01A-32R-A352-07,4ed31cce-6d4f-4c79-a4e4-80eaedd1c4d2,1,1,0,1,LumA,,61.0,reserve
TCGA-LL-A7T0,Female,No,Positive,,pos,LumB,TCGA-LL-A7T0-01A,TCGA-LL-A7T0-01A-31R-A352-07,515f8866-8744-44d8-9e4b-0e734d0c201b,1,1,0,1,HER2pos,,64.0,reserve
TCGA-LL-A8F5,Female,No,Negative,,neg,Basal,TCGA-LL-A8F5-01A,TCGA-LL-A8F5-01A-11R-A36F-07,1d8697f1-4e89-4987-b26b-a29d791f19ca,1,1,0,1,Basal,,106.0,reserve
TCGA-LL-A9Q3,Female,No,Positive,,pos,LumA,TCGA-LL-A9Q3-01A,TCGA-LL-A9Q3-01A-11R-A41B-07,98dc2008-d132-4a88-b428-45b0f715b296,1,1,0,1,HER2pos,,111.0,reserve
TCGA-LQ-A4E4,Female,No,,Negative,neg,,TCGA-LQ-A4E4-01A,TCGA-LQ-A4E4-01A-11R-A266-07,d53192c4-2356-4b6c-b98f-19eded7b7e29,1,1,0,1,,her2neg_pam50_not_LumA_LumB_Basal,,
TCGA-MS-A51U,Female,No,Negative,Negative,neg,,TCGA-MS-A51U-01A,TCGA-MS-A51U-01A-31R-A266-07,dad6be14-a519-478d-9f53-122417453a0e,1,1,0,1,,her2neg_pam50_not_LumA_LumB_Basal,,
TCGA-OK-A5Q2,Female,No,Negative,,neg,LumA,TCGA-OK-A5Q2-01A,TCGA-OK-A5Q2-01A-11R-A27Q-07,c25c7ca5-8d03-4bba-b42b-c8b1042c0d48,1,1,0,4,LumA,,261.0,reserve
TCGA-OL-A5D6,Female,No,,Negative,neg,Normal,TCGA-OL-A5D6-01A,TCGA-OL-A5D6-01A-21R-A27Q-07,ff5f8ada-17c5-497e-9182-63a05e3ab4c5,1,1,0,1,,her2neg_pam50_not_LumA_LumB_Basal,,
TCGA-OL-A5D7,Female,No,,Negative,neg,Basal,TCGA-OL-A5D7-01A,TCGA-OL-A5D7-01A-11R-A27Q-07,41a97024-43f7-41b8-8755-94cd29105a5f,1,1,0,1,Basal,,94.0,reserve
TCGA-OL-A5D8,Female,No,,Negative,neg,LumA,TCGA-OL-A5D8-01A,TCGA-OL-A5D8-01A-11R-A27Q-07,fecd341d-a370-4092-be40-e07fc44500e5,1,1,0,1,LumA,,327.0,reserve
TCGA-OL-A5DA,Female,No,,Negative,neg,LumA,TCGA-OL-A5DA-01A,TCGA-OL-A5DA-01A-11R-A27Q-07,9d535d7d-0fff-4134-be8f-daa6d687a48c,1,1,0,1,LumA,,340.0,reserve
TCGA-OL-A5RU,Female,No,,Negative,neg,LumA,TCGA-OL-A5RU-01A,TCGA-OL-A5RU-01A-11R-A28M-07,6185d5c4-f757-4baa-bd82-fd4050c57312,1,1,0,1,LumA,,293.0,reserve
TCGA-OL-A5RV,Female,No,,Negative,neg,LumA,TCGA-OL-A5RV-01A,TCGA-OL-A5RV-01A-12R-A28M-07,f1dc7a14-29f1-4fe1-bc67-01e0776d6b40,1,1,0,1,LumA,,148.0,reserve
TCGA-OL-A5RW,Female,No,,Negative,neg,Basal,TCGA-OL-A5RW-01A,TCGA-OL-A5RW-01A-11R-A28M-07,c441b2f1-d5ad-4aae-a37e-946579ff604f,1,1,0,1,Basal,,57.0,reserve
TCGA-OL-A5RX,Female,No,,Negative,neg,LumA,TCGA-OL-A5RX-01A,TCGA-OL-A5RX-01A-11R-A28M-07,f73d3dce-d75f-4f76-b49c-99348ee641cc,1,1,0,1,LumA,,201.0,reserve
TCGA-OL-A5RY,Female,No,,Positive,pos,Normal,TCGA-OL-A5RY-01A,TCGA-OL-A5RY-01A-21R-A28M-07,07478a1d-adbe-4fa7-858b-0edb74171eec,1,1,0,1,HER2pos,,89.0,reserve
TCGA-OL-A5RZ,Female,No,,Positive,pos,Her2,TCGA-OL-A5RZ-01A,TCGA-OL-A5RZ-01A-11R-A28M-07,0fc096b2-7fb5-4dc6-ae94-aa7dae6f885f,1,1,0,1,HER2pos,,94.0,reserve
TCGA-OL-A5S0,Female,No,,Positive,pos,Basal,TCGA-OL-A5S0-01A,TCGA-OL-A5S0-01A-11R-A28M-07,3fafe34a-38e2-4645-af4e-0d77fd5464c1,1,1,0,1,HER2pos,,82.0,reserve
TCGA-OL-A66H,Female,No,,Negative,neg,LumA,TCGA-OL-A66H-01A,TCGA-OL-A66H-01A-11R-A29R-07,ec2687cf-9496-4232-9a96-41b935d6ffb3,1,1,0,1,LumA,,317.0,reserve
TCGA-OL-A66I,Female,No,,Negative,neg,Basal,TCGA-OL-A66I-01A,TCGA-OL-A66I-01A-21R-A29R-07,3f44f7ab-7299-4b8e-b2b9-16ed5291e727,1,1,0,1,Basal,,102.0,reserve
TCGA-OL-A66J,Female,No,,Negative,neg,LumA,TCGA-OL-A66J-01A,TCGA-OL-A66J-01A-11R-A29R-07,de397789-9ff5-4cb0-be88-957477820714,1,1,0,1,LumA,,50.0,reserve
TCGA-OL-A66K,Female,No,Equivocal,Negative,neg,LumA,TCGA-OL-A66K-01A,TCGA-OL-A66K-01A-11R-A29R-07,e64c5a32-13c4-495e-ab4c-b5000332c09d,1,1,0,1,LumA,,176.0,reserve
TCGA-OL-A66L,Female,No,,Negative,neg,LumA,TCGA-OL-A66L-01A,TCGA-OL-A66L-01A-12R-A31O-07,e4744b03-e390-43f2-a14b-86bddceaf9ae,1,1,0,1,LumA,,190.0,reserve
TCGA-OL-A66N,Female,No,,Negative,neg,LumA,TCGA-OL-A66N-01A,TCGA-OL-A66N-01A-12R-A31O-07,ccd1dcec-f3c1-42ca-b3e8-a73a7d2237ff,1,1,0,1,LumA,,289.0,reserve
TCGA-OL-A66O,Female,No,,Negative,neg,LumA,TCGA-OL-A66O-01A,TCGA-OL-A66O-01A-11R-A31O-07,589dda89-b968-4f26-b3c7-5371dfdb8a90,1,1,0,1,LumA,,108.0,reserve
TCGA-OL-A66P,Female,No,,Negative,neg,Her2,TCGA-OL-A66P-01A,TCGA-OL-A66P-01A-11R-A31O-07,1af79ae6-8b40-40ae-8f68-195d8367ac38,1,1,0,1,,her2neg_pam50_not_LumA_LumB_Basal,,
TCGA-OL-A6VO,Female,No,Negative,Negative,neg,Basal,TCGA-OL-A6VO-01A,TCGA-OL-A6VO-01A-12R-A33J-07,4a2ad226-ed26-4f81-af7d-9d8b6db7cdd4,1,1,0,1,Basal,,103.0,reserve
TCGA-OL-A6VQ,Female,No,,Negative,neg,LumA,TCGA-OL-A6VQ-01A,TCGA-OL-A6VQ-01A-12R-A41B-07,2c74854f-4afe-48c3-9c81-d64634c14677,1,1,0,1,LumA,,180.0,reserve
TCGA-OL-A6VR,Female,No,Negative,Negative,neg,LumA,TCGA-OL-A6VR-01A,TCGA-OL-A6VR-01A-32R-A33J-07,95668f0b-130d-44d4-94c0-ba7a4e7798e6,1,1,0,0,LumA,no_dx_slide,,
TCGA-OL-A97C,Female,No,,Negative,neg,Normal,TCGA-OL-A97C-01A,TCGA-OL-A97C-01A-32R-A41B-07,1873c44d-4dcb-41d3-8c3c-dec38f7ac3d1,1,1,0,1,,her2neg_pam50_not_LumA_LumB_Basal,,
TCGA-PE-A5DC,Female,No,Positive,,pos,LumA,TCGA-PE-A5DC-01A,TCGA-PE-A5DC-01A-12R-A27Q-07,25294e7a-1f15-411c-a2fd-93097e387db2,1,1,0,1,HER2pos,,126.0,reserve
TCGA-PE-A5DD,Female,No,Positive,Positive,pos,LumA,TCGA-PE-A5DD-01A,TCGA-PE-A5DD-01A-12R-A27Q-07,e5f6e803-fc44-4f0f-9f6e-562b4e7d77ca,1,1,0,1,HER2pos,,158.0,reserve
TCGA-PE-A5DE,Female,No,Negative,,neg,LumA,TCGA-PE-A5DE-01A,TCGA-PE-A5DE-01A-11R-A27Q-07,386ce911-e1c2-4d68-b0a3-aac157e1a555,1,1,0,1,LumA,,118.0,reserve
TCGA-PL-A8LV,Female,No,,,undetermined,Basal,TCGA-PL-A8LV-01A,TCGA-PL-A8LV-01A-21R-A41B-07,7286a685-17ef-4ef5-9b7b-2696c6e7e1a6,1,0,0,2,,no_frozen_slide_same_sample,,
TCGA-PL-A8LX,Female,No,,,undetermined,LumA,TCGA-PL-A8LX-01A,TCGA-PL-A8LX-01A-11R-A41B-07,ac16e2b7-9566-4330-8e13-4b31b92410e4,1,0,0,2,,no_frozen_slide_same_sample,,
TCGA-PL-A8LY,Female,No,,,undetermined,Normal,TCGA-PL-A8LY-01A,TCGA-PL-A8LY-01A-11R-A41B-07,1a4e1855-911d-4eb4-bc77-547bc3b8e063,1,0,0,2,,no_frozen_slide_same_sample,,
TCGA-PL-A8LZ,Female,No,,,undetermined,Basal,TCGA-PL-A8LZ-01A,TCGA-PL-A8LZ-01A-31R-A36F-07,3c2914f4-200f-4bec-93f0-b0fdb6460378,1,0,0,3,,no_frozen_slide_same_sample,,
TCGA-S3-A6ZF,Female,No,Equivocal,Negative,neg,LumB,TCGA-S3-A6ZF-01A,TCGA-S3-A6ZF-01A-32R-A32P-07,6d0f2c52-47f8-4032-8468-38dcc578ed6a,1,1,0,1,LumB,,81.0,reserve
TCGA-S3-A6ZG,Female,No,Negative,,neg,LumA,TCGA-S3-A6ZG-01A,TCGA-S3-A6ZG-01A-22R-A32P-07,f9418a79-3614-41a1-8ab0-c2b4313c6fd4,1,1,0,1,LumA,,140.0,reserve
TCGA-S3-A6ZH,Female,No,Equivocal,Negative,neg,LumA,TCGA-S3-A6ZH-01A,TCGA-S3-A6ZH-01A-22R-A32P-07,659f84a0-df18-44a4-8b82-ebaec356153d,1,1,0,1,LumA,,128.0,reserve
TCGA-S3-AA0Z,Female,No,Equivocal,Negative,neg,Basal,TCGA-S3-AA0Z-01A,TCGA-S3-AA0Z-01A-11R-A41B-07,44c12577-af9f-4f8c-8b18-24269d6604cb,1,1,0,1,Basal,,104.0,reserve
TCGA-S3-AA10,Female,No,Negative,,neg,Basal,TCGA-S3-AA10-01A,TCGA-S3-AA10-01A-21R-A41B-07,51a3cb9a-e745-49ac-af0e-3a750f9e7521,1,1,0,1,Basal,,130.0,reserve
TCGA-S3-AA11,Female,No,Equivocal,Negative,neg,LumA,TCGA-S3-AA11-01A,TCGA-S3-AA11-01A-31R-A41B-07,9b5b1b38-58b8-47c9-badf-086676e44c1a,1,1,0,1,LumA,,64.0,reserve
TCGA-S3-AA12,Female,No,Negative,Negative,neg,LumA,TCGA-S3-AA12-01A,TCGA-S3-AA12-01A-11R-A41B-07,c7f1e894-f50d-437c-ad42-4a35f531c795,1,1,0,2,LumA,,113.0,reserve
TCGA-S3-AA14,Female,No,Positive,,pos,LumA,TCGA-S3-AA14-01A,TCGA-S3-AA14-01A-11R-A41B-07,e6ea1343-0da3-43f3-9845-4845db02edb8,1,1,0,1,HER2pos,,109.0,reserve
TCGA-S3-AA15,Female,No,Negative,,neg,Basal,TCGA-S3-AA15-01A,TCGA-S3-AA15-01A-11R-A41B-07,a572e59c-096f-4054-bbb4-90f2e2461d99,1,1,0,2,Basal,,121.0,reserve
TCGA-S3-AA17,Female,No,Equivocal,Negative,neg,LumB,TCGA-S3-AA17-01A,TCGA-S3-AA17-01A-11R-A41B-07,da93e1a9-6863-4c98-b1fd-52d22ecbca45,1,1,0,1,LumB,,36.0,reserve
TCGA-UL-AAZ6,Female,No,Positive,,pos,LumA,TCGA-UL-AAZ6-01A,TCGA-UL-AAZ6-01A-11R-A41B-07,06fc39a9-8059-4ac7-9b2b-64f6c7d3b8a1,1,1,0,1,HER2pos,,96.0,reserve
TCGA-UU-A93S,Female,No,Positive,,pos,Her2,TCGA-UU-A93S-01A,TCGA-UU-A93S-01A-21R-A41B-07,a7091211-3bf5-4d3b-8625-57281bc0cd56,1,1,0,1,HER2pos,,44.0,reserve
TCGA-V7-A7HQ,Female,No,,Negative,neg,LumA,TCGA-V7-A7HQ-01A,TCGA-V7-A7HQ-01A-11R-A33J-07,7bcb3817-31ac-4ef5-9038-a9bfebad5869,1,1,0,0,LumA,no_dx_slide,,
TCGA-W8-A86G,Female,No,Negative,,neg,LumA,TCGA-W8-A86G-01A,TCGA-W8-A86G-01A-21R-A36F-07,90cb5f76-ec86-4532-8352-e6622ef24980,1,1,0,1,LumA,,247.0,reserve
TCGA-WT-AB41,Female,No,,,undetermined,LumA,TCGA-WT-AB41-01A,TCGA-WT-AB41-01A-11R-A41B-07,679ba4c3-49da-47d1-bef2-ce25fd862758,1,1,0,1,,her2_undetermined,,
TCGA-WT-AB44,Female,No,Negative,,neg,LumA,TCGA-WT-AB44-01A,TCGA-WT-AB44-01A-11R-A41B-07,0a7dc8b9-4196-41d3-ada1-a50cb36bfd2b,1,1,0,1,LumA,,347.0,reserve
TCGA-XX-A899,Female,No,Negative,,neg,LumA,TCGA-XX-A899-01A,TCGA-XX-A899-01A-11R-A36F-07,e0cb738d-854a-4033-b370-79fa28d7cef8,1,1,0,1,LumA,,56.0,reserve
TCGA-XX-A89A,Female,No,Negative,,neg,LumA,TCGA-XX-A89A-01A,TCGA-XX-A89A-01A-11R-A36F-07,e25bb12b-f88b-41c5-951e-a36d4b94008f,1,1,0,1,LumA,,125.0,reserve
TCGA-Z7-A8R5,Female,No,Negative,,neg,LumA,TCGA-Z7-A8R5-01A,TCGA-Z7-A8R5-01A-42R-A41B-07,ee447251-5c90-426f-a0c7-bd2041189761,1,1,0,1,LumA,,143.0,reserve
TCGA-Z7-A8R6,Female,No,Negative,,neg,LumB,TCGA-Z7-A8R6-01A,TCGA-Z7-A8R6-01A-11R-A41B-07,404cea41-efa9-44c0-84a1-5dd603d7a2a4,1,1,0,1,LumB,,74.0,reserve
