patient,sample,sample_type_code,kind,token,file_id,file_name,file_size,md5sum,state,stratum,rank,role
TCGA-A7-A6VY,TCGA-A7-A6VY-01Z,01,DX,DX1,762388c4-b240-467a-bc17-d2f60972f9bf,TCGA-A7-A6VY-01Z-00-DX1.38D4EBD7-40B0-4EE3-960A-1F00E8F83ADB.svs,255707609,5bc9e978d1fd18d164d2df4ee9a7a4f8,released,Basal,1.0,main
TCGA-A7-A6VY,TCGA-A7-A6VY-01A,01,TS,TS1,910cfcf3-d548-45b3-b5d0-9b917bdeee10,TCGA-A7-A6VY-01A-01-TS1.4B42F3E6-561C-47FF-A124-DE2462E1667B.svs,106128649,712ac0b9431a52623215777e0e2913d8,released,Basal,1.0,main
TCGA-D8-A1XK,TCGA-D8-A1XK-01Z,01,DX,DX1,ecfe4082-ea95-4988-a0bc-a9433f4c6a8f,TCGA-D8-A1XK-01Z-00-DX1.41EB1BBC-F230-4E3F-8C4E-CE331CAF1935.svs,1044770871,b930f2e44768de4b4e4c4a86829f8ddd,released,Basal,2.0,main
TCGA-D8-A1XK,TCGA-D8-A1XK-01A,01,TS,TS2,3900fda0-5eac-4830-8815-76c60f1230ec,TCGA-D8-A1XK-01A-02-TS2.a5dac3f6-e3e1-481b-9157-f66a8cba327d.svs,217298235,7a14c2b3b1da16c74c98909fbc0cd3c5,released,Basal,2.0,main
TCGA-AR-A1AJ,TCGA-AR-A1AJ-01Z,01,DX,DX1,787730b7-c174-4241-a8f7-abb69d971df4,TCGA-AR-A1AJ-01Z-00-DX1.34B9FCF0-74D8-4328-9B5A-698AD57EDA85.svs,701814377,26a3f54877ef971948f0c78c3189e70b,released,Basal,3.0,main
TCGA-AR-A1AJ,TCGA-AR-A1AJ-01A,01,TS,TSB,919e5883-3451-4c6f-b0f1-d230a585288d,TCGA-AR-A1AJ-01A-02-TSB.cf9b042b-0dc7-4cce-a78c-3cd3616a31ec.svs,211129241,a5043de55320172def11cca8df992736,released,Basal,3.0,main
TCGA-AC-A6IW,TCGA-AC-A6IW-01Z,01,DX,DX1,24c1a3c2-cef7-48a3-9d76-3ded34894107,TCGA-AC-A6IW-01Z-00-DX1.C4514189-E64F-4603-8970-230FA2BB77FC.svs,123478604,49af7e00ef9b551756604de5ab2461d7,released,Basal,4.0,main
TCGA-AC-A6IW,TCGA-AC-A6IW-01A,01,TS,TS1,44f99df6-147b-4b47-98df-882b8cba0434,TCGA-AC-A6IW-01A-01-TS1.4DD4F175-C0C7-4B5C-B584-B6F2CBE9C3BF.svs,169626411,0f1d8238a9fbefd9588877b98d73f7d2,released,Basal,4.0,main
TCGA-D8-A1JM,TCGA-D8-A1JM-01Z,01,DX,DX1,a7002593-8da9-4d5a-9b66-75a85f3ee466,TCGA-D8-A1JM-01Z-00-DX1.3CD15BC8-08B3-4BEE-9FD7-A8BEED33268E.svs,1226555149,5f8c6bd8fb1aab3bb01396c42d91271e,released,Basal,5.0,main
TCGA-D8-A1JM,TCGA-D8-A1JM-01A,01,TS,TSA,dd12781a-8818-4e75-9896-cfd8a95ff191,TCGA-D8-A1JM-01A-01-TSA.911b3a0e-2531-43c9-949d-00be87b44329.svs,445134631,750bd309b287d58284a815898a8292be,released,Basal,5.0,main
TCGA-A2-A0YM,TCGA-A2-A0YM-01A,01,BS,BSA,684fa229-e326-4d66-8c77-26cb388f1c89,TCGA-A2-A0YM-01A-01-BSA.26fc4cb8-24ef-494a-9334-db3a9099199f.svs,125399035,91fb690305eea15c3ae1c52d738434d8,released,Basal,6.0,main
TCGA-A2-A0YM,TCGA-A2-A0YM-01Z,01,DX,DX1,52f4cb6c-d5b2-4e12-b664-22e85c4ad780,TCGA-A2-A0YM-01Z-00-DX1.A48B4C96-2CC5-464C-98B7-F0F92AE56533.svs,863053399,ca61de0f9c1b3c6d5eaab29efd698abf,released,Basal,6.0,main
TCGA-A2-A0YM,TCGA-A2-A0YM-01A,01,TS,TSA,90417228-099c-4911-b2da-858f3b7507f7,TCGA-A2-A0YM-01A-01-TSA.af2a6b3d-dbf4-4323-aebe-d8b95053fff3.svs,223088537,4eda23e46323a7dd85a804ec4b0f877e,released,Basal,6.0,main
TCGA-AN-A0XU,TCGA-AN-A0XU-01A,01,BS,BSA,6ace4c74-f06c-45fc-b478-bd36eb15feb3,TCGA-AN-A0XU-01A-01-BSA.bb46ef9a-df7e-4b76-9094-953e3769c40f.svs,186606987,750ec2a89c4ab787c128f01c8ab44fd2,released,Basal,7.0,main
TCGA-AN-A0XU,TCGA-AN-A0XU-01Z,01,DX,DX1,d506d590-05fe-4d0c-ae8e-2e4ba54923af,TCGA-AN-A0XU-01Z-00-DX1.6B0DD0FF-A20D-4BA2-8D48-FC357BA5313F.svs,586075205,d8561d52272b72a4dc35d003095c7d54,released,Basal,7.0,main
TCGA-AN-A0XU,TCGA-AN-A0XU-01A,01,TS,TSA,6f878d76-4dfa-417f-a487-9466aa32e9d1,TCGA-AN-A0XU-01A-01-TSA.2b459d4a-6258-4938-9b4a-0bc0bcceea9e.svs,184910925,d1cc42ac4285fa35f2b1a20ff37ebcd7,released,Basal,7.0,main
TCGA-HN-A2NL,TCGA-HN-A2NL-01Z,01,DX,DX1,7a91188d-2935-4fec-835e-2814f9c8a54d,TCGA-HN-A2NL-01Z-00-DX1.C2EAF378-4B37-4C1C-BB0F-18FAC62EEC13.svs,173975284,ae268a0c5abac04cd0b877188c4d0e79,released,Basal,8.0,main
TCGA-HN-A2NL,TCGA-HN-A2NL-01A,01,TS,TSA,0c23ae09-d97e-4e95-a71d-6e278ee604b5,TCGA-HN-A2NL-01A-01-TSA.0959AC56-81B8-4CB8-AA50-C2D480F8E584.svs,220423061,2e80b111a0d8218a1c8667999c1cf03e,released,Basal,8.0,main
TCGA-BH-A0B3,TCGA-BH-A0B3-01A,01,BS,BSA,c964dbe0-40d6-4844-bf8e-e78fb66a3699,TCGA-BH-A0B3-01A-01-BSA.6e9592e8-196a-40a2-bc46-55dee088bc76.svs,554176121,e0c8b7da854d4b9b3aaf4fe1ab4bdf97,released,Basal,9.0,main
TCGA-BH-A0B3,TCGA-BH-A0B3-01Z,01,DX,DX1,20c648d7-3d5c-490b-8820-5a11dcc5e592,TCGA-BH-A0B3-01Z-00-DX1.90CB0ED5-FBB7-4ABF-93A0-DD88D60D3D55.svs,1462460773,28a0cd1b70ecdcf08f0c026e105e7672,released,Basal,9.0,main
TCGA-BH-A0B3,TCGA-BH-A0B3-01A,01,TS,TSA,ef9c3256-6575-45b4-90fc-877abf76cea3,TCGA-BH-A0B3-01A-01-TSA.b7b39efc-b0b0-402a-bea3-95edd29c5adf.svs,494516369,a2b0c47541d600aaf49a34527107c876,released,Basal,9.0,main
TCGA-AN-A0AR,TCGA-AN-A0AR-01A,01,BS,BSA,b989a1b0-6e12-4a74-a652-b3db910e1070,TCGA-AN-A0AR-01A-01-BSA.a5a0ea68-b7ce-4a1e-a161-64785d585c60.svs,507810985,7d0d91f7803bdee6ee2b167d0c4a08fb,released,Basal,10.0,main
TCGA-AN-A0AR,TCGA-AN-A0AR-01Z,01,DX,DX1,eb11b68f-3c11-466f-963b-a09f10047b7a,TCGA-AN-A0AR-01Z-00-DX1.0CF1267E-C61B-4928-875E-59032F838F07.svs,1098483229,ad3a4a4fd94913eafcd08e2b03a057c8,released,Basal,10.0,main
TCGA-AN-A0AR,TCGA-AN-A0AR-01A,01,TS,TSA,15fe3754-8e3b-46b6-ac64-7eedb43f4408,TCGA-AN-A0AR-01A-01-TSA.8a0c5187-915e-4608-9eed-9ea98f1775ad.svs,267751775,dd3c76fa5d03bc2338bc43fc3f8d7c38,released,Basal,10.0,main
TCGA-AR-A5QQ,TCGA-AR-A5QQ-01Z,01,DX,DX1,8d7a3874-4b3b-4866-aa99-2ac27490656c,TCGA-AR-A5QQ-01Z-00-DX1.4185D6D2-498E-4E71-8CB3-EDB4739C6229.svs,1727494565,03ab91eb621e70a901a3d92613e50f59,released,Basal,11.0,main
TCGA-AR-A5QQ,TCGA-AR-A5QQ-01A,01,TS,TSA,a4047d6b-d89e-4463-874e-d952fe32f7e2,TCGA-AR-A5QQ-01A-01-TSA.5063D04F-D334-4A1F-A2C5-D9B4D3B2D12D.svs,239003547,2883afd7d10b20db5da309cb57104d6e,released,Basal,11.0,main
TCGA-BH-A0RX,TCGA-BH-A0RX-01Z,01,DX,DX1,e19be2bd-3482-4612-b9de-5027eae356f7,TCGA-BH-A0RX-01Z-00-DX1.B4ABAFB9-6696-4F22-9468-DA56E1AD32D3.svs,1711942593,6a57e3bcddc54bb571fa5645b8d9db01,released,Basal,12.0,main
TCGA-BH-A0RX,TCGA-BH-A0RX-01A,01,TS,TSB,4f264a73-b127-4a75-9a9b-d435ac1a43d9,TCGA-BH-A0RX-01A-02-TSB.9d6461a0-f41d-4071-aec3-a7df740609b4.svs,312930119,76e41eb0182d23fad5f993bc3727f484,released,Basal,12.0,main
TCGA-E2-A1LL,TCGA-E2-A1LL-01Z,01,DX,DX1,d7539c2a-21e3-437b-9070-b840b3083645,TCGA-E2-A1LL-01Z-00-DX1.D1AA1613-902C-4579-9612-48A76042B0AE.svs,908386325,eab8d6549342fc06b49f00c61a67209a,released,Basal,13.0,main
TCGA-E2-A1LL,TCGA-E2-A1LL-01A,01,TS,TSA,4c7ce305-318a-4d48-8564-3fcc00a0a662,TCGA-E2-A1LL-01A-01-TSA.1d9c8e71-3608-4122-8a5d-ede57403c3b1.svs,264085617,abc1ed0a2b8ed5c84b76b17dbf9fe452,released,Basal,13.0,main
TCGA-AR-A0U4,TCGA-AR-A0U4-01A,01,BS,BSA,1721f5e9-2cf8-4961-b14f-195ec4e663e9,TCGA-AR-A0U4-01A-01-BSA.abebefec-9cf4-47c8-8c70-a7b17dc97171.svs,354448927,62f0ba14488f1fd59142e801a1efa4be,released,Basal,14.0,main
TCGA-AR-A0U4,TCGA-AR-A0U4-01Z,01,DX,DX1,e48d2be6-883f-444a-bb71-405bffbf8b4f,TCGA-AR-A0U4-01Z-00-DX1.DE722DC5-859D-4866-ADCC-ED98EDBFB588.svs,1722083269,33aa7fe231fe015699dc20ecc67f3486,released,Basal,14.0,main
TCGA-AR-A0U4,TCGA-AR-A0U4-01A,01,TS,TSA,7df0b134-9e76-45ea-8fc2-bc31edb9eccd,TCGA-AR-A0U4-01A-01-TSA.e671596e-6974-40ec-8013-07cd699843d6.svs,331559687,13ea05d47b6fcaca206d042163159e4b,released,Basal,14.0,main
TCGA-BH-A0DL,TCGA-BH-A0DL-01A,01,BS,BSA,f66aa364-a0e7-429d-84ab-6e6e806400f0,TCGA-BH-A0DL-01A-01-BSA.7328c7b0-af70-4309-8908-9684d53b8b3d.svs,422205443,a8ced43f198652cbe382b072e0588f1a,released,Basal,15.0,main
TCGA-BH-A0DL,TCGA-BH-A0DL-01Z,01,DX,DX1,12dd4441-2f36-4ea3-9a37-11863f4b5e88,TCGA-BH-A0DL-01Z-00-DX1.553F0021-1FC2-4675-810D-BBD9785D065E.svs,1102542407,a2259942942f57e475429f9f2da44d31,released,Basal,15.0,main
TCGA-BH-A0DL,TCGA-BH-A0DL-01A,01,TS,TSA,aead0c3b-49f6-4892-819d-024b1a50f956,TCGA-BH-A0DL-01A-01-TSA.bbf68858-72c8-490a-89b1-6018c8aef709.svs,360887351,96ea3746b2951b7fef76acb616d593d3,released,Basal,15.0,main
TCGA-E2-A158,TCGA-E2-A158-01Z,01,DX,DX1,672685f0-fe97-415f-b52b-e451ac87294f,TCGA-E2-A158-01Z-00-DX1.994C60FE-E651-4224-95E7-4669834F2338.svs,835921309,5c30db3b3737a6901df482c432311350,released,Basal,16.0,main
TCGA-E2-A158,TCGA-E2-A158-01A,01,TS,TS1,d9cc234b-23ca-4168-afb6-f94571b3f4b1,TCGA-E2-A158-01A-01-TS1.7dc3c147-bcdb-4e14-83ef-71e24102846a.svs,243988219,b6d1ae0fc94375d1ff78340e87e4d4f1,released,Basal,16.0,main
TCGA-E2-A1LK,TCGA-E2-A1LK-01Z,01,DX,DX1,d2c7ad27-6090-421e-a12e-2cb66a5417e4,TCGA-E2-A1LK-01Z-00-DX1.5EBAA1F4-F1B4-4938-A51F-0246621BB0ED.svs,1618078311,212d48c8958bee9518103ef34cb13465,released,Basal,17.0,main
TCGA-E2-A1LK,TCGA-E2-A1LK-01A,01,TS,TSB,50630558-9928-48e3-908b-7f7ce097bf4b,TCGA-E2-A1LK-01A-02-TSB.5f4a6e3e-8c5c-43b3-9053-44a4d0f9f954.svs,102716849,d138dbba2255d31a8470cb45d603b15f,released,Basal,17.0,main
TCGA-A2-A3XX,TCGA-A2-A3XX-01Z,01,DX,DX1,dc23cc0b-fd4b-4b2d-a30e-bf8e9e2e4ddd,TCGA-A2-A3XX-01Z-00-DX1.03C6D70F-2833-4E97-91B7-DE70CD083D92.svs,1034753429,d7ac175985b306cbbb5e6604cc90a870,released,Basal,18.0,main
TCGA-A2-A3XX,TCGA-A2-A3XX-01A,01,TS,TSB,2c2a82d4-07a0-468b-b70b-39d4fdc6d0ae,TCGA-A2-A3XX-01A-02-TSB.01B489E3-2FE7-4ED4-AF28-04850E1FD9FF.svs,352045391,d6cc900aaf704682dfa8b21c1be3dbed,released,Basal,18.0,main
TCGA-A2-A04Q,TCGA-A2-A04Q-01Z,01,DX,DX1,eed08ded-9ed9-4896-b9f5-cb5a844a94ee,TCGA-A2-A04Q-01Z-00-DX1.DF7ED6B6-7701-486D-9007-F26B6F0682C4.svs,340628796,e5552d06cf37a832845aeb6bcea008c1,released,Basal,19.0,main
TCGA-A2-A04Q,TCGA-A2-A04Q-01A,01,TS,TSB,17853fbe-aabf-4287-b0e9-602710cf3c74,TCGA-A2-A04Q-01A-02-TSB.abf5f4de-662d-4479-a556-2cf0b59d4ee3.svs,161857936,5109f68ed433dbbe024aff456c614bac,released,Basal,19.0,main
TCGA-EW-A1PH,TCGA-EW-A1PH-01Z,01,DX,DX1,eed0b09f-9b9f-4da3-b24b-8d916be3fa3e,TCGA-EW-A1PH-01Z-00-DX1.77e0f907-fe59-4dc2-b582-6f10330a9c01.svs,2764279457,e5f640dc7262aad8abdf7c5ef6f7e08d,released,Basal,20.0,main
TCGA-EW-A1PH,TCGA-EW-A1PH-01A,01,TS,TS1,1976d4c4-5e2c-421b-a831-75ed8da6fe24,TCGA-EW-A1PH-01A-01-TS1.2f389a6d-0faa-49c5-bb7d-ff0eaf2adb69.svs,154472303,0a85e7cf757bcce69346d23966174d14,released,Basal,20.0,main
TCGA-BH-A1FC,TCGA-BH-A1FC-01Z,01,DX,DX1,9fa07838-a335-4540-af62-6c9cbabc2327,TCGA-BH-A1FC-01Z-00-DX1.B816A21B-1559-42F5-902A-A1532E59C015.svs,906683667,d226e0e4f2ab1c8c5d3b192609756cf1,released,Basal,21.0,reserve
TCGA-BH-A1FC,TCGA-BH-A1FC-01A,01,TS,TSA,c484e779-f409-4ede-b33e-07bde37fd87a,TCGA-BH-A1FC-01A-01-TSA.7170e05f-33be-43ee-bb19-dfd819cc04fe.svs,279845157,f6c9057bfb02720764d5822c9a144992,released,Basal,21.0,reserve
TCGA-AO-A128,TCGA-AO-A128-01A,01,BS,BSA,7c9cd2fc-8e4b-4867-b090-d11e0ed1d253,TCGA-AO-A128-01A-01-BSA.9019856f-fe50-42af-8588-b73395fc0165.svs,246030935,8ae7687c966493f60947046d3928133b,released,Basal,22.0,reserve
TCGA-AO-A128,TCGA-AO-A128-01Z,01,DX,DX1,61d03f55-56d6-475f-b390-090320d0ed2d,TCGA-AO-A128-01Z-00-DX1.4E6BFFBC-87AD-4ED4-959D-FEB5545400BE.svs,559112688,1268dbb850be90c99198e8956aa084aa,released,Basal,22.0,reserve
TCGA-AO-A128,TCGA-AO-A128-01A,01,TS,TSA,167a9c08-b93a-46ad-8333-dcbbba56301b,TCGA-AO-A128-01A-01-TSA.6bd59663-0c98-4fd6-8b4a-87b47541e08b.svs,356711757,7d785ed9db90ed0c886d627a43857681,released,Basal,22.0,reserve
TCGA-C8-A1HJ,TCGA-C8-A1HJ-01Z,01,DX,DX1,7c18fde2-b392-4ae1-a711-1bd707f5800e,TCGA-C8-A1HJ-01Z-00-DX1.745159F1-85E7-4CC0-B088-E1CA91916FB8.svs,959156633,1c6abf3e8b6926950f775743f5e6fe7c,released,Basal,23.0,reserve
TCGA-C8-A1HJ,TCGA-C8-A1HJ-01A,01,TS,TSA,6ee408f3-8429-4604-ba1a-c06f15c7c30f,TCGA-C8-A1HJ-01A-01-TSA.64084e7d-ec1b-43d9-8770-7635f716512f.svs,194228611,d737a62018a557419a9bee1a9f8d2e93,released,Basal,23.0,reserve
TCGA-E9-A1N8,TCGA-E9-A1N8-01Z,01,DX,DX1,a0c8d155-7c15-447f-be5f-813348d8a3eb,TCGA-E9-A1N8-01Z-00-DX1.1243AB1C-75A3-4A5E-9674-53992E6DD377.svs,780016529,87e69a0aee1ee0075f34bf3c9a84b58c,released,Basal,24.0,reserve
TCGA-E9-A1N8,TCGA-E9-A1N8-01A,01,TS,TSA,44a93052-5d37-46c5-82f6-b4516d25bfa2,TCGA-E9-A1N8-01A-01-TSA.a3dc37f0-bcf7-447f-913d-616939f35f80.svs,215037383,4dfa5ab1ec89c8203ab64d4b38b209ab,released,Basal,24.0,reserve
TCGA-D8-A1XQ,TCGA-D8-A1XQ-01Z,01,DX,DX1,7a79416d-74da-48a6-8c44-df4f41b04e3a,TCGA-D8-A1XQ-01Z-00-DX1.1A17A5C7-F14B-4AD2-AD5F-D3400D86A366.svs,1209729719,32a92f4f5c28cd14655d6c587da07a8d,released,Basal,25.0,reserve
TCGA-D8-A1XQ,TCGA-D8-A1XQ-01A,01,TS,TS1,a01f3845-44ae-4443-ab0f-984b72d6142f,TCGA-D8-A1XQ-01A-01-TS1.a7c4604a-05c3-4555-b660-d83912152d7d.svs,180592053,4c7eb3f448442404759f403f8e9dfa7b,released,Basal,25.0,reserve
TCGA-A1-A0SK,TCGA-A1-A0SK-01A,01,BS,BSA,98ddf493-e3ee-4750-a5a4-d9f9884a3e17,TCGA-A1-A0SK-01A-01-BSA.29fd9144-1886-47ad-b075-7800cb57c9f5.svs,434384401,8c1859e48885d5b19a09e9306f56cdc8,released,Basal,26.0,reserve
TCGA-A1-A0SK,TCGA-A1-A0SK-01Z,01,DX,DX1,66fd32f2-3f81-4914-9394-4795414893bd,TCGA-A1-A0SK-01Z-00-DX1.A44D70FA-4D96-43F4-9DD7-A61535786297.svs,1439689888,056d7cc729d1816fcc1e5d9706d44020,released,Basal,26.0,reserve
TCGA-A1-A0SK,TCGA-A1-A0SK-01A,01,TS,TSA,e8c3ca12-523f-48f5-8842-f4f0536fa964,TCGA-A1-A0SK-01A-01-TSA.0b2432b1-5781-4725-bb85-7547c7ae9f36.svs,574055935,1cb9a58e36fc090b2e0192b90caaf284,released,Basal,26.0,reserve
TCGA-A7-A6VW,TCGA-A7-A6VW-01Z,01,DX,DX1,489fe1a1-3b63-417f-883f-a8db190c7c78,TCGA-A7-A6VW-01Z-00-DX1.1BC4790C-DB45-4A3D-9C97-92C92C03FF60.svs,444160397,2638b0c7d844da8424089ac163ac618d,released,Basal,27.0,reserve
TCGA-A7-A6VW,TCGA-A7-A6VW-01A,01,TS,TS2,9cdab6c3-b18e-458b-954d-47641e3c356b,TCGA-A7-A6VW-01A-02-TS2.4A09D2AC-A574-40F1-9247-2729EFD0EDAA.svs,235515055,f17ca3087028627a89c0cdb136c99070,released,Basal,27.0,reserve
TCGA-BH-A18G,TCGA-BH-A18G-01Z,01,DX,DX1,36c5fcb4-8df6-448d-9521-7e15fe1b7633,TCGA-BH-A18G-01Z-00-DX1.DB2B5819-CE83-4E07-BD03-2CD9CF2E246C.svs,346809905,91e3b86dc9dab4b7546f544604011ca3,released,Basal,28.0,reserve
TCGA-BH-A18G,TCGA-BH-A18G-01A,01,TS,TSA,7295f369-63e8-4e33-a75e-878e73df6029,TCGA-BH-A18G-01A-01-TSA.a7ff1888-9f8a-4a64-b461-dde8acac284d.svs,332831923,dcda21bb383ca7dab837e00efb83fea8,released,Basal,28.0,reserve
TCGA-BH-A1F6,TCGA-BH-A1F6-01Z,01,DX,DX1,66cfc895-af23-4992-9e27-ad3988b54af7,TCGA-BH-A1F6-01Z-00-DX1.E83F0DC0-EA2C-4641-81B0-8702B9C5D579.svs,949971439,7eddaa80aa8566c6da27298bc5de4cbf,released,Basal,29.0,reserve
TCGA-BH-A1F6,TCGA-BH-A1F6-01A,01,TS,TSA,2b781744-ef58-41df-b096-d1f6bdd8270b,TCGA-BH-A1F6-01A-01-TSA.47a8cf12-b12a-4e68-b848-66b2c3ca7c7d.svs,246415411,3734d46313d0baec6246bf4c4ecece8e,released,Basal,29.0,reserve
TCGA-A2-A0T2,TCGA-A2-A0T2-01A,01,BS,BSA,40dcb3e6-1a31-44e9-8f8c-7f3a8639c7e3,TCGA-A2-A0T2-01A-01-BSA.3613219b-687b-419f-ac8f-33b668b72446.svs,185983223,7f0b1476ea80bf0f119e9d7da8c95932,released,Basal,30.0,reserve
TCGA-A2-A0T2,TCGA-A2-A0T2-01Z,01,DX,DX1,33edbe63-b23a-4a41-b47a-629d132e3a14,TCGA-A2-A0T2-01Z-00-DX1.29A5C4C8-6AE8-44EE-98C2-ACBCBFBE9D60.svs,1989570599,0c657383e9a62ac7345fe18462a68c62,released,Basal,30.0,reserve
TCGA-A2-A0T2,TCGA-A2-A0T2-01A,01,TS,TSA,8ff3cd70-d5e3-4885-b714-ef37dbe92c59,TCGA-A2-A0T2-01A-01-TSA.8595967b-5bf7-447f-9310-10b53a1c1dfa.svs,232137833,1a8887d84455b5334dfb9901d730906b,released,Basal,30.0,reserve
TCGA-BH-A5IZ,TCGA-BH-A5IZ-01Z,01,DX,DX1,66be7630-d2f0-4c0e-81a6-b70a803615a2,TCGA-BH-A5IZ-01Z-00-DX1.6C871030-82E1-463E-A67B-976A5F3DCDB2.svs,1822458573,37db2065f0799240c9bc49e22de2a976,released,Basal,31.0,reserve
TCGA-BH-A5IZ,TCGA-BH-A5IZ-01A,01,TS,TS1,47f4f0bf-950c-4ee5-afdf-e8d9564216e0,TCGA-BH-A5IZ-01A-01-TS1.D8563125-14E3-42A1-827D-B54F348722FF.svs,235025673,d6ce860870c42e3464000639fb5c033a,released,Basal,31.0,reserve
TCGA-A2-A0SX,TCGA-A2-A0SX-01A,01,BS,BSA,343ecd41-8a75-4f06-abbe-f1cf262e1e80,TCGA-A2-A0SX-01A-01-BSA.7c3c820b-1ddc-4a92-a59d-7ac2df9a7313.svs,306058819,2a6047541efa2a552ee78fc704bbeac5,released,Basal,32.0,reserve
TCGA-A2-A0SX,TCGA-A2-A0SX-01Z,01,DX,DX1,64093c9e-aebe-4367-adbb-3ea85e3234c9,TCGA-A2-A0SX-01Z-00-DX1.219A994C-8974-4458-98FA-FB1F14868E04.svs,1315819883,ba27c8f0c392bb069ef3ffe9b609fd39,released,Basal,32.0,reserve
TCGA-A2-A0SX,TCGA-A2-A0SX-01A,01,TS,TSA,12d4bce6-d040-433d-8f21-08d0567227d5,TCGA-A2-A0SX-01A-01-TSA.3830b6f0-c05a-4d09-a1bc-c7018bc5e458.svs,546177279,f25288f280fe1bc29fc2be0cbb8a74fa,released,Basal,32.0,reserve
TCGA-C8-A27B,TCGA-C8-A27B-01Z,01,DX,DX1,4bf784ec-1b5f-4988-a628-966f5b8061b2,TCGA-C8-A27B-01Z-00-DX1.5A8A14E8-6430-4147-9C71-805024E098CB.svs,1020080409,3c6e1571b58f0fe7a7b6ea2bc58c57ba,released,Basal,33.0,reserve
TCGA-C8-A27B,TCGA-C8-A27B-01A,01,TS,TSA,4781996e-3d01-4a40-bb3a-3ef6e535dcae,TCGA-C8-A27B-01A-01-TSA.b93af347-1b83-4284-afaf-b3c14d8e038b.svs,377358405,a7c367b31f0d8cfac1b06aa08a27707d,released,Basal,33.0,reserve
TCGA-AC-A2QH,TCGA-AC-A2QH-01Z,01,DX,DX1,e6fbb7dc-d4ef-486a-befc-48ece853b973,TCGA-AC-A2QH-01Z-00-DX1.00B8BFFF-F1E2-4F99-A969-8DD7EE4F8E0B.svs,788541296,83dc99ccd52735a513dba251d2b72e18,released,Basal,34.0,reserve
TCGA-AC-A2QH,TCGA-AC-A2QH-01A,01,TS,TSA,926a271f-84b3-4485-8299-bcf089fbdcf5,TCGA-AC-A2QH-01A-01-TSA.272367FE-1BB8-43F8-9304-219AAFF37D36.svs,255505499,995dda53e7cb9d6dc5f7f746ebe32100,released,Basal,34.0,reserve
TCGA-E2-A1B6,TCGA-E2-A1B6-01Z,01,DX,DX1,e210b5e1-14a7-4b6f-b45b-ab2b8d3332e0,TCGA-E2-A1B6-01Z-00-DX1.8CD458BE-C4F9-4AF3-A927-18C042E9B4B7.svs,1139176677,5267a9df338ef8160150fd9132d91df7,released,Basal,35.0,reserve
TCGA-E2-A1B6,TCGA-E2-A1B6-01A,01,TS,TSC,495ad5db-f0a7-4001-ae52-58b7c6920423,TCGA-E2-A1B6-01A-03-TSC.f0917d61-c963-42cf-86c7-48b1e70c662d.svs,161004593,2786075dc43c1af73173f81915167a8b,released,Basal,35.0,reserve
TCGA-A2-A0ST,TCGA-A2-A0ST-01A,01,BS,BSA,c9c58d1a-1d5c-4d19-a11c-b691c3b89154,TCGA-A2-A0ST-01A-01-BSA.187f1dfd-47df-4e31-883c-62534d8e0dd5.svs,238898881,d028e8192fa56320685d197b97fdee5b,released,Basal,36.0,reserve
TCGA-A2-A0ST,TCGA-A2-A0ST-01Z,01,DX,DX1,95ff8d8c-f9d3-40cd-8fd8-232b3163e680,TCGA-A2-A0ST-01Z-00-DX1.AE05A5DB-4861-40DE-B0F5-7955FC903A96.svs,722419787,69ad852c4fde246c6e276195fc651904,released,Basal,36.0,reserve
TCGA-A2-A0ST,TCGA-A2-A0ST-01A,01,TS,TSA,c3c831ca-75b2-4186-8959-08cc4899e0a0,TCGA-A2-A0ST-01A-01-TSA.8e2979c6-24f8-4dcf-8439-1da07dbc6a9b.svs,331575403,3cda3ce048690162737c6f65aaf69085,released,Basal,36.0,reserve
TCGA-BH-A18V,TCGA-BH-A18V-01Z,01,DX,DX1,a5fef0d4-d358-490d-aca4-8c1eae62be3d,TCGA-BH-A18V-01Z-00-DX1.7797760A-05CD-436E-97DA-31D6201F943B.svs,1222805917,b0961c2b14627fa6fa15a92eddde55ea,released,Basal,37.0,reserve
TCGA-BH-A18V,TCGA-BH-A18V-01A,01,TS,TSA,7f10cb40-0dc3-447c-b7aa-1852ed65bfa0,TCGA-BH-A18V-01A-01-TSA.c53853f8-5b57-4695-9d13-58cfd0d5819b.svs,432928551,9d20c2f2b96ad3e005c78fd557d01a1f,released,Basal,37.0,reserve
TCGA-AO-A129,TCGA-AO-A129-01A,01,BS,BSB,22d7ac8b-c5f6-4091-91d1-3acf02efc78f,TCGA-AO-A129-01A-02-BSB.a781dca2-08b1-46a7-a7c9-7c2944546e58.svs,319608395,3207046ab87935bb1596eb1300b5d108,released,Basal,38.0,reserve
TCGA-AO-A129,TCGA-AO-A129-01Z,01,DX,DX1,58debf6e-1fde-435b-b990-286ec6aadbfa,TCGA-AO-A129-01Z-00-DX1.BF485416-BF57-4F39-866B-4B1E201876FA.svs,849287906,c2e1d43e4754635cc1bea16156bedc41,released,Basal,38.0,reserve
TCGA-AO-A129,TCGA-AO-A129-01A,01,TS,TSB,afcfa5d3-6b65-4ca7-8feb-6bedd784b861,TCGA-AO-A129-01A-02-TSB.427ec681-3c44-4d87-bfe5-525df3ade7f2.svs,375019315,00092a32ba38745ed85a6aff33db8478,released,Basal,38.0,reserve
TCGA-A2-A3XU,TCGA-A2-A3XU-01Z,01,DX,DX1,87e7cf96-5ab5-4f26-b839-25cd31607c9c,TCGA-A2-A3XU-01Z-00-DX1.174A92D4-50B2-4A59-AD31-D5EC5BBF2F65.svs,1410189611,4e97f84bca49d9dced82465a5e7d5aa5,released,Basal,39.0,reserve
TCGA-A2-A3XU,TCGA-A2-A3XU-01A,01,TS,TSA,f3097a35-3f0c-4374-ad99-6f442368fc50,TCGA-A2-A3XU-01A-01-TSA.9E569A13-1F17-44E2-9D19-31D8FB19ED4A.svs,282967813,fc82e230128b14404166d21f7c5d14c4,released,Basal,39.0,reserve
TCGA-A7-A26I,TCGA-A7-A26I-01Z,01,DX,DX1,f4c82dfb-bcb5-42d4-968c-6185ef7fd0b0,TCGA-A7-A26I-01Z-00-DX1.0077D012-BC14-4E96-84F7-A1A6A3A778DF.svs,316146559,48ba6ee4510289101a470bb4ead0b7fd,released,Basal,40.0,reserve
TCGA-A7-A26I,TCGA-A7-A26I-01A,01,TS,TSA,f7bc8622-c6f5-4020-a4bc-5778bd1a1cbb,TCGA-A7-A26I-01A-01-TSA.2fd782cc-a69a-4c7d-92a3-50f0c6351968.svs,254798801,8b8aa21c837b6e913753064c1bda494c,released,Basal,40.0,reserve
TCGA-A7-A6VV,TCGA-A7-A6VV-01Z,01,DX,DX1,4d69d2e0-aca4-4063-ae33-a19d213d8fa1,TCGA-A7-A6VV-01Z-00-DX1.07AE0E16-A883-4C86-BC74-4E13081175F2.svs,354455605,375b5e9a6c9476b9519f9ec1c29723f3,released,Basal,41.0,reserve
TCGA-A7-A6VV,TCGA-A7-A6VV-01Z,01,DX,DX2,dc1031ce-cc00-4ac9-a877-acb4ee297ef0,TCGA-A7-A6VV-01Z-00-DX2.4C2BF8C1-CC84-4A6E-BC0F-430BC8BE6B26.svs,611161107,8d93faa8ada0a9d0aa7d0af36eae4096,released,Basal,41.0,reserve
TCGA-A7-A6VV,TCGA-A7-A6VV-01A,01,TS,TS2,208da3cd-d084-41be-a080-5a8bf1d79dc3,TCGA-A7-A6VV-01A-02-TS2.B2C40F30-C888-4D29-8972-90912466A8B7.svs,128499211,e97d6cc2f7045cb8d82f26e06f4493d4,released,Basal,41.0,reserve
TCGA-BH-A0E0,TCGA-BH-A0E0-01A,01,BS,BSA,b7c25f35-e5be-43f5-8f48-d99b86aa28f6,TCGA-BH-A0E0-01A-01-BSA.b224536e-7d49-421d-a3bb-815fc01556a9.svs,242141161,cb8cd41a1426a00dac648c6fb791902e,released,Basal,42.0,reserve
TCGA-BH-A0E0,TCGA-BH-A0E0-01Z,01,DX,DX1,949a4e4a-824a-422c-ab4f-e1860818074c,TCGA-BH-A0E0-01Z-00-DX1.01E88024-83DF-4282-ABAF-F4E35807DA06.svs,1614215963,7cdfd70248092edf9beb1e19abc0a862,released,Basal,42.0,reserve
TCGA-BH-A0E0,TCGA-BH-A0E0-01A,01,TS,TSA,946df366-3eea-4146-a8cc-d60224fa4087,TCGA-BH-A0E0-01A-01-TSA.6d266771-231b-4305-afd9-ec77a67f2e73.svs,338637241,7b0433f62e3969711a78bf97d10ffa13,released,Basal,42.0,reserve
TCGA-D8-A27M,TCGA-D8-A27M-01Z,01,DX,DX1,aac5d476-06b4-4593-b9aa-611f7cb176f2,TCGA-D8-A27M-01Z-00-DX1.3020D223-2400-4A2D-8BFE-08A5B78FE13B.svs,856732025,9518edda337d05afe2eaea30f4c7b6be,released,Basal,43.0,reserve
TCGA-D8-A27M,TCGA-D8-A27M-01A,01,TS,TSA,06efedbc-f917-4ffa-a9ed-804f167dbe5b,TCGA-D8-A27M-01A-01-TSA.67f12b28-f756-49c8-a7f2-d15263d7a122.svs,97085691,f915734eeaca979c9ae90f0607aa33f4,released,Basal,43.0,reserve
TCGA-C8-A131,TCGA-C8-A131-01A,01,BS,BSA,bdcd04e3-0b87-4f09-9cbe-7d2adcd1694f,TCGA-C8-A131-01A-01-BSA.df5faaa8-e4ac-4a4b-8ef2-ff2063c9ae2f.svs,314467397,0b101995c785aa3464254f7fed03d3ed,released,Basal,44.0,reserve
TCGA-C8-A131,TCGA-C8-A131-01Z,01,DX,DX1,d42eb4ce-d300-46be-8b46-059a98c2ddb8,TCGA-C8-A131-01Z-00-DX1.5CB27A29-9951-40B9-B4DB-26A4D2EA89B8.svs,870167195,336ef0db4e60e4dfd4135c9420186e5e,released,Basal,44.0,reserve
TCGA-C8-A131,TCGA-C8-A131-01A,01,TS,TSA,56215ddf-b120-4a3b-aa31-1a8e8fb206da,TCGA-C8-A131-01A-01-TSA.accbe649-9fc6-4f5b-b001-a27366ac9024.svs,349230993,b6525bbd62f9cde2a1f50d574acb0972,released,Basal,44.0,reserve
TCGA-D8-A27H,TCGA-D8-A27H-01Z,01,DX,DX1,161e66b9-29e7-458b-b5a9-1c5c8a4be659,TCGA-D8-A27H-01Z-00-DX1.BE9DFDD4-97C5-4327-B1DA-4B34A6F267C5.svs,996725493,345942071ce461a59b6b3669bb0f8856,released,Basal,45.0,reserve
TCGA-D8-A27H,TCGA-D8-A27H-01A,01,TS,TS1,e22a8337-2bbe-4382-89da-7119e6d8aac6,TCGA-D8-A27H-01A-01-TS1.4e0e757d-3ec9-4137-86f6-ac46e2f83bcb.svs,219148977,d4ae0fd27a432d8fd4e5bbcd898d5629,released,Basal,45.0,reserve
TCGA-D8-A1JK,TCGA-D8-A1JK-01Z,01,DX,DX1,c796a50f-9129-4144-ba0b-e67f5d4fd5e8,TCGA-D8-A1JK-01Z-00-DX1.3190C919-A403-460D-9F6C-D2AB5FD3FD05.svs,2086269977,37d1492539f3594d53235e7487df8cbb,released,Basal,46.0,reserve
TCGA-D8-A1JK,TCGA-D8-A1JK-01A,01,TS,TS1,ffb3936d-864e-4efe-8d55-5ab3a8c22529,TCGA-D8-A1JK-01A-01-TS1.38e6e213-bd48-4c7e-a2e6-7a35d24698fd.svs,177080867,0621d7ccc2217a54bdb8c53eec767fee,released,Basal,46.0,reserve
TCGA-E2-A14N,TCGA-E2-A14N-01Z,01,DX,DX1,0dcc8304-dfd1-4e79-b23f-30f1143c897c,TCGA-E2-A14N-01Z-00-DX1.15F5644F-CA9F-4688-B56E-BCC00CA4769B.svs,1150642439,af4f73519238aa333a8a7144efdd4ad2,released,Basal,47.0,reserve
TCGA-E2-A14N,TCGA-E2-A14N-01A,01,TS,TSC,2e6bc66b-4ef4-4dee-bffa-7ae0eda53bd6,TCGA-E2-A14N-01A-03-TSC.f25db7f7-db83-4011-9198-683dbc592da6.svs,146454993,ad1f5bd4c00f9c04706c16e238a64829,released,Basal,47.0,reserve
TCGA-A8-A07U,TCGA-A8-A07U-01Z,01,DX,DX1,7a8c60be-cf08-4570-aead-4e66e2953a8f,TCGA-A8-A07U-01Z-00-DX1.69D356C3-C7FC-47E9-B753-BE421263343F.svs,1000853688,d68ee76b94c1e7f6c6fd3b89b59ee8e1,released,Basal,48.0,reserve
TCGA-A8-A07U,TCGA-A8-A07U-01A,01,TS,TS1,3c905720-f76b-48f3-bdd7-a21f263186d7,TCGA-A8-A07U-01A-01-TS1.f7ef0926-a88e-4ad1-88a4-2369a3b8e5dd.svs,208869903,cfa88d86f4d3d6f4e43e4ec0cacde96a,released,Basal,48.0,reserve
TCGA-A2-A0T0,TCGA-A2-A0T0-01A,01,BS,BSB,6ea70d27-bf7f-4e97-96a9-9bf1c4f229c1,TCGA-A2-A0T0-01A-02-BSB.dc5e2a55-4bc6-4655-b86e-5aeb369f05c9.svs,641078421,ab44f3e63290046cb2e1de51ef194ab8,released,Basal,49.0,reserve
TCGA-A2-A0T0,TCGA-A2-A0T0-01Z,01,DX,DX1,5f2229b0-de23-4b4a-8531-7a82a9e2f614,TCGA-A2-A0T0-01Z-00-DX1.51F904DA-A4B5-4451-8AEF-58E7EF7651DB.svs,1559068211,c2037fd980ec0ba952e2fcfb78ae53cd,released,Basal,49.0,reserve
TCGA-A2-A0T0,TCGA-A2-A0T0-01A,01,TS,TSB,1d05ceef-68a2-40f0-bdb8-c797da4b834c,TCGA-A2-A0T0-01A-02-TSB.802f97da-e482-4c7a-aa5e-a692871ad1ea.svs,563761667,fd588615e5c2c0b15490a6238a8018a3,released,Basal,49.0,reserve
TCGA-E2-A573,TCGA-E2-A573-01Z,01,DX,DX1,e6ec522d-39aa-4702-a5ba-243ef9bf531e,TCGA-E2-A573-01Z-00-DX1.D6633BC2-524D-4153-952F-6B1D8D067370.svs,1247428613,d9e9d3cca52040deed51c7937f088530,released,Basal,50.0,reserve
TCGA-E2-A573,TCGA-E2-A573-01A,01,TS,TS1,9129dfbc-9022-45b1-9d52-ca52d14755ae,TCGA-E2-A573-01A-01-TS1.E5F5ABA4-595A-41C0-B686-A96DA9901AED.svs,366045133,89c704659b89b912f9d1d8ba3611fd65,released,Basal,50.0,reserve
TCGA-BH-A0B9,TCGA-BH-A0B9-01A,01,BS,BSA,df919bf3-12ec-4bf2-abb1-f338545c57cf,TCGA-BH-A0B9-01A-01-BSA.f1673d45-8491-4821-87e3-62e7cbcb2994.svs,925640771,3c828fc9a70473a46906180f76ba1302,released,Basal,51.0,reserve
TCGA-BH-A0B9,TCGA-BH-A0B9-01Z,01,DX,DX1,745c5fd8-def8-46f7-84bd-ea6c573156fd,TCGA-BH-A0B9-01Z-00-DX1.C23ADB4C-52D4-4DFD-B8E3-156E43F0E645.svs,1424359679,ffaa58cc26ac78eaf78bb2f9075ca39f,released,Basal,51.0,reserve
TCGA-BH-A0B9,TCGA-BH-A0B9-01A,01,TS,TSA,13be99c8-67c2-46dd-b998-0d60da60dbee,TCGA-BH-A0B9-01A-01-TSA.9a22384b-3086-4792-9d69-d2a5f8fdd8c7.svs,1209524637,edf2d7ebcdb9a636e98d374a42d027b5,released,Basal,51.0,reserve
TCGA-A2-A0CM,TCGA-A2-A0CM-01A,01,BS,BSC,92d230e0-7f1b-4eda-bc54-ea045d23bc56,TCGA-A2-A0CM-01A-03-BSC.c240a44d-0583-496e-bdef-5cdb5e0ee167.svs,207731433,93aaf6d5e8a7783ac43b6254b55b13cd,released,Basal,52.0,reserve
TCGA-A2-A0CM,TCGA-A2-A0CM-01Z,01,DX,DX1,7b58dd53-0764-466d-ba8a-630f5401dd65,TCGA-A2-A0CM-01Z-00-DX1.AC4901DE-4B6D-4185-BB9F-156033839828.svs,931808591,45d8581dedb1cf678560863f36030555,released,Basal,52.0,reserve
TCGA-A2-A0CM,TCGA-A2-A0CM-01A,01,TS,TSC,a6213fc8-9147-4e83-ba76-42979b01b494,TCGA-A2-A0CM-01A-03-TSC.7f2cc1ed-793e-4717-92fd-da1aa4424aed.svs,211907977,782d8238b7ec8f574fff300e64673df7,released,Basal,52.0,reserve
TCGA-AC-A2BK,TCGA-AC-A2BK-01Z,01,DX,DX1,b75945dc-466b-439e-8edb-0ac9bfcbf873,TCGA-AC-A2BK-01Z-00-DX1.A3A1F275-9CDC-48BA-BB81-BCA6F02ACA94.svs,244583142,dc4d9a07abc87de438aadbacd6db514d,released,Basal,53.0,reserve
TCGA-AC-A2BK,TCGA-AC-A2BK-01A,01,TS,TS1,2e645088-8d11-479e-9f98-d48f67e97b2b,TCGA-AC-A2BK-01A-01-TS1.6CEB52F7-A30A-4796-A58E-ACF239845153.svs,221665179,b712aed613ba60c74069659a1ee9bd66,released,Basal,53.0,reserve
TCGA-A7-A5ZV,TCGA-A7-A5ZV-01Z,01,DX,DX1,1b24d94f-3ad5-48b9-825a-6e8c2c873da4,TCGA-A7-A5ZV-01Z-00-DX1.21F2EA4A-4F31-43D6-A036-E20E326AF37E.svs,630509479,21737416ccf132d34257cd8b408097bf,released,Basal,54.0,reserve
TCGA-A7-A5ZV,TCGA-A7-A5ZV-01A,01,TS,TS1,b41491d7-b3ba-4b3d-8740-44aa9384bb66,TCGA-A7-A5ZV-01A-01-TS1.7D506802-D2B5-4BFB-AB73-B62C87558D9B.svs,310042917,169621090812ee851fe796ee9815c957,released,Basal,54.0,reserve
TCGA-BH-A0BW,TCGA-BH-A0BW-01A,01,BS,BSA,cf0a5a4b-af02-42b0-b170-a9546588c9a1,TCGA-BH-A0BW-01A-01-BSA.e6e7f7cd-a931-4d02-acf6-87b0bbf21fba.svs,664801455,b7414c9b20105cbcb53f02bbd06eda16,released,Basal,55.0,reserve
TCGA-BH-A0BW,TCGA-BH-A0BW-01Z,01,DX,DX1,6d60c330-228b-4cba-bc0a-93c502d7f523,TCGA-BH-A0BW-01Z-00-DX1.39B0C363-46A2-4FFB-B1C5-C054A86F4A25.svs,1372729159,b8a4833488442fbc09eea7ee3cd68af8,released,Basal,55.0,reserve
TCGA-BH-A0BW,TCGA-BH-A0BW-01A,01,TS,TSA,55b7f597-0850-4831-8d12-fa217aa0f712,TCGA-BH-A0BW-01A-01-TSA.a2c48bd4-4c32-4694-97c8-c43679601ab0.svs,769811761,9e88e91365501c9d10371b884758c02e,released,Basal,55.0,reserve
TCGA-E2-A1AZ,TCGA-E2-A1AZ-01Z,01,DX,DX1,05731e24-2d30-4cb0-9c61-c8bdbfbf77b9,TCGA-E2-A1AZ-01Z-00-DX1.FE769F5F-385B-4DCF-819A-735C98D84FA8.svs,1805426549,ebc2751c4a1de937f3712bb7bd9c20e3,released,Basal,56.0,reserve
TCGA-E2-A1AZ,TCGA-E2-A1AZ-01A,01,TS,TS1,3599108b-716b-4a35-98cc-760ded624bfd,TCGA-E2-A1AZ-01A-01-TS1.4941221b-33e9-4b2a-8165-cc2221732f78.svs,196211575,929121c6185435b689da0515cba35af8,released,Basal,56.0,reserve
TCGA-OL-A5RW,TCGA-OL-A5RW-01Z,01,DX,DX1,f2d5aa37-d9ce-4264-a447-fc69dd0d7d85,TCGA-OL-A5RW-01Z-00-DX1.E16DE8EE-31AF-4EAF-A85F-DB3E3E2C3BFF.svs,25565706,1a169f76fc7d21e767a93225968b9531,released,Basal,57.0,reserve
TCGA-OL-A5RW,TCGA-OL-A5RW-01A,01,TS,TS1,e7789896-65ab-4a36-a981-0b8fb0132b5f,TCGA-OL-A5RW-01A-01-TS1.4A172D57-5F02-4680-8106-81459FC20B26.svs,409742545,2b3c05e41f7f082e9c1b7a69afcede1b,released,Basal,57.0,reserve
TCGA-E2-A1LI,TCGA-E2-A1LI-01Z,01,DX,DX1,26eb27eb-84c8-4fea-a51b-c3eb5c484b33,TCGA-E2-A1LI-01Z-00-DX1.503dd2fa-23ef-4b11-8aab-301e069eaa88.svs,1198183851,fe7ae81c0e240db74138d286849b79d6,released,Basal,58.0,reserve
TCGA-E2-A1LI,TCGA-E2-A1LI-01A,01,TS,TS1,ce94d0ef-fa7e-452e-93ed-22e37c2775ec,TCGA-E2-A1LI-01A-01-TS1.fbca9d73-aac9-43ba-82cc-7eb527c4904e.svs,274521021,9160ef9b8ba641b7a7822218d71f6500,released,Basal,58.0,reserve
TCGA-A2-A04P,TCGA-A2-A04P-01A,01,BS,BSC,a2bfc9af-927f-4be6-8f5d-480f347e5737,TCGA-A2-A04P-01A-03-BSC.31dbf72c-2aef-4b1d-a773-3656f550acc3.svs,93875676,c698d31c4de926ed6950d44261079c0c,released,Basal,59.0,reserve
TCGA-A2-A04P,TCGA-A2-A04P-01Z,01,DX,DX1,471afecc-f0fb-4862-8474-b698feb6f2cb,TCGA-A2-A04P-01Z-00-DX1.5B481E02-D269-4732-8FDD-6494E6EE2B71.svs,957094502,89295467953d47f0c81a0c4a06bbaf6c,released,Basal,59.0,reserve
TCGA-A2-A04P,TCGA-A2-A04P-01A,01,TS,TSC,f35cf94d-f9b7-43e5-afe8-a26236000bb9,TCGA-A2-A04P-01A-03-TSC.a3d91959-eb6a-4ddd-ac83-c1e0217577cf.svs,302771280,250c223b14695ce326b83390c82ff0ae,released,Basal,59.0,reserve
TCGA-A2-A3XT,TCGA-A2-A3XT-01Z,01,DX,DX1,006984cf-35fc-4bc3-a0db-7f5b68de4a6e,TCGA-A2-A3XT-01Z-00-DX1.336D6C78-576A-481B-8C83-F3A0FC4B182C.svs,1339884711,1582957f91819bc8eb589f8bcff78bac,released,Basal,60.0,reserve
TCGA-A2-A3XT,TCGA-A2-A3XT-01A,01,TS,TSA,ec9867ca-7bc4-4a9e-860f-d87a9c8115e4,TCGA-A2-A3XT-01A-01-TSA.8B6C4952-F4D6-42C2-86FD-54C42917AC77.svs,244777305,dfed6955805deaec0b8bd42f0d488e7f,released,Basal,60.0,reserve
TCGA-E2-A159,TCGA-E2-A159-01Z,01,DX,DX1,a221cf48-592f-46db-b067-e3515a4262cb,TCGA-E2-A159-01Z-00-DX1.C8DC3356-CAE9-4E7A-AEFF-ABB4BE38192B.svs,1490421645,16d555d297c208835245c04496adee36,released,Basal,61.0,reserve
TCGA-E2-A159,TCGA-E2-A159-01A,01,TS,TSA,f0c0281e-d474-453c-8f21-3a0ba68a90e0,TCGA-E2-A159-01A-01-TSA.257b9eec-d799-4545-bae4-b279258bba63.svs,338803969,01f6d8360e1bffa09d523e0af4a4c6d0,released,Basal,61.0,reserve
TCGA-E2-A14R,TCGA-E2-A14R-01Z,01,DX,DX1,745f1703-c59d-4d43-b5ba-d908bf1498c3,TCGA-E2-A14R-01Z-00-DX1.DDE62ED5-1FC0-4B3B-A874-95C08B33AB20.svs,1522287107,f9dfe7d4f39dfe1fd92013c06838c022,released,Basal,62.0,reserve
TCGA-E2-A14R,TCGA-E2-A14R-01A,01,TS,TSA,7a748493-2920-4e7c-a832-9c2ddfe2bb50,TCGA-E2-A14R-01A-01-TSA.743927ec-2d43-4242-aa8b-c56a0fc83352.svs,194650791,53f5ebfda1857944576db84c279ac1ac,released,Basal,62.0,reserve
TCGA-AO-A0J4,TCGA-AO-A0J4-01A,01,BS,BSA,5c033e2c-14d7-43b9-b09c-fdb99c352ae0,TCGA-AO-A0J4-01A-01-BSA.9ab812d5-7e5e-4955-a041-052fa71325b8.svs,250644503,2562bcdb061f64ac984293d0b80833fe,released,Basal,63.0,reserve
TCGA-AO-A0J4,TCGA-AO-A0J4-01Z,01,DX,DX1,792cab5a-a944-4a87-9f68-364845db8c45,TCGA-AO-A0J4-01Z-00-DX1.2EFC978E-8DF5-4254-9598-C0910B17C5C8.svs,564578388,514c7ccb1fd2056c246a6945a05d28b8,released,Basal,63.0,reserve
TCGA-AO-A0J4,TCGA-AO-A0J4-01A,01,TS,TSA,bef487ab-a4a6-4f88-a8e4-29d46858668e,TCGA-AO-A0J4-01A-01-TSA.b019ef9d-8bd3-48cf-acd5-d52ae474e0d1.svs,436504731,56deb61403c708408f23bec18ea89da0,released,Basal,63.0,reserve
TCGA-E2-A1LH,TCGA-E2-A1LH-01Z,01,DX,DX1,33f7413f-6339-4389-98dd-eee280233684,TCGA-E2-A1LH-01Z-00-DX1.F85384B7-1EBF-4F57-A45B-4A668B68E535.svs,1101526029,7e564b4a301e0b073306e1a7845c9494,released,Basal,64.0,reserve
TCGA-E2-A1LH,TCGA-E2-A1LH-01A,01,TS,TS1,4a0c7e4c-ed88-4642-90b4-37ad35b3c892,TCGA-E2-A1LH-01A-01-TS1.e49c714b-f97e-4643-805a-9fad366d64bf.svs,326795313,ebf25fde96e5597bf227322e03f21a72,released,Basal,64.0,reserve
TCGA-E9-A5FL,TCGA-E9-A5FL-01Z,01,DX,DX1,e5806a73-54c4-43d1-a44b-db5f43c8e832,TCGA-E9-A5FL-01Z-00-DX1.FB810D6A-303E-45DF-BEF1-D9CE83B4417E.svs,841538215,974165ecf6416fbee667776e21e4e489,released,Basal,65.0,reserve
TCGA-E9-A5FL,TCGA-E9-A5FL-01A,01,TS,TSA,5b3bdbef-64df-4735-99d7-816686a43ab7,TCGA-E9-A5FL-01A-01-TSA.4543A1A7-CE9F-4038-88DA-F7869AF4B8FD.svs,256593567,c8a0d423621cfea049fba48693ffc139,released,Basal,65.0,reserve
TCGA-A7-A4SE,TCGA-A7-A4SE-01Z,01,DX,DX1,1d5164fc-1ee7-42b3-906f-20465385eb7b,TCGA-A7-A4SE-01Z-00-DX1.16BC8401-E40E-4A1A-9BD9-12735C9AE3F6.svs,476065355,7a000f8cecab9a4e15ad0ba368ba2546,released,Basal,66.0,reserve
TCGA-A7-A4SE,TCGA-A7-A4SE-01A,01,TS,TSA,c734fc51-4151-4107-907d-bc565f3b77a4,TCGA-A7-A4SE-01A-01-TSA.E85740C0-F763-4776-A6BB-847C10CCA21C.svs,201186913,6be2956dd2a7c81034cd29693a4a87c3,released,Basal,66.0,reserve
TCGA-E2-A1LG,TCGA-E2-A1LG-01Z,01,DX,DX1,e7d1ac4e-b60c-4fd2-beef-2abd5e4571f6,TCGA-E2-A1LG-01Z-00-DX1.8ff0fdd8-e5d5-4ff8-8707-4a760aaa5d36.svs,613844379,ba2dd2dac9c86fa1edd4f4d0f6150e4d,released,Basal,67.0,reserve
TCGA-E2-A1LG,TCGA-E2-A1LG-01A,01,TS,TSB,5c6476d3-7865-4f47-8ab2-2eb4fb827b1f,TCGA-E2-A1LG-01A-02-TSB.23e175ad-93af-41f1-a8be-c37cc3ee5d47.svs,174148923,28b78bf0ef6dd49dd5336158056d1da7,released,Basal,67.0,reserve
TCGA-BH-A0WA,TCGA-BH-A0WA-01A,01,BS,BS1,38d40e38-856c-4fab-b3e0-5736859d71bd,TCGA-BH-A0WA-01A-01-BS1.cdb31cb5-f9cf-4089-a6df-c1eb98207e39.svs,304011337,679b3542f03568ada2913bf4164ff2ad,released,Basal,68.0,reserve
TCGA-BH-A0WA,TCGA-BH-A0WA-01Z,01,DX,DX1,4bc7607b-c1e3-4394-8e6f-0a343d79eddd,TCGA-BH-A0WA-01Z-00-DX1.C0EB7B73-5529-49EC-B660-3F849B041963.svs,859672763,cf5807173888569b4924c542c0c31d2a,released,Basal,68.0,reserve
TCGA-BH-A0WA,TCGA-BH-A0WA-01A,01,TS,TS1,b8993dd9-e231-40a1-a696-53f1a1546812,TCGA-BH-A0WA-01A-01-TS1.432bea0e-7c43-4b34-bee7-3ee094e87c40.svs,341460105,8b6af86a41bc47399fec02c4e4a97c72,released,Basal,68.0,reserve
TCGA-EW-A1P4,TCGA-EW-A1P4-01Z,01,DX,DX1,9e2acfcf-3e96-4aed-9529-7cc3787f2e4f,TCGA-EW-A1P4-01Z-00-DX1.3E9AE553-83D4-4B09-AB7F-D096BCE3BC4D.svs,1236274231,84291b95870d4e16db7e98a911159581,released,Basal,69.0,reserve
TCGA-EW-A1P4,TCGA-EW-A1P4-01A,01,TS,TSB,9037f4b8-2111-4b0e-9e5a-fe8f3dd4218e,TCGA-EW-A1P4-01A-02-TSB.4e509c5d-75a2-4996-a202-32910c7b745a.svs,183844267,d553ffffa27543d3d7cd72b7249e8e92,released,Basal,69.0,reserve
TCGA-LL-A73Y,TCGA-LL-A73Y-01Z,01,DX,DX1,e6a78709-9195-4657-a537-a51e7e7b7c97,TCGA-LL-A73Y-01Z-00-DX1.50C20931-3AA9-40B4-8A73-56B1976423A8.svs,966989249,b3f6cbf507fc5b0781d25cebe9634e29,released,Basal,70.0,reserve
TCGA-LL-A73Y,TCGA-LL-A73Y-01A,01,TS,TS1,fef0b962-eac1-4180-9d86-99aff58154a4,TCGA-LL-A73Y-01A-01-TS1.367F9DD6-DA45-488A-B2CF-9252BCF50251.svs,462617789,c112149a8e2d65342acb663546bbb5ef,released,Basal,70.0,reserve
TCGA-BH-A1F0,TCGA-BH-A1F0-01Z,01,DX,DX1,69a45353-526f-441f-aebd-3810a0ca8b24,TCGA-BH-A1F0-01Z-00-DX1.E1557A67-230A-4337-AEC8-158258A917FF.svs,462616685,3a5740d26e954ce6fa793bd6b2b55da4,released,Basal,71.0,reserve
TCGA-BH-A1F0,TCGA-BH-A1F0-01A,01,TS,TSA,db7e4dc3-e9e1-47bd-ab03-7b48e0b1beaa,TCGA-BH-A1F0-01A-01-TSA.e1fa751d-d255-48c2-af85-826f04050f75.svs,235186113,a4066d520b1495f522fe5d7b804ecf8b,released,Basal,71.0,reserve
TCGA-E2-A14X,TCGA-E2-A14X-01Z,01,DX,DX1,abf27f46-f39a-4f2d-8e7b-423e5da54419,TCGA-E2-A14X-01Z-00-DX1.24ADDA43-F127-4A6B-9AAD-2FAD982A853D.svs,1668584405,826f5b5f96cfd3ad289a0890e1f10cbc,released,Basal,72.0,reserve
TCGA-E2-A14X,TCGA-E2-A14X-01A,01,TS,TSA,d5d9114e-e22d-4eea-bf80-6d2201f38822,TCGA-E2-A14X-01A-01-TSA.8d861810-a681-4877-bccd-aa0f83074a2a.svs,353256771,2d66992e0f6d91af7a1fe2f27ce68124,released,Basal,72.0,reserve
TCGA-AN-A0AT,TCGA-AN-A0AT-01A,01,BS,BSA,bfd3b4f2-94d8-49f6-99bd-7e8a15542700,TCGA-AN-A0AT-01A-01-BSA.a4fc206e-5f94-4eb5-b7ff-78f2013b2ed1.svs,209446387,2ddfe88359501d3248073d2a956895d2,released,Basal,73.0,reserve
TCGA-AN-A0AT,TCGA-AN-A0AT-01Z,01,DX,DX1,fc73a031-4820-4e2b-a481-deef427a2206,TCGA-AN-A0AT-01Z-00-DX1.DFD68CD2-C25E-47BE-BC06-8CE3C657B9FD.svs,1152139381,3c5a2a986741e28e949a6be7b970c877,released,Basal,73.0,reserve
TCGA-AN-A0AT,TCGA-AN-A0AT-01A,01,TS,TSA,5ce0dc94-f35c-4115-8e02-3822c9f7c251,TCGA-AN-A0AT-01A-01-TSA.0147607c-ae77-4449-a80a-1610d2657e82.svs,183253827,3b871fa657e6609ba8e687277083fe2c,released,Basal,73.0,reserve
TCGA-A8-A08R,TCGA-A8-A08R-01A,01,BS,BS1,cb54343b-4ba9-4d6e-96eb-1a183d6a5ff3,TCGA-A8-A08R-01A-01-BS1.7d1f1daf-4f4f-4126-8b13-3febf866f042.svs,391412681,e93f5d70edd89822e9d69301950f587d,released,Basal,74.0,reserve
TCGA-A8-A08R,TCGA-A8-A08R-01Z,01,DX,DX1,65ec7026-9cf6-49ce-bc83-0af68229ebb4,TCGA-A8-A08R-01Z-00-DX1.72FBD9A3-5EB9-4855-89EB-697883C2EA9B.svs,309135748,a720993cd3c5b5c509fe3451f017d82c,released,Basal,74.0,reserve
TCGA-EW-A6SB,TCGA-EW-A6SB-01Z,01,DX,DX1,206ccd79-310d-40a4-852c-03930e685304,TCGA-EW-A6SB-01Z-00-DX1.D56E1922-01A9-4AEE-AB95-D69447DD13EE.svs,1394236491,09f71a39a78d53f7ba588276ec584337,released,Basal,75.0,reserve
TCGA-EW-A6SB,TCGA-EW-A6SB-01A,01,TS,TS1,e971c060-74cd-47fd-a2cc-8639f2b61220,TCGA-EW-A6SB-01A-01-TS1.A3AF72E9-5C7A-467B-A0BB-B02CEBDC5B76.svs,143708075,321d91b5c6431029734cefe4d1fdb74b,released,Basal,75.0,reserve
TCGA-A2-A0YJ,TCGA-A2-A0YJ-01A,01,BS,BSA,06d15f94-6c78-4372-8d03-493f1b09fd44,TCGA-A2-A0YJ-01A-01-BSA.d8a11cff-f5fd-4d70-8655-c8db88f7147e.svs,340059239,e081c80880777bb35daac92d3320c82f,released,Basal,76.0,reserve
TCGA-A2-A0YJ,TCGA-A2-A0YJ-01Z,01,DX,DX1,df1645c7-0db5-4262-8c8d-b8577f272914,TCGA-A2-A0YJ-01Z-00-DX1.8135C74E-DAA8-4C8E-AF14-A4B5B57695BE.svs,927073895,6624209193dcfd0946ca4bb029697ebb,released,Basal,76.0,reserve
TCGA-A2-A0YJ,TCGA-A2-A0YJ-01A,01,TS,TSA,33da2019-6a2d-4aae-9ec7-c5d6d474ae91,TCGA-A2-A0YJ-01A-01-TSA.a1260b78-3f54-490b-9dd1-7a6cb99e2358.svs,366939465,6f36b366580aa825498a3963b3cf86c9,released,Basal,76.0,reserve
TCGA-E2-A150,TCGA-E2-A150-01Z,01,DX,DX1,8b523360-eac2-4e93-aa58-5f109bbb6820,TCGA-E2-A150-01Z-00-DX1.55643D23-83E6-4058-8EA5-18AAA8547839.svs,1611920503,6b4bb46257e4cef8d58720320e5b3ec6,released,Basal,77.0,reserve
TCGA-E2-A150,TCGA-E2-A150-01A,01,TS,TSA,65613803-689a-4904-8f4f-d2c387874a1c,TCGA-E2-A150-01A-01-TSA.c32feae0-434d-4e04-9cfa-5b0d89547711.svs,124509299,cb174fa9aa2c84f85bf4c95717208f7e,released,Basal,77.0,reserve
TCGA-AR-A0TP,TCGA-AR-A0TP-01A,01,BS,BSA,c6d577da-4db2-4cfd-b9c7-3cbf91cad70e,TCGA-AR-A0TP-01A-01-BSA.c952677d-24c0-4687-ba57-1f812fc51e91.svs,241852195,60d301a3cf0ae89698c84e3f9e0306f4,released,Basal,78.0,reserve
TCGA-AR-A0TP,TCGA-AR-A0TP-01Z,01,DX,DX1,f9415b74-ee9c-4e63-8deb-5fb8766256f8,TCGA-AR-A0TP-01Z-00-DX1.58E6A3A6-D1D7-4AE5-87A5-E823F04CBB2F.svs,1230288899,1cbf68be51fc1d86d351c2f785d9bc77,released,Basal,78.0,reserve
TCGA-AR-A0TP,TCGA-AR-A0TP-01A,01,TS,TSA,b5565f07-c27f-40a9-823f-113622a78cb1,TCGA-AR-A0TP-01A-01-TSA.300fb1d5-301a-4a10-b9f6-615bac812e93.svs,389351129,c6caa6c335b92fb562ee1dce15e96d94,released,Basal,78.0,reserve
TCGA-A7-A13D,TCGA-A7-A13D-01A,01,BS,BS1,09e0b1eb-049e-4914-89ea-9d681de445a6,TCGA-A7-A13D-01A-01-BS1.3182c3e9-b439-4e20-9445-207142d22dba.svs,457372515,9a78bbaba03772869b0389592bd0c826,released,Basal,79.0,reserve
TCGA-A7-A13D,TCGA-A7-A13D-01Z,01,DX,DX1,469579d1-f578-4956-aab0-9e7728a88ff7,TCGA-A7-A13D-01Z-00-DX1.D206783C-FA6A-4B6A-B3AA-4132A2C9626B.svs,458913079,4dc5bb819c0950c000ed2e83b662cb6f,released,Basal,79.0,reserve
TCGA-A7-A13D,TCGA-A7-A13D-01Z,01,DX,DX2,887db59f-4de0-4b6c-be48-2e61cf3fc6ce,TCGA-A7-A13D-01Z-00-DX2.8165A362-6A08-4BFD-9428-7EEB6C59D7F1.svs,735725871,6ebc8a5beb7633f10ed7d8b0c6415bbf,released,Basal,79.0,reserve
TCGA-A7-A13D,TCGA-A7-A13D-01A,01,TS,TS1,0d133146-1c5d-4a4f-a821-6b1eb9b6325d,TCGA-A7-A13D-01A-01-TS1.e486c65b-370b-41df-8cd9-bcadaf1f88bd.svs,219107551,b37a118d1f9e04cc627894f395f16932,released,Basal,79.0,reserve
TCGA-AR-A1AH,TCGA-AR-A1AH-01Z,01,DX,DX1,e6ab1786-2cf7-4346-900b-54b9d87199b8,TCGA-AR-A1AH-01Z-00-DX1.5D5D7774-77BB-4EA0-9E8E-A8D28F70A575.svs,1618455033,ac127759f6a9805ea0250968927d966e,released,Basal,80.0,reserve
TCGA-AR-A1AH,TCGA-AR-A1AH-01A,01,TS,TS1,6984b8da-f199-4022-b8d4-71e4cf269340,TCGA-AR-A1AH-01A-01-TS1.a9093b0b-46fc-4b7f-8e6e-3ce53379d44e.svs,469572527,fdc2f29ca6bb52faa5ab25f34eb17a93,released,Basal,80.0,reserve
TCGA-A2-A4S1,TCGA-A2-A4S1-01Z,01,DX,DX1,c504ed4e-8dd3-4ce3-89a2-898185b30ee7,TCGA-A2-A4S1-01Z-00-DX1.C69B14F6-5021-4FD8-8F2D-70227A5DA2B1.svs,570108757,faceef92744920c73845bb4a15e13444,released,Basal,81.0,reserve
TCGA-A2-A4S1,TCGA-A2-A4S1-01A,01,TS,TSB,f1e08929-975d-40fb-b94f-9e9167ff3c2b,TCGA-A2-A4S1-01A-02-TSB.98FEC101-A8CD-407A-9AE0-5ABDD8CB8DCC.svs,327120635,1f7bed630ac49c154898be0e386c7a4b,released,Basal,81.0,reserve
TCGA-A7-A26G,TCGA-A7-A26G-01Z,01,DX,DX1,efca577c-7b6f-4df6-ac6e-6577cb0d3f27,TCGA-A7-A26G-01Z-00-DX1.29A27673-A16D-4044-BCCF-14BF6236D7D3.svs,601419461,86367b1427dac1e9b8563270f2f02f23,released,Basal,82.0,reserve
TCGA-A7-A26G,TCGA-A7-A26G-01A,01,TS,TSB,6b9a196c-6632-4ace-8623-2931b4df7b75,TCGA-A7-A26G-01A-02-TSB.3260508e-32e6-47f3-b43b-91ec7056b27c.svs,113714341,0b2dc2a91d95e25339923e770c869a0b,released,Basal,82.0,reserve
TCGA-A7-A13E,TCGA-A7-A13E-01A,01,BS,BSA,19e7255b-be37-498f-93de-05abc5eb86c0,TCGA-A7-A13E-01A-01-BSA.6abb32ba-9836-4032-94cb-7113e0dce7aa.svs,192874549,2f2d597701084c66e4f49e35000fa73f,released,Basal,83.0,reserve
TCGA-A7-A13E,TCGA-A7-A13E-01Z,01,DX,DX1,df759095-0b8e-4036-b48c-4ed4ab366680,TCGA-A7-A13E-01Z-00-DX1.891954FF-316A-4562-AA14-429631944F22.svs,395083323,31674375147890911e2e3e61ef3ab002,released,Basal,83.0,reserve
TCGA-A7-A13E,TCGA-A7-A13E-01Z,01,DX,DX2,77a8d82f-9d8c-48f5-a0cc-641b3e8da151,TCGA-A7-A13E-01Z-00-DX2.1E1262AE-A32D-4814-94A5-D951CA8BA35D.svs,464091237,55ebcb356b87ccb68382ba1f32cbaefb,released,Basal,83.0,reserve
TCGA-A7-A13E,TCGA-A7-A13E-01A,01,TS,TSA,d0c39b98-9162-4216-a0c8-ee43bd3351e5,TCGA-A7-A13E-01A-01-TSA.4f107ed6-13b7-4685-9baf-d7ba5a4adeff.svs,213173285,a0f7a6b1c92b9886b5e3dbdc4eeb7729,released,Basal,83.0,reserve
TCGA-A2-A04T,TCGA-A2-A04T-01A,01,BS,BSB,cef7e32a-32c6-4934-98fb-c5887f4fc500,TCGA-A2-A04T-01A-02-BSB.3bc8f196-5f7b-4207-bf6d-6430bac94fe2.svs,219764526,a493bb352e645de70fc3dd429610d3e3,released,Basal,84.0,reserve
TCGA-A2-A04T,TCGA-A2-A04T-01Z,01,DX,DX1,018f441c-62ba-4658-b110-e30bf8381856,TCGA-A2-A04T-01Z-00-DX1.71444266-BD56-4183-9603-C7AC20C9DA1E.svs,841715003,9234e23c01cb95a2abbfe27d903f7126,released,Basal,84.0,reserve
TCGA-A2-A04T,TCGA-A2-A04T-01A,01,TS,TSB,68dd7e5e-b40a-4af1-9e77-27f779c0537d,TCGA-A2-A04T-01A-02-TSB.93063466-272a-42e9-b4cb-ccf262b7e4c4.svs,149492754,0258a510893d4aee5b3b4aecc91ee3b6,released,Basal,84.0,reserve
TCGA-BH-A0E6,TCGA-BH-A0E6-01A,01,BS,BSA,9bc5ffaa-2ada-4616-a01a-16d54e23fc43,TCGA-BH-A0E6-01A-01-BSA.8156d307-3bf6-4d24-ad6c-9d0a8cc2a504.svs,763678113,b5b9915e4bec3fee013aeebcca04e22e,released,Basal,85.0,reserve
TCGA-BH-A0E6,TCGA-BH-A0E6-01Z,01,DX,DX1,e0a1cb42-c419-4f82-ba87-4bd881ce603a,TCGA-BH-A0E6-01Z-00-DX1.44DFEFB4-FA05-4246-8D6B-55BA8C3275DB.svs,1031634203,c1b8869edbd36484f018cfbd63cf6bc1,released,Basal,85.0,reserve
TCGA-BH-A0E6,TCGA-BH-A0E6-01A,01,TS,TSA,acb25948-851a-4636-83aa-d01cd84c5201,TCGA-BH-A0E6-01A-01-TSA.54e2d7c5-0b53-4221-a8fe-af32465030ec.svs,446371399,b79a9915d9a778916bb0fb5914513058,released,Basal,85.0,reserve
TCGA-AN-A0AL,TCGA-AN-A0AL-01A,01,BS,BSA,3118f692-1b5a-4706-9e37-11103b20b2a3,TCGA-AN-A0AL-01A-01-BSA.56e46756-aa0f-4c59-a189-ee4c9601b3ea.svs,207619097,dd6bf251497ec5871b76778644bf614c,released,Basal,86.0,reserve
TCGA-AN-A0AL,TCGA-AN-A0AL-01Z,01,DX,DX1,471a120c-a28e-4e29-b53a-4dc7e3b7c33d,TCGA-AN-A0AL-01Z-00-DX1.D9E446A3-175F-4242-AFC1-78FFE3FC9AC4.svs,1304505591,81a176b7b2ed39fa9aa7f0b77c323e81,released,Basal,86.0,reserve
TCGA-AN-A0AL,TCGA-AN-A0AL-01A,01,TS,TSA,a4c8694e-25b3-498e-9d82-87604780a1fb,TCGA-AN-A0AL-01A-01-TSA.3651da9c-bdad-4944-a3ac-c5bc9754fdeb.svs,286772807,095db8ab00a3e57ef877c04e2be8f7cc,released,Basal,86.0,reserve
TCGA-D8-A147,TCGA-D8-A147-01A,01,BS,BSA,660af25a-5c33-403b-b08e-89d8e5a8dbf8,TCGA-D8-A147-01A-01-BSA.43927f61-3f8f-4e8d-bd52-2ec699dbdc37.svs,177782839,5a10b20179a174088c2ae31d0010e995,released,Basal,87.0,reserve
TCGA-D8-A147,TCGA-D8-A147-01Z,01,DX,DX1,75f48929-04a3-4970-8572-29b1068b2d85,TCGA-D8-A147-01Z-00-DX1.159094F2-BB78-4910-B7AE-3D7CAAB1DAD9.svs,1414429967,2daad3399296bcb65fc51dd80a93d518,released,Basal,87.0,reserve
TCGA-D8-A147,TCGA-D8-A147-01A,01,TS,TSA,93427c89-0d13-4927-b724-fc74ced46cfd,TCGA-D8-A147-01A-01-TSA.8c6e7351-307e-4196-9f62-b733c7206e14.svs,254845537,232475e4dc4ae4ee8c330c9b81525771,released,Basal,87.0,reserve
TCGA-A7-A0DA,TCGA-A7-A0DA-01Z,01,DX,DX1,0c3f3ba3-7da4-4b1e-9bb9-2c58436b0d44,TCGA-A7-A0DA-01Z-00-DX1.5F087009-16E9-4A07-BA24-62340E108B17.svs,703721377,fb0bc706805f55e555a4d77c1f4dc568,released,Basal,88.0,reserve
TCGA-A7-A0DA,TCGA-A7-A0DA-01Z,01,DX,DX2,0596eeff-867c-4732-977b-9225cf81b4e6,TCGA-A7-A0DA-01Z-00-DX2.90C93176-C3C6-41B3-B34B-B16F1A1779E6.svs,453449865,647c971a7cbc634a85174d1ca849adc3,released,Basal,88.0,reserve
TCGA-A7-A0DA,TCGA-A7-A0DA-01A,01,TS,TS3,17629928-3350-42ff-990a-59982073fbcf,TCGA-A7-A0DA-01A-03-TS3.fec083e6-27fd-41ee-b44b-7bb1f9ec2d12.svs,375207827,1d4d7cbb6da20477afaf847254576c6f,released,Basal,88.0,reserve
TCGA-BH-A0BL,TCGA-BH-A0BL-01A,01,BS,BSA,cdcd79e1-ec17-4178-a159-b0159146bbc3,TCGA-BH-A0BL-01A-01-BSA.f8277eba-2d30-4c5f-ae15-94daba29503a.svs,269604541,fc033e672d0824b2dea39f69a2500edb,released,Basal,89.0,reserve
TCGA-BH-A0BL,TCGA-BH-A0BL-01Z,01,DX,DX1,8c813d3f-9633-478f-ad25-35b867357c77,TCGA-BH-A0BL-01Z-00-DX1.D5A413B0-2141-4A6F-A671-6C5EA8641D25.svs,1074817217,bd7179e350f1bac86d03e42a78095ea0,released,Basal,89.0,reserve
TCGA-BH-A0BL,TCGA-BH-A0BL-01A,01,TS,TSA,49d81381-3be1-4f02-b1fe-5f57682d97ef,TCGA-BH-A0BL-01A-01-TSA.10753cc1-6b69-4ba1-b4b7-561d7ed8a6a9.svs,288991491,e34f81f500b2c71df9560e6cc21da145,released,Basal,89.0,reserve
TCGA-A7-A0CE,TCGA-A7-A0CE-01A,01,BS,BS1,4cf05a03-a183-4fec-b671-2f294b4d27c6,TCGA-A7-A0CE-01A-01-BS1.33fde61b-7c02-43d1-978f-56808f6a278e.svs,536506503,4b5088417b951871e050b69f07043176,released,Basal,90.0,reserve
TCGA-A7-A0CE,TCGA-A7-A0CE-01Z,01,DX,DX1,2febbec8-5f9c-4a04-91b5-1b8baaf9c9a1,TCGA-A7-A0CE-01Z-00-DX1.E67322FB-ED25-4B85-B3B0-2B8BD277BB4A.svs,1218026009,2e9ee1176abc78549a322d1a87a64378,released,Basal,90.0,reserve
TCGA-A7-A0CE,TCGA-A7-A0CE-01Z,01,DX,DX2,ce2b8842-4ddf-4415-9c7d-f211328c3d71,TCGA-A7-A0CE-01Z-00-DX2.5AD1DB65-10E7-4996-AB5E-13D7851EC5FA.svs,773402563,240b344e41e4ba96bb0ee3b011b50c14,released,Basal,90.0,reserve
TCGA-A7-A0CE,TCGA-A7-A0CE-01A,01,TS,TS1,21f9fd49-cba4-42ac-af52-d7c6db43a494,TCGA-A7-A0CE-01A-01-TS1.3025a9c8-a7e4-4048-bcf0-a28720c0f96b.svs,455942373,7fd021dec15ebfa752fae692785012ca,released,Basal,90.0,reserve
TCGA-EW-A1PB,TCGA-EW-A1PB-01Z,01,DX,DX1,993a9d90-8508-4db0-b955-813ca5984c93,TCGA-EW-A1PB-01Z-00-DX1.B2E9B88F-C371-4821-9B7B-8A63BB120D95.svs,1637761489,2c1aaf72b92e77ffa7c5bc77fb3c4578,released,Basal,91.0,reserve
TCGA-EW-A1PB,TCGA-EW-A1PB-01A,01,TS,TSA,693237ee-c8ff-4fc6-84f6-ab4c127c76f2,TCGA-EW-A1PB-01A-01-TSA.9f19b5e5-46d1-448b-b528-a431ba527adb.svs,164065619,5303e077f1d5c89d09f1cc1eb789eb39,released,Basal,91.0,reserve
TCGA-E2-A574,TCGA-E2-A574-01Z,01,DX,DX1,b28b6590-f8f2-43fa-90f2-cf4b558797d9,TCGA-E2-A574-01Z-00-DX1.60341091-B118-4F20-9ADB-FB2886790B0E.svs,955602097,4fc9fca3cc3eff10cf7a33ffb9727fb4,released,Basal,92.0,reserve
TCGA-E2-A574,TCGA-E2-A574-01A,01,TS,TSA,c20d7345-64bf-47d8-b02f-ced32d5559bd,TCGA-E2-A574-01A-01-TSA.EE331433-5ED0-495C-8704-E7D8C73DA803.svs,442768597,694fb74fb1957b6eecdc235a7e87df8f,released,Basal,92.0,reserve
TCGA-AR-A1AR,TCGA-AR-A1AR-01Z,01,DX,DX1,742e81be-ad02-4e99-bc69-9cb1d44228ca,TCGA-AR-A1AR-01Z-00-DX1.E7B7F6F0-9CC0-4D4F-8C9F-443A74D2BE40.svs,657805107,fbc092b292e7009c88d0c8ca9bdf4500,released,Basal,93.0,reserve
TCGA-AR-A1AR,TCGA-AR-A1AR-01A,01,TS,TSC,082da80f-bee4-4693-b3b6-85f2e632ea37,TCGA-AR-A1AR-01A-03-TSC.3013e9be-aa3e-4986-990c-559982f00e36.svs,156319665,58c9af5eeaf225496cdb45ba252cb0cf,released,Basal,93.0,reserve
TCGA-OL-A5D7,TCGA-OL-A5D7-01Z,01,DX,DX1,d29fb01b-dfb0-49fe-b42c-98dd32a306c1,TCGA-OL-A5D7-01Z-00-DX1.A4A45393-9AE1-4370-8B92-CB85CDB04934.svs,1102344717,9d9a17be12bd449118a5cc831adf3d2a,released,Basal,94.0,reserve
TCGA-OL-A5D7,TCGA-OL-A5D7-01A,01,TS,TS1,3d459455-95f6-4186-b2aa-930569096155,TCGA-OL-A5D7-01A-01-TS1.7E18BE03-E64D-4030-8352-5F90731999C6.svs,149852031,fa77b69c5536233ab00a14009091947f,released,Basal,94.0,reserve
TCGA-AC-A7VC,TCGA-AC-A7VC-01Z,01,DX,DX1,8bbe8f11-be82-4513-913c-0dcb5efaf88a,TCGA-AC-A7VC-01Z-00-DX1.EB247544-EADE-419C-B7A7-BB9CC978336F.svs,342319300,84d5bf526d42830413f8538e341e84b7,released,Basal,95.0,reserve
TCGA-AC-A7VC,TCGA-AC-A7VC-01A,01,TS,TS1,7ea230ca-53e3-464d-ae89-2e1541023330,TCGA-AC-A7VC-01A-01-TS1.BB26DD06-AFA5-4F5D-A6F6-99A3D154C878.svs,204072265,770c20484512ebf7e806eecd3ffb8baf,released,Basal,95.0,reserve
TCGA-A2-A25F,TCGA-A2-A25F-01Z,01,DX,DX1,9562a810-aafa-41d9-b39f-dd49892f2e4c,TCGA-A2-A25F-01Z-00-DX1.87499CD4-E41C-46B1-AAF3-5CE881F2B8BC.svs,1695730547,d6afe7b8a830af743d3c83b2569db9af,released,Basal,96.0,reserve
TCGA-A2-A25F,TCGA-A2-A25F-01A,01,TS,TSA,6152c333-c770-4cdc-a5d0-df0e49b8e2e9,TCGA-A2-A25F-01A-01-TSA.3c7665d4-4d6f-4540-9d4c-d57378c1849e.svs,106898973,049663b7fc2f9c9746d09cbba98ac05a,released,Basal,96.0,reserve
TCGA-GM-A2DF,TCGA-GM-A2DF-01Z,01,DX,DX1,bcd6977f-b269-48c4-b088-ddf8d6d95240,TCGA-GM-A2DF-01Z-00-DX1.CD0BE6D7-2DB3-4193-84CC-F9BE7BF18CC2.svs,1351496357,bc7cc0646a46a6fd25e382b406ebd8fd,released,Basal,97.0,reserve
TCGA-GM-A2DF,TCGA-GM-A2DF-01A,01,TS,TSA,fa4b874e-01b5-49a4-8b90-ab377b0cea15,TCGA-GM-A2DF-01A-01-TSA.92173C4D-78C6-4213-BE01-673760EF899C.svs,148815511,a0e695bf6a57e4448410ba3f53c99b42,released,Basal,97.0,reserve
TCGA-AR-A24Q,TCGA-AR-A24Q-01Z,01,DX,DX1,7a57f6ca-7b02-4eed-8709-036fbcb5746e,TCGA-AR-A24Q-01Z-00-DX1.69DC7E35-DC0D-4F20-88DA-04C25F28628C.svs,1954679231,7db4dc60ff62780ce60dd8d810fb3016,released,Basal,98.0,reserve
TCGA-AR-A24Q,TCGA-AR-A24Q-01A,01,TS,TSA,613c7aeb-c034-4a92-a884-fb32058cc5ff,TCGA-AR-A24Q-01A-01-TSA.cca6142d-12a1-410b-b480-7de4d6f3270f.svs,229586499,92d89a4c1902c63b0fddb508411dd59e,released,Basal,98.0,reserve
TCGA-AQ-A04J,TCGA-AQ-A04J-01A,01,BS,BS1,667ed261-3a38-442e-a75d-2f1874e2b44d,TCGA-AQ-A04J-01A-01-BS1.83b89953-2edf-4a7c-bb98-c308fadffc3d.svs,262505808,d3abf7c504bb51f5acc4820e2ebd6c9f,released,Basal,99.0,reserve
TCGA-AQ-A04J,TCGA-AQ-A04J-01Z,01,DX,DX1,bf69d525-0c0e-409d-a574-f23549c5c130,TCGA-AQ-A04J-01Z-00-DX1.6A4E16D4-2696-4E5F-BCA8-708556FC3A8C.svs,1036946900,057bd64c11e712563b0c01e663aaf524,released,Basal,99.0,reserve
TCGA-AO-A0J6,TCGA-AO-A0J6-01A,01,BS,BSA,b455fc02-0f59-40a7-8b39-46ee021dad4f,TCGA-AO-A0J6-01A-01-BSA.094c1ad0-5cd5-4b13-af5e-9c7d3688aa23.svs,755276089,f969fe54b8b61f009b2a94e466162157,released,Basal,100.0,reserve
TCGA-AO-A0J6,TCGA-AO-A0J6-01Z,01,DX,DX1,c4905820-3617-43de-b4f4-737d75d792d2,TCGA-AO-A0J6-01Z-00-DX1.D0C003CE-E112-4375-953D-78404C9D62DA.svs,1094306052,40ef3742db0dc511c99763c09928d0c1,released,Basal,100.0,reserve
TCGA-AO-A0J6,TCGA-AO-A0J6-01A,01,TS,TSA,7f721260-a206-48a6-a8d1-a66709e8de51,TCGA-AO-A0J6-01A-01-TSA.d62f4c33-ae94-4321-b833-53663942e846.svs,683606963,ee221f1dba1e5d3a3e87911b69b950bd,released,Basal,100.0,reserve
TCGA-E2-A1II,TCGA-E2-A1II-01Z,01,DX,DX1,f05745bd-4371-431a-bd78-69f62e69f524,TCGA-E2-A1II-01Z-00-DX1.7F782477-0F92-4C57-8735-A1E3F95A6B94.svs,776577129,510711751808bd6c84e4c4908cc003d7,released,Basal,101.0,reserve
TCGA-E2-A1II,TCGA-E2-A1II-01A,01,TS,TSA,a8ebc10a-c457-4b47-993d-ec52aa5f8750,TCGA-E2-A1II-01A-01-TSA.b8bb5828-b6a3-45e3-bd16-27722e9fa705.svs,357227223,0d5e21a819d055e516e0f034c2fb7a05,released,Basal,101.0,reserve
TCGA-OL-A66I,TCGA-OL-A66I-01Z,01,DX,DX1,3d8e9a30-d35d-4a5c-81da-2dfc84f5d707,TCGA-OL-A66I-01Z-00-DX1.8CE9DCAB-98D3-4163-94AC-1557D86C1E25.svs,564645456,63c4754997a9b095701b3951d54ae235,released,Basal,102.0,reserve
TCGA-OL-A66I,TCGA-OL-A66I-01A,01,TS,TS2,10739cf1-d680-4798-a206-a9600d278f97,TCGA-OL-A66I-01A-02-TS2.E1A6C9D3-79DB-4585-9879-1AB340415E37.svs,212625027,86fc45cd66fccbe1081be89b29be827f,released,Basal,102.0,reserve
TCGA-OL-A6VO,TCGA-OL-A6VO-01Z,01,DX,DX1,1090010a-c5b6-48d9-9fe8-0c798586096c,TCGA-OL-A6VO-01Z-00-DX1.291D54D6-EBAF-4622-BD42-97AA5997F014.svs,1200767524,6ee11d66c3ff1b0c7d1296dcc1296995,released,Basal,103.0,reserve
TCGA-OL-A6VO,TCGA-OL-A6VO-01A,01,TS,TSA,63fbc8a1-95fd-4af4-98f3-9851e7e96475,TCGA-OL-A6VO-01A-01-TSA.1654A5EF-A6C0-47C6-BD01-56A52F368F2A.svs,171767841,acf54dc668cc6f2667aecbe25abc9a1c,released,Basal,103.0,reserve
TCGA-S3-AA0Z,TCGA-S3-AA0Z-01Z,01,DX,DX1,ab15b4e9-4554-4214-b0c5-d142b3aa23c7,TCGA-S3-AA0Z-01Z-00-DX1.4D96156A-4067-41F2-90B8-41EF7ED794CF.svs,1342584453,7bf3f6a9cfee97e7d96bf599530a2ea0,released,Basal,104.0,reserve
TCGA-S3-AA0Z,TCGA-S3-AA0Z-01A,01,TS,TS1,10db7018-b216-4aa5-b565-67342e8ca372,TCGA-S3-AA0Z-01A-01-TS1.4DDD6F71-DF24-4B70-A863-9A1163321BBC.svs,361928755,8e3ddf14bff4ee9cc94921084423c2bd,released,Basal,104.0,reserve
TCGA-BH-A0AV,TCGA-BH-A0AV-01A,01,BS,BSC,2ba15f08-76b8-47d5-90fc-9815dfb56fa3,TCGA-BH-A0AV-01A-03-BSC.7a107632-b8d8-4b82-ab74-628fff0f10de.svs,337357197,d8d5855fcdce5ccf66698d768d956b03,released,Basal,105.0,reserve
TCGA-BH-A0AV,TCGA-BH-A0AV-01Z,01,DX,DX1,52712e45-85a3-484e-aff2-51eb6ad42daf,TCGA-BH-A0AV-01Z-00-DX1.5A686DA4-A29D-4BA7-9BCA-B707F8755E83.svs,1180410963,b2dd5c52c14c131c080186304a3f9d35,released,Basal,105.0,reserve
TCGA-LL-A8F5,TCGA-LL-A8F5-01Z,01,DX,DX1,fd27d12b-3a78-4019-9587-991b672df809,TCGA-LL-A8F5-01Z-00-DX1.7579425E-1425-4160-A9DD-3D50F4C5428D.svs,2364028443,181c61a6a0a8a216091936f5d4848b52,released,Basal,106.0,reserve
TCGA-LL-A8F5,TCGA-LL-A8F5-01A,01,TS,TS1,b2420021-3b91-4bad-bc6f-9be985e9fc13,TCGA-LL-A8F5-01A-01-TS1.B5357CA4-8C24-4F27-9054-06B801C3D8DF.svs,125835745,b3ce79fe0cd01a6094ea788588df5593,released,Basal,106.0,reserve
TCGA-A2-A0D0,TCGA-A2-A0D0-01A,01,BS,BSA,4da32130-0cd1-469e-be6d-d01aa81be72e,TCGA-A2-A0D0-01A-01-BSA.de3699b8-cd5b-4bac-af17-b63d447c55e7.svs,373612601,ea41b81ec6999db28253760d4297ffcd,released,Basal,107.0,reserve
TCGA-A2-A0D0,TCGA-A2-A0D0-01Z,01,DX,DX1,cd0b848f-b611-40ef-b643-987689b928fb,TCGA-A2-A0D0-01Z-00-DX1.4FF6B8E5-703B-400F-920A-104F56E0F874.svs,1149281117,47d4901cb066ebba678b20c70c0de1f3,released,Basal,107.0,reserve
TCGA-A2-A0D0,TCGA-A2-A0D0-01A,01,TS,TSA,faa9b41a-ff6b-4c22-83c2-0845694a07d2,TCGA-A2-A0D0-01A-01-TSA.231084a7-765a-481e-9e40-2c9b131b38ea.svs,304989867,0b45826018264daab9ab8a9f40c41867,released,Basal,107.0,reserve
TCGA-A2-A0YE,TCGA-A2-A0YE-01A,01,BS,BS1,5eeec373-f40d-4439-9afd-82baceed2c3c,TCGA-A2-A0YE-01A-01-BS1.7203b6fc-3a45-41e1-9104-14255fe4eb6e.svs,311822943,812817ba89933abbf96da328ea07dcce,released,Basal,108.0,reserve
TCGA-A2-A0YE,TCGA-A2-A0YE-01Z,01,DX,DX1,b49b4c3d-90b8-4ea8-8c8a-9d25471a01fe,TCGA-A2-A0YE-01Z-00-DX1.8A2E3094-5755-42BC-969D-7F0A2ECA0F39.svs,1380580793,10ac09f41fcc860e86fff040300850ac,released,Basal,108.0,reserve
TCGA-A2-A0YE,TCGA-A2-A0YE-01A,01,TS,TS1,a1ff5a8b-e983-48d8-b38d-8aebc7a2f52f,TCGA-A2-A0YE-01A-01-TS1.03c71807-b82c-4b01-8962-c6ac3d1b3445.svs,403491429,7adecbce11710e17ef8afd86da4ed8f9,released,Basal,108.0,reserve
TCGA-A7-A4SD,TCGA-A7-A4SD-01Z,01,DX,DX1,d93f9856-6d0e-4e03-bef8-3e47a19bd839,TCGA-A7-A4SD-01Z-00-DX1.677152B3-17B2-42DB-AEEC-C9509ACCE831.svs,478521633,8388fd584ff50dde849c666f03aea8e1,released,Basal,109.0,reserve
TCGA-A7-A4SD,TCGA-A7-A4SD-01A,01,TS,TS1,b22e5037-24b2-4ef1-8127-b63d54fc48c1,TCGA-A7-A4SD-01A-01-TS1.1FF59A1D-351F-4F25-B843-667F387A2C04.svs,142531655,a80c82d9366a0df0512ffda9512f9509,released,Basal,109.0,reserve
TCGA-A7-A26F,TCGA-A7-A26F-01Z,01,DX,DX1,19ebd0ec-84fa-492d-ba37-62170f3cb643,TCGA-A7-A26F-01Z-00-DX1.7ADE881D-325D-48ED-BA2D-30F589CA8EF2.svs,360373059,710d7f0a31607ee2d2bee3e7647ff959,released,Basal,110.0,reserve
TCGA-A7-A26F,TCGA-A7-A26F-01A,01,TS,TSB,5a26a481-a147-4519-a7a0-f2b32d150ae4,TCGA-A7-A26F-01A-02-TSB.3605e414-b036-4800-89b3-cb7db712c258.svs,202830181,8421135263e07ff5d5368ca678ead5bd,released,Basal,110.0,reserve
TCGA-BH-A0BG,TCGA-BH-A0BG-01A,01,BS,BSA,5fdae4ec-ba08-4960-a462-55a11cba41f0,TCGA-BH-A0BG-01A-01-BSA.31ae700e-3c02-4329-b43a-ee2ccc20b688.svs,193567971,f7837755bef2d2560048a74bfa73e7e8,released,Basal,111.0,reserve
TCGA-BH-A0BG,TCGA-BH-A0BG-01Z,01,DX,DX1,c5331e5e-10b4-4979-958b-d4592a2805de,TCGA-BH-A0BG-01Z-00-DX1.0838FB7F-8C85-4687-9F70-D136A1063383.svs,724114911,a8c6e730df401ff67e1a1e52a6cb6307,released,Basal,111.0,reserve
TCGA-BH-A0BG,TCGA-BH-A0BG-01A,01,TS,TSA,5eecf0a8-6e65-45b8-87c6-ea436bdcf05b,TCGA-BH-A0BG-01A-01-TSA.e8a4f7a5-137e-4647-9f9e-528f308112e3.svs,361279261,324d934810d95a4c561f01ac473ad376,released,Basal,111.0,reserve
TCGA-AR-A1AQ,TCGA-AR-A1AQ-01Z,01,DX,DX1,254121b2-ad2b-48c7-8556-a9ed304bf472,TCGA-AR-A1AQ-01Z-00-DX1.09D5D7FC-0FA8-4176-94B2-995F44D8ED4C.svs,824711291,c59e08ecd569db75dba21ba8e12acfc9,released,Basal,112.0,reserve
TCGA-AR-A1AQ,TCGA-AR-A1AQ-01A,01,TS,TSA,1479d3b4-3afa-48a6-b5c1-7ddbe5ed7103,TCGA-AR-A1AQ-01A-01-TSA.113b2018-7bb9-44bd-aa80-63eaf688b555.svs,327580565,cb921f2cfcb17c9c20a6699c12f69b5b,released,Basal,112.0,reserve
TCGA-EW-A1P8,TCGA-EW-A1P8-01Z,01,DX,DX1,63b2184b-03f7-457c-968a-2243c41e74cd,TCGA-EW-A1P8-01Z-00-DX1.E9852193-8CDD-49EF-B49B-DA6931198F0D.svs,2166971957,fdc44bdb5b51ced716cd8473f5d8618b,released,Basal,113.0,reserve
TCGA-EW-A1P8,TCGA-EW-A1P8-01A,01,TS,TSA,7f6fe201-0d25-4946-8d31-defcf02daffe,TCGA-EW-A1P8-01A-01-TSA.56d3d7c4-7386-4e5b-9ee0-630a70032b5a.svs,189153781,6f6d7904695e3ea38f070a2b68799b9d,released,Basal,113.0,reserve
TCGA-AO-A1KR,TCGA-AO-A1KR-01Z,01,DX,DX1,147ed357-9e92-44fb-8b01-312e148cd525,TCGA-AO-A1KR-01Z-00-DX1.BFB2E69B-E23C-4542-9CBF-EDD040B985AC.svs,689156184,9b07ffb63ab560568f01a3ba5d0f167b,released,Basal,114.0,reserve
TCGA-AO-A1KR,TCGA-AO-A1KR-01A,01,TS,TSA,ab743bdd-fe44-4a2b-a365-dc1f7b66dacb,TCGA-AO-A1KR-01A-01-TSA.78fa04a1-d5f6-4468-9da5-72e7abb8de86.svs,246353111,314aca3b189417efcb4bfecc0f16d776,released,Basal,114.0,reserve
TCGA-AR-A1AY,TCGA-AR-A1AY-01Z,01,DX,DX1,266c3852-f5d0-4815-94d9-dac5b0ff8276,TCGA-AR-A1AY-01Z-00-DX1.6AC0BE3B-FFC5-4EDA-9E40-B18CAAC52B81.svs,918454431,1980b183d5bb948c2fc263af62a4b1b4,released,Basal,115.0,reserve
TCGA-AR-A1AY,TCGA-AR-A1AY-01A,01,TS,TSB,df6e3eb2-fa03-4118-ba77-7df8f0105ea5,TCGA-AR-A1AY-01A-02-TSB.e0874118-a71e-441f-932a-462fa18e32ff.svs,287195441,1e6a75ec3470797b8d82113f0e0a152a,released,Basal,115.0,reserve
TCGA-AO-A12F,TCGA-AO-A12F-01A,01,BS,BSA,dd848ffb-c0e4-40ef-9dbb-708098e1706b,TCGA-AO-A12F-01A-01-BSA.54904b26-0053-4e3e-8f3e-dd67ed8194a5.svs,166145849,3f77421709261bd1f5265e1379d23d2d,released,Basal,116.0,reserve
TCGA-AO-A12F,TCGA-AO-A12F-01Z,01,DX,DX1,60439acf-de72-4e52-921e-d5fb6f73cf66,TCGA-AO-A12F-01Z-00-DX1.847C8E4F-3F37-4B1D-8E6E-ACD14391AD89.svs,1314142990,b91f98ac77c0c48f41c10017051f01da,released,Basal,116.0,reserve
TCGA-AO-A12F,TCGA-AO-A12F-01A,01,TS,TSA,5f1f038d-9d27-4643-88c2-457b22ab6894,TCGA-AO-A12F-01A-01-TSA.6ed8979a-e4f3-42b1-950f-64908238f50b.svs,162903827,f5d3c189351c4319792dd7416fd3577f,released,Basal,116.0,reserve
TCGA-D8-A142,TCGA-D8-A142-01A,01,BS,BS1,16d9a36e-27db-4453-8f60-3e067a4ed7f9,TCGA-D8-A142-01A-01-BS1.82a62b94-698c-4047-a13d-083bf49170ed.svs,213134787,7224652aef7524ffe42c0cade0330ec8,released,Basal,117.0,reserve
TCGA-D8-A142,TCGA-D8-A142-01Z,01,DX,DX1,1f655c4a-0e64-4d6e-b016-b134905d773b,TCGA-D8-A142-01Z-00-DX1.F6D58989-9120-40C9-918D-6B1650C1A8E8.svs,1286239095,aaedf4acb9cf41c3c819ff1456998b72,released,Basal,117.0,reserve
TCGA-D8-A142,TCGA-D8-A142-01A,01,TS,TS1,41b1dfd9-b0fc-497a-93dd-a045e3705d5b,TCGA-D8-A142-01A-01-TS1.c9a5ce5f-59a8-4e02-8168-269ec044dbd9.svs,446343959,b0d0ecf2f069e80f6d631842e543807e,released,Basal,117.0,reserve
TCGA-A8-A07O,TCGA-A8-A07O-01A,01,BS,BS1,ab4c74fc-e696-473d-89ca-fc4f09ab473b,TCGA-A8-A07O-01A-01-BS1.073882c6-14ca-4b97-8992-fbfe1e9479c7.svs,522640649,3f3e2bbe6fcefb93fd911110bfded10d,released,Basal,118.0,reserve
TCGA-A8-A07O,TCGA-A8-A07O-01Z,01,DX,DX1,f16e8c1b-de75-4869-96e0-8148c14409ec,TCGA-A8-A07O-01Z-00-DX1.3D657129-F2A7-4BC1-A910-805FBDCE2212.svs,519848900,355e8a9c84476e66d4b0fab45f6c13d9,released,Basal,118.0,reserve
TCGA-A8-A07O,TCGA-A8-A07O-01A,01,TS,TS1,fd9cccb9-96f3-485b-be8f-6271169a4e54,TCGA-A8-A07O-01A-01-TS1.19908799-8b6d-43fb-8555-2db3071f0d31.svs,626601505,0da1dac51c4e385b5e9111b0dabcd96e,released,Basal,118.0,reserve
TCGA-AO-A124,TCGA-AO-A124-01A,01,BS,BSA,81fb51eb-6ce0-4ec0-9cff-d33fecbe7a79,TCGA-AO-A124-01A-01-BSA.0770840e-d781-45f2-bbc8-034f0e4138a5.svs,416509819,f360ea7700401ee85c7f36fccead31fb,released,Basal,119.0,reserve
TCGA-AO-A124,TCGA-AO-A124-01Z,01,DX,DX1,127398d0-9372-431e-92bf-fd5589fca3f2,TCGA-AO-A124-01Z-00-DX1.E3C7B017-6154-4630-9BDE-0CAC946D0209.svs,460690910,dd3eb5a7b84a0231ff01f0aaa3d77eec,released,Basal,119.0,reserve
TCGA-AO-A124,TCGA-AO-A124-01A,01,TS,TSA,844159cf-123a-45a2-b061-78ccd382598a,TCGA-AO-A124-01A-01-TSA.ace4fa54-5ef0-4cb9-85be-8c7680889278.svs,243453511,731e6ccb5e5794d18a04e9ddcb761001,released,Basal,119.0,reserve
TCGA-AR-A0TS,TCGA-AR-A0TS-01A,01,BS,BSA,efd581e8-ce95-4593-bc33-5f00b6957094,TCGA-AR-A0TS-01A-01-BSA.9076c507-2ebb-463c-a0c0-12ad08f5d5c5.svs,357444623,537f558343eaa2115f066c4ad5bfc451,released,Basal,120.0,reserve
TCGA-AR-A0TS,TCGA-AR-A0TS-01Z,01,DX,DX1,de7f94cb-e730-464b-8012-c2600c5e6510,TCGA-AR-A0TS-01Z-00-DX1.2DB81A2E-16C1-4EE0-8175-65FA46768277.svs,2399752529,9393ed6eb4a59f8994f4836e446d89ae,released,Basal,120.0,reserve
TCGA-AR-A0TS,TCGA-AR-A0TS-01A,01,TS,TSA,f6044197-9adc-46cc-bf20-5891588c1476,TCGA-AR-A0TS-01A-01-TSA.d8a2a333-b508-4a11-9dc2-4f739d1ceef2.svs,331947795,35cdb9186e98e6fc06d4bfc0e1c39842,released,Basal,120.0,reserve
TCGA-S3-AA15,TCGA-S3-AA15-01Z,01,DX,DX1,0018cc22-498a-45b8-bfd4-b0fe0c3a2f0a,TCGA-S3-AA15-01Z-00-DX1.A2456A4A-E6E8-4429-8F09-B997AA497BB0.svs,1168025971,268b85a5d4db9405c646f7f7b148b921,released,Basal,121.0,reserve
TCGA-S3-AA15,TCGA-S3-AA15-01Z,01,DX,DX2,1ab3bc78-a8fd-466e-82ee-7b985b4a8f34,TCGA-S3-AA15-01Z-00-DX2.915A4F90-25CB-4535-99C7-D0D0CFC90412.svs,1526836349,260e957ed453a960bdac9bf45ec562a8,released,Basal,121.0,reserve
TCGA-S3-AA15,TCGA-S3-AA15-01A,01,TS,TS1,b3515f78-9ca4-4d0c-be46-d08b6eea9214,TCGA-S3-AA15-01A-01-TS1.395D6B62-E484-472A-9283-DA4CD6CB4E79.svs,310795677,bb2a156477c1cf9ed103e9ddf452f145,released,Basal,121.0,reserve
TCGA-C8-A12V,TCGA-C8-A12V-01A,01,BS,BSA,fb5105d2-be97-4e92-ad46-c327856b9c5e,TCGA-C8-A12V-01A-01-BSA.786f1496-199f-41ae-a487-540f3f599600.svs,236462761,ddbe301a186ef05ae30ef5ddd95b3fb1,released,Basal,122.0,reserve
TCGA-C8-A12V,TCGA-C8-A12V-01Z,01,DX,DX1,c92280a3-2025-463e-b791-1946c09964dd,TCGA-C8-A12V-01Z-00-DX1.84B29360-B87B-4648-A697-B6610336C2BB.svs,1318438387,28797623aabac0474f91328b9c8adb43,released,Basal,122.0,reserve
TCGA-C8-A12V,TCGA-C8-A12V-01A,01,TS,TSA,2865225a-e551-48dc-b5d2-6182f6a81c0d,TCGA-C8-A12V-01A-01-TSA.e3f84baa-0829-4683-a26c-b50c7f732f4a.svs,252470333,37699b4e99f6d5c238f95eeace410e5d,released,Basal,122.0,reserve
TCGA-D8-A143,TCGA-D8-A143-01A,01,BS,BSA,c82d104b-10cb-4de9-a190-4e1abe2839dc,TCGA-D8-A143-01A-01-BSA.0b346101-acfa-429f-a30d-3ed544719c7a.svs,166798311,5149f41bb9e2cece21f148a645198161,released,Basal,123.0,reserve
TCGA-D8-A143,TCGA-D8-A143-01Z,01,DX,DX1,cc5cc070-d63d-4d50-91f9-1efb23d28034,TCGA-D8-A143-01Z-00-DX1.4697FB2F-91D5-4506-AF23-7DE304D44A3F.svs,1169925813,f8687a3985fde2b26ffb2d49785b8c49,released,Basal,123.0,reserve
TCGA-D8-A143,TCGA-D8-A143-01A,01,TS,TSA,09a79e85-a129-4999-89f3-d690b6df37cb,TCGA-D8-A143-01A-01-TSA.0bf921d5-0022-4a59-a409-bae0771291b9.svs,167774587,060c0b60b2ea4d821451913949345813,released,Basal,123.0,reserve
TCGA-D8-A1JL,TCGA-D8-A1JL-01Z,01,DX,DX1,32a5ad8f-4ce0-4256-a56f-4df0f8d959ef,TCGA-D8-A1JL-01Z-00-DX1.FE3F0C6B-F98A-4036-BF9A-25A8CC66B1FD.svs,2587755959,c5a4b6ab1568a57a2add2a5f5350cde4,released,Basal,124.0,reserve
TCGA-D8-A1JL,TCGA-D8-A1JL-01A,01,TS,TS1,b4cf8323-9497-4ee0-81bd-5059b557a524,TCGA-D8-A1JL-01A-01-TS1.9f253479-0b59-42c5-a7d9-00724cd03439.svs,281500707,61d9a3acca8b63807bd864ababf90002,released,Basal,124.0,reserve
TCGA-D8-A27F,TCGA-D8-A27F-01Z,01,DX,DX1,919ee5f1-f2b9-4065-b07c-0b9687af5456,TCGA-D8-A27F-01Z-00-DX1.C1A87F27-49F1-46BA-B2E2-A89293F7FD0C.svs,1680613757,7ce914de2aed809f588aa530aabe4991,released,Basal,125.0,reserve
TCGA-D8-A27F,TCGA-D8-A27F-01A,01,TS,TS1,4be9fbdf-b503-4fe7-bb12-c53839778922,TCGA-D8-A27F-01A-01-TS1.2e0f4ed4-dfe1-4f68-bd82-8b02f809d00c.svs,239708555,89fb17b47885ef3edcdc3db542095366,released,Basal,125.0,reserve
TCGA-A2-A3Y0,TCGA-A2-A3Y0-01Z,01,DX,DX1,ac9bbb33-2762-4c51-9271-5608dca9cef3,TCGA-A2-A3Y0-01Z-00-DX1.A1EDDF82-FFAA-44A4-A749-7FB6F8133CC0.svs,1192819327,611cb63cbe148c151181ae7359b33492,released,Basal,126.0,reserve
TCGA-A2-A3Y0,TCGA-A2-A3Y0-01A,01,TS,TSA,11225599-68d3-4283-aad9-172e8996983e,TCGA-A2-A3Y0-01A-01-TSA.E893B34E-47F9-4B40-B0AC-3D217F32F614.svs,241756547,ddc973238dc201732fc0370800f13005,released,Basal,126.0,reserve
TCGA-AR-A251,TCGA-AR-A251-01Z,01,DX,DX1,0760cc7a-614b-4c00-acc0-6826c028ffe5,TCGA-AR-A251-01Z-00-DX1.E91E357A-3AD4-4F79-A698-05F0B21A37EC.svs,833024783,895c697da78128d7fb39207450348bd7,released,Basal,127.0,reserve
TCGA-AR-A251,TCGA-AR-A251-01A,01,TS,TSA,1f8ff621-f759-41cb-969c-3399401d6757,TCGA-AR-A251-01A-01-TSA.3b476230-9521-4dac-8cbd-3e886cce1c5d.svs,171988019,63dc05483e8c049632eae14421036e77,released,Basal,127.0,reserve
TCGA-GM-A3XL,TCGA-GM-A3XL-01Z,01,DX,DX1,afac11db-73a0-4651-922c-60426719320e,TCGA-GM-A3XL-01Z-00-DX1.CCE8AA1D-9194-4E49-9546-DBF25A35847C.svs,791266251,050b3126c02b4beb7c3cf2185e907231,released,Basal,128.0,reserve
TCGA-GM-A3XL,TCGA-GM-A3XL-01A,01,TS,TSA,7696df34-773a-4184-a2a2-c4ce9be409b4,TCGA-GM-A3XL-01A-01-TSA.F83E6727-0539-4E34-99EE-ED3322F4A72C.svs,217672823,05899c4a9e58ad5c91b0f674849173f4,released,Basal,128.0,reserve
TCGA-AR-A256,TCGA-AR-A256-01Z,01,DX,DX1,8ffdde89-cb67-4707-a00c-b8d3089a7bf5,TCGA-AR-A256-01Z-00-DX1.950D4546-4BF4-4380-9877-51D86A93D755.svs,729310609,dd6f4194204dc5ac3c60d7c9b7a22e4f,released,Basal,129.0,reserve
TCGA-AR-A256,TCGA-AR-A256-01A,01,TS,TSA,a814e209-e2b7-4438-ba31-5d601b5d0cee,TCGA-AR-A256-01A-01-TSA.0a0e9510-e048-4b45-9dd8-2caabeaf918e.svs,380487197,b48cbf721b982cb92739b8e85185566d,released,Basal,129.0,reserve
TCGA-S3-AA10,TCGA-S3-AA10-01Z,01,DX,DX1,edaed3cc-ec4f-4792-aab7-27078b0f30a3,TCGA-S3-AA10-01Z-00-DX1.C0468882-0DD8-4FC5-8C2F-E18BE8000F69.svs,955376277,ca8f229d201be8df8466b909c9c83516,released,Basal,130.0,reserve
TCGA-S3-AA10,TCGA-S3-AA10-01A,01,TS,TS2,a5fc0598-a85d-4437-af61-1dd720b118dc,TCGA-S3-AA10-01A-02-TS2.84A28F62-0621-44F8-88A1-E224FC17D6BB.svs,377727059,2ad4577f4a5fe8456cf79d30e781c638,released,Basal,130.0,reserve
TCGA-AR-A2LJ,TCGA-AR-A2LJ-01Z,01,DX,DX1,1b008f74-790b-466b-b63b-cdb7b6de7eca,TCGA-AR-A2LJ-01Z-00-DX1.9D6257FA-2767-4640-9252-9BE18BD9D158.svs,1378996475,b2cd26dd7c497cff3afd1d0742e3684d,released,HER2pos,1.0,main
TCGA-AR-A2LJ,TCGA-AR-A2LJ-01A,01,TS,TSA,9a96e8e5-7734-4595-bef4-3d907add3163,TCGA-AR-A2LJ-01A-01-TSA.D42CBC19-1BB0-44B0-A70D-4F872BA53E2C.svs,111218065,659b5539cee8c261dfc42d13abb4190d,released,HER2pos,1.0,main
TCGA-D8-A27N,TCGA-D8-A27N-01Z,01,DX,DX1,62b74f9d-9679-48bb-83be-2244db5c53f2,TCGA-D8-A27N-01Z-00-DX1.85613A4F-1FFB-4091-B925-8E8A7C7A6D95.svs,980296003,eca098d13c6bd42b6e1ff7e1e16a3ce4,released,HER2pos,2.0,main
TCGA-D8-A27N,TCGA-D8-A27N-01Z,01,DX,DX2,185686ba-6578-4d7f-8bdf-1f98d9682709,TCGA-D8-A27N-01Z-00-DX2.EB803DEC-438B-43A9-B906-FD7C3B9A0138.svs,352705395,9f9c63bfc637821aaa98ef6e8402c12d,released,HER2pos,2.0,main
TCGA-D8-A27N,TCGA-D8-A27N-01A,01,TS,TS1,37b70606-31cc-4ec8-a3f0-0bd3096490a5,TCGA-D8-A27N-01A-01-TS1.f4371b61-6f8f-48c6-9493-d9c96402634f.svs,161232037,58e65d9272355bf2a1dbfa7f06c11761,released,HER2pos,2.0,main
TCGA-E2-A152,TCGA-E2-A152-01Z,01,DX,DX1,5f81d5d4-c4c5-4cfc-bb8e-af5bbe28db0d,TCGA-E2-A152-01Z-00-DX1.B0860DEB-D34B-4C5D-97F5-C1C646437424.svs,2012377237,4255f4aab06af74beb1604cbcaf00bbc,released,HER2pos,3.0,main
TCGA-E2-A152,TCGA-E2-A152-01A,01,TS,TS1,3495efa5-0159-491f-a4f6-42fd9f617772,TCGA-E2-A152-01A-01-TS1.33593446-31ba-4b2c-8f4f-80fbc535c592.svs,265958647,6dfd52cfc39e9386dfbbb23008d921ed,released,HER2pos,3.0,main
TCGA-BH-A1EV,TCGA-BH-A1EV-01Z,01,DX,DX1,804dddc1-726b-4ee8-9b02-cb8d4e46e0d5,TCGA-BH-A1EV-01Z-00-DX1.106CF220-1D7D-40DD-88B2-A7F00B758F8F.svs,1309289115,11a370a51ea75463907ac345ef73fbb1,released,HER2pos,4.0,main
TCGA-BH-A1EV,TCGA-BH-A1EV-01A,01,TS,TSA,5b1e32ab-e54a-4b5e-8b8a-8e6b42e1f84d,TCGA-BH-A1EV-01A-01-TSA.ed83f6be-600b-45e7-a9b0-b56a5a53e614.svs,110810479,d107727439b9d8fd58d7d06f3b113b63,released,HER2pos,4.0,main
TCGA-AC-A3TN,TCGA-AC-A3TN-01Z,01,DX,DX1,e3508686-d808-4995-a35c-4e41c2b4f601,TCGA-AC-A3TN-01Z-00-DX1.F00E81C7-0CA2-49E8-A30F-DE423538E93C.svs,586330930,3d2d36a6b194c5ee8cb10f36dd4b437b,released,HER2pos,5.0,main
TCGA-AC-A3TN,TCGA-AC-A3TN-01A,01,TS,TS1,a3abce92-9478-49bb-a49a-ba0c0e89a5ac,TCGA-AC-A3TN-01A-01-TS1.3A67E6A5-80D8-48BB-9D1B-8BC3F38B5739.svs,189555259,2126056192562e03081efc1b79154395,released,HER2pos,5.0,main
TCGA-A2-A04U,TCGA-A2-A04U-01A,01,BS,BSA,9e141383-213a-4286-9877-d0948c3a3111,TCGA-A2-A04U-01A-01-BSA.65a9cf7d-8f03-45b6-8751-5a535db11426.svs,182787348,9dc731005ee5e0d45108379a84af0923,released,HER2pos,6.0,main
TCGA-A2-A04U,TCGA-A2-A04U-01Z,01,DX,DX1,efe350a4-9648-426f-b043-e548cfb19904,TCGA-A2-A04U-01Z-00-DX1.06D17357-46A8-4DC3-A22B-2F4EB6EE3F79.svs,1160011563,9b3ecd0750f4a2502ccb92938fbb00ca,released,HER2pos,6.0,main
TCGA-A2-A04U,TCGA-A2-A04U-01A,01,TS,TSA,37f33961-3111-4baa-aa89-d2815198a8d5,TCGA-A2-A04U-01A-01-TSA.d9c6a9aa-23c9-43d8-a59d-d5d4b474cbb6.svs,254644314,7ed3d1848141550575d6df44f1fb4d96,released,HER2pos,6.0,main
TCGA-AR-A254,TCGA-AR-A254-01Z,01,DX,DX1,d8613b7b-5c56-4607-bf19-3f2d9ec333e1,TCGA-AR-A254-01Z-00-DX1.EA5CD008-1106-41EC-998A-04EF08EEEC9D.svs,1065926627,681b59a7eca14a74800271f54067b7c7,released,HER2pos,7.0,main
TCGA-AR-A254,TCGA-AR-A254-01A,01,TS,TSB,c971c15b-88eb-4d8e-8fac-2fe667c0730b,TCGA-AR-A254-01A-02-TSB.098d701e-d135-47a2-ba97-298a12462de1.svs,194440463,f70ab38ff9ffcd1c5e2dcac144951f0b,released,HER2pos,7.0,main
TCGA-D8-A1JA,TCGA-D8-A1JA-01Z,01,DX,DX1,62e80675-cadc-47b9-9187-f545af4b457c,TCGA-D8-A1JA-01Z-00-DX1.BD43F94A-D5A8-490E-AED4-5F3AB24080FA.svs,1653069049,65be04f8aa1d25295b649019e540af77,released,HER2pos,8.0,main
TCGA-D8-A1JA,TCGA-D8-A1JA-01A,01,TS,TSA,0b441c9a-4c7a-4001-9b6f-f51d693fb426,TCGA-D8-A1JA-01A-01-TSA.6c3ded8c-755f-4f80-82b8-3a5eb476cdda.svs,211534359,3d38228a03f5ea2049a3b3114e1072ad,released,HER2pos,8.0,main
TCGA-A8-A097,TCGA-A8-A097-01A,01,BS,BS1,22bf9bb2-0188-49d7-b80f-41a375b5f07a,TCGA-A8-A097-01A-01-BS1.6b89928e-f322-487e-8b96-819e432ebd1b.svs,654209937,346048708c855c480d6f7e729ff355ae,released,HER2pos,9.0,main
TCGA-A8-A097,TCGA-A8-A097-01Z,01,DX,DX1,b4933602-8515-40e5-9b4e-ec236e9b72f7,TCGA-A8-A097-01Z-00-DX1.4D06990E-E759-40F0-9106-59408CF350E5.svs,609534738,d7ecb21eef861c7347bf4184f747afe2,released,HER2pos,9.0,main
TCGA-A8-A097,TCGA-A8-A097-01A,01,TS,TS1,1ffb740d-8db1-4ca4-be27-0a2bd5492592,TCGA-A8-A097-01A-01-TS1.00bd646a-58cb-4be4-b2ae-9368143eaa9b.svs,392207117,c903b2f3d329e727dd753b00b952f18e,released,HER2pos,9.0,main
TCGA-D8-A1J9,TCGA-D8-A1J9-01Z,01,DX,DX1,63d21650-e301-42e7-9377-920497146642,TCGA-D8-A1J9-01Z-00-DX1.F81FA9EF-8129-4E17-A9AD-2B850782CC18.svs,2508261765,47093dc6c784094e4a3d051ee36e1aa6,released,HER2pos,10.0,main
TCGA-D8-A1J9,TCGA-D8-A1J9-01Z,01,DX,DX2,bda827b2-0471-4e0f-8709-4d464fbf6cb4,TCGA-D8-A1J9-01Z-00-DX2.E1C59487-9563-4501-845F-2067A0C5C59B.svs,896117759,71886fac2281bd4f7f2dfce2ab6ae77b,released,HER2pos,10.0,main
TCGA-D8-A1J9,TCGA-D8-A1J9-01A,01,TS,TSA,ac98281d-c024-44e1-aed3-084ec2ab474d,TCGA-D8-A1J9-01A-01-TSA.a7772c0a-357e-4d4c-b74c-1c14d13ab744.svs,126532593,7a11c385ccbac534d530dc302ec3a13d,released,HER2pos,10.0,main
TCGA-AN-A0XP,TCGA-AN-A0XP-01A,01,BS,BSA,898f9812-b1e6-4c8d-a171-4d9c0a651118,TCGA-AN-A0XP-01A-01-BSA.93b120d1-e962-4dcd-b4ce-c2d8e019c8e0.svs,134455247,a758c099283c1f7808929209d2d0056e,released,HER2pos,11.0,main
TCGA-AN-A0XP,TCGA-AN-A0XP-01Z,01,DX,DX1,9132985f-ecd8-4a67-ba7b-63902801fba6,TCGA-AN-A0XP-01Z-00-DX1.A4EE3970-5C1F-482E-9AED-F1E3C52A776F.svs,488890113,29a04aeca234fb56e9b0a194e27b075f,released,HER2pos,11.0,main
TCGA-AN-A0XP,TCGA-AN-A0XP-01A,01,TS,TSA,1e6a155b-b078-49dc-a83b-69ed1664bf27,TCGA-AN-A0XP-01A-01-TSA.5af16c3b-6b75-4d07-a769-d917baf6f898.svs,185950785,38c53e4f2ff08f38a4d7c268be2d1a3c,released,HER2pos,11.0,main
TCGA-BH-A18H,TCGA-BH-A18H-01Z,01,DX,DX1,b5fcf039-cf23-4df8-811e-048d9d4fa9d6,TCGA-BH-A18H-01Z-00-DX1.4EC9108F-04C2-4B28-BD74-97A414C9A536.svs,1413698891,4b8774c78b6265c3396870181c3e8350,released,HER2pos,12.0,main
TCGA-BH-A18H,TCGA-BH-A18H-01A,01,TS,TSA,495ab2ae-0286-4d87-8c7b-4d4af7eded01,TCGA-BH-A18H-01A-01-TSA.75dba5a3-f9f5-4ff4-814c-7d2451820e03.svs,217303029,1880a8ecf89b710a6c95150c004fdd59,released,HER2pos,12.0,main
TCGA-E9-A22H,TCGA-E9-A22H-01Z,01,DX,DX1,9c8c8490-abaa-4a61-a248-4902d9da82c8,TCGA-E9-A22H-01Z-00-DX1.0ee39fd1-b077-40ea-bd0d-8a3db474fdd5.svs,831713367,e79c3210f2b848a94c75ebe975b62e6b,released,HER2pos,13.0,main
TCGA-E9-A22H,TCGA-E9-A22H-01A,01,TS,TSA,a7c25194-f37f-4559-9126-3c2e25face93,TCGA-E9-A22H-01A-01-TSA.7fc6358e-8ffd-4967-bb2b-b5fa45a9c66e.svs,229326259,cbef7e82e2f42ecbe5d80a2ab9d296ba,released,HER2pos,13.0,main
TCGA-AN-A0FD,TCGA-AN-A0FD-01A,01,BS,BS1,c86e0a95-5ebb-4c0e-a8d1-5f28d5ee7957,TCGA-AN-A0FD-01A-01-BS1.8993b012-d168-422d-ae26-a3947764acd9.svs,489862983,94cb426507d83ad714af1a94de7a416f,released,HER2pos,14.0,main
TCGA-AN-A0FD,TCGA-AN-A0FD-01Z,01,DX,DX1,21bfc4ae-417c-4603-983b-85a4ae2e92a7,TCGA-AN-A0FD-01Z-00-DX1.8970DBBA-7D43-4C2E-B14A-6D21F1EF3425.svs,333895627,7ae9fbd2226be9586b314cd6ed37e316,released,HER2pos,14.0,main
TCGA-AN-A0FD,TCGA-AN-A0FD-01A,01,TS,TS1,3399cf2f-ff12-4bbd-a3e8-f9b05c7841a5,TCGA-AN-A0FD-01A-01-TS1.28f70459-3f79-46e1-bb93-2095f4b29994.svs,861176659,2f53fc741a7e8e973fe166e8af5c8a9b,released,HER2pos,14.0,main
TCGA-AC-A3W5,TCGA-AC-A3W5-01Z,01,DX,DX1,0fa12edb-9b16-4ba2-ae3c-929b93d5dcb8,TCGA-AC-A3W5-01Z-00-DX1.522F702C-776E-45F1-84D3-1648DF04137C.svs,94365042,bd58e5417ab5cba1283054f70e084ccb,released,HER2pos,15.0,main
TCGA-AC-A3W5,TCGA-AC-A3W5-01A,01,TS,TSA,a15f37c5-1b76-44d3-9fb2-2755d90d6562,TCGA-AC-A3W5-01A-01-TSA.8677B526-3F4D-4B52-A02E-F05244B8479A.svs,221749019,72a2d94dff112be5817fe67df7af7662,released,HER2pos,15.0,main
TCGA-D8-A140,TCGA-D8-A140-01A,01,BS,BSA,29ead2b3-5b6b-4f30-953e-104d8c8f7822,TCGA-D8-A140-01A-01-BSA.43fe6a6c-2b93-4af4-bec0-83966e419094.svs,250844155,e58de6dfd6b76cbca6aa22d157c3dbcb,released,HER2pos,16.0,main
TCGA-D8-A140,TCGA-D8-A140-01Z,01,DX,DX1,398ebddd-03f7-4ea8-8bc2-00b1252bb6e0,TCGA-D8-A140-01Z-00-DX1.5B9382C0-332C-4FBF-82CD-B9453D02B815.svs,565427293,57ac3fc053b388d5834f58b2624bbf5a,released,HER2pos,16.0,main
TCGA-D8-A140,TCGA-D8-A140-01Z,01,DX,DX2,5728ade8-c43c-49f6-b887-d1bef00ec96d,TCGA-D8-A140-01Z-00-DX2.0C0A62BB-1FB8-47D8-8FAF-112D221F18BE.svs,724982625,b9f7df69dce02be1564107e70059b36e,released,HER2pos,16.0,main
TCGA-D8-A140,TCGA-D8-A140-01A,01,TS,TSA,a30b3890-b243-4cc9-b031-4b44db1f2e97,TCGA-D8-A140-01A-01-TSA.6755e653-4d52-4514-b646-a942f729fad5.svs,326603977,9657b0766220284869fb4b3eda4bfa39,released,HER2pos,16.0,main
TCGA-BH-A0BQ,TCGA-BH-A0BQ-01A,01,BS,BSA,3320f77c-e0f8-4d5f-b687-3b788307683b,TCGA-BH-A0BQ-01A-01-BSA.bad7666c-e404-4d97-af8d-2335bf33f31c.svs,574269919,6256952545daa502ec41d34617887034,released,HER2pos,17.0,main
TCGA-BH-A0BQ,TCGA-BH-A0BQ-01A,01,BS,BSB,8fa01c17-b949-4131-960e-a2b4e3108497,TCGA-BH-A0BQ-01A-02-BSB.46d849d6-4c9d-44be-8cd2-01bcfea20d2f.svs,550560943,a77bcf7c824062080c2b63bf5d110acd,released,HER2pos,17.0,main
TCGA-BH-A0BQ,TCGA-BH-A0BQ-01Z,01,DX,DX1,c411216f-e0d1-4970-b036-d4c3c560da89,TCGA-BH-A0BQ-01Z-00-DX1.F5C6386B-BB2C-49DF-B3B8-6C4B80D060D4.svs,1442492109,3a86b13286527e1146605598227cfe9f,released,HER2pos,17.0,main
TCGA-C8-A1HK,TCGA-C8-A1HK-01Z,01,DX,DX1,3ab1328c-52fc-4fd2-bebf-311498100c40,TCGA-C8-A1HK-01Z-00-DX1.A15F452B-1260-4106-86D1-05F00082F0CE.svs,925886683,e06e69fa6bd299e9fc195af10f0f8b36,released,HER2pos,18.0,main
TCGA-C8-A1HK,TCGA-C8-A1HK-01A,01,TS,TSB,e7aa1c87-1bf2-4415-a4dc-b60279f7b35c,TCGA-C8-A1HK-01A-02-TSB.f5919eb9-e65f-4fbb-940a-f2c6af01c56f.svs,405892713,45be8e41355eddf076741cbd63d87301,released,HER2pos,18.0,main
TCGA-AN-A041,TCGA-AN-A041-01A,01,BS,BS1,0c03e499-6cdc-4895-a8c1-935b98bed14b,TCGA-AN-A041-01A-01-BS1.a494a837-0c67-4ea4-bf41-55c40fe4fe7a.svs,111174718,f51194738e699c330e842a4e73b04704,released,HER2pos,19.0,main
TCGA-AN-A041,TCGA-AN-A041-01Z,01,DX,DX1,166bc4ec-5ac5-4b32-bb50-b0f8be595ad9,TCGA-AN-A041-01Z-00-DX1.96D3628B-FB6E-4A41-A5E8-8896B0657F1C.svs,378826473,1c7c44ec33f6f9a2cb3e0e0b793f3430,released,HER2pos,19.0,main
TCGA-E2-A1LB,TCGA-E2-A1LB-01Z,01,DX,DX1,a1b58cd0-559e-467d-a193-96602cd3306f,TCGA-E2-A1LB-01Z-00-DX1.B4AFDB08-BA09-4F6E-806E-4054B790AB8E.svs,988511185,4bea0e83ae204c3c67d53700f1971331,released,HER2pos,20.0,main
TCGA-E2-A1LB,TCGA-E2-A1LB-01A,01,TS,TSA,89481bca-ddb1-44c6-833b-c6690b211cde,TCGA-E2-A1LB-01A-01-TSA.421ba6bf-0e55-4fa7-81f3-3cf0fde480ed.svs,190150719,aac115cd9f328e8e0c49fc1292ec7782,released,HER2pos,20.0,main
TCGA-EW-A424,TCGA-EW-A424-01Z,01,DX,DX1,7aac46bb-70b3-4586-8852-4ab1f5e69d66,TCGA-EW-A424-01Z-00-DX1.662894F0-31FE-494B-9A9E-7C369AE23D27.svs,1936600978,162cac53f49286d59bc7ee823d62ecc8,released,HER2pos,21.0,main
TCGA-EW-A424,TCGA-EW-A424-01A,01,TS,TSA,3620ef3e-05d6-492a-a032-5f3b2c127e94,TCGA-EW-A424-01A-01-TSA.0D664105-6E7A-4799-8E76-27D720666494.svs,81532203,f6b5f58a2dbc97a0ba50be059834b4c5,released,HER2pos,21.0,main
TCGA-A8-A0AB,TCGA-A8-A0AB-01A,01,BS,BS1,8d6abe44-dbcb-4895-80d3-a0b296e34f56,TCGA-A8-A0AB-01A-01-BS1.4f685a36-8110-4af5-b290-7384bee2c8f6.svs,270161131,a5bf1947df92bf0f5806b8124b64f7ce,released,HER2pos,22.0,main
TCGA-A8-A0AB,TCGA-A8-A0AB-01Z,01,DX,DX1,763a8540-c78d-4718-96ff-d2c926cf5390,TCGA-A8-A0AB-01Z-00-DX1.103ED338-A0F9-403B-A10C-49840BD60EB8.svs,149503036,a5c2fe2d6f589f98a05130b9f4c874a9,released,HER2pos,22.0,main
TCGA-A8-A0AB,TCGA-A8-A0AB-01A,01,TS,TS1,5823e193-f65c-4296-801b-535cd6ab1816,TCGA-A8-A0AB-01A-01-TS1.caa920cc-a74f-41a3-9b12-d8143dda8786.svs,253051389,f3fa427fe9745740c9af56a2f0841162,released,HER2pos,22.0,main
TCGA-BH-A0C0,TCGA-BH-A0C0-01A,01,BS,BSB,bd97f5d4-9bfb-465a-bd83-f594f42b39ab,TCGA-BH-A0C0-01A-02-BSB.4b112630-4214-42cb-8db9-56df1ce4c6ea.svs,671922301,282abdaba4dff82a621e94ad87c49c03,released,HER2pos,23.0,main
TCGA-BH-A0C0,TCGA-BH-A0C0-01Z,01,DX,DX1,c03ab317-6127-4010-867b-8b674df98044,TCGA-BH-A0C0-01Z-00-DX1.2D32D35A-EB7E-4D0E-BE5F-E56F7B930463.svs,1480365431,499a0b4378f3aa607ffbecc5e59130d9,released,HER2pos,23.0,main
TCGA-BH-A0C0,TCGA-BH-A0C0-01A,01,TS,TSB,49161205-ee3b-4ac4-8149-ddc410e6aa7f,TCGA-BH-A0C0-01A-02-TSB.b5d6fdae-cc88-4ded-a599-f778187bdc37.svs,480095551,14408a93c283f614ed8b9a3d7dd79949,released,HER2pos,23.0,main
TCGA-AN-A0FT,TCGA-AN-A0FT-01A,01,BS,BSA,87c69827-90e4-4d6a-bb1b-42ae58393383,TCGA-AN-A0FT-01A-01-BSA.c578600f-5691-4d20-ae99-f0f8197e9bbb.svs,331030359,93e9d8f9414c6b74be54b5082eb3dd1e,released,HER2pos,24.0,main
TCGA-AN-A0FT,TCGA-AN-A0FT-01Z,01,DX,DX1,bbc64b90-9cd1-4ca6-81e4-560275c073f3,TCGA-AN-A0FT-01Z-00-DX1.6F263AB3-FB1D-4056-AEC2-4F163017324F.svs,650975215,a24a50b372ef113d10ebaa1b0b667c32,released,HER2pos,24.0,main
TCGA-AN-A0FT,TCGA-AN-A0FT-01A,01,TS,TSA,37510817-83a1-4cf6-955e-460117c98868,TCGA-AN-A0FT-01A-01-TSA.d6fe3f83-5cbc-4c39-ad49-c3adfee44974.svs,381966579,e8f43f0c8f175242c03bc4be73fc7cd5,released,HER2pos,24.0,main
TCGA-A8-A06U,TCGA-A8-A06U-01A,01,BS,BS1,d8346a8e-5d58-4ee4-8b30-15aec7977f10,TCGA-A8-A06U-01A-01-BS1.1182603b-20e7-4a0e-a686-055841cf5ca4.svs,188469785,c01a5777f7fa91e02fd60f494616a67f,released,HER2pos,25.0,main
TCGA-A8-A06U,TCGA-A8-A06U-01Z,01,DX,DX1,30109964-1349-40fd-b13e-eb6d6f21ce6e,TCGA-A8-A06U-01Z-00-DX1.56070AB9-A73E-44B8-8051-D93E8F881BBE.svs,424343006,273ac69c7d0544411ce1b59f30f34997,released,HER2pos,25.0,main
TCGA-A8-A06U,TCGA-A8-A06U-01A,01,TS,TS1,4571fd46-0c9d-487c-b82c-e0165cce3ae9,TCGA-A8-A06U-01A-01-TS1.DFD8B445-C7A5-4247-A39F-222591C6D7E2.svs,127214129,14719d6ee4fcc5c743db191a53d58f67,released,HER2pos,25.0,main
TCGA-AO-A12D,TCGA-AO-A12D-01A,01,BS,BSA,314a42f7-31fa-4a24-84a0-0a12cdabf412,TCGA-AO-A12D-01A-01-BSA.e75eaf83-11b8-49a2-b6b1-77f98fa6660a.svs,324738183,28422cf5f78c73a12c513766ea2cff4a,released,HER2pos,26.0,main
TCGA-AO-A12D,TCGA-AO-A12D-01Z,01,DX,DX1,391143f8-da62-48fb-863f-ac505a6b0eaa,TCGA-AO-A12D-01Z-00-DX1.BA006BAD-5C6E-4099-BC99-3888E69F506E.svs,1052702068,85143e70321ee7e721665abb7e2fbae9,released,HER2pos,26.0,main
TCGA-AO-A12D,TCGA-AO-A12D-01A,01,TS,TSA,feb7ca2e-349d-457d-aa87-786ad425080a,TCGA-AO-A12D-01A-01-TSA.f28ffd60-5d5f-4fec-8776-bf587f1f2496.svs,287523959,f767e4b086e0d8f1561895db564dca95,released,HER2pos,26.0,main
TCGA-A8-A08T,TCGA-A8-A08T-01A,01,BS,BS1,bf3d8a67-e236-413e-9a61-d5d0776d6c94,TCGA-A8-A08T-01A-01-BS1.a4f425d3-222d-4ef0-96f4-97bdde661971.svs,290610869,7d4901f2c0473c31abe91315b53de2ff,released,HER2pos,27.0,main
TCGA-A8-A08T,TCGA-A8-A08T-01A,01,BS,BS2,34bfacd1-2035-4d77-ac00-b832ba105d68,TCGA-A8-A08T-01A-02-BS2.f401c61c-3713-4bb9-a709-71423c478c8b.svs,127877521,2982d75244be1d7947562d3d61b577a4,released,HER2pos,27.0,main
TCGA-A8-A08T,TCGA-A8-A08T-01Z,01,DX,DX1,5984cd8e-87f4-4aa6-bc60-84d9736245b0,TCGA-A8-A08T-01Z-00-DX1.ABA1ABF2-DDB1-4E31-89DC-0F7821311D11.svs,545007686,54d058ae83907220d4db8dd2bf90de02,released,HER2pos,27.0,main
TCGA-E9-A1ND,TCGA-E9-A1ND-01Z,01,DX,DX1,4ffc6737-cc10-4394-b543-593e7f3ccedd,TCGA-E9-A1ND-01Z-00-DX1.5C2F5250-A3B2-4B97-9E11-56CF3C7CA2DB.svs,571954381,b390894e291e22ec782736e697b3d688,released,HER2pos,28.0,main
TCGA-E9-A1ND,TCGA-E9-A1ND-01A,01,TS,TSA,887e74e2-daeb-49b4-9d7f-2a5c8130543a,TCGA-E9-A1ND-01A-01-TSA.602c0689-b15d-4d0c-a76c-13f97b713b4d.svs,302318977,f046e52cf559d49179db3a0d6d778289,released,HER2pos,28.0,main
TCGA-AN-A0FL,TCGA-AN-A0FL-01A,01,BS,BSA,287e9376-7953-4017-ba01-67f5896e5cd2,TCGA-AN-A0FL-01A-01-BSA.78d30e6e-2bd3-439c-8063-5ca6a09828cc.svs,434296335,f4ff0082192cb18a52046661ee787291,released,HER2pos,29.0,main
TCGA-AN-A0FL,TCGA-AN-A0FL-01Z,01,DX,DX1,d570eccc-3c1c-4c4f-ae04-96be71fbe016,TCGA-AN-A0FL-01Z-00-DX1.20A041C6-A306-4599-A7D1-65032A252AA9.svs,1055798681,21d3874bd056d5c11746d6bcbb21fa14,released,HER2pos,29.0,main
TCGA-AN-A0FL,TCGA-AN-A0FL-01A,01,TS,TSA,35ff2610-e7f2-4129-abc0-b5b075b0643c,TCGA-AN-A0FL-01A-01-TSA.a9270e98-40e9-45f5-935a-681708f170c9.svs,656506607,02a286f74fff44fc95987f5196c2464d,released,HER2pos,29.0,main
TCGA-A8-A09N,TCGA-A8-A09N-01A,01,BS,BS1,eadf2d19-8e97-467c-816e-d760c57985cd,TCGA-A8-A09N-01A-01-BS1.48ca5ab6-429b-420a-9a89-7605aee874ab.svs,153760881,7d4978f1560403d9bf4ef77acd56674f,released,HER2pos,30.0,main
TCGA-A8-A09N,TCGA-A8-A09N-01Z,01,DX,DX1,3713cf5c-9b76-4093-a98a-8baa779c7d78,TCGA-A8-A09N-01Z-00-DX1.A0E4EF10-5BFF-46A0-94C7-578EA3A88599.svs,635203992,528d0bf28bf406647d66e1a8e125bc81,released,HER2pos,30.0,main
TCGA-A8-A09N,TCGA-A8-A09N-01A,01,TS,TS1,75ea350f-f79a-4c06-bd6a-c2557fcdd257,TCGA-A8-A09N-01A-01-TS1.7e5b6b2c-52b7-4b2a-bb39-b2e8aef29605.svs,173255133,c9af18091e06c2b906918fbf45e3a54a,released,HER2pos,30.0,main
TCGA-A8-A07B,TCGA-A8-A07B-01A,01,BS,BS1,c398676d-f5d4-4865-9ad5-be991f82fa99,TCGA-A8-A07B-01A-01-BS1.b1f937c2-0868-4c6a-a85f-cc4853c0a639.svs,238601651,415235a517e18eea0f56f0347250ec73,released,HER2pos,31.0,main
TCGA-A8-A07B,TCGA-A8-A07B-01Z,01,DX,DX1,6efea46b-492b-4695-b1d9-ca517be5a70b,TCGA-A8-A07B-01Z-00-DX1.950B5E4E-C5F0-4445-9F88-E8C32CDFE6DA.svs,461865918,e82143b80a11bcc385ba2b6c509e24e5,released,HER2pos,31.0,main
TCGA-A8-A07B,TCGA-A8-A07B-01A,01,TS,TS1,6ff6ef00-5643-469b-ac83-53bbef6cf33d,TCGA-A8-A07B-01A-01-TS1.0e9cc322-519c-49e1-ab3b-25e66a24ef92.svs,216764465,e625c36c1eef25a395a3e11a91314728,released,HER2pos,31.0,main
TCGA-3C-AALK,TCGA-3C-AALK-01Z,01,DX,DX1,93b26333-5723-4fa4-a4de-6124c04ab243,TCGA-3C-AALK-01Z-00-DX1.4E6EB156-BB19-410F-878F-FC0EA7BD0B53.svs,1769848096,3d63b3311612d763525b6edb0848b986,released,HER2pos,32.0,main
TCGA-3C-AALK,TCGA-3C-AALK-01A,01,TS,TSA,0c0d2afe-a7ca-4b16-9ea8-37e478728d11,TCGA-3C-AALK-01A-01-TSA.B64ED65E-C91A-42C9-89A5-1B099C7112C3.svs,467589433,0d38623676a87a98942e4f47f9eb4b00,released,HER2pos,32.0,main
TCGA-A2-A04X,TCGA-A2-A04X-01A,01,BS,BS1,2ad7ab3f-dfe5-48ee-8e9e-8506b36a135c,TCGA-A2-A04X-01A-01-BS1.dfc80b9d-cce5-4f91-9e2e-a5dbff049463.svs,134744334,d1948f563fff0a1e409a520ac5b8e7fe,released,HER2pos,33.0,main
TCGA-A2-A04X,TCGA-A2-A04X-01A,01,BS,BS2,1d36a76f-30a7-4ecf-8a86-702bcd5d3c7f,TCGA-A2-A04X-01A-02-BS2.e8b8e62b-18f3-47f1-8b53-94659913afda.svs,37462554,4dbdd95922abdac751cecfd991772881,released,HER2pos,33.0,main
TCGA-A2-A04X,TCGA-A2-A04X-01Z,01,DX,DX1,c1e30ea2-c72f-4935-9dff-756f9795fa45,TCGA-A2-A04X-01Z-00-DX1.E01A4522-67B3-4FEF-BD6B-99DFED9E7C85.svs,1106696237,19f39635553ae5ff09f5287827dd8a1a,released,HER2pos,33.0,main
TCGA-GM-A2DA,TCGA-GM-A2DA-01Z,01,DX,DX1,ac8c09f2-2fd6-43e2-8233-00dcf54dcb0b,TCGA-GM-A2DA-01Z-00-DX1.6E409F88-F654-48C8-A753-BB054037BE16.svs,435169713,5776f859416cd5bfe56000ccf8e50f6b,released,HER2pos,34.0,main
TCGA-GM-A2DA,TCGA-GM-A2DA-01A,01,TS,TS1,db1d5bbc-8e23-4197-94f9-305509035957,TCGA-GM-A2DA-01A-01-TS1.ACA772B5-EF8F-4E5E-8AFE-EDD6CD676884.svs,435716147,c2740e00e4e3d607dac118e74be1a6eb,released,HER2pos,34.0,main
TCGA-BH-A42T,TCGA-BH-A42T-01Z,01,DX,DX1,a70ba77f-da3a-4f7b-bbce-dd7f11892c3f,TCGA-BH-A42T-01Z-00-DX1.6E4609B9-BE7E-4CA9-A1C0-A77A7DEFBB2B.svs,1189638951,c3ee083617c59077a069b4333c3c19e9,released,HER2pos,35.0,main
TCGA-BH-A42T,TCGA-BH-A42T-01A,01,TS,TSA,657d707a-3cae-462e-ae7b-73eae661324a,TCGA-BH-A42T-01A-01-TSA.2DE6520B-22F3-49A6-9C06-FDAEC456AEC2.svs,657740369,acedaacdf156dad4a4cb2749f8a1f936,released,HER2pos,35.0,main
TCGA-BH-A0HY,TCGA-BH-A0HY-01A,01,BS,BSA,fcfc1eaa-67ca-4de2-9ead-087b0672cfb1,TCGA-BH-A0HY-01A-01-BSA.46c5e097-d1b4-41df-a38a-fe148fc771bf.svs,394765281,39f831aafa62d8f1be2ac89889588e22,released,HER2pos,36.0,main
TCGA-BH-A0HY,TCGA-BH-A0HY-01Z,01,DX,DX1,6fe97bc4-b79f-44dc-bf2b-d33cd187977b,TCGA-BH-A0HY-01Z-00-DX1.D7A1BF42-F268-4220-B71B-354CE2AF32D8.svs,1519208667,a06d2053e38b403dcb73a7f738101228,released,HER2pos,36.0,main
TCGA-BH-A0HY,TCGA-BH-A0HY-01A,01,TS,TSA,84ba2988-3bd7-47ba-9763-52a8fcc5b435,TCGA-BH-A0HY-01A-01-TSA.6e6e9bc1-754e-496f-90ef-461287eb7fbf.svs,400266577,85827b4321e7e24029869579542c8e46,released,HER2pos,36.0,main
TCGA-E9-A3X8,TCGA-E9-A3X8-01Z,01,DX,DX1,0ef21e8e-df25-4d9a-b1e3-ef5b1f01ce86,TCGA-E9-A3X8-01Z-00-DX1.D1532F80-F5F8-47AF-8A1B-B59E345F5D70.svs,426414569,0beba614ac82e98be7209a5116db2107,released,HER2pos,37.0,main
TCGA-E9-A3X8,TCGA-E9-A3X8-01A,01,TS,TSC,05fb805f-f2f3-41fb-b6c9-63df45ebdf77,TCGA-E9-A3X8-01A-03-TSC.D9965DD3-EB24-4914-9756-AF1230349DC6.svs,247980069,bae7e8b86e7930517ca1dfb6fa790105,released,HER2pos,37.0,main
TCGA-C8-A278,TCGA-C8-A278-01Z,01,DX,DX1,ec8a032c-3f3e-4cb4-bb33-14b892b1f708,TCGA-C8-A278-01Z-00-DX1.188B3FE0-7B20-401A-A6B7-8F1798018162.svs,770454581,658fc9db776b2c7ae215fcb9ef61f0dd,released,HER2pos,38.0,main
TCGA-C8-A278,TCGA-C8-A278-01A,01,TS,TSA,0cb9833e-e22d-45ab-aeb6-2418ae929db2,TCGA-C8-A278-01A-01-TSA.f617a0ab-8b9f-4c15-9bf1-76f9dc0df366.svs,235776549,5ad7e3c7623097c98d19bc4ad0ab425e,released,HER2pos,38.0,main
TCGA-AR-A250,TCGA-AR-A250-01Z,01,DX,DX1,919bff06-43b7-447a-ad9f-85854b0f72fc,TCGA-AR-A250-01Z-00-DX1.572A2F73-6BF5-4932-BFEF-4B8904755ACF.svs,1283668081,6c59f3c495ab93a07d4e812e34aaa131,released,HER2pos,39.0,main
TCGA-AR-A250,TCGA-AR-A250-01A,01,TS,TSC,812be0da-616b-423b-8174-460fa0ab1326,TCGA-AR-A250-01A-03-TSC.ac0f9192-2961-470c-9fe6-fd72f7f07d0c.svs,283650715,b7058d6a4e7fdc8c05e55814b8c5b8d3,released,HER2pos,39.0,main
TCGA-AN-A0FV,TCGA-AN-A0FV-01A,01,BS,BSA,932e58b5-fbf2-4dbf-b7c5-6fdacf674220,TCGA-AN-A0FV-01A-01-BSA.622ce693-86d1-4d9a-99e1-017e08788f49.svs,293319559,ed53fb0445ee0eb6d40d15eb8091a329,released,HER2pos,40.0,main
TCGA-AN-A0FV,TCGA-AN-A0FV-01Z,01,DX,DX1,3c251c96-208d-4daf-ad81-fbe62be70dd9,TCGA-AN-A0FV-01Z-00-DX1.C0D02946-FCDA-472D-895D-7ACF5C96B264.svs,669774659,28981e2c90c5521644b3579b1981b8d8,released,HER2pos,40.0,main
TCGA-AN-A0FV,TCGA-AN-A0FV-01A,01,TS,TSA,88cdd0c0-5ef7-42c1-87c1-7451caf8043e,TCGA-AN-A0FV-01A-01-TSA.7c295633-8765-4219-907e-17b329046d86.svs,264351715,32f1dd3a18617b12048bb8b19c351cbd,released,HER2pos,40.0,main
TCGA-BH-A0EE,TCGA-BH-A0EE-01A,01,BS,BSA,a7be3dc4-51bd-4eac-8f3c-5223fe8e5f5d,TCGA-BH-A0EE-01A-01-BSA.3b661349-b956-42ea-8872-db00f9a397f2.svs,655850693,5b87ff841092f758fcacafed1a11a6f8,released,HER2pos,41.0,reserve
TCGA-BH-A0EE,TCGA-BH-A0EE-01Z,01,DX,DX1,d6861a4d-02ac-4253-b5d1-9fc6d5fc71b4,TCGA-BH-A0EE-01Z-00-DX1.872EA586-25C8-4835-A138-152DFA1EBF30.svs,1692124169,6e42c62793eca99707388933fdd0c9a5,released,HER2pos,41.0,reserve
TCGA-BH-A0EE,TCGA-BH-A0EE-01A,01,TS,TSA,ef15939a-0d82-4933-ad8e-a9f8c023dab2,TCGA-BH-A0EE-01A-01-TSA.73130d8d-377f-4924-b023-0908ec862747.svs,471558753,95d80df6bedb80b29e9dbf68d54b00f9,released,HER2pos,41.0,reserve
TCGA-BH-A0DZ,TCGA-BH-A0DZ-01A,01,BS,BSA,9a053b89-f3d4-49af-a9ae-3bbcbd43b519,TCGA-BH-A0DZ-01A-01-BSA.96d9efe6-e56c-4a00-b312-9af5d2913fd9.svs,748163299,cd3fc67d7ddb0bb7d5dacf30daa0f7f5,released,HER2pos,42.0,reserve
TCGA-BH-A0DZ,TCGA-BH-A0DZ-01Z,01,DX,DX1,34543318-23f4-48fc-aeed-fcab7991e8e3,TCGA-BH-A0DZ-01Z-00-DX1.138BAEC2-589E-4960-B94E-DF48DDAA5490.svs,1561015439,019d26cffd097a93069709d9a8d221d5,released,HER2pos,42.0,reserve
TCGA-BH-A0DZ,TCGA-BH-A0DZ-01A,01,TS,TSA,a77ed4c6-edb1-496c-b4f0-f9a2269741c3,TCGA-BH-A0DZ-01A-01-TSA.482fc6f8-5c8b-494e-a821-628daa343534.svs,737992355,89ba77788ef99d462dbd71847c3db0e2,released,HER2pos,42.0,reserve
TCGA-A2-A0T1,TCGA-A2-A0T1-01A,01,BS,BSB,f2f63959-ff1b-4bec-88f8-fbe591c1176c,TCGA-A2-A0T1-01A-02-BSB.3bba2447-a52a-4ed3-88b5-c91124ecbcac.svs,227390391,e283c124fbd483b72588d2980b81212c,released,HER2pos,43.0,reserve
TCGA-A2-A0T1,TCGA-A2-A0T1-01Z,01,DX,DX1,2d82f850-0edd-4737-99c1-1060d0f51340,TCGA-A2-A0T1-01Z-00-DX1.CD1E9C46-18A3-466B-AA0B-24F3055FA851.svs,1084575909,025a14c19abb060da3f6846643999f0e,released,HER2pos,43.0,reserve
TCGA-A2-A0T1,TCGA-A2-A0T1-01A,01,TS,TSB,1b57be69-8f5d-4092-8f24-eb3ab487852c,TCGA-A2-A0T1-01A-02-TSB.63e971bf-39ec-41c9-986e-a1937437dea8.svs,157589035,5a3db9875170c04ca24ec39614c3b72e,released,HER2pos,43.0,reserve
TCGA-UU-A93S,TCGA-UU-A93S-01Z,01,DX,DX1,a220b48d-fa86-4efd-9e5d-f739a8db5ef9,TCGA-UU-A93S-01Z-00-DX1.C4809779-DF5F-4F5D-A78C-B7F95F2D050F.svs,2234308067,b1551b8222b2316597089ae36501ff33,released,HER2pos,44.0,reserve
TCGA-UU-A93S,TCGA-UU-A93S-01A,01,TS,TSB,26777a80-05de-4f07-af66-8fa2a72801ba,TCGA-UU-A93S-01A-02-TSB.B831443D-9BE6-43E0-941D-3881CBC80A78.svs,256901737,3d4ac73d117627928f942df2a5795c4e,released,HER2pos,44.0,reserve
TCGA-C8-A12Q,TCGA-C8-A12Q-01A,01,BS,BSA,c85314c2-d915-413a-aa8d-aa8d7cfb74e3,TCGA-C8-A12Q-01A-01-BSA.0ca5b171-d61d-4e6d-b365-4cd6bd288aec.svs,401508309,9425a8cac30ccb61fa2d6c86292d4d0f,released,HER2pos,45.0,reserve
TCGA-C8-A12Q,TCGA-C8-A12Q-01Z,01,DX,DX1,b411c802-4c8d-4b65-8eee-72a538f14f65,TCGA-C8-A12Q-01Z-00-DX1.CE74E5B7-FD30-4CBE-8716-ECCF2213AAC3.svs,857550913,69e6ca0e1bd272bef529229b65bcc265,released,HER2pos,45.0,reserve
TCGA-C8-A12Q,TCGA-C8-A12Q-01A,01,TS,TSA,362fc07e-b3cb-47ba-b5e2-f49c5f89e3eb,TCGA-C8-A12Q-01A-01-TSA.b3023358-4c0f-4d25-a1e6-cd23f160f901.svs,339756703,ce743b83ffc9a73c13aba70dba7a1854,released,HER2pos,45.0,reserve
TCGA-LD-A9QF,TCGA-LD-A9QF-01Z,01,DX,DX1,d93a5cab-9a8a-42c8-973f-5868e748e8e7,TCGA-LD-A9QF-01Z-00-DX1.092108DF-1A60-459E-ACE6-5A71826A98D1.svs,1106507125,5e66e7db90df71b660398073da18e0c8,released,HER2pos,46.0,reserve
TCGA-LD-A9QF,TCGA-LD-A9QF-01A,01,TS,TSC,16bd02f3-355c-46ba-8c70-f7300bc769f2,TCGA-LD-A9QF-01A-03-TSC.0AFA2BBA-FB74-4AE8-84AD-AE65522E5EC9.svs,315356085,c6ca077bbb9898fd43d7f46db4fbb08f,released,HER2pos,46.0,reserve
TCGA-A7-A4SF,TCGA-A7-A4SF-01Z,01,DX,DX1,1a62d692-bc08-49f9-ad59-6fddf3bbcb6d,TCGA-A7-A4SF-01Z-00-DX1.CDCFD4BC-4363-4CF2-95F5-4922E04C3B9D.svs,135421819,aa35e1f1fd3674d192cf7c8ff1ea6bc2,released,HER2pos,47.0,reserve
TCGA-A7-A4SF,TCGA-A7-A4SF-01A,01,TS,TSA,e4bd5f15-7306-4155-a7df-b61b045aac9e,TCGA-A7-A4SF-01A-01-TSA.A9D65EF2-4CD0-41BC-98D0-FF6495369BF3.svs,115476187,94a3be28115f76b37335aab7ba2ea0f5,released,HER2pos,47.0,reserve
TCGA-E9-A295,TCGA-E9-A295-01Z,01,DX,DX1,9fa6af5e-5023-47ac-88e1-219b08a06d61,TCGA-E9-A295-01Z-00-DX1.ED6CC024-56E7-45A9-B41F-F84550A899F7.svs,1379950153,a2df5dd27d99fd6923347d8c3ae10604,released,HER2pos,48.0,reserve
TCGA-E9-A295,TCGA-E9-A295-01A,01,TS,TSA,0e009ece-318f-4fcb-886e-cf3985c66e3b,TCGA-E9-A295-01A-01-TSA.14a39b7e-5d34-43ea-971c-09a8db7694e8.svs,122574101,93271c35f982ea67b33ea3acda9b6821,released,HER2pos,48.0,reserve
TCGA-D8-A1JB,TCGA-D8-A1JB-01Z,01,DX,DX1,030c723e-3e9c-435b-b007-e98ffd16810c,TCGA-D8-A1JB-01Z-00-DX1.6CF48257-066C-4B8C-91AA-30A6B4AD4307.svs,1487563219,08c246f6c457563c245cee38429377f0,released,HER2pos,49.0,reserve
TCGA-D8-A1JB,TCGA-D8-A1JB-01A,01,TS,TS1,26e17ba6-5251-4b92-8536-9ee730ca3cd1,TCGA-D8-A1JB-01A-01-TS1.dbe1aadb-8200-4711-9e1b-bb73187c807e.svs,198536719,a5e05c0fceda5ded73c08a531c02d535,released,HER2pos,49.0,reserve
TCGA-AR-A1AT,TCGA-AR-A1AT-01Z,01,DX,DX1,2ae908e6-e9a4-4d4e-a527-656c03b241a1,TCGA-AR-A1AT-01Z-00-DX1.6ED69002-2CC1-4AD4-9573-B245D7C2D060.svs,1476667445,c4b404cacd461873eb9ea84f387a561e,released,HER2pos,50.0,reserve
TCGA-AR-A1AT,TCGA-AR-A1AT-01A,01,TS,TSA,f00e6351-97d0-4800-a118-d2a7cd994a8c,TCGA-AR-A1AT-01A-01-TSA.ea146368-893f-4524-b72a-df5beb9a80da.svs,251654645,39e75fefc3660717e5d918b3318b8c32,released,HER2pos,50.0,reserve
TCGA-A8-A08H,TCGA-A8-A08H-01A,01,BS,BS1,c0d9b261-6a15-4d43-91ad-95aed64c76d0,TCGA-A8-A08H-01A-01-BS1.ec8e361e-ad57-4505-8cee-f897eca575c5.svs,353581903,5f022796ff7c3c9a58ca9c324fbdfd21,released,HER2pos,51.0,reserve
TCGA-A8-A08H,TCGA-A8-A08H-01A,01,BS,BS2,5436d380-131c-463a-ab31-26ddebd3b396,TCGA-A8-A08H-01A-02-BS2.26653396-4d2c-4614-9cb1-244e7d4fdfae.svs,155448773,6958297a2d2740a2e754ad8ef9a1456e,released,HER2pos,51.0,reserve
TCGA-A8-A08H,TCGA-A8-A08H-01Z,01,DX,DX1,e1810f6d-a429-46c5-9b44-0f26d2eb22bb,TCGA-A8-A08H-01Z-00-DX1.6AA6A530-3BD3-4582-9D6B-8AE3B4A73948.svs,655717922,5310143972c4a3494397bc4a6d02264d,released,HER2pos,51.0,reserve
TCGA-E9-A22D,TCGA-E9-A22D-01Z,01,DX,DX1,044f28b0-564a-42d8-9df1-ba3fd4d6c014,TCGA-E9-A22D-01Z-00-DX1.b2867437-0add-4b7d-8002-fb09ed961942.svs,829780345,5255204176ceba55a6cbadb84c9dafbc,released,HER2pos,52.0,reserve
TCGA-E9-A22D,TCGA-E9-A22D-01A,01,TS,TSA,d659317a-ad1f-4c00-97e9-aab7092717d4,TCGA-E9-A22D-01A-01-TSA.1d806ebb-4c31-45ae-898e-139903e04c43.svs,243298523,6edc5bf9f36e716bc1db8474e53a9458,released,HER2pos,52.0,reserve
TCGA-AQ-A04L,TCGA-AQ-A04L-01B,01,BS,BSB,db8cb30f-2fd4-4268-b106-3ae80a43b8b0,TCGA-AQ-A04L-01B-02-BSB.229b081b-f757-4082-85fb-303bf19e611c.svs,68233996,8d2dee2c4db975b90ae9598534021206,released,HER2pos,53.0,reserve
TCGA-AQ-A04L,TCGA-AQ-A04L-01Z,01,DX,DX1,47040c7b-316f-49dd-998f-938206d97684,TCGA-AQ-A04L-01Z-00-DX1.F35BF4DD-896A-43C2-8DA6-C67945C003BE.svs,391820876,a0d4a00e19f588f9c06e8dbd03294e5b,released,HER2pos,53.0,reserve
TCGA-AQ-A04L,TCGA-AQ-A04L-01B,01,TS,TSB,6a10dff4-b241-4f4c-bf43-f5dbfe8c8f38,TCGA-AQ-A04L-01B-02-TSB.fb5e4cf2-39a4-40d1-b7c4-6e2672097bfe.svs,136313680,dbf5ab92a294349e6db9d6cfcc32d30b,released,HER2pos,53.0,reserve
TCGA-BH-A0C7,TCGA-BH-A0C7-01B,01,BS,BSA,da232dfa-b967-44f5-a8fa-e96cda128235,TCGA-BH-A0C7-01B-01-BSA.eff3406d-2af0-435f-8aa9-fd77dbba35dd.svs,218589469,5a706c4cd79e0343b5f256033859f341,released,HER2pos,54.0,reserve
TCGA-BH-A0C7,TCGA-BH-A0C7-01Z,01,DX,DX1,f7abab4e-54fa-491e-a67a-d401cdc23e1e,TCGA-BH-A0C7-01Z-00-DX1.C70D358E-C48F-4F69-86CE-3218E9C95837.svs,1743079165,df727ed01a27649e077abd1995c14d7b,released,HER2pos,54.0,reserve
TCGA-BH-A0C7,TCGA-BH-A0C7-01B,01,TS,TSA,81768c3a-60d1-4c7d-9263-a83628e29e70,TCGA-BH-A0C7-01B-01-TSA.deec957f-1264-4169-945e-24d4bd1988cd.svs,258181653,a578861b477f035264d470b4fc2f9775,released,HER2pos,54.0,reserve
TCGA-BH-A18U,TCGA-BH-A18U-01Z,01,DX,DX1,73662afd-f0c0-4a23-bb18-a72f6ab93c70,TCGA-BH-A18U-01Z-00-DX1.63940315-59BC-462B-87A8-2BBB33C9503E.svs,1613632345,61750382812c105e8fdb1fd027af739f,released,HER2pos,55.0,reserve
TCGA-BH-A18U,TCGA-BH-A18U-01A,01,TS,TSB,cc776dec-81b6-4f18-bfda-8e51ced636c0,TCGA-BH-A18U-01A-02-TSB.157a84f2-044a-4414-a029-d5b626e1b53e.svs,215371387,038241dababc6946325a65a1770aff62,released,HER2pos,55.0,reserve
TCGA-JL-A3YW,TCGA-JL-A3YW-01Z,01,DX,DX1,0415dc25-2014-4f97-8ad5-fe33adc92874,TCGA-JL-A3YW-01Z-00-DX1.827C5C53-9C30-4307-802A-5A7896828A7F.svs,596250311,9d591ac065e2342eff5bbe8d7f0892d1,released,HER2pos,56.0,reserve
TCGA-JL-A3YW,TCGA-JL-A3YW-01A,01,TS,TS1,74cee2b9-ad9b-49bb-a563-e57aa2074190,TCGA-JL-A3YW-01A-01-TS1.6306EE8C-C37B-4673-B4A1-D0531686C217.svs,340002453,27a538896523b0be21691d34dddcccac,released,HER2pos,56.0,reserve
TCGA-BH-A18M,TCGA-BH-A18M-01Z,01,DX,DX1,d6bd7b9b-fbfe-4f03-924f-b21e7f7d16a6,TCGA-BH-A18M-01Z-00-DX1.56E6935A-62CB-4CBE-BDCA-60DA56422CE0.svs,1418780137,2bc6e373f52cf692d2a36addc360fbe5,released,HER2pos,57.0,reserve
TCGA-BH-A18M,TCGA-BH-A18M-01A,01,TS,TSA,d8285038-c01a-473d-a356-9d7b9c8e4138,TCGA-BH-A18M-01A-01-TSA.b628e098-1358-4a68-a30f-8b044a26b405.svs,197306745,c5574a510e85f0e7f8c7c089b6431504,released,HER2pos,57.0,reserve
TCGA-AC-A3QQ,TCGA-AC-A3QQ-01B,01,BS,BS5,cec06ea8-c762-4803-8a6e-5c97c59cb0e3,TCGA-AC-A3QQ-01B-05-BS5.D6D3A471-DD4B-4138-8395-9E40A8DB3EF3.svs,84482550,40a1a1856e03aeee2b162341c1c248b1,released,HER2pos,58.0,reserve
TCGA-AC-A3QQ,TCGA-AC-A3QQ-01B,01,BS,BS6,b783d6be-e8f5-49c7-9c35-e729475573a9,TCGA-AC-A3QQ-01B-06-BS6.C20D50B8-6EC0-4BF4-BE23-D5664C18B702.svs,36288024,e3afec25d639d4cf617565baf7176849,released,HER2pos,58.0,reserve
TCGA-AC-A3QQ,TCGA-AC-A3QQ-01Z,01,DX,DX1,2909f226-c635-46ff-b105-4a902bb89736,TCGA-AC-A3QQ-01Z-00-DX1.86463263-AB12-49FB-8967-D5FD1F7D221A.svs,197427188,57cfe7e8ee77a4e88a4334342d4bd7e2,released,HER2pos,58.0,reserve
TCGA-AC-A2FB,TCGA-AC-A2FB-01Z,01,DX,DX1,8aecf9c0-9777-4ed3-b5cc-c857a0291b6c,TCGA-AC-A2FB-01Z-00-DX1.A4D93E32-BBD7-45E4-8ACF-3724B059ECBC.svs,188610284,41a673b9bd6036fb715003700ef86324,released,HER2pos,59.0,reserve
TCGA-AC-A2FB,TCGA-AC-A2FB-01A,01,TS,TS1,ce344ff3-cb19-425a-93e5-d5adbd746e2b,TCGA-AC-A2FB-01A-01-TS1.36526F45-F01A-4CE1-BD6A-C10BE2CF96B1.svs,228625505,d1688f88697ee54a1889d8dbc4916b2d,released,HER2pos,59.0,reserve
TCGA-A1-A0SN,TCGA-A1-A0SN-01A,01,BS,BS1,10e65433-fb5c-4744-a894-1389cbe4ed55,TCGA-A1-A0SN-01A-01-BS1.aae55eae-a830-45ec-afd5-8413b7d7bb87.svs,160538187,b4ea77262109e1b96e9142029e6489c5,released,HER2pos,60.0,reserve
TCGA-A1-A0SN,TCGA-A1-A0SN-01Z,01,DX,DX1,d9ab7666-6cdd-4cb4-89fd-e7916e10986a,TCGA-A1-A0SN-01Z-00-DX1.5E9B85AE-AFB7-41DC-8A1B-BD6DA39B6540.svs,788102990,212a3db0a57752900f0582e9dad397c2,released,HER2pos,60.0,reserve
TCGA-A1-A0SN,TCGA-A1-A0SN-01A,01,TS,TS1,1f93fa64-2f4f-4109-b2cb-b0aa11ef75de,TCGA-A1-A0SN-01A-01-TS1.ae0aafc3-dbcf-4e93-b817-974263ade19a.svs,258660305,3cecac08d3732632ea146c1855e18bb8,released,HER2pos,60.0,reserve
TCGA-A8-A090,TCGA-A8-A090-01A,01,BS,BS1,a6bd7f98-113d-4027-b6fc-4f395ee348b6,TCGA-A8-A090-01A-01-BS1.8191e1aa-9dc1-4474-ba6e-92e33942722e.svs,239921363,0bebfda564029a6f3b051f4b2d633204,released,HER2pos,61.0,reserve
TCGA-A8-A090,TCGA-A8-A090-01Z,01,DX,DX1,e9de6e0e-f832-4454-8cd8-894af514db65,TCGA-A8-A090-01Z-00-DX1.01574070-D65E-486F-B69D-0F8E3816D057.svs,428088438,e9c7f295cbfbf777a283d8fb47013e89,released,HER2pos,61.0,reserve
TCGA-A8-A090,TCGA-A8-A090-01A,01,TS,TS1,b8c35108-a111-4704-b615-89f896370eb4,TCGA-A8-A090-01A-01-TS1.6fd65ca8-2e04-4f0b-902a-070cd65c2d93.svs,255579631,a2388b663731788d1ecc4b3f9440e09f,released,HER2pos,61.0,reserve
TCGA-BH-A1F8,TCGA-BH-A1F8-01Z,01,DX,DX1,765214bd-6c5c-4c7b-9e0e-21736495919b,TCGA-BH-A1F8-01Z-00-DX1.8BB026F7-35CB-483F-B665-4C3A3EF47E1B.svs,2006626697,7e8d41a3a7955a0eba061e12734c9435,released,HER2pos,62.0,reserve
TCGA-BH-A1F8,TCGA-BH-A1F8-01A,01,TS,TSA,be10c776-5ebf-46bb-b884-215aaa08a75e,TCGA-BH-A1F8-01A-01-TSA.e4ec1432-989c-4386-9d45-97a835bf0e64.svs,98235923,87ec8644242d045cca8d59c6f62ca7ff,released,HER2pos,62.0,reserve
TCGA-A8-A08P,TCGA-A8-A08P-01A,01,BS,BS1,ee450c38-277e-4915-aa02-54ada485a2b0,TCGA-A8-A08P-01A-01-BS1.c33472d7-2ca3-4195-a4fb-48118362da45.svs,625569743,2e847a0fe4c8c9c26f13fe5dd8330f6d,released,HER2pos,63.0,reserve
TCGA-A8-A08P,TCGA-A8-A08P-01Z,01,DX,DX1,d69bb1a6-1ef2-4b81-997d-7f66072b7000,TCGA-A8-A08P-01Z-00-DX1.431A1290-9CF4-4CE7-A9F0-13F9ADA46ADA.svs,1126721086,e717045480fbdafadb6255fdbd86923e,released,HER2pos,63.0,reserve
TCGA-A8-A08P,TCGA-A8-A08P-01A,01,TS,TS1,f13559fa-1a07-4c52-943d-6b55bf2c1300,TCGA-A8-A08P-01A-01-TS1.f72d0f1e-98aa-42b1-9c2c-6e3ed1be276e.svs,449634937,36e479a66488fd34c52bda38f01248fb,released,HER2pos,63.0,reserve
TCGA-LL-A7T0,TCGA-LL-A7T0-01Z,01,DX,DX1,a8ec7eb3-4e63-4368-b45d-57c2cdfe1f45,TCGA-LL-A7T0-01Z-00-DX1.B03BBA63-ACF4-4BCA-9F2B-F631F0C6A25C.svs,2322346975,f630e6081dbd9215a6ed0182f462f7f0,released,HER2pos,64.0,reserve
TCGA-LL-A7T0,TCGA-LL-A7T0-01A,01,TS,TS3,30750db4-9ff0-4236-b0a8-04229b70c1e0,TCGA-LL-A7T0-01A-03-TS3.07761D74-57D6-4859-AD0B-BD2F8C68D905.svs,119395799,7ba983e2792d0eb0159981a8369a3634,released,HER2pos,64.0,reserve
TCGA-A2-A3XV,TCGA-A2-A3XV-01Z,01,DX,DX1,2e0a457c-bf0a-456f-a8d2-0b188bdb0e7a,TCGA-A2-A3XV-01Z-00-DX1.4B58B7CD-B3F6-4C31-863F-924D291EF17C.svs,958581409,6e8a52a6bce5c6662b8a6a6dd31da520,released,HER2pos,65.0,reserve
TCGA-A2-A3XV,TCGA-A2-A3XV-01A,01,TS,TSB,c060bfbe-ff60-42f4-aa1d-79d3b551c67a,TCGA-A2-A3XV-01A-02-TSB.FF8434E6-B703-43FE-AC0A-AE53131F1EC6.svs,127039285,4e9e7fa26e96a5fe0a629778fe27a60b,released,HER2pos,65.0,reserve
TCGA-A8-A099,TCGA-A8-A099-01A,01,BS,BS1,e70c53fd-e5de-4a8b-94f8-11d78294b349,TCGA-A8-A099-01A-01-BS1.8f83e876-23f9-4e23-b666-b08e1ef864ab.svs,478943879,7d3f25c46a8487494a91500a35c9ed72,released,HER2pos,66.0,reserve
TCGA-A8-A099,TCGA-A8-A099-01Z,01,DX,DX1,d41113b9-7ba0-4151-965e-2d9f0d7a8ee3,TCGA-A8-A099-01Z-00-DX1.B19C28B5-FEBC-49B4-A60E-E6B85BB00DD7.svs,680145458,735a7804f503670ba83d718fde73a5ac,released,HER2pos,66.0,reserve
TCGA-A8-A099,TCGA-A8-A099-01A,01,TS,TS1,723bd03f-7ba8-4a09-9060-4396b9d65ccc,TCGA-A8-A099-01A-01-TS1.db6b41ce-27e3-44b2-9c61-6e218f9a75b4.svs,376669851,b7611fa176cadd663accef3df66fbcf5,released,HER2pos,66.0,reserve
TCGA-E2-A1B0,TCGA-E2-A1B0-01Z,01,DX,DX1,3001aac9-dfa7-467a-97e0-105515d8e373,TCGA-E2-A1B0-01Z-00-DX1.4C50EC91-A62A-450E-88C0-7DCAB8E9724C.svs,1399682893,aaf13d00340672c2ad9fd6eb2903465c,released,HER2pos,67.0,reserve
TCGA-E2-A1B0,TCGA-E2-A1B0-01A,01,TS,TSA,64064879-7412-4b11-9810-33321be77ee5,TCGA-E2-A1B0-01A-01-TSA.728f0954-4ed3-4d7a-932d-fc250ba11b61.svs,289442837,6894d6053712cb8a18bd1f63f74b5701,released,HER2pos,67.0,reserve
TCGA-A2-A0YG,TCGA-A2-A0YG-01A,01,BS,BSB,523ec379-91a2-4c7b-987c-fa4f82600c0e,TCGA-A2-A0YG-01A-02-BSB.23b5c2d3-91a2-4091-bd43-04210baa9941.svs,309214829,134433e6501493d4c0daff0bb1c8aae9,released,HER2pos,68.0,reserve
TCGA-A2-A0YG,TCGA-A2-A0YG-01Z,01,DX,DX1,9da4ab4c-2fa3-4eae-9225-72827c77346d,TCGA-A2-A0YG-01Z-00-DX1.89A39319-F880-47DE-B311-DA1F6A64B6F3.svs,772736769,27bdde0ea7b7cfd8e29072d3540ce1f8,released,HER2pos,68.0,reserve
TCGA-A2-A0YG,TCGA-A2-A0YG-01A,01,TS,TSB,58c02475-883e-4d70-9a25-fbe992831cc6,TCGA-A2-A0YG-01A-02-TSB.8bd4f37a-7944-4379-910c-621a80229783.svs,265722831,599aecd29d8cc71b9c85a0738c131786,released,HER2pos,68.0,reserve
TCGA-E9-A1N9,TCGA-E9-A1N9-01Z,01,DX,DX1,5e92f89e-5470-4f37-9002-0bb397e7281b,TCGA-E9-A1N9-01Z-00-DX1.982C83A6-0E06-47B3-A7C7-1773A2CD1771.svs,514738671,5bbdf57893a688b24d219c4cc712bc7d,released,HER2pos,69.0,reserve
TCGA-E9-A1N9,TCGA-E9-A1N9-01A,01,TS,TSA,2e7775ec-f204-4494-8e1a-9dc06462cf59,TCGA-E9-A1N9-01A-01-TSA.dec56c61-13f3-4eda-898b-1f2e40b6f54a.svs,238045273,950fcc32adf7fa8f3f923ee847308199,released,HER2pos,69.0,reserve
TCGA-AR-A24U,TCGA-AR-A24U-01Z,01,DX,DX1,4b7af2bc-745e-48f4-852a-9e4b185d398b,TCGA-AR-A24U-01Z-00-DX1.220FD0D0-0DB6-4E3C-92A0-66CD6509F0AD.svs,923369311,2db207a859ddc3f134ec9bf23d6390ab,released,HER2pos,70.0,reserve
TCGA-AR-A24U,TCGA-AR-A24U-01A,01,TS,TSA,a2a428b3-06ca-407f-b615-934f5b08b673,TCGA-AR-A24U-01A-01-TSA.e0a5c6e6-f748-47c5-8ede-f526fef07b4f.svs,140383739,779f3f08faa345d89c849e67aa412e1f,released,HER2pos,70.0,reserve
TCGA-A2-A1G1,TCGA-A2-A1G1-01Z,01,DX,DX1,5e37faf4-63ed-40a3-842b-e37e671e65e0,TCGA-A2-A1G1-01Z-00-DX1.E52A474F-DE13-41CF-94D4-D00BAC46ECF4.svs,608017817,72e76001e30963f9e94ebd7c3e5a2201,released,HER2pos,71.0,reserve
TCGA-A2-A1G1,TCGA-A2-A1G1-01A,01,TS,TSB,d338eb73-71fc-4391-b288-14d6032b93ac,TCGA-A2-A1G1-01A-02-TSB.084536c6-00fe-428c-b744-47d391f0a0ef.svs,95982497,b64414ac9bcfb2cfd8f619da30b5dbf0,released,HER2pos,71.0,reserve
TCGA-C8-A12P,TCGA-C8-A12P-01A,01,BS,BSA,4d55a37b-93e8-46f8-97cd-d6accd698064,TCGA-C8-A12P-01A-01-BSA.0c86a6ed-1d8f-47a9-ab33-7d232c3e359b.svs,355452387,8b43164b7f05d72f499a02661a3899d3,released,HER2pos,72.0,reserve
TCGA-C8-A12P,TCGA-C8-A12P-01Z,01,DX,DX1,c2c93798-a4df-47ff-a281-8960ae8c5c41,TCGA-C8-A12P-01Z-00-DX1.670B5DE8-07B0-4E4C-93FA-FA3DFFCCE50D.svs,300148309,151f025bee789c6b68f4f15eb3159f39,released,HER2pos,72.0,reserve
TCGA-C8-A12P,TCGA-C8-A12P-01A,01,TS,TSA,92425836-14ff-431e-b17f-9f1ff40f590c,TCGA-C8-A12P-01A-01-TSA.a635ee87-3392-4ce7-93a3-87fc5680e4e9.svs,144918885,c39a8e6565f368c5b12ea234a747a00a,released,HER2pos,72.0,reserve
TCGA-BH-A0B7,TCGA-BH-A0B7-01A,01,BS,BSA,17111cc6-a722-4159-be6b-df5104a2fc74,TCGA-BH-A0B7-01A-01-BSA.b842b06f-b4a9-4acf-9534-be4c716763d2.svs,618047469,cc14b8665cdab7192b568f80ba8b4abd,released,HER2pos,73.0,reserve
TCGA-BH-A0B7,TCGA-BH-A0B7-01Z,01,DX,DX1,92b020c8-1e0d-4f20-8f34-b9c66b2757b1,TCGA-BH-A0B7-01Z-00-DX1.6950CDDF-8A81-4B10-BFFF-BE0E33A2C6CC.svs,919844541,bbc787d4002b38beaed812ae6e22e65b,released,HER2pos,73.0,reserve
TCGA-BH-A0B7,TCGA-BH-A0B7-01A,01,TS,TSA,caf3c564-e179-4b9e-a289-db2555352577,TCGA-BH-A0B7-01A-01-TSA.c22d40fb-49bd-406f-bb75-83d655889804.svs,543903747,ee30b2ec7eb52b626855fb31a5a7382e,released,HER2pos,73.0,reserve
TCGA-E2-A1B1,TCGA-E2-A1B1-01Z,01,DX,DX1,7f34211f-c7b8-42d7-93ba-481546853af5,TCGA-E2-A1B1-01Z-00-DX1.7C8DF153-B09B-44C7-87B8-14591E319354.svs,902337399,27ecbc0c02a1ae646b68ddc9be5fd888,released,HER2pos,74.0,reserve
TCGA-E2-A1B1,TCGA-E2-A1B1-01A,01,TS,TSB,7dddda51-645c-45fa-8f42-539403ec8bb5,TCGA-E2-A1B1-01A-02-TSB.8d1372de-544d-4c67-9e8f-09bcd33db672.svs,207594971,437663cf8514f70a4a27d391ef1954b6,released,HER2pos,74.0,reserve
TCGA-A2-A0SY,TCGA-A2-A0SY-01A,01,BS,BSC,79464abc-4051-4c06-b28b-103295d972a7,TCGA-A2-A0SY-01A-03-BSC.111f2ea3-8315-412c-807d-5582f160cb42.svs,326215419,47c0827c107556e2becac0148b42246e,released,HER2pos,75.0,reserve
TCGA-A2-A0SY,TCGA-A2-A0SY-01Z,01,DX,DX1,dc155ae9-3151-49b8-8b83-990e81691464,TCGA-A2-A0SY-01Z-00-DX1.279A5479-E183-4F79-AF40-50BF1834BA4A.svs,2380096989,1f16a31733940197000b9dae856416a3,released,HER2pos,75.0,reserve
TCGA-A2-A0SY,TCGA-A2-A0SY-01A,01,TS,TSC,9988e21b-6ff5-4cca-945e-6e7f7aa7285c,TCGA-A2-A0SY-01A-03-TSC.19950d5e-98f4-44b2-9f76-0552567e2c9a.svs,337932359,f8634af14144838ad568292af44b838d,released,HER2pos,75.0,reserve
TCGA-BH-A0AW,TCGA-BH-A0AW-01A,01,BS,BSA,9636dac6-5a48-4da4-aae5-81614e50d918,TCGA-BH-A0AW-01A-01-BSA.67ef13f7-d5cd-4aca-a66b-2eda7045e905.svs,764137235,cf3ce90d9ba31500150673b4bbb8a8f9,released,HER2pos,76.0,reserve
TCGA-BH-A0AW,TCGA-BH-A0AW-01Z,01,DX,DX1,e6fe1a97-4a48-4da4-bb2f-d50e07d7cb45,TCGA-BH-A0AW-01Z-00-DX1.9D50A0D2-B103-411C-831E-8520C3D50173.svs,1349217771,7bd1ed339b101eb411b46e9b3b076916,released,HER2pos,76.0,reserve
TCGA-BH-A0AW,TCGA-BH-A0AW-01A,01,TS,TSA,5e1457ea-e5a8-4287-80cf-1348e7fb2a16,TCGA-BH-A0AW-01A-01-TSA.d3edff30-ce9c-4bb2-b698-4fdb7a078500.svs,747073571,d071e45add8b9e7f39ed4e6134301ca8,released,HER2pos,76.0,reserve
TCGA-E2-A14P,TCGA-E2-A14P-01Z,01,DX,DX1,4730b23e-aea1-49a2-ba63-2231fd88b592,TCGA-E2-A14P-01Z-00-DX1.663B02FF-C64B-41A6-8685-FD61CD76F9C6.svs,1597343893,22b18a6eea2790519592033b43f6f423,released,HER2pos,77.0,reserve
TCGA-E2-A14P,TCGA-E2-A14P-01A,01,TS,TSC,2dad7f43-870e-4556-afbe-b0abf1d02b47,TCGA-E2-A14P-01A-03-TSC.e301fe1e-c75b-4ed2-b304-16a9d63fd835.svs,289308789,eaa8f97d3e2403e946991d4bcdd74d3e,released,HER2pos,77.0,reserve
TCGA-E2-A14Y,TCGA-E2-A14Y-01Z,01,DX,DX1,d953668b-4a60-4e7c-a001-0d74e0ad6e93,TCGA-E2-A14Y-01Z-00-DX1.804A22A3-FD8D-4C8A-A766-48D28434DE22.svs,1971660649,f8e213d032a1a801544ca3051af08164,released,HER2pos,78.0,reserve
TCGA-E2-A14Y,TCGA-E2-A14Y-01A,01,TS,TSB,1578a5dc-38c3-4ebb-85c2-fbda50a674fa,TCGA-E2-A14Y-01A-02-TSB.57b8ab8a-d0b6-419a-8363-edbb7aab4bff.svs,196822735,2eb372b83042bb06952b94fdb395061c,released,HER2pos,78.0,reserve
TCGA-AN-A0FX,TCGA-AN-A0FX-01Z,01,DX,DX1,82eddd0b-419e-4693-bb3d-3b5740174566,TCGA-AN-A0FX-01Z-00-DX1.C9656600-F823-4044-972B-7059B39FC539.svs,513946777,f16e7d1352dbc1083ab62ec541050866,released,HER2pos,79.0,reserve
TCGA-AN-A0FX,TCGA-AN-A0FX-01A,01,TS,TS1,98e27f92-4daf-40a9-82fe-4257aae8e51c,TCGA-AN-A0FX-01A-01-TS1.3d90ed8a-1940-40b6-ac19-a242ee8eaa10.svs,691706135,894afa96b2d280dba65729fd48c4587b,released,HER2pos,79.0,reserve
TCGA-AO-A0JL,TCGA-AO-A0JL-01A,01,BS,BSA,5a600316-4dda-48bc-99fc-8b1cd05a0eef,TCGA-AO-A0JL-01A-01-BSA.796a85da-b722-4311-89f8-8b397ea10c85.svs,472625081,eb0fcc56a2c4fc35049cec90a9526f20,released,HER2pos,80.0,reserve
TCGA-AO-A0JL,TCGA-AO-A0JL-01Z,01,DX,DX1,9cdff1f4-7124-4870-b748-fa97601122f2,TCGA-AO-A0JL-01Z-00-DX1.473CC200-221A-4777-B19E-ADC41D10FC94.svs,960616448,db2076ab9bce67413909de2d847b4862,released,HER2pos,80.0,reserve
TCGA-AO-A0JL,TCGA-AO-A0JL-01A,01,TS,TSA,54decfcc-72e2-4ba7-9e7b-94078f90d885,TCGA-AO-A0JL-01A-01-TSA.b6151e7a-75be-425c-b9b0-d93111659ce9.svs,281388799,57ee846cd1a3638f0dcfe45cb6a9eebd,released,HER2pos,80.0,reserve
TCGA-LL-A5YM,TCGA-LL-A5YM-01Z,01,DX,DX1,09a0d4a4-fa07-43c9-aed5-c292baa229cf,TCGA-LL-A5YM-01Z-00-DX1.2B8904A9-6A45-4FFD-AF15-EB81773E5B79.svs,1417183559,a3c88e4dd323803622184919bf6885cb,released,HER2pos,81.0,reserve
TCGA-LL-A5YM,TCGA-LL-A5YM-01A,01,TS,TS1,3b980ccb-baf1-41ed-87c9-24a2056bd04c,TCGA-LL-A5YM-01A-01-TS1.F40B66C9-4C42-4139-98EC-C5799B2D86F5.svs,350898511,6f05d205efc08f09c8c0115a242275f7,released,HER2pos,81.0,reserve
TCGA-OL-A5S0,TCGA-OL-A5S0-01Z,01,DX,DX1,a5b0148b-afba-4cc6-9cb4-c346966d73e3,TCGA-OL-A5S0-01Z-00-DX1.49A7AC9D-C186-406C-BA67-2D73DE82E13B.svs,33757202,79bd0efd7eaed6d125575d94874f549f,released,HER2pos,82.0,reserve
TCGA-OL-A5S0,TCGA-OL-A5S0-01A,01,TS,TSA,fa84fd3c-03d6-409d-9c9b-7affc2983521,TCGA-OL-A5S0-01A-01-TSA.3BA4D96B-18A7-4262-8D13-88C8D98B14A6.svs,425657235,17a72d9f6ca4482a91639d4831638edc,released,HER2pos,82.0,reserve
TCGA-A2-A3XZ,TCGA-A2-A3XZ-01Z,01,DX,DX1,ecf2d2d4-5d3d-4514-b623-d58e366949f6,TCGA-A2-A3XZ-01Z-00-DX1.B7A1344E-7015-4A21-B3D4-EB760161BE7C.svs,1230827647,ecf4256fb362de97404e958ec9f422fc,released,HER2pos,83.0,reserve
TCGA-A2-A3XZ,TCGA-A2-A3XZ-01A,01,TS,TSD,1d22e58e-1347-47d8-9231-c52ac5b79723,TCGA-A2-A3XZ-01A-04-TSD.F4F20F43-4A8B-4697-A46A-E43250604983.svs,224116607,81db6aa7f3ac8cf8bbe579342fed5005,released,HER2pos,83.0,reserve
TCGA-JL-A3YX,TCGA-JL-A3YX-01Z,01,DX,DX1,111bea5e-d0ab-4fb8-b1e5-49e104a3fee3,TCGA-JL-A3YX-01Z-00-DX1.0FE8F389-F79A-4CF8-A83C-420380A02552.svs,1022301129,067e200642e47a44ac622906469f2d2b,released,HER2pos,84.0,reserve
TCGA-JL-A3YX,TCGA-JL-A3YX-01A,01,TS,TS1,ecc6354f-75a8-47b5-87e8-71bcce237bdf,TCGA-JL-A3YX-01A-01-TS1.B78AA02B-6BBE-4E77-A30C-9D98F2AA11B9.svs,354723791,f43c2aac941edcf5379de4c947f63c46,released,HER2pos,84.0,reserve
TCGA-E2-A15H,TCGA-E2-A15H-01Z,01,DX,DX1,9062e57f-7498-4faf-b34e-b018176ee272,TCGA-E2-A15H-01Z-00-DX1.E3A9DFDC-204D-4F03-98D9-97BBBB74E840.svs,1259692849,7a9450c947e5fc851cee01a0bb34ce85,released,HER2pos,85.0,reserve
TCGA-E2-A15H,TCGA-E2-A15H-01A,01,TS,TSA,07eacbcf-678b-4d1e-9e1a-8a95231533ef,TCGA-E2-A15H-01A-01-TSA.6ba57309-1e15-4a84-98ad-5e8f02688a96.svs,237573845,3deb06660ddfb223e4fdac093fb4a740,released,HER2pos,85.0,reserve
TCGA-E9-A1NA,TCGA-E9-A1NA-01Z,01,DX,DX1,b1a37b14-5979-41fe-9c93-0582a67cb3b5,TCGA-E9-A1NA-01Z-00-DX1.2A2FE8BB-621E-43A2-8449-F8FE730C0487.svs,321190323,5735034bb17519719d65f83cc9ea6c4b,released,HER2pos,86.0,reserve
TCGA-E9-A1NA,TCGA-E9-A1NA-01A,01,TS,TSA,3d5a73dc-f23d-4438-a6cc-7d182cf65599,TCGA-E9-A1NA-01A-01-TSA.54bbd049-8dd8-432e-b015-9325819ba587.svs,472749305,39e486a89dd825a90e5c40535b15edcf,released,HER2pos,86.0,reserve
TCGA-E9-A1NC,TCGA-E9-A1NC-01Z,01,DX,DX1,03dde19f-f6f0-4b6b-a559-febbf532ca76,TCGA-E9-A1NC-01Z-00-DX1.20edf036-8ba6-4187-a74c-124fc39f5aa1.svs,316170629,a532b53a8089dc8b012ae8188d50921f,released,HER2pos,87.0,reserve
TCGA-E9-A1NC,TCGA-E9-A1NC-01A,01,TS,TSA,7bd6227d-37b9-48a7-b7b9-beee28da363b,TCGA-E9-A1NC-01A-01-TSA.9b7d0568-bc04-4e9f-9487-d020f177e077.svs,190355769,508c9623de75629337a8804a9fc47118,released,HER2pos,87.0,reserve
TCGA-E9-A1NC,TCGA-E9-A1NC-01A,01,TS,TSB,2e0519a6-9979-40ea-afd9-badee9dc176f,TCGA-E9-A1NC-01A-02-TSB.45067FA5-9305-45D9-A343-FCCECF9BABF4.svs,304324883,b360a8e723e990a822815ec3009441f7,released,HER2pos,87.0,reserve
TCGA-C8-A135,TCGA-C8-A135-01A,01,BS,BSA,6bee3ab4-ffb0-4471-a280-db04b5488411,TCGA-C8-A135-01A-01-BSA.4871792f-d00b-4541-815b-7aaa44c43f94.svs,241447467,9606702550dccd78281daba5c880fd11,released,HER2pos,88.0,reserve
TCGA-C8-A135,TCGA-C8-A135-01Z,01,DX,DX1,8023b864-d63f-4a39-bba7-2751ac85758e,TCGA-C8-A135-01Z-00-DX1.B69A605E-B577-4F43-9471-2C95312B05D9.svs,1302983215,8acc78bf48b9b92d235fd23c62e36d2c,released,HER2pos,88.0,reserve
TCGA-C8-A135,TCGA-C8-A135-01A,01,TS,TSA,e452ae52-65f3-4b33-bc44-9be7d78468cc,TCGA-C8-A135-01A-01-TSA.c03f75de-8d25-4f74-8ca4-498db35d5df9.svs,351560785,77969b791b0af4da6113a72d8c3ad964,released,HER2pos,88.0,reserve
TCGA-OL-A5RY,TCGA-OL-A5RY-01Z,01,DX,DX1,c438e25f-58ac-49ec-94a9-00b3b2262d86,TCGA-OL-A5RY-01Z-00-DX1.AE4E9D74-FC1C-4C1E-AE6D-5DF38899BBA6.svs,70088074,7b41d71c047f43a6c0b775c7266af2a1,released,HER2pos,89.0,reserve
TCGA-OL-A5RY,TCGA-OL-A5RY-01A,01,TS,TSB,76c438ec-0b03-42e3-85f1-b39aae915a90,TCGA-OL-A5RY-01A-02-TSB.ECCBB7B0-DFC6-4068-9D45-07B1E0C9EF16.svs,235442915,86442f4eba6dc5bed05db012951ab0cf,released,HER2pos,89.0,reserve
TCGA-A2-A0EY,TCGA-A2-A0EY-01A,01,BS,BSA,4f2e5418-3832-48fc-a321-ca94d7d3aa9e,TCGA-A2-A0EY-01A-01-BSA.dbf1ad9c-0529-4b08-90fc-5b1d7da797aa.svs,288663715,59b00999188c34658e47711efdb39eeb,released,HER2pos,90.0,reserve
TCGA-A2-A0EY,TCGA-A2-A0EY-01Z,01,DX,DX1,8f936d42-6deb-43a5-995b-4af18e6a2462,TCGA-A2-A0EY-01Z-00-DX1.2F2428B3-0767-48E0-AC22-443C244CBD16.svs,1979264021,196e6ff1d834c82e70305d672af43673,released,HER2pos,90.0,reserve
TCGA-A2-A0EY,TCGA-A2-A0EY-01A,01,TS,TSA,e5129752-96e7-4081-91de-8786afd6d9aa,TCGA-A2-A0EY-01A-01-TSA.b3cf2e58-b037-4496-b85e-6fefe2d42e01.svs,152561547,58ea70792ffdf70c55fee461c5a87734,released,HER2pos,90.0,reserve
TCGA-AQ-A04H,TCGA-AQ-A04H-01B,01,BS,BS1,9860afc7-2df3-4a09-9003-21388533e20d,TCGA-AQ-A04H-01B-01-BS1.b648bdec-599a-4d7b-af54-2994a28794a8.svs,247021174,f95a9be5fe0ad7ad9bead61d6cdcf2ae,released,HER2pos,91.0,reserve
TCGA-AQ-A04H,TCGA-AQ-A04H-01Z,01,DX,DX1,85ea6f78-7905-49de-a610-85231bc35686,TCGA-AQ-A04H-01Z-00-DX1.5AC1E459-EF27-401D-98FD-0AC16559AF17.svs,512008090,dbfca9c836a9027b38028b7dd0743539,released,HER2pos,91.0,reserve
TCGA-AQ-A04H,TCGA-AQ-A04H-01B,01,TS,TS1,74625e83-02aa-4b24-8f93-774bcee4e05e,TCGA-AQ-A04H-01B-01-TS1.8687d3dc-67e8-4367-b1bb-ebae55e7f19e.svs,321575240,9c65fd780dffb6c29e55ffe1bae15296,released,HER2pos,91.0,reserve
TCGA-E2-A1LE,TCGA-E2-A1LE-01Z,01,DX,DX1,8b5519e1-cbef-407d-b4b0-0a709cb9e924,TCGA-E2-A1LE-01Z-00-DX1.22856B2A-FBAA-4530-AEEC-E8F77BDA7F7F.svs,1064096303,56ba6ad5438562e7d690d5a1097e2350,released,HER2pos,92.0,reserve
TCGA-E2-A1LE,TCGA-E2-A1LE-01A,01,TS,TSA,076e6417-310a-4fcd-8070-93ea5d8919e2,TCGA-E2-A1LE-01A-01-TSA.3D0F1C87-1DDC-4BF0-A586-401299A7286D.svs,160472403,0880ffb8dd36b1b4079456223fb8e400,released,HER2pos,92.0,reserve
TCGA-AC-A23H,TCGA-AC-A23H-01Z,01,DX,DX1,ac76ef0e-eab9-4568-ad64-dd9e17a2103a,TCGA-AC-A23H-01Z-00-DX1.8E0AE339-1047-4CA5-BFC5-37A3B10FD8B5.svs,98640572,fc30b4bc288b7f631a49db6b5a874b6f,released,HER2pos,93.0,reserve
TCGA-AC-A23H,TCGA-AC-A23H-01A,01,TS,TS1,bfe0908e-59ac-49c3-863c-f9c47b560aba,TCGA-AC-A23H-01A-01-TS1.7b893da7-ca91-4a95-bc70-37ad06f61d88.svs,284517659,f60a1d0c8380974d422683c995b0e24f,released,HER2pos,93.0,reserve
TCGA-OL-A5RZ,TCGA-OL-A5RZ-01Z,01,DX,DX1,ba1d2e38-fd12-478a-976a-e6701ed784e2,TCGA-OL-A5RZ-01Z-00-DX1.6394C05E-1C34-4F4B-8859-F5E961E7EFF9.svs,41071550,43dca16b547f4b734d20c93e7de61523,released,HER2pos,94.0,reserve
TCGA-OL-A5RZ,TCGA-OL-A5RZ-01A,01,TS,TSA,0909b73e-1346-48f6-8279-a8add8993965,TCGA-OL-A5RZ-01A-01-TSA.58A5566D-6342-4BCB-B22E-426DA68338A7.svs,160114423,c9d15d65952f77de84c0afdb49da604a,released,HER2pos,94.0,reserve
TCGA-AO-A0JE,TCGA-AO-A0JE-01A,01,BS,BSA,7b4c0aa7-fcd9-4a4b-bb1c-a6b1c7e5bf1e,TCGA-AO-A0JE-01A-01-BSA.8f04fdde-1427-45f9-bcd9-4449d501c109.svs,798265585,a75b07837c25541e923d2c836e1ab318,released,HER2pos,95.0,reserve
TCGA-AO-A0JE,TCGA-AO-A0JE-01Z,01,DX,DX1,464dd07a-32ee-4da5-8c60-85c0bbe391aa,TCGA-AO-A0JE-01Z-00-DX1.82D33053-E305-47D8-9B02-B55511EBB06D.svs,746586716,d11295906eb995bd8a8612ce10a8ac09,released,HER2pos,95.0,reserve
TCGA-AO-A0JE,TCGA-AO-A0JE-01A,01,TS,TSA,ba26c8ab-f866-4c0c-b263-6641696ef870,TCGA-AO-A0JE-01A-01-TSA.2ade56dd-a085-472b-b92c-c7a63d7ce4ac.svs,703425669,2e9ea91cc625ae2ee38ef03c39ff121c,released,HER2pos,95.0,reserve
TCGA-UL-AAZ6,TCGA-UL-AAZ6-01Z,01,DX,DX1,3f195252-ba38-4843-8779-1e54568d69df,TCGA-UL-AAZ6-01Z-00-DX1.0488628B-C06B-4A1D-9198-EC29D0BACF6E.svs,1705603557,89307c846d1ba5292ae3ac1182a33db9,released,HER2pos,96.0,reserve
TCGA-UL-AAZ6,TCGA-UL-AAZ6-01A,01,TS,TSA,aae1cfe8-73aa-46d3-b05b-ae2b7f0e97ec,TCGA-UL-AAZ6-01A-01-TSA.9B3C23C9-6286-48A3-B084-78E7A7CCE9E1.svs,427543665,e12f5ff953835dec46907a5fba96d6c8,released,HER2pos,96.0,reserve
TCGA-D8-A1XT,TCGA-D8-A1XT-01Z,01,DX,DX1,5713fedf-aaff-4973-93f6-6238d2f1b2a4,TCGA-D8-A1XT-01Z-00-DX1.9E4DEEEB-AB0A-45F6-A69B-65B3E6F22D46.svs,1633022985,f018f8c8bacfeef3a8b1c0bf6a602f7b,released,HER2pos,97.0,reserve
TCGA-D8-A1XT,TCGA-D8-A1XT-01A,01,TS,TS1,82226575-2503-4f19-a209-8e464606a409,TCGA-D8-A1XT-01A-01-TS1.2499c545-c182-419e-b537-889e2b580f4f.svs,225371235,632cd472ec55fd3e81eb649f4eab0ea7,released,HER2pos,97.0,reserve
TCGA-A7-A26H,TCGA-A7-A26H-01Z,01,DX,DX1,a6be75f4-56a9-414e-aef4-41688edc3055,TCGA-A7-A26H-01Z-00-DX1.3344CFD3-5A19-4B01-BEB2-AB89F83FD53A.svs,397422899,1087c70348a9e3286d7cd4fba4d7bde1,released,HER2pos,98.0,reserve
TCGA-A7-A26H,TCGA-A7-A26H-01A,01,TS,TSA,0594397e-7dc7-496d-9882-93faa45deefb,TCGA-A7-A26H-01A-01-TSA.347c13da-e59c-4083-a1d1-1117d056129a.svs,199910641,aa485c07a9119a3070fbe72bad0b5637,released,HER2pos,98.0,reserve
TCGA-E9-A1N4,TCGA-E9-A1N4-01Z,01,DX,DX1,0334c3e5-ea1f-4f55-bcc1-e8cd8b450921,TCGA-E9-A1N4-01Z-00-DX1.71c8d4a5-ec99-4012-9fe2-ddb3349ad5bc.svs,728785553,8dc96e1e44909c9c87586d5c03718ee6,released,HER2pos,99.0,reserve
TCGA-E9-A1N4,TCGA-E9-A1N4-01A,01,TS,TSA,ea712f7d-5547-4d96-8a61-81872a42f901,TCGA-E9-A1N4-01A-01-TSA.c0e20e54-baab-4dd4-98c8-3e450a41ea86.svs,166159947,8a1c86a47f510d48838907519672a8aa,released,HER2pos,99.0,reserve
TCGA-A8-A06T,TCGA-A8-A06T-01A,01,BS,BS1,3768eb71-5687-46aa-aa54-fb490e673464,TCGA-A8-A06T-01A-01-BS1.288263c3-b0ed-4b09-baba-f44f099ec7b3.svs,304417757,3a954e713d28bd6ab8ad24f94e55c661,released,HER2pos,100.0,reserve
TCGA-A8-A06T,TCGA-A8-A06T-01Z,01,DX,DX1,7cffce26-272e-46ce-924a-3255f8ef202a,TCGA-A8-A06T-01Z-00-DX1.BA8B8FC3-6169-48C1-BE1F-37F140CB4D3B.svs,491437978,b515b6fcaf204c5d5213aa5b9fc60ce8,released,HER2pos,100.0,reserve
TCGA-A8-A06T,TCGA-A8-A06T-01A,01,TS,TS1,8aaaaa4f-3ad6-4044-b576-ee17505ed56f,TCGA-A8-A06T-01A-01-TS1.c5584b57-d2a6-45dc-aebb-33f801b5a3f0.svs,324442131,c19bcb55e5143da2c38fdde305e98213,released,HER2pos,100.0,reserve
TCGA-AO-A0JM,TCGA-AO-A0JM-01A,01,BS,BSB,decb9f7d-324f-4cc5-af2a-be40b9ac7d79,TCGA-AO-A0JM-01A-02-BSB.2f3cfa20-a735-4e35-ae2d-2d2dd211339d.svs,196529197,183f8e08f48176c28b8b954cae00f020,released,HER2pos,101.0,reserve
TCGA-AO-A0JM,TCGA-AO-A0JM-01Z,01,DX,DX1,6e0aa823-3645-4de8-9c13-6cf2f5a8796a,TCGA-AO-A0JM-01Z-00-DX1.94E75EFD-E5F5-4DF8-93A0-ED94CB4D203A.svs,1022793962,b9c3be3deb46de1095412088a5f69730,released,HER2pos,101.0,reserve
TCGA-AO-A0JM,TCGA-AO-A0JM-01A,01,TS,TSB,85d1eded-6143-45e0-9fc4-7a5a1315730c,TCGA-AO-A0JM-01A-02-TSB.d19f822d-0237-41cb-be13-4d3023dcb507.svs,179404153,b26394c2059430f86b32bb81b5bf8a22,released,HER2pos,101.0,reserve
TCGA-AN-A0AJ,TCGA-AN-A0AJ-01A,01,BS,BSA,90aa1a46-86f6-41d7-ad72-a2f08e7d59fb,TCGA-AN-A0AJ-01A-01-BSA.e768585b-8fac-4998-88a6-29983ae06c92.svs,200562167,8d21687a9aa09adff43fb247b55f20e5,released,HER2pos,102.0,reserve
TCGA-AN-A0AJ,TCGA-AN-A0AJ-01Z,01,DX,DX1,42feb225-ca44-40f9-979a-6fd4cdf3d2a0,TCGA-AN-A0AJ-01Z-00-DX1.74EE47B0-FE27-44CF-9355-C738DE1BD017.svs,1493172611,5935117e98ea50ed1f8fdf8b31c49cb7,released,HER2pos,102.0,reserve
TCGA-AN-A0AJ,TCGA-AN-A0AJ-01A,01,TS,TSA,9e865d62-73c3-4d65-b923-af124409f48b,TCGA-AN-A0AJ-01A-01-TSA.c21f9dd1-b47c-406f-9ad6-6969bd6f3246.svs,161823615,70308d97845f1d6438d91e0dabe20d52,released,HER2pos,102.0,reserve
TCGA-AN-A0FZ,TCGA-AN-A0FZ-01A,01,BS,BS1,162e801f-58ce-4587-8f3f-44e8ec0a2ed9,TCGA-AN-A0FZ-01A-01-BS1.be535fd3-262b-4b53-9411-c4021e2e0419.svs,447443385,d2a4a3bd4b3ad7481fa48663a2dab1e1,released,HER2pos,103.0,reserve
TCGA-AN-A0FZ,TCGA-AN-A0FZ-01Z,01,DX,DX1,2be609ad-4469-412b-a872-c0047698736d,TCGA-AN-A0FZ-01Z-00-DX1.9555AF11-3A0D-4FE3-AE91-09DA77B175CA.svs,363571309,ca98ad872b7689f37759f62f42af4228,released,HER2pos,103.0,reserve
TCGA-AN-A0FZ,TCGA-AN-A0FZ-01A,01,TS,TS1,c0e4f238-13f9-4e5b-be0e-a9710343ba16,TCGA-AN-A0FZ-01A-01-TS1.a389bdd5-9cf6-4e87-bfa7-208a33f25915.svs,321655137,9408f8ddf88b21fda4d5ee6127b82dce,released,HER2pos,103.0,reserve
TCGA-C8-A137,TCGA-C8-A137-01A,01,BS,BSA,da82673f-ad0f-4578-8dbc-473dfa6f36ae,TCGA-C8-A137-01A-01-BSA.8e478f12-19f6-42d7-965e-ed9e973f6916.svs,295219521,c0b7bfd940ec9ce2a2877020cdd0aca4,released,HER2pos,104.0,reserve
TCGA-C8-A137,TCGA-C8-A137-01Z,01,DX,DX1,074e1fce-d868-482d-8c87-713c4a64fb8f,TCGA-C8-A137-01Z-00-DX1.87F3775D-A401-4D5E-843F-8FB1D4BE97F8.svs,817961165,90176e9c1b2c4ff1f3cd10ef8d116bca,released,HER2pos,104.0,reserve
TCGA-C8-A137,TCGA-C8-A137-01A,01,TS,TSA,3a2838cc-19df-4ed1-94dc-008a8415dcd6,TCGA-C8-A137-01A-01-TSA.57af3fa1-031f-4417-8f9f-8a4fbc484d91.svs,216170399,18eddddd60606c08f0f667498a481ee6,released,HER2pos,104.0,reserve
TCGA-C8-A3M8,TCGA-C8-A3M8-01Z,01,DX,DX1,e8cde9dc-4185-4adb-a1f9-e1a7979bfcc0,TCGA-C8-A3M8-01Z-00-DX1.97AC85E0-6281-4F2E-8034-24AD5F52D5A6.svs,697110737,7facc3fd006483bb34b7bb401240c6d4,released,HER2pos,105.0,reserve
TCGA-C8-A3M8,TCGA-C8-A3M8-01A,01,TS,TSA,2db2c273-b7fc-470b-800c-aaeca8fc9739,TCGA-C8-A3M8-01A-01-TSA.F27E2918-AAA7-41F0-90D3-56322773E678.svs,119926513,4b763a5c6d1fd8ee15a54096314d4b35,released,HER2pos,105.0,reserve
TCGA-A8-A076,TCGA-A8-A076-01A,01,BS,BSB,6f9152af-1a95-43a7-b419-3cfde72f24f2,TCGA-A8-A076-01A-02-BSB.7619e564-4d3c-40b9-ad85-5bb8dd934d3b.svs,252287879,8ab8cbe30cbf04239cbb3e906d3e6cad,released,HER2pos,106.0,reserve
TCGA-A8-A076,TCGA-A8-A076-01Z,01,DX,DX1,175dd073-e97c-4533-8dee-6ba2069dc87f,TCGA-A8-A076-01Z-00-DX1.BAAC4F9C-0C04-42FB-95F4-D765305089B8.svs,1016046268,0d2d2825694aca065dc41bbde48109b2,released,HER2pos,106.0,reserve
TCGA-A8-A076,TCGA-A8-A076-01A,01,TS,TSB,0af70079-2948-4c25-8ac5-b699160a52a5,TCGA-A8-A076-01A-02-TSB.6a8058db-d92b-4a26-8b84-5ccd4cb198e3.svs,385153163,0d22c94661e1dac0b0b71445ce4db1a9,released,HER2pos,106.0,reserve
TCGA-C8-A12T,TCGA-C8-A12T-01A,01,BS,BSA,6efad6d0-e6df-448d-a49f-aacd99e83c61,TCGA-C8-A12T-01A-01-BSA.bad01673-9581-4bac-b060-56e5bbc2fcd3.svs,302772509,28729acb7557bcc00cb3aae6e2bfc675,released,HER2pos,107.0,reserve
TCGA-C8-A12T,TCGA-C8-A12T-01Z,01,DX,DX1,d8f28f5d-f430-46c9-b0e8-fba6e9fd9633,TCGA-C8-A12T-01Z-00-DX1.EF628C26-C570-4D15-A0C0-58B2CC40ABFC.svs,929342787,cce6980ed7112a83b98d5e6e2e95a7f8,released,HER2pos,107.0,reserve
TCGA-C8-A12T,TCGA-C8-A12T-01A,01,TS,TSA,08de4fc6-4829-407f-8cb3-38c76b4773c0,TCGA-C8-A12T-01A-01-TSA.c02a2d06-ae14-49da-9f03-5f2f296ad012.svs,339272411,cfeb07ae5a16e0013a820a84bdfd4bec,released,HER2pos,107.0,reserve
TCGA-BH-A1F2,TCGA-BH-A1F2-01Z,01,DX,DX1,6f9b07ba-9002-42a5-99d8-931778b2a907,TCGA-BH-A1F2-01Z-00-DX1.17E2FD6F-0DCF-425B-864B-21ADCDAE734B.svs,819802113,525625f23d07284b3602b3236c4b3181,released,HER2pos,108.0,reserve
TCGA-BH-A1F2,TCGA-BH-A1F2-01A,01,TS,TSC,6721802f-0c78-45a9-a231-24eef8c0a437,TCGA-BH-A1F2-01A-03-TSC.a4a61b6f-13fa-4a9b-9215-22b570a9785a.svs,370737795,68296ab0a81ea31bfa83a64779553f1e,released,HER2pos,108.0,reserve
TCGA-S3-AA14,TCGA-S3-AA14-01Z,01,DX,DX1,73b86ca1-3558-4026-ae2f-237f9ce233a3,TCGA-S3-AA14-01Z-00-DX1.000A865F-19E6-4018-9352-BFA54EF0CE31.svs,1698441647,702ad5395fe7dd262bebd1e2a1503fde,released,HER2pos,109.0,reserve
TCGA-S3-AA14,TCGA-S3-AA14-01A,01,TS,TS1,9aae135d-7aa5-4b65-a435-cbc966a19ff8,TCGA-S3-AA14-01A-01-TS1.8A693383-EEAF-4F83-9FA1-8F59AB8B619B.svs,165226863,0c4b911ea411d887ae9d7e974d45d6ce,released,HER2pos,109.0,reserve
TCGA-E9-A22E,TCGA-E9-A22E-01Z,01,DX,DX1,12261e71-06be-4867-86ab-9c9b1d7ad154,TCGA-E9-A22E-01Z-00-DX1.3d5b1ba6-466f-4852-b1fc-bc29ef3be9a2.svs,1038135203,d97377a7cd7fa3607867b3ea39be8f85,released,HER2pos,110.0,reserve
TCGA-E9-A22E,TCGA-E9-A22E-01A,01,TS,TSA,3c955ca1-4928-4beb-8d5a-0935fd9c147f,TCGA-E9-A22E-01A-01-TSA.a51a3c5a-7bb6-48b6-a88c-57627566799e.svs,206823315,dcbf7359c441b37eb983befdb5dc8fb4,released,HER2pos,110.0,reserve
TCGA-LL-A9Q3,TCGA-LL-A9Q3-01Z,01,DX,DX1,93083f52-c5d6-4e38-bf34-1d9658d2a1eb,TCGA-LL-A9Q3-01Z-00-DX1.94FA76F5-008A-401B-BFDC-817804BAE5F6.svs,1439635349,2c23e8d0c4019edb8d5fcdce88a64670,released,HER2pos,111.0,reserve
TCGA-LL-A9Q3,TCGA-LL-A9Q3-01A,01,TS,TS1,906fef4f-e818-4b0d-9b79-a03b6dfb078d,TCGA-LL-A9Q3-01A-01-TS1.14764858-8E95-4E6C-8D97-0DA3C8C5D925.svs,405264199,de38237753236e86d7e8a682faa19de3,released,HER2pos,111.0,reserve
TCGA-A8-A08B,TCGA-A8-A08B-01A,01,BS,BS1,b2de19e8-9eb3-435d-a475-387051094687,TCGA-A8-A08B-01A-01-BS1.cd256d6e-99c5-4b32-8bbc-7c1811004b8b.svs,153223861,15888e27f85dbf0ed3e3f5bc5e3a7add,released,HER2pos,112.0,reserve
TCGA-A8-A08B,TCGA-A8-A08B-01Z,01,DX,DX1,d01bcc03-8923-4efb-b073-077e044410a1,TCGA-A8-A08B-01Z-00-DX1.416316FD-E8BF-402C-939A-08920F08A181.svs,603614718,4058ba1aae99606d74720bb4808f3030,released,HER2pos,112.0,reserve
TCGA-AN-A0FJ,TCGA-AN-A0FJ-01A,01,BS,BSA,d13bd3f5-7513-482d-affb-1d241d562300,TCGA-AN-A0FJ-01A-01-BSA.cef21074-da54-4b5d-859f-1ad06b1b7c7e.svs,422874735,df3324e10bef9a4653eea72b40141648,released,HER2pos,113.0,reserve
TCGA-AN-A0FJ,TCGA-AN-A0FJ-01Z,01,DX,DX1,60939ab4-769e-4a19-813b-84e1af34e271,TCGA-AN-A0FJ-01Z-00-DX1.97B60767-916E-4938-9D0B-E6C0FE1CB3FC.svs,938946173,3924e596d3eb448325df8601f81f6b6e,released,HER2pos,113.0,reserve
TCGA-AN-A0FJ,TCGA-AN-A0FJ-01A,01,TS,TSA,8f915d00-62d5-4d39-8652-9115011c892f,TCGA-AN-A0FJ-01A-01-TSA.7dc3dff1-4b42-4320-aa72-43fec160a566.svs,287125481,8329768795841ba84919bda465272e8d,released,HER2pos,113.0,reserve
TCGA-AN-A0AK,TCGA-AN-A0AK-01A,01,BS,BSB,42c01700-a143-4ca4-bec3-c344d126b458,TCGA-AN-A0AK-01A-02-BSB.dba44992-1534-4664-b57d-c41a1b03228d.svs,284077851,d3ef5a65630fd5186459d09dc14cce17,released,HER2pos,114.0,reserve
TCGA-AN-A0AK,TCGA-AN-A0AK-01Z,01,DX,DX1,70ff19c8-4c49-410f-a109-17a3e844af09,TCGA-AN-A0AK-01Z-00-DX1.4B410152-8588-4000-870A-B31B21161015.svs,1439245641,4c94fadffb4ea63f62085b3b50480dc4,released,HER2pos,114.0,reserve
TCGA-AN-A0AK,TCGA-AN-A0AK-01A,01,TS,TSB,6bff7be4-59ed-4da7-a7a3-e27a41d84bf0,TCGA-AN-A0AK-01A-02-TSB.7d73ccfb-c2b8-4836-a414-6cba51801984.svs,247842547,c892e5d997405bc163aeef6d62f72b83,released,HER2pos,114.0,reserve
TCGA-E9-A22G,TCGA-E9-A22G-01Z,01,DX,DX1,e97f5305-f609-4bb9-aa05-cde96c9a0016,TCGA-E9-A22G-01Z-00-DX1.2b47e321-7910-40ec-ad1c-c4e08ed26334.svs,1204307309,2b060e8758f64ea1ea79c584ddc38187,released,HER2pos,115.0,reserve
TCGA-E9-A22G,TCGA-E9-A22G-01A,01,TS,TSA,7b386b72-40ae-43e9-b2d1-d1534d9ca84f,TCGA-E9-A22G-01A-01-TSA.825b13d3-0415-42cc-820c-a2ea524d25a9.svs,143739745,319e60299ff7d84b5e66b0650d6ff33f,released,HER2pos,115.0,reserve
TCGA-E2-A3DX,TCGA-E2-A3DX-01Z,01,DX,DX1,3d9c3c56-1071-4987-9e50-457a5d2610a6,TCGA-E2-A3DX-01Z-00-DX1.75094CA2-CE51-4886-A564-BD10043A6E4C.svs,1694738839,2fb5480a531db695725aec704a1a1967,released,HER2pos,116.0,reserve
TCGA-E2-A3DX,TCGA-E2-A3DX-01A,01,TS,TSB,c4ffcf0e-dcd4-49ae-b337-92e6dfca5b25,TCGA-E2-A3DX-01A-02-TSB.4BD3DC88-03E9-426A-A7D4-033DD742279C.svs,437542667,da959aa57e4b3c875ffd8183da2343ff,released,HER2pos,116.0,reserve
TCGA-C8-A8HP,TCGA-C8-A8HP-01Z,01,DX,DX1,22a02ba3-c798-4147-92ef-f65099b43005,TCGA-C8-A8HP-01Z-00-DX1.B6EE8271-2E51-4184-9B0C-2ADA69B4A714.svs,661947211,1ca1fc09ba9f81341df4e2bee8a82e01,released,HER2pos,117.0,reserve
TCGA-C8-A8HP,TCGA-C8-A8HP-01A,01,TS,TSA,3fd13f05-f559-4118-be62-1b3e5ffe4ba8,TCGA-C8-A8HP-01A-01-TSA.C1048607-5CC7-4798-AA55-55C78B31C10D.svs,223691309,a7334a11f6131ae43fa2d37d42780f9e,released,HER2pos,117.0,reserve
TCGA-D8-A1XJ,TCGA-D8-A1XJ-01Z,01,DX,DX1,b611c07a-9a2c-4fef-b463-08e5716a8cdb,TCGA-D8-A1XJ-01Z-00-DX1.660DDF8D-6816-4EBE-AF37-6F7A374F4E9E.svs,1147504175,58d30e73a5285b91742c00d1ba335a82,released,HER2pos,118.0,reserve
TCGA-D8-A1XJ,TCGA-D8-A1XJ-01A,01,TS,TS1,359d9172-a390-48b5-9c2c-23c18cf152b8,TCGA-D8-A1XJ-01A-01-TS1.f386575c-0fc4-41cd-8b4c-834ef6d3a515.svs,366624965,1d5da1db6acd89d3f751b4b53d76501c,released,HER2pos,118.0,reserve
TCGA-A8-A08X,TCGA-A8-A08X-01A,01,BS,BS1,d43c09fd-d042-45e2-b608-57f1aa07318b,TCGA-A8-A08X-01A-01-BS1.e4d6c832-f42b-4a1d-8a98-4fbdb3ce0e2a.svs,420519099,0d1db3a6e1b0499bc1cd0a5ae8cca69c,released,HER2pos,119.0,reserve
TCGA-A8-A08X,TCGA-A8-A08X-01A,01,BS,BS2,6764c908-319f-4909-b43e-310ecd967a48,TCGA-A8-A08X-01A-02-BS2.4b3c6470-5a74-4ef6-a268-8fdb5b0f02ad.svs,241292835,ecf0766c7a7b8531476e1237c850d843,released,HER2pos,119.0,reserve
TCGA-A8-A08X,TCGA-A8-A08X-01Z,01,DX,DX1,4daf9340-64ef-4362-b790-fd74632fe192,TCGA-A8-A08X-01Z-00-DX1.01FB49CC-6B8E-4317-8C42-6B6D81187A40.svs,482058632,7abd5f17b860d90bd4093a228e734039,released,HER2pos,119.0,reserve
TCGA-AR-A255,TCGA-AR-A255-01Z,01,DX,DX1,08a55811-3ec5-4bdc-af77-7ce3f086250d,TCGA-AR-A255-01Z-00-DX1.E67C081D-50C9-451C-814B-F097B2671300.svs,290345527,ca31c41abb821be3cbce5ace7506be79,released,HER2pos,120.0,reserve
TCGA-AR-A255,TCGA-AR-A255-01A,01,TS,TSA,cd700415-79ee-4274-8743-b02dc5266df7,TCGA-AR-A255-01A-01-TSA.85414c8e-dc54-4ae2-80dd-c58db439c5c7.svs,182192895,e8f0f9526ea1cf21b3ee2cdb90117a7a,released,HER2pos,120.0,reserve
TCGA-A2-A04W,TCGA-A2-A04W-01A,01,BS,BSC,4491f313-0b2f-4a38-8a90-14145857b964,TCGA-A2-A04W-01A-03-BSC.57907e35-3c5d-4b06-8732-4d5ff94b2985.svs,200124878,93e4031ce3b263d9e19e09853e0ef182,released,HER2pos,121.0,reserve
TCGA-A2-A04W,TCGA-A2-A04W-01Z,01,DX,DX1,38f61b93-b857-40d8-83b7-fbc3c52a5c3f,TCGA-A2-A04W-01Z-00-DX1.F7E7B945-2ADC-4741-8FCE-ACEA657DB9C7.svs,1795778339,969fe2372c18564a114a71c46d446154,released,HER2pos,121.0,reserve
TCGA-A2-A04W,TCGA-A2-A04W-01A,01,TS,TSC,3a9802b4-90f6-427e-9f28-742a2952e04b,TCGA-A2-A04W-01A-03-TSC.83981bb3-9dfd-4632-91c0-00068ad599f3.svs,198605640,fb3e85a9d53ebb9729ed97f222d528f5,released,HER2pos,121.0,reserve
TCGA-BH-A18R,TCGA-BH-A18R-01Z,01,DX,DX1,62dd8f98-0fac-4d85-befb-36b23e29eba2,TCGA-BH-A18R-01Z-00-DX1.07E6FA7F-5072-4327-9982-A40F010B7532.svs,1776131415,bbb1da8e672c250e530722d86a5bab9f,released,HER2pos,122.0,reserve
TCGA-BH-A18R,TCGA-BH-A18R-01A,01,TS,TSA,847310c9-1770-4c92-8c7e-80688f7f369c,TCGA-BH-A18R-01A-01-TSA.d57b08ae-35a1-40ca-9a74-7ebac8c8cc53.svs,267427687,800f8e1aeb4a4f822c3b4092730b262e,released,HER2pos,122.0,reserve
TCGA-EW-A1J3,TCGA-EW-A1J3-01Z,01,DX,DX1,90308c41-8fc2-4f27-94ac-975c47d27e97,TCGA-EW-A1J3-01Z-00-DX1.F736F6F4-0859-439A-A417-98B520C8D65A.svs,1660732719,e9b2aeb3f44c3327b923849b1aa53a36,released,HER2pos,123.0,reserve
TCGA-EW-A1J3,TCGA-EW-A1J3-01A,01,TS,TSA,1365752a-b3be-4cbf-ae01-955a9f1bce19,TCGA-EW-A1J3-01A-01-TSA.fdb88562-3185-43d4-ab9a-3d5a8f4a9edb.svs,306485881,4b1c518ae419aeeb7c4b6e844fb6a94b,released,HER2pos,123.0,reserve
TCGA-AR-A0TQ,TCGA-AR-A0TQ-01A,01,BS,BSA,2e4f8fb7-073e-4716-8f41-c1c27923a9f5,TCGA-AR-A0TQ-01A-01-BSA.ed7f9356-b8cc-4e4b-8caa-d977e4441831.svs,351388303,f5fabd83dfc14ea687cd559200a0e1e5,released,HER2pos,124.0,reserve
TCGA-AR-A0TQ,TCGA-AR-A0TQ-01Z,01,DX,DX1,069a8f13-04e2-41c7-ab64-90a465c7c4bc,TCGA-AR-A0TQ-01Z-00-DX1.2BEA298C-6B3D-4133-ADBC-769E62CEFFA0.svs,534262405,2e166121909186319ce8098cdffe0365,released,HER2pos,124.0,reserve
TCGA-AR-A0TQ,TCGA-AR-A0TQ-01A,01,TS,TSA,00cf804f-0136-43c0-88c3-c36690d87875,TCGA-AR-A0TQ-01A-01-TSA.aa243f75-79d1-42b5-958a-6beaf7ae7a86.svs,480004841,bbe915cfd6abfb59f0efdd59dc9e1ecf,released,HER2pos,124.0,reserve
TCGA-A8-A08C,TCGA-A8-A08C-01A,01,BS,BS1,9a097d9b-55b3-47d8-aa16-b313ce2f5ed1,TCGA-A8-A08C-01A-01-BS1.5330b5f5-7bcf-4ca1-8ebc-cae280221961.svs,150574117,9d431d23ed1fcd581310449eea0e0f17,released,HER2pos,125.0,reserve
TCGA-A8-A08C,TCGA-A8-A08C-01Z,01,DX,DX1,e9a139f0-f463-4735-8235-38a379b44ec8,TCGA-A8-A08C-01Z-00-DX1.0602211C-1098-4711-AA41-8F56B11DB36F.svs,780416868,ebba6b375d5df55f45d2a5942b9749a2,released,HER2pos,125.0,reserve
TCGA-A8-A08C,TCGA-A8-A08C-01A,01,TS,TS1,d93777cc-2e08-44f6-b40e-896c8c4fe167,TCGA-A8-A08C-01A-01-TS1.fc1246d4-246a-482f-a819-b80f25b95f87.svs,89987347,80806c1b62845f52552f4f8fe11b3610,released,HER2pos,125.0,reserve
TCGA-PE-A5DC,TCGA-PE-A5DC-01Z,01,DX,DX1,6636de93-98dd-4078-8e81-8551ac4a87e7,TCGA-PE-A5DC-01Z-00-DX1.8E6953AD-C14A-43F5-B062-E31AB13C7BDF.svs,574790913,54e4d0277fccea9d4633b16c96abd81d,released,HER2pos,126.0,reserve
TCGA-PE-A5DC,TCGA-PE-A5DC-01A,01,TS,TS1,afd7e464-c43b-486d-9aab-7d17bc353f32,TCGA-PE-A5DC-01A-01-TS1.025C5684-F580-4622-877A-B7E9EC383E0F.svs,751296879,6435a75f4546cad40eeef88b84a77759,released,HER2pos,126.0,reserve
TCGA-D8-A1XY,TCGA-D8-A1XY-01Z,01,DX,DX1,1af1ce83-19e4-40a1-a0d8-d0325c0883c9,TCGA-D8-A1XY-01Z-00-DX1.AC051FB4-1D51-449B-BF2D-9DDB4382414C.svs,1120891893,d078b1d1ecead407815b7f9fac9a0539,released,HER2pos,127.0,reserve
TCGA-D8-A1XY,TCGA-D8-A1XY-01Z,01,DX,DX2,96f45c1d-a11a-428d-8160-f4a1b78d03b6,TCGA-D8-A1XY-01Z-00-DX2.33D96E5C-5291-4864-B282-8BACA2043586.svs,1163297249,5e53d48080eed21d5b25f4b45fd645d4,released,HER2pos,127.0,reserve
TCGA-D8-A1XY,TCGA-D8-A1XY-01A,01,TS,TS1,21378862-fb3a-46b7-9044-5bf09f0938b9,TCGA-D8-A1XY-01A-01-TS1.2e8a6af7-420f-4738-a8e8-0aa5befddff5.svs,299809879,c21d81d8dcf187c372cf11898cf7c5cd,released,HER2pos,127.0,reserve
TCGA-A8-A06R,TCGA-A8-A06R-01A,01,BS,BS1,b413ae9d-cb96-4824-8f26-a3654d52da82,TCGA-A8-A06R-01A-01-BS1.81f34f39-e1c2-4769-aaa3-5aa5df1c3543.svs,499943465,198f5b0b8bfe561425f256c8611588b3,released,HER2pos,128.0,reserve
TCGA-A8-A06R,TCGA-A8-A06R-01Z,01,DX,DX1,3d15211e-e283-44b8-b673-e73ca65572a6,TCGA-A8-A06R-01Z-00-DX1.41476D0D-BA72-4FB8-B143-9EB679F26D28.svs,464103468,2bad4b4f78e783e48f610e32e00eba26,released,HER2pos,128.0,reserve
TCGA-A8-A06R,TCGA-A8-A06R-01A,01,TS,TS1,2e97fdd2-30b4-4c8a-a8b3-4ada0b39b3c7,TCGA-A8-A06R-01A-01-TS1.c1e2ceb6-b40d-4ab6-a891-f8a3642dbb8e.svs,406190269,b6538829917f70a13901628bc6abda67,released,HER2pos,128.0,reserve
TCGA-A8-A0A7,TCGA-A8-A0A7-01A,01,BS,BS1,b6ee862d-798b-4f79-b060-cd7861c6886f,TCGA-A8-A0A7-01A-01-BS1.4a4d1511-7d0f-4482-bd6c-7a1ebbfe2ce6.svs,169520681,2e23fa545b348c50af886f1fea46a67c,released,HER2pos,129.0,reserve
TCGA-A8-A0A7,TCGA-A8-A0A7-01Z,01,DX,DX1,bff4ab3c-2905-4090-b029-db52115ee013,TCGA-A8-A0A7-01Z-00-DX1.A0FD4EEF-B536-47C1-BDA1-7AC71BA3E978.svs,676910660,e1ab9744ecab73690461d7f581d5193d,released,HER2pos,129.0,reserve
TCGA-A8-A0A7,TCGA-A8-A0A7-01A,01,TS,TS1,43eb4de4-8878-4b39-8b19-899a38e2a8db,TCGA-A8-A0A7-01A-01-TS1.dfc11237-aff0-442f-8a39-ce81f0d4aeb1.svs,400767971,a8872a559d0651765a373a1419c550b4,released,HER2pos,129.0,reserve
TCGA-AN-A0FN,TCGA-AN-A0FN-01A,01,BS,BSA,16d8f6df-1b93-4b2a-a90f-17dfc38566b5,TCGA-AN-A0FN-01A-01-BSA.ffb54bac-5830-474e-b293-2f4037956be7.svs,487537963,8caab6a443110baa00d2db7d90e3a61b,released,HER2pos,130.0,reserve
TCGA-AN-A0FN,TCGA-AN-A0FN-01Z,01,DX,DX1,fe780eea-1475-4113-b59e-8b1d8742c995,TCGA-AN-A0FN-01Z-00-DX1.CAA3C2D0-7E74-48E5-ACB7-487434C7AAD2.svs,795729263,5b8a239014e8a9f7844c418bd272fa4a,released,HER2pos,130.0,reserve
TCGA-AN-A0FN,TCGA-AN-A0FN-01A,01,TS,TSA,e32b9a65-63c7-4177-bd38-25181100562e,TCGA-AN-A0FN-01A-01-TSA.5e51ca3f-3547-4a4e-9dfe-d1d0e32a60b9.svs,529602469,08cda7b36e7dfdfe3ab09900e8b1a228,released,HER2pos,130.0,reserve
TCGA-A8-A07R,TCGA-A8-A07R-01A,01,BS,BS1,9c89121a-c1db-4c3e-a711-2aca42d31c91,TCGA-A8-A07R-01A-01-BS1.12d7cbf6-6c9e-43b0-b386-4ba1a0a29e04.svs,696705935,284b430beebeb7618633b2fd23c2fe4e,released,HER2pos,131.0,reserve
TCGA-A8-A07R,TCGA-A8-A07R-01A,01,BS,BS2,9d10b73d-8cac-42f4-bda9-37ae538c45b7,TCGA-A8-A07R-01A-02-BS2.b6186fb0-2c74-487c-8d80-1fbc33600982.svs,485125803,5d2b74f4aab69b2ed919b040ccbd53fc,released,HER2pos,131.0,reserve
TCGA-A8-A07R,TCGA-A8-A07R-01Z,01,DX,DX1,e61c8dc0-35d3-4fb4-a8e6-deb00bb5ed10,TCGA-A8-A07R-01Z-00-DX1.D716752E-86AF-468B-A905-A7894B978F22.svs,497516758,75b732eb5cf8211175001c878521d629,released,HER2pos,131.0,reserve
TCGA-AR-A5QN,TCGA-AR-A5QN-01Z,01,DX,DX1,88e15db1-54ef-43e8-91d6-bb41d9fb3cf1,TCGA-AR-A5QN-01Z-00-DX1.BF92AA24-3D44-4FFA-BCC0-CDB934EC3BBC.svs,953767869,bf87ff6f16780900af348f44af9c7239,released,HER2pos,132.0,reserve
TCGA-AR-A5QN,TCGA-AR-A5QN-01A,01,TS,TSA,05ffdee7-034e-444a-97be-2351616f91a5,TCGA-AR-A5QN-01A-01-TSA.9C7C7262-11B4-4EBA-93EA-2AADAC2710AD.svs,455808451,5106c0f0939cd23f2b9657c26ec0ca69,released,HER2pos,132.0,reserve
TCGA-E9-A1N6,TCGA-E9-A1N6-01Z,01,DX,DX1,55230567-36e5-465f-b1e1-49d19e7fc8b9,TCGA-E9-A1N6-01Z-00-DX1.C0E8FFDC-2614-4DBF-B51E-4646A3919911.svs,655339379,a873651853e6f458a38151debcdc4aef,released,HER2pos,133.0,reserve
TCGA-E9-A1N6,TCGA-E9-A1N6-01A,01,TS,TSA,c9817bc7-33a5-4591-bd2b-5c057d2dedb4,TCGA-E9-A1N6-01A-01-TSA.cb99a09f-ab42-403f-a8b1-f45be63f2946.svs,240783805,5028f9a044e6008102d80dff6ed0ea91,released,HER2pos,133.0,reserve
TCGA-AC-A23C,TCGA-AC-A23C-01Z,01,DX,DX1,d2d43332-6848-4e05-908a-9b8095d4aedf,TCGA-AC-A23C-01Z-00-DX1.0E67C785-83D3-49AF-B600-FB5B909AE6ED.svs,55177906,490835b1618b44b956a86bbfb0870c62,released,HER2pos,134.0,reserve
TCGA-AC-A23C,TCGA-AC-A23C-01A,01,TS,TSA,4f2531ef-4d46-4f72-b488-d7dab4b0dd29,TCGA-AC-A23C-01A-01-TSA.8c21e006-e57c-43d9-afb3-2503b80c5e41.svs,183718501,2406a529f649178c953550c322ab3270,released,HER2pos,134.0,reserve
TCGA-D8-A27W,TCGA-D8-A27W-01Z,01,DX,DX1,6dd13f9e-6446-4406-b2b1-fdcf0a0b81fd,TCGA-D8-A27W-01Z-00-DX1.CE2D4FEA-284C-44AF-A70F-7956D91CCB29.svs,2039118597,26e1999205d6e3f8a3819b08ae117eda,released,HER2pos,135.0,reserve
TCGA-D8-A27W,TCGA-D8-A27W-01Z,01,DX,DX2,b66e01c5-c716-4650-8f7b-e555cc7556e4,TCGA-D8-A27W-01Z-00-DX2.4E0D2E4E-5662-4305-8FC2-C651CDDA4998.svs,1046152598,bc2db2a5035c01aa6e4ac623b10ae9e9,released,HER2pos,135.0,reserve
TCGA-D8-A27W,TCGA-D8-A27W-01A,01,TS,TSA,39c254c7-fc15-4d5c-813b-b929b88d2e28,TCGA-D8-A27W-01A-01-TSA.73251955-9d38-4c32-bce3-567a50db25a4.svs,164697187,8957f4203611f5ca1da9492b86fb0b57,released,HER2pos,135.0,reserve
TCGA-A8-A09I,TCGA-A8-A09I-01A,01,BS,BS1,4f384db3-7ee8-4613-bde3-d4924dc666b3,TCGA-A8-A09I-01A-01-BS1.b0debb62-86b0-459f-b62b-604bb9f17e5d.svs,397527461,4425149c9efa161e55e0cb8de4285ddb,released,HER2pos,136.0,reserve
TCGA-A8-A09I,TCGA-A8-A09I-01A,01,BS,BS2,bd291e93-70a8-4a17-ac23-7e1145471217,TCGA-A8-A09I-01A-02-BS2.ca9aacf2-573b-4af2-bc50-5213526eb3a3.svs,528737799,26bc43ca6893fbb8d7ca476c75c6d81b,released,HER2pos,136.0,reserve
TCGA-A8-A09I,TCGA-A8-A09I-01Z,01,DX,DX1,9a20ac7c-92e4-4a49-b103-351bb3fcefcc,TCGA-A8-A09I-01Z-00-DX1.B738E479-8766-4766-B012-B32AC2F27533.svs,580709882,d62f40b07acfcd1968fe286be8b61ec9,released,HER2pos,136.0,reserve
TCGA-LL-A6FR,TCGA-LL-A6FR-01Z,01,DX,DX1,cf681f8e-9db4-4650-a627-d36f7e044fb3,TCGA-LL-A6FR-01Z-00-DX1.107010FD-8EDD-406D-B4DE-DEC9E85576FF.svs,1222572095,d042b102996aac3cf88524abb0d359f0,released,HER2pos,137.0,reserve
TCGA-LL-A6FR,TCGA-LL-A6FR-01A,01,TS,TS1,5492fef9-c23d-4658-8124-0249daad7100,TCGA-LL-A6FR-01A-01-TS1.D3973C8B-51A5-4729-8257-4A4BEAAF8B85.svs,287110289,1f96e7bb5c4d6e30040ed439a3afef99,released,HER2pos,137.0,reserve
TCGA-AC-A8OS,TCGA-AC-A8OS-01Z,01,DX,DX1,74b8a067-e473-4c4a-8a87-f4905649dfea,TCGA-AC-A8OS-01Z-00-DX1.3FD44846-8BD2-4A7A-9A87-8D3D29C25F60.svs,146991482,2970daf0be5aeb929a94f855a15ba9e9,released,HER2pos,138.0,reserve
TCGA-AC-A8OS,TCGA-AC-A8OS-01A,01,TS,TS1,dd824ae9-1b6a-4957-8c8d-aa518cd5e3b7,TCGA-AC-A8OS-01A-01-TS1.31C88D4F-7621-4B24-83CC-8FD69EC72933.svs,104030429,047c341d2df702a36262c96d87e78147,released,HER2pos,138.0,reserve
TCGA-A8-A06X,TCGA-A8-A06X-01A,01,BS,BS2,91fce8fd-c23f-48b0-b1cc-730f8ef3c4d0,TCGA-A8-A06X-01A-02-BS2.eaf95778-4d99-4a85-bff2-57e2c66bebac.svs,353165489,c66256e86db6c40493c280c3b8023f6f,released,HER2pos,139.0,reserve
TCGA-A8-A06X,TCGA-A8-A06X-01Z,01,DX,DX1,2d215802-e88e-4cdf-9ab9-ff15cde7b4a2,TCGA-A8-A06X-01Z-00-DX1.21F19EDD-ABCB-4398-B210-D795BB7A34E3.svs,791117702,23a3fe58269b24faafdd25e42da765e7,released,HER2pos,139.0,reserve
TCGA-EW-A6S9,TCGA-EW-A6S9-01Z,01,DX,DX1,517db424-2713-490e-a15b-2740a84b9fed,TCGA-EW-A6S9-01Z-00-DX1.4A8CD2D4-D528-465C-82DC-9CAE35DD424B.svs,1640372033,53e078d27eb75bbfa17c69e85364067b,released,HER2pos,140.0,reserve
TCGA-EW-A6S9,TCGA-EW-A6S9-01A,01,TS,TS2,d1a4ea57-6b15-46ba-a771-939cec136296,TCGA-EW-A6S9-01A-02-TS2.C421885C-98C3-45B9-B01B-49779B87922C.svs,389645003,d58e60bb00e4ed4ac36e82be5ee04ed5,released,HER2pos,140.0,reserve
TCGA-LL-A5YP,TCGA-LL-A5YP-01Z,01,DX,DX1,0b2e87e5-8168-4e31-ace7-ef06fb4a1e68,TCGA-LL-A5YP-01Z-00-DX1.ADA978DF-6625-4C4D-AE0C-F589B2BA4897.svs,1144621801,96db1492383d3678aa1213e8301cff7b,released,HER2pos,141.0,reserve
TCGA-LL-A5YP,TCGA-LL-A5YP-01A,01,TS,TS2,6d9715c6-0040-46a4-ab4c-d35661ecb3a3,TCGA-LL-A5YP-01A-02-TS2.C03716AC-F6CE-4982-9C7B-75688D7C463D.svs,327851077,63829068f448543993ed7562152bd24a,released,HER2pos,141.0,reserve
TCGA-A7-A2KD,TCGA-A7-A2KD-01Z,01,DX,DX1,6f2fa6e0-1e06-413c-a5ea-e3cddf24f1be,TCGA-A7-A2KD-01Z-00-DX1.BFF2DFC8-1D95-4DC2-98FC-5BD7D7C6CDF5.svs,1054498032,91cc84aea07e5d657cff549880f59d37,released,HER2pos,142.0,reserve
TCGA-A7-A2KD,TCGA-A7-A2KD-01A,01,TS,TSC,259a11ba-74cb-4b41-90a3-7fa714f2f8e2,TCGA-A7-A2KD-01A-03-TSC.CC1E46B0-7920-4F91-AE61-A9A78BF724DB.svs,180041567,1997d1d84456e400e4020e67368e7bca,released,HER2pos,142.0,reserve
TCGA-AC-A4ZE,TCGA-AC-A4ZE-01Z,01,DX,DX1,129b8ca3-6c27-4e4c-82bd-b1eb6cfb3868,TCGA-AC-A4ZE-01Z-00-DX1.A9BB4DBC-4314-4A77-AA1C-0882DBC370F1.svs,78197568,99ad91fbf4e54935f5bfbba670e5989a,released,HER2pos,143.0,reserve
TCGA-AC-A4ZE,TCGA-AC-A4ZE-01A,01,TS,TS1,da07ccb9-cb9c-4838-b8ad-2f5f46881fe9,TCGA-AC-A4ZE-01A-01-TS1.98A0B048-54FF-4550-8C6B-7DA21EB71123.svs,350999135,b6ccc2d3837c5e629b557111fce7f570,released,HER2pos,143.0,reserve
TCGA-AC-A3YI,TCGA-AC-A3YI-01Z,01,DX,DX1,3d7fe3ad-45fd-4def-8c5b-6ec117e2c556,TCGA-AC-A3YI-01Z-00-DX1.321C0A32-ABF9-48ED-8071-C6B1774E9F7B.svs,742336742,5e861b5cd51cbdaffc3347a3cd8ca4da,released,HER2pos,144.0,reserve
TCGA-AC-A3YI,TCGA-AC-A3YI-01A,01,TS,TSB,c171a931-9635-4168-8706-6a7244d2236b,TCGA-AC-A3YI-01A-02-TSB.F2AFA7A9-58C7-4932-BC30-6B0CA5964C11.svs,264705797,ffbca5470e28ddc763334e7aa0866347,released,HER2pos,144.0,reserve
TCGA-D8-A1X5,TCGA-D8-A1X5-01Z,01,DX,DX1,1e9aed39-01ea-4a25-b1a1-14b7ab37b982,TCGA-D8-A1X5-01Z-00-DX1.81B10B43-0D99-44D0-A245-D652041B8FEE.svs,1250199227,31a9400967d07f16d7765aa47e30cd12,released,HER2pos,145.0,reserve
TCGA-D8-A1X5,TCGA-D8-A1X5-01Z,01,DX,DX2,d88d19c4-2040-42a2-ab64-42b8a8280e58,TCGA-D8-A1X5-01Z-00-DX2.E4D28EE2-9C87-4613-BD2E-89FBEF960DEE.svs,2206403219,c990ef683b62c7e51421264638d4436d,released,HER2pos,145.0,reserve
TCGA-D8-A1X5,TCGA-D8-A1X5-01A,01,TS,TS1,faa2a741-b0f2-4060-86a3-fb3c574886c7,TCGA-D8-A1X5-01A-01-TS1.e4f88a16-b740-4abe-adbc-a7f937612512.svs,197115159,2dd8037066542be2bd410a32009792b6,released,HER2pos,145.0,reserve
TCGA-BH-A18I,TCGA-BH-A18I-01Z,01,DX,DX1,2796a1ce-f49d-4653-8cdc-239ebea7a31b,TCGA-BH-A18I-01Z-00-DX1.EE699DE3-EBF4-4AB4-8319-9911F027FA18.svs,1098186099,6d8338a44e623f92ace40f1e6e6c69ae,released,HER2pos,146.0,reserve
TCGA-BH-A18I,TCGA-BH-A18I-01A,01,TS,TSA,cbba775e-542d-4c76-9b87-0aaf871fc303,TCGA-BH-A18I-01A-01-TSA.ef056365-4256-4249-9632-5647ee23a6dc.svs,376123777,47678566facdb0c714429fbfa22fcacd,released,HER2pos,146.0,reserve
TCGA-A8-A07P,TCGA-A8-A07P-01A,01,BS,BS1,6c9960d5-0595-4abc-86f6-905682adeec1,TCGA-A8-A07P-01A-01-BS1.4bb95702-b8db-403d-9f30-1519eb9c7b11.svs,156227965,02d9450b12535981c2eed23d4216cadb,released,HER2pos,147.0,reserve
TCGA-A8-A07P,TCGA-A8-A07P-01Z,01,DX,DX1,4f6f7319-d432-41f5-9034-0d2faee02a28,TCGA-A8-A07P-01Z-00-DX1.2C7C75EF-EEE2-4A42-994C-A1A40850C87A.svs,344395016,1e14867878d3e8b4a9fe70e8bc5b3eb4,released,HER2pos,147.0,reserve
TCGA-A8-A07P,TCGA-A8-A07P-01A,01,TS,TS1,490c2a39-447a-4abf-ae50-016029873002,TCGA-A8-A07P-01A-01-TS1.26774e35-740d-4849-b1bb-b89bbc1667d4.svs,168530443,e4dd67451be6f0d19ee2253c150fdafb,released,HER2pos,147.0,reserve
TCGA-A8-A09G,TCGA-A8-A09G-01A,01,BS,BS1,eb6b7545-bdb5-4c52-a2ed-9a9c069740d7,TCGA-A8-A09G-01A-01-BS1.d16e6e1e-268a-4973-97c5-8aa9cdef622b.svs,105675741,d750ae20f4c43acfaa30687975f01cb2,released,HER2pos,148.0,reserve
TCGA-A8-A09G,TCGA-A8-A09G-01A,01,BS,BS2,de4db197-494f-4ac1-9f06-306132358816,TCGA-A8-A09G-01A-02-BS2.e110bb6c-7c19-4ace-9507-14ef5714a74d.svs,201889629,8103adbf6dc8f9758e417af8bc7c6979,released,HER2pos,148.0,reserve
TCGA-A8-A09G,TCGA-A8-A09G-01Z,01,DX,DX1,fbedd1f7-673e-4fe7-99c1-c76affdf34ce,TCGA-A8-A09G-01Z-00-DX1.B834728C-DAC5-4463-961D-7E3B220905C1.svs,910425820,5f888b344a938fae2de692b80be9426f,released,HER2pos,148.0,reserve
TCGA-EW-A1OZ,TCGA-EW-A1OZ-01Z,01,DX,DX1,6c5d683c-dadb-4fb5-8769-166ebc770359,TCGA-EW-A1OZ-01Z-00-DX1.9639BB06-FF02-475F-A89D-773BE12721CC.svs,2148780817,cd78471052cae4c2ee29a33bf8166df0,released,HER2pos,149.0,reserve
TCGA-EW-A1OZ,TCGA-EW-A1OZ-01A,01,TS,TSA,ed37618c-78c6-43c6-955e-e4bf7175a65f,TCGA-EW-A1OZ-01A-01-TSA.5b179149-f5d2-4b79-8988-5c2fc2268cdc.svs,155803761,c0f5bc22f0357bb5d12ea62dbe6c12f6,released,HER2pos,149.0,reserve
TCGA-C8-A1HF,TCGA-C8-A1HF-01Z,01,DX,DX1,a9dac042-e1da-4ad1-b585-7e08128f3c82,TCGA-C8-A1HF-01Z-00-DX1.81EF9A57-54E1-4750-9816-5571FD18A297.svs,1403476057,a6569e342ae3110d1c0e245717b669e6,released,HER2pos,150.0,reserve
TCGA-C8-A1HF,TCGA-C8-A1HF-01A,01,TS,TSA,15486cf7-cc7d-44d5-968e-845277e7d11c,TCGA-C8-A1HF-01A-01-TSA.d56d3e29-1711-49c8-8628-9210d1ddb71c.svs,197984821,26bb11b685d3068920156d7a15233b0b,released,HER2pos,150.0,reserve
TCGA-LL-A5YN,TCGA-LL-A5YN-01Z,01,DX,DX1,55eb1c6a-2290-4458-afa2-f259d80e6395,TCGA-LL-A5YN-01Z-00-DX1.F221939B-3680-4B95-93A9-BE8599550E87.svs,1318741729,57b51363e1607ffdb492b1624b580b96,released,HER2pos,151.0,reserve
TCGA-LL-A5YN,TCGA-LL-A5YN-01A,01,TS,TS1,2236fd2e-75c1-42f7-b3f7-28ca39198e38,TCGA-LL-A5YN-01A-01-TS1.232C3E59-9085-4003-BA8E-10D7A5BB4E6A.svs,268857629,e573de08cd31eadb1b6935476270afcd,released,HER2pos,151.0,reserve
TCGA-AR-A1AX,TCGA-AR-A1AX-01Z,01,DX,DX1,baf6eef1-9c9e-4022-b19d-c1f1e438ed93,TCGA-AR-A1AX-01Z-00-DX1.2389D54F-545E-499E-B392-DD731834460A.svs,1021041617,ce82c2e11e31607d7ba32c7686397b11,released,HER2pos,152.0,reserve
TCGA-AR-A1AX,TCGA-AR-A1AX-01A,01,TS,TSA,54347808-f320-49a9-a111-3a6885d2c33e,TCGA-AR-A1AX-01A-01-TSA.e03239a3-c62c-4c9d-bb14-df0d8e6cc2dd.svs,258746331,43f9094a961a97b3118a610250b35464,released,HER2pos,152.0,reserve
TCGA-BH-A202,TCGA-BH-A202-01Z,01,DX,DX1,fb9961aa-e11f-4f75-bc5a-990e9302ae6e,TCGA-BH-A202-01Z-00-DX1.8CECDB74-5E6F-4CE8-B52C-A89E574F38FB.svs,1665591999,7817d7ead479f8519a925f4e2c5c8326,released,HER2pos,153.0,reserve
TCGA-BH-A202,TCGA-BH-A202-01A,01,TS,TSA,5f7da64f-aaaf-4a31-b144-83bd6656bd3f,TCGA-BH-A202-01A-01-TSA.c8671f7f-1c8e-46f2-bb75-89786eda4c8e.svs,318911871,2542e323ca58627ac9a0ba40f99e8131,released,HER2pos,153.0,reserve
TCGA-A8-A075,TCGA-A8-A075-01A,01,BS,BS1,4da40e8e-9a68-4d5c-90eb-75911bdf58a2,TCGA-A8-A075-01A-01-BS1.f15749fb-e5fd-4124-ad85-eec12751816b.svs,279079541,ee59de3ed9593fdfdb329b9708f9f3e8,released,HER2pos,154.0,reserve
TCGA-A8-A075,TCGA-A8-A075-01Z,01,DX,DX1,249463ed-8898-4704-8215-8e143db1553d,TCGA-A8-A075-01Z-00-DX1.8E06AF51-951F-48E8-934E-42A455F65E5F.svs,547481392,15a44faffa89790fae1f632a0b4a70c2,released,HER2pos,154.0,reserve
TCGA-A8-A075,TCGA-A8-A075-01A,01,TS,TS1,11d76e44-5803-42fb-ad97-837681b8e6ae,TCGA-A8-A075-01A-01-TS1.3658536c-c029-4685-979f-11e914e53e4e.svs,157077965,cec97b1a570343632616a1c99f668f3a,released,HER2pos,154.0,reserve
TCGA-AN-A0FS,TCGA-AN-A0FS-01A,01,BS,BSA,88ea094c-fd48-465b-a939-13dc9f1e1d64,TCGA-AN-A0FS-01A-01-BSA.030e8ca6-2dd3-41ad-aae4-e69b803dbcaa.svs,217554813,2b8f739fca6e84dcd8782d3d971f9409,released,HER2pos,155.0,reserve
TCGA-AN-A0FS,TCGA-AN-A0FS-01Z,01,DX,DX1,13078574-0f19-4851-a085-493e7f95f59d,TCGA-AN-A0FS-01Z-00-DX1.104368C2-28DA-4E43-8B27-78336AD5ABC8.svs,627299629,8aeaa03e2b21208f929dcd2277138341,released,HER2pos,155.0,reserve
TCGA-AN-A0FS,TCGA-AN-A0FS-01A,01,TS,TSA,7ab9af79-aab2-4f65-9297-fe6a62e1e2f1,TCGA-AN-A0FS-01A-01-TSA.ec030e02-fd7d-4683-803d-830ee80d8173.svs,294451361,3eab36931ed15016e25e3e40bf65ceb9,released,HER2pos,155.0,reserve
TCGA-AR-A0TX,TCGA-AR-A0TX-01A,01,BS,BSA,1b7e7bd6-4918-458d-aa39-38b2a560c3b6,TCGA-AR-A0TX-01A-01-BSA.2d59aca1-69fd-4105-830a-a687eddd27c9.svs,148470839,d88540261bf93646e354e5d5707e94cc,released,HER2pos,156.0,reserve
TCGA-AR-A0TX,TCGA-AR-A0TX-01Z,01,DX,DX1,1b4fc678-eb7a-46e8-aa8e-c0a6c8fc6c84,TCGA-AR-A0TX-01Z-00-DX1.5BEA4E65-8CEC-49B2-9F29-DBE53E8ED46E.svs,488012489,823d706af1be441d1578aa2b1d269366,released,HER2pos,156.0,reserve
TCGA-AR-A0TX,TCGA-AR-A0TX-01A,01,TS,TSA,72eb9e68-70eb-4922-8c22-5ab31695d0fe,TCGA-AR-A0TX-01A-01-TSA.4f6a2ef2-8c09-4c9a-aea9-5601722f4e4c.svs,288284829,043ee5574e1247909063d3585e3b84f6,released,HER2pos,156.0,reserve
TCGA-EW-A1IW,TCGA-EW-A1IW-01Z,01,DX,DX1,b0dda2b4-3ca0-40f0-a082-f41cc6afd45d,TCGA-EW-A1IW-01Z-00-DX1.0DE87057-951F-4887-A2D5-485736D66E4E.svs,2035153877,f5a04bdb1f091c3b5688bae2e479381b,released,HER2pos,157.0,reserve
TCGA-EW-A1IW,TCGA-EW-A1IW-01A,01,TS,TSA,22ce5d8d-e9f5-4fa4-b9e0-1a0ee88a812f,TCGA-EW-A1IW-01A-01-TSA.23f64e8b-95c5-42b3-919e-65d43275d804.svs,207461041,ef69b569407725c7e18468f3b157fba8,released,HER2pos,157.0,reserve
TCGA-PE-A5DD,TCGA-PE-A5DD-01Z,01,DX,DX1,8f666638-e5a2-4088-972b-ab614bc1f306,TCGA-PE-A5DD-01Z-00-DX1.E1EF11EC-B87B-49DE-A544-2E162F9AE789.svs,711866367,9d275875949d086a339cad545da94c33,released,HER2pos,158.0,reserve
TCGA-PE-A5DD,TCGA-PE-A5DD-01A,01,TS,TSA,97dbf5d6-d9f1-438f-aba6-ecea4612977b,TCGA-PE-A5DD-01A-01-TSA.B71D5B6B-7526-4C1F-B656-2F5A8B8F3086.svs,199917459,43e4de75049026a4e2d3805d66f54877,released,HER2pos,158.0,reserve
TCGA-AN-A0FK,TCGA-AN-A0FK-01A,01,BS,BSA,7f359172-1112-4c1c-9c3b-0722a1342ef1,TCGA-AN-A0FK-01A-01-BSA.532b125c-98bb-44d7-a041-fb2506b70e26.svs,287464689,48e2806a7e58e2be069c25d941f898f9,released,HER2pos,159.0,reserve
TCGA-AN-A0FK,TCGA-AN-A0FK-01Z,01,DX,DX1,d2e712b6-a083-484e-bbc5-425c67c0f8c0,TCGA-AN-A0FK-01Z-00-DX1.8966A1D5-CE3A-4B08-A1F6-E613BEB1ABD1.svs,1297449325,dc8c0a762bfadfe12ae0a9a435a12987,released,HER2pos,159.0,reserve
TCGA-AN-A0FK,TCGA-AN-A0FK-01A,01,TS,TSA,b86ffbd8-f73b-415b-bab5-841073ff3713,TCGA-AN-A0FK-01A-01-TSA.4cbfd31d-1a58-4ee1-8359-7fd4fc9c4cbe.svs,246989863,c5f6507a26daf150c620835cfac5b456,released,HER2pos,159.0,reserve
TCGA-EW-A2FR,TCGA-EW-A2FR-01Z,01,DX,DX1,78fe5ab1-15d3-4701-84d6-7b88beab2f22,TCGA-EW-A2FR-01Z-00-DX1.FF521BBF-F5BA-4B03-9CA1-101A337F4B45.svs,1210666605,e117d1afd0e4da9812dc948270427c02,released,HER2pos,160.0,reserve
TCGA-EW-A2FR,TCGA-EW-A2FR-01A,01,TS,TSA,87ba57b4-2bb6-4abe-85e2-73c0cc9c2783,TCGA-EW-A2FR-01A-01-TSA.516FAE11-477F-423F-82CB-9041FA0D8111.svs,145433425,a9b4793ff8b092bebeaa4eccf8014e1d,released,HER2pos,160.0,reserve
TCGA-E9-A1N5,TCGA-E9-A1N5-01Z,01,DX,DX1,843d9a61-446f-47dc-b47a-8950f4e9f64a,TCGA-E9-A1N5-01Z-00-DX1.94DE7B4B-3798-4CC2-8A64-77796A58821A.svs,605310147,3cbfb761d256782d8cceac5a3e646090,released,HER2pos,161.0,reserve
TCGA-E9-A1N5,TCGA-E9-A1N5-01A,01,TS,TSA,7721678a-7a5b-47d8-8f6b-251ce83c5b75,TCGA-E9-A1N5-01A-01-TSA.7b19a9b7-d896-4277-b8cc-bde9b8aefc9d.svs,308286163,fe6b56880f64732ea991510f2390133d,released,HER2pos,161.0,reserve
TCGA-BH-A1EN,TCGA-BH-A1EN-01Z,01,DX,DX1,fd80aa45-9ccd-4b62-b5b9-28e476c89dc8,TCGA-BH-A1EN-01Z-00-DX1.F535657F-E2FA-4283-87AE-7DAB663B196B.svs,1501442289,64f7091c4df40fcb0dfeeaf849ed88e0,released,HER2pos,162.0,reserve
TCGA-BH-A1EN,TCGA-BH-A1EN-01A,01,TS,TS1,76ef4f51-fdc0-4907-8805-95ecc7d2726e,TCGA-BH-A1EN-01A-01-TS1.9dfc5f3d-6c6c-49ef-bba9-83187471cf26.svs,290113457,566f6b3f9162e48bf0d90db54c789da6,released,HER2pos,162.0,reserve
TCGA-AC-A23G,TCGA-AC-A23G-01Z,01,DX,DX1,2449ff02-6925-4f25-9074-7c5fbeab0bd2,TCGA-AC-A23G-01Z-00-DX1.2F0326F7-6B77-4B3F-B4FA-59ADB785AA07.svs,41783236,69577c95f8b87e992df71f0bcf3d0635,released,HER2pos,163.0,reserve
TCGA-AC-A23G,TCGA-AC-A23G-01A,01,TS,TS1,7ef502c7-ec28-4502-9dcd-cd88dc494aba,TCGA-AC-A23G-01A-01-TS1.2DB1D885-063E-4BF1-ABA5-B738343A9F4A.svs,210716021,d74fe14147a80887b2303fffbcae480e,released,HER2pos,163.0,reserve
TCGA-C8-A12Z,TCGA-C8-A12Z-01A,01,BS,BSA,0fa2889a-54ce-493b-99d1-eaa37c0fad6c,TCGA-C8-A12Z-01A-01-BSA.e7ddd80e-4b44-49f3-ac1c-4cf2b061c0a6.svs,561893901,899c893a3a88b7388fee4f193f856a11,released,HER2pos,164.0,reserve
TCGA-C8-A12Z,TCGA-C8-A12Z-01Z,01,DX,DX1,98638d86-4317-4124-b2bf-cd15b49de91d,TCGA-C8-A12Z-01Z-00-DX1.22616420-7C80-42DE-9C44-0F00327681C6.svs,1003552201,b618645a2f61a71ec81af7c5ed46bc3c,released,HER2pos,164.0,reserve
TCGA-C8-A12Z,TCGA-C8-A12Z-01A,01,TS,TSA,2f7f3248-44d7-49da-b63a-8824f4bf6e81,TCGA-C8-A12Z-01A-01-TSA.d85a700f-8886-4b59-8ceb-d1d8e15fdd19.svs,214185277,b996def520ee1dbb447fc1439f021884,released,HER2pos,164.0,reserve
TCGA-E2-A14V,TCGA-E2-A14V-01Z,01,DX,DX1,892d9412-79c7-4a2f-b35c-6b654a62eb02,TCGA-E2-A14V-01Z-00-DX1.D6274B5E-644C-478C-817F-B8BB9262D6F4.svs,1015302105,1cb69d9d670b2a766408a23308e5ebc2,released,HER2pos,165.0,reserve
TCGA-E2-A14V,TCGA-E2-A14V-01A,01,TS,TSA,1a85a322-be85-4f49-9b0f-009597e29e67,TCGA-E2-A14V-01A-01-TSA.97141a78-1272-4533-ab86-d787c86baf4b.svs,223134189,96644acb178cacdcb14489a4c473649f,released,HER2pos,165.0,reserve
TCGA-3C-AALI,TCGA-3C-AALI-01Z,01,DX,DX1,d46167af-6c29-49c7-95cf-3a801181aca4,TCGA-3C-AALI-01Z-00-DX1.F6E9A5DF-D8FB-45CF-B4BD-C6B76294C291.svs,1706305510,e2ae6d543180fb8004c30a8f13fde42d,released,HER2pos,166.0,reserve
TCGA-3C-AALI,TCGA-3C-AALI-01Z,01,DX,DX2,6a7477b1-86f3-473f-9bf1-174a758142e9,TCGA-3C-AALI-01Z-00-DX2.CF4496E0-AB52-4F3E-BDF5-C34833B91B7C.svs,2079652388,e4b36bfd3f9b2c8d8692c0ce1c5f2870,released,HER2pos,166.0,reserve
TCGA-3C-AALI,TCGA-3C-AALI-01A,01,TS,TSA,35f58ca3-9098-4990-ab3d-b111d6f3fc40,TCGA-3C-AALI-01A-01-TSA.7D4960A7-247F-46EE-8D4A-B55170C23EAA.svs,134394101,5cafb3c7d83886f49764e63e869a33f4,released,HER2pos,166.0,reserve
TCGA-A2-A0CX,TCGA-A2-A0CX-01A,01,BS,BSB,c88e50ae-968b-4105-b7d9-e150c4c2c061,TCGA-A2-A0CX-01A-02-BSB.04ad0cae-1b9c-472f-8d08-ea6995e00bdd.svs,572517151,56aabdb0a44070f1bced8ae6961752ea,released,HER2pos,167.0,reserve
TCGA-A2-A0CX,TCGA-A2-A0CX-01Z,01,DX,DX1,8326cb52-7611-4fb1-af2d-d69e615caf44,TCGA-A2-A0CX-01Z-00-DX1.F07C75AB-E568-45CB-B497-37C712490393.svs,675321151,f30505f15c35b77ceafc3f628891b536,released,HER2pos,167.0,reserve
TCGA-A2-A0CX,TCGA-A2-A0CX-01A,01,TS,TSB,c2b0c377-07f4-4a41-b01a-32212fba0bc2,TCGA-A2-A0CX-01A-02-TSB.eae9814e-e25c-4dfe-9564-e348c74699ba.svs,557740763,ce5acaf7f0c5e1f8ac838eef3691a3f3,released,HER2pos,167.0,reserve
TCGA-A8-A07I,TCGA-A8-A07I-01A,01,BS,BSA,8191fa1b-39a2-42fa-a059-b2cd04733190,TCGA-A8-A07I-01A-01-BSA.f3f1a0f0-5e66-4829-aa6d-c692c13a8bf8.svs,321025517,e8cbacf37973d6c90d0a9e40c3bd7e86,released,HER2pos,168.0,reserve
TCGA-A8-A07I,TCGA-A8-A07I-01Z,01,DX,DX1,b1ea5560-0ac6-4cc8-a73e-73e688739452,TCGA-A8-A07I-01Z-00-DX1.37E7BB2E-8210-4216-B75F-0FD06D6C9AE3.svs,897661108,3c0a7a50c3cf635cd60d575c65049c27,released,HER2pos,168.0,reserve
TCGA-A8-A07I,TCGA-A8-A07I-01A,01,TS,TSA,024c5644-ce2d-4eef-adc0-93073d67f5bb,TCGA-A8-A07I-01A-01-TSA.582a3393-09bb-43b2-907c-ba9c27db5b13.svs,353908785,798d58fc35be5549a27daae93fd561e6,released,HER2pos,168.0,reserve
TCGA-BH-A18P,TCGA-BH-A18P-01Z,01,DX,DX1,4c86cd2f-5727-4908-970a-0d05823c72a8,TCGA-BH-A18P-01Z-00-DX1.C66642D3-BE44-4D65-B4AE-C1C3D959D22C.svs,1425164935,355b45b3b0b3eeafb3eda8283bf33480,released,HER2pos,169.0,reserve
TCGA-BH-A18P,TCGA-BH-A18P-01A,01,TS,TSA,7b12cf24-bfbb-43d8-8b54-5b23335027d5,TCGA-BH-A18P-01A-01-TSA.26d6bd8a-dc3d-4d9f-8e79-3165cb7e73c3.svs,397082479,8dee5681e502a8f1c3da7dbd07e89148,released,HER2pos,169.0,reserve
TCGA-A8-A08G,TCGA-A8-A08G-01A,01,BS,BS1,87767364-40f2-4fd3-8741-a49eebfcffef,TCGA-A8-A08G-01A-01-BS1.1db0beb9-ba79-4391-8e89-ba0ece7fd68c.svs,420003107,736061913b4c0f296220bff381b7dede,released,HER2pos,170.0,reserve
TCGA-A8-A08G,TCGA-A8-A08G-01Z,01,DX,DX1,4bb75285-9b4a-416e-a669-440ca4f8fd43,TCGA-A8-A08G-01Z-00-DX1.C3BB7FEC-91B7-4B45-8DFC-36CABCC0FD57.svs,625819998,b22cab4c501f0d246bb1e27b195cdc49,released,HER2pos,170.0,reserve
TCGA-A8-A08G,TCGA-A8-A08G-01A,01,TS,TS1,1e12c8f2-02b3-4e4a-a4ed-86debca2d087,TCGA-A8-A08G-01A-01-TS1.00c53463-683f-443f-b693-5673b3b564ff.svs,160508755,b443bae4253811b6bdf131917bc0fbc9,released,HER2pos,170.0,reserve
TCGA-BH-A1EO,TCGA-BH-A1EO-01Z,01,DX,DX1,f42f1f5e-8022-4fce-a9e2-af2702bac381,TCGA-BH-A1EO-01Z-00-DX1.0E624888-D7E4-48DF-B51A-9AD8F75A66B7.svs,1329799671,c21cd33f6ffda9f0a49a7f3e9a2a0e6e,released,LumA,1.0,main
TCGA-BH-A1EO,TCGA-BH-A1EO-01A,01,TS,TSA,319d2b34-b9e5-46dd-915c-77acfb3d37ef,TCGA-BH-A1EO-01A-01-TSA.f976fed3-c414-4f35-84cf-76c2f04e1de1.svs,127333307,35d9eeedd8af0d2955c297c12b865e0d,released,LumA,1.0,main
TCGA-D8-A145,TCGA-D8-A145-01A,01,BS,BS1,7ea6a4b6-3f05-4ac0-a057-f2e837924d82,TCGA-D8-A145-01A-01-BS1.bc6b3e0e-0e5c-4da0-bd27-832602d9b4a7.svs,258687135,ec32be14bd0a36ab59cda336e4aefffe,released,LumA,2.0,main
TCGA-D8-A145,TCGA-D8-A145-01Z,01,DX,DX1,bcb99231-e2ac-41ae-a2ca-36987630a574,TCGA-D8-A145-01Z-00-DX1.34D4EC27-7FD7-4BE2-95A4-CA521CB5590E.svs,1174454655,736797c648e921b1ca8edb55f0620db9,released,LumA,2.0,main
TCGA-D8-A145,TCGA-D8-A145-01Z,01,DX,DX2,03852b0e-6c6b-4ba5-ad32-7876d6608793,TCGA-D8-A145-01Z-00-DX2.B834BF47-1CD6-45EA-BB88-D8ECE1FDDC6A.svs,640424549,e1b083dd78362dbd3738a3262a57eb46,released,LumA,2.0,main
TCGA-D8-A145,TCGA-D8-A145-01A,01,TS,TS1,c7ad6fd8-bb6c-4628-8090-cc39ac250f6a,TCGA-D8-A145-01A-01-TS1.83d825eb-20f2-410b-a33e-258c5414dccf.svs,143956683,704a3d18e8704778d44301c6b27c5d24,released,LumA,2.0,main
TCGA-C8-A12O,TCGA-C8-A12O-01A,01,BS,BSA,0b6ef6cd-f76c-4a76-a058-4c7b0e8da756,TCGA-C8-A12O-01A-01-BSA.04417171-1d60-461e-a7e3-6a285412945a.svs,203810667,75c39e873b53fe74cbfee28986977752,released,LumA,3.0,main
TCGA-C8-A12O,TCGA-C8-A12O-01Z,01,DX,DX1,71bc1dee-32ed-40c9-b177-d96fad4eef23,TCGA-C8-A12O-01Z-00-DX1.A77E552B-7B69-45B7-B341-A03571F2A06C.svs,627487199,631f5b3cd66de2c8e9f2c0f7b9e1fd23,released,LumA,3.0,main
TCGA-C8-A12O,TCGA-C8-A12O-01A,01,TS,TSA,b2b9d4bd-676c-47b6-bdf5-50337e010db9,TCGA-C8-A12O-01A-01-TSA.ba52cd91-3f6c-4507-a6b2-baad00effb08.svs,297763843,79f464939176aa50c7d1eb23e8027bc2,released,LumA,3.0,main
TCGA-BH-A0DS,TCGA-BH-A0DS-01A,01,BS,BSA,1d85ee91-e92b-44b5-924f-c3fc834f841c,TCGA-BH-A0DS-01A-01-BSA.6f8197a1-4017-45c3-bba4-6c15da09c091.svs,343050081,cbda7fa5b5a8a69e8f2c694fe0b72e81,released,LumA,4.0,main
TCGA-BH-A0DS,TCGA-BH-A0DS-01Z,01,DX,DX1,14a9f1fa-3ec1-4b42-bbf4-9290b0382f92,TCGA-BH-A0DS-01Z-00-DX1.38E82A1F-21B9-4B97-A304-15B886EA68A0.svs,963254313,353f3dc9ef443486b8e602806eca543c,released,LumA,4.0,main
TCGA-BH-A0DS,TCGA-BH-A0DS-01A,01,TS,TSA,f8f16824-4f10-4b71-a8fc-0a2c3176c16a,TCGA-BH-A0DS-01A-01-TSA.2395f79e-a59e-4a9a-9814-4ed846745510.svs,153415809,3293adbd31c707500e04b15694c81223,released,LumA,4.0,main
TCGA-E2-A15P,TCGA-E2-A15P-01Z,01,DX,DX1,ec17b801-5361-474f-8c38-cc0087f3de3e,TCGA-E2-A15P-01Z-00-DX1.4C7F95DC-B319-4A78-8F34-8CB9166EA6A8.svs,923580063,190e3fe78aa732efaab69887d07825b2,released,LumA,5.0,main
TCGA-E2-A15P,TCGA-E2-A15P-01A,01,TS,TSA,8d9e7516-86ab-4ce7-b10a-4ba32313a86a,TCGA-E2-A15P-01A-01-TSA.e7932941-750c-4fcc-8520-0d7773912874.svs,298730659,54869e14270646eca53004dffdeccdb7,released,LumA,5.0,main
TCGA-BH-A1FG,TCGA-BH-A1FG-01Z,01,DX,DX1,385f9302-b211-4b8b-805c-078dccf64b89,TCGA-BH-A1FG-01Z-00-DX1.DA665FB6-9DD9-4B18-A925-2EFD9BC4C43B.svs,870583257,4cfa06772f1c723ac8f4f6fa5d11c6bd,released,LumA,6.0,main
TCGA-BH-A1FG,TCGA-BH-A1FG-01A,01,TS,TSA,9669fa88-dfcb-417b-928a-3dad90f86ca1,TCGA-BH-A1FG-01A-01-TSA.4849c9e1-df17-412b-9497-4f598036fc0c.svs,184198311,8d9794b8dfa0960a98bedae27ea006db,released,LumA,6.0,main
TCGA-A2-A0EX,TCGA-A2-A0EX-01Z,01,DX,DX1,f15fa016-f47e-4fa7-8f00-920b2111b43c,TCGA-A2-A0EX-01Z-00-DX1.F4C293E9-9BB2-48A1-8080-5F3082E219C5.svs,814804027,3d4c45184540c96fb5bfa70103e3e877,released,LumA,7.0,main
TCGA-A2-A0EX,TCGA-A2-A0EX-01A,01,TS,TSB,d2b83c2f-9bff-4f08-9665-9c0298d87ab8,TCGA-A2-A0EX-01A-02-TSB.8880934b-a491-492b-b6bc-32b50276ba99.svs,206230081,eb4a80d17f8b6113997d1f6df7b70bd1,released,LumA,7.0,main
TCGA-AR-A1AK,TCGA-AR-A1AK-01Z,01,DX,DX1,bffe8eaa-c251-4ff3-b7c3-cf98d692b4b9,TCGA-AR-A1AK-01Z-00-DX1.0AFFA0B5-D1A6-43E9-892A-7CB16A79E5F9.svs,761551435,3d4fecdfd8262b5dbbcb316031ab0440,released,LumA,8.0,main
TCGA-AR-A1AK,TCGA-AR-A1AK-01A,01,TS,TSB,f3b2b617-987c-4eaf-9db2-1b7a96147e31,TCGA-AR-A1AK-01A-02-TSB.4cd7ad23-1a24-4289-a684-27e2b5e5e8df.svs,319284071,305dbb15f5b18bdf2921e903b620c223,released,LumA,8.0,main
TCGA-A8-A093,TCGA-A8-A093-01A,01,BS,BS1,ccc2ab39-0823-4a2d-89a6-05200db2159a,TCGA-A8-A093-01A-01-BS1.3909d441-2e91-4182-ad97-9e55853961a9.svs,208622829,219cfb1c5e091c9eccb3f39392cbcd38,released,LumA,9.0,main
TCGA-A8-A093,TCGA-A8-A093-01Z,01,DX,DX1,db262a06-ca10-4401-9cae-67629b30041a,TCGA-A8-A093-01Z-00-DX1.1C8056D1-11CD-482D-9A23-3A9D1B4E63F0.svs,402471230,42e2cd7fd1408bbcecd8ed7486d64267,released,LumA,9.0,main
TCGA-A8-A093,TCGA-A8-A093-01A,01,TS,TS1,a9502293-dba8-4fd8-a0d7-bc2d46e4c1e5,TCGA-A8-A093-01A-01-TS1.7e6676b5-51e6-4111-b21d-d11367681795.svs,210684737,db7f90bfc696721f8063d4b6bfca5b11,released,LumA,9.0,main
TCGA-BH-A0DI,TCGA-BH-A0DI-01A,01,BS,BSB,e93ecc20-8329-45f0-a01e-fa1f91e118e5,TCGA-BH-A0DI-01A-02-BSB.7e8228a1-5a72-413f-96aa-ca7dc090bbca.svs,497894375,d29895ea60b963b85333f27196c5fab7,released,LumA,10.0,main
TCGA-BH-A0DI,TCGA-BH-A0DI-01Z,01,DX,DX1,325aaec2-6465-465c-a785-96dfca9ae3de,TCGA-BH-A0DI-01Z-00-DX1.6A42D535-8842-4C36-8299-A40E9E56759D.svs,1319427451,2be2432c7f8edeb0f09fef2ef614e719,released,LumA,10.0,main
TCGA-BH-A0DI,TCGA-BH-A0DI-01A,01,TS,TSB,1d641122-6ab2-4048-ad12-5dbf796c4f13,TCGA-BH-A0DI-01A-02-TSB.c1a37b06-e872-44b7-9dd2-2b3e2b363076.svs,422279431,22a657e8812f7ab7abeab01eb0f056fc,released,LumA,10.0,main
TCGA-AN-A046,TCGA-AN-A046-01A,01,BS,BS1,511f38a2-3d38-4cea-b1f9-d3923b63e481,TCGA-AN-A046-01A-01-BS1.5bc254f8-5363-470e-9963-4ccfd57a3457.svs,223522554,ebee26b28aa1b8a27cbf6fc10b648b7c,released,LumA,11.0,main
TCGA-AN-A046,TCGA-AN-A046-01A,01,BS,BS2,3a4bf726-ba8e-4d41-969f-222e554578e5,TCGA-AN-A046-01A-02-BS2.74a56161-07f1-4980-a2fd-2c9123fb87bc.svs,160675922,ec27f6f4ab5a4b4903a5ba71197e070c,released,LumA,11.0,main
TCGA-AN-A046,TCGA-AN-A046-01Z,01,DX,DX1,5a69a438-d7b2-40fa-afc1-0d02de55ee02,TCGA-AN-A046-01Z-00-DX1.C529B94F-AFE3-4701-BC98-5D6EDF7B82C0.svs,422331173,48140822274e171a56cf6a2b90d1cc42,released,LumA,11.0,main
TCGA-A7-A3RF,TCGA-A7-A3RF-01Z,01,DX,DX1,ebe009d2-cc6c-4557-8dfa-ef0309731ff5,TCGA-A7-A3RF-01Z-00-DX1.E60647BC-229D-4409-A564-EE0945F912EE.svs,692868839,9067cf016f81b058dab1fede647dbb8d,released,LumA,12.0,main
TCGA-A7-A3RF,TCGA-A7-A3RF-01A,01,TS,TS1,9701146a-3092-4860-bb4a-72089d5df468,TCGA-A7-A3RF-01A-01-TS1.88AFA1D1-A9CF-4E90-929A-023D9656B203.svs,300755773,8815f605bd3fcc7c2fcf658f1b584cea,released,LumA,12.0,main
TCGA-A8-A091,TCGA-A8-A091-01A,01,BS,BS1,dc0ccc69-ce1a-44ac-952b-416b9a889a32,TCGA-A8-A091-01A-01-BS1.e7e9318d-a627-472a-9f2e-10cc917036d3.svs,399934585,92de0693f3e8212e4c4e82087b55030c,released,LumA,13.0,main
TCGA-A8-A091,TCGA-A8-A091-01Z,01,DX,DX1,ae9751f5-90a6-408c-a955-7e3b11075a0d,TCGA-A8-A091-01Z-00-DX1.1F38CADB-A093-416E-A8A8-31E61CD730BA.svs,422995776,6cf8d99f633fc801895a87273f61537f,released,LumA,13.0,main
TCGA-A8-A091,TCGA-A8-A091-01A,01,TS,TS1,ca7e0d59-7c28-41ba-8c55-59b69ab80d07,TCGA-A8-A091-01A-01-TS1.c06440ae-88c4-4ed8-a1be-cd23967db5c3.svs,437886489,2157bb43e4a67680a4eaaac558a82d48,released,LumA,13.0,main
TCGA-GM-A4E0,TCGA-GM-A4E0-01Z,01,DX,DX1,422b7a56-141d-48a5-a2e2-066d475c2e19,TCGA-GM-A4E0-01Z-00-DX1.55A5D765-AA35-4052-9185-6872B580F0F6.svs,1335240259,b50d06d3699a1e8b89943010588a7f69,released,LumA,14.0,main
TCGA-GM-A4E0,TCGA-GM-A4E0-01A,01,TS,TS1,d6587cd1-9d5a-4215-834a-c401b4bfaf0c,TCGA-GM-A4E0-01A-01-TS1.43B57619-CB29-46C6-BAEA-5064872B4EE7.svs,115274931,6589554e1a7ebdfafd62ae6d9b4aeac9,released,LumA,14.0,main
TCGA-A8-A06P,TCGA-A8-A06P-01A,01,BS,BS1,4d742d88-d1de-437c-9494-12cdea3c9a95,TCGA-A8-A06P-01A-01-BS1.841bd06a-953c-4c04-af50-23d530579908.svs,574315079,d5d66ebf9132172448f2c52bec83cd87,released,LumA,15.0,main
TCGA-A8-A06P,TCGA-A8-A06P-01Z,01,DX,DX1,9be99a54-b31f-4665-bdd1-e5f9b62b6cc5,TCGA-A8-A06P-01Z-00-DX1.37660D0F-1595-43C5-9D30-58D6CB93B52C.svs,573664332,db418b7e5e6e8392ddc30870700916d2,released,LumA,15.0,main
TCGA-A8-A06P,TCGA-A8-A06P-01A,01,TS,TS1,4c5f429b-15e0-49da-9580-b4a6409e4ca5,TCGA-A8-A06P-01A-01-TS1.bfe56de2-bb0d-4164-ac99-cd126521b63d.svs,301923337,0256b73fec575bc79732fdec5b2d4c76,released,LumA,15.0,main
TCGA-E2-A107,TCGA-E2-A107-01A,01,BS,BS1,a1564975-2957-4a72-8e76-d1500c304b06,TCGA-E2-A107-01A-01-BS1.93a8f306-c647-4578-bbfb-a3dbdaa3df8d.svs,208664833,6d599e4c76d83b0784306db1b00b0f9f,released,LumA,16.0,main
TCGA-E2-A107,TCGA-E2-A107-01Z,01,DX,DX1,626bfe89-c9c8-4ebf-97c9-56b1bd27f22d,TCGA-E2-A107-01Z-00-DX1.3BFCCC24-7286-488D-A9E9-98E498AD0767.svs,1623786301,2340a4363e53a0f8e46584b4a3020c82,released,LumA,16.0,main
TCGA-E2-A107,TCGA-E2-A107-01A,01,TS,TS1,513988aa-384b-4607-8e48-4be779de40f3,TCGA-E2-A107-01A-01-TS1.1cf3251a-34c4-410f-902f-17c042aab01a.svs,209662237,d8f709612331fcfb21deac41e711faa1,released,LumA,16.0,main
TCGA-BH-A0HI,TCGA-BH-A0HI-01Z,01,DX,DX1,a2b326ec-6f81-4197-9a97-7db4b5b638d1,TCGA-BH-A0HI-01Z-00-DX1.89DB9F79-0DCC-4C65-831E-96AE026C2C4E.svs,801378285,56faf758b26bf9d1807545e1233080af,released,LumA,17.0,main
TCGA-BH-A0HI,TCGA-BH-A0HI-01A,01,TS,TSA,2a8fde15-72f1-4430-8c5c-a075ce11a568,TCGA-BH-A0HI-01A-01-TSA.90298880-ffbf-49c4-be65-7b0fc76fce8b.svs,143912659,8db1410e3c388452d5b80370204d709a,released,LumA,17.0,main
TCGA-AO-A03M,TCGA-AO-A03M-01B,01,BS,BSA,cf0922fb-94e8-4b02-8fc5-d51159fb6602,TCGA-AO-A03M-01B-01-BSA.027f29c9-e640-476a-8638-95613f1319a0.svs,165151252,74a6c93012a021bcf970d440adca895d,released,LumA,18.0,main
TCGA-AO-A03M,TCGA-AO-A03M-01Z,01,DX,DX1,d6243a44-5912-4eb7-92e7-113f99b8b0bb,TCGA-AO-A03M-01Z-00-DX1.9998A9A0-D0A6-48FC-80FB-AE597CB9E8AA.svs,726845560,7b678afb6edbee3f13d60cea52f6e0bd,released,LumA,18.0,main
TCGA-AO-A03M,TCGA-AO-A03M-01B,01,TS,TSA,ff95d62c-b864-4380-8e61-ff03eef5cec9,TCGA-AO-A03M-01B-01-TSA.269edc5c-d85e-4ba2-99e1-ee2d9ca12797.svs,549148308,5733405eb1accdddb54394758be8be9b,released,LumA,18.0,main
TCGA-A8-A07F,TCGA-A8-A07F-01A,01,BS,BS1,437827d6-7027-45d6-b664-0a89f1abc1f1,TCGA-A8-A07F-01A-01-BS1.288ddf7f-30dc-4fed-a4ca-18fa8172e3ee.svs,360156085,c38b5fb5aabd6918389baffc62f97023,released,LumA,19.0,main
TCGA-A8-A07F,TCGA-A8-A07F-01Z,01,DX,DX1,fb6382c5-6ea6-4822-a259-8b79d9766a6c,TCGA-A8-A07F-01Z-00-DX1.E6FE5B3A-A412-4E7B-A710-7DFD3596F4E3.svs,617569556,8da047443db1e00800a47aa6bff32d7a,released,LumA,19.0,main
TCGA-A8-A07F,TCGA-A8-A07F-01A,01,TS,TS1,6aeb73cb-ec9c-4f8f-a8ab-98b3af932a7e,TCGA-A8-A07F-01A-01-TS1.b4547802-0778-49f5-8465-4e3de9ffbf41.svs,118399459,6bca60f6f4f15b1d31d2d9d1f6ec3d5f,released,LumA,19.0,main
TCGA-BH-A0HA,TCGA-BH-A0HA-01A,01,BS,BSA,c29d846a-6d7e-42ad-83ce-d625cb6178e8,TCGA-BH-A0HA-01A-01-BSA.3299cf66-843b-4c75-9ab2-fac7dd9a4dec.svs,651867309,f9f3e7f735909a8050e92735939e084c,released,LumA,20.0,main
TCGA-BH-A0HA,TCGA-BH-A0HA-01Z,01,DX,DX1,18cddd3f-b493-46fe-bb77-f72f45a254f6,TCGA-BH-A0HA-01Z-00-DX1.5A2F5C86-E1E7-445D-A4E3-29980FA37708.svs,1409410377,3e2fa36ef1e310bc4b1b90a19b973958,released,LumA,20.0,main
TCGA-BH-A0HA,TCGA-BH-A0HA-01A,01,TS,TSA,34d70748-8514-47a8-ad6d-f6242aeb36a2,TCGA-BH-A0HA-01A-01-TSA.eb27eed7-d48e-44d1-8436-0fe8a3dcef1e.svs,1016925461,7438e82bf1a687e64fc7aa74cc5b5a6c,released,LumA,20.0,main
TCGA-AN-A0XS,TCGA-AN-A0XS-01A,01,BS,BSB,2944eb8f-ccc8-40c3-9d31-36b90c12b9bf,TCGA-AN-A0XS-01A-02-BSB.cff535fb-0ae9-402b-97ab-5c6cd09a9959.svs,192098061,b0b940a103f8f7a5acaa50a32eafb0b2,released,LumA,21.0,reserve
TCGA-AN-A0XS,TCGA-AN-A0XS-01Z,01,DX,DX1,7543669d-a832-480e-84b5-b619148c6bfa,TCGA-AN-A0XS-01Z-00-DX1.B4D4B73E-2912-4B2E-B18A-FBC35F8160D3.svs,345897187,781111136647968d5ff7f7a9a9435785,released,LumA,21.0,reserve
TCGA-AN-A0XS,TCGA-AN-A0XS-01A,01,TS,TSB,746f605c-e14f-4257-90b6-88e58a0444fb,TCGA-AN-A0XS-01A-02-TSB.e4dcda3e-ae36-4d58-a0b5-6cb2fc772601.svs,67867629,cd0666830cdad9fbc40670b281d7e989,released,LumA,21.0,reserve
TCGA-AR-A24V,TCGA-AR-A24V-01Z,01,DX,DX1,aa37e0b3-0986-4ba1-8416-b2fcbe40d3ec,TCGA-AR-A24V-01Z-00-DX1.E749C2FE-E26B-4306-80B4-8269EEB23270.svs,993741053,cdecdb40fb89208d358672ccda98c5ab,released,LumA,22.0,reserve
TCGA-AR-A24V,TCGA-AR-A24V-01A,01,TS,TSB,59c64f9e-d972-4165-9812-414f631f4a49,TCGA-AR-A24V-01A-02-TSB.7b8bf9db-edd3-490a-a14b-365e749e3b57.svs,187126555,b4afcaa5bd16e60c201708960c3b635d,released,LumA,22.0,reserve
TCGA-D8-A1X9,TCGA-D8-A1X9-01Z,01,DX,DX1,32732b3d-a99a-4653-b8ef-763a15828349,TCGA-D8-A1X9-01Z-00-DX1.28CE7849-EEC5-4ABB-A319-A977A1FD3CD1.svs,1263027961,880863cd1b6e77f07f819c06610a2bb0,released,LumA,23.0,reserve
TCGA-D8-A1X9,TCGA-D8-A1X9-01A,01,TS,TS1,a7d1f848-1a3b-4fb2-a6b5-9e3faad7f71f,TCGA-D8-A1X9-01A-01-TS1.5e0a9a6f-7590-4912-be93-23dac19f12f0.svs,192882069,a3dcbdbd96a45db85d78f330738494e8,released,LumA,23.0,reserve
TCGA-E2-A153,TCGA-E2-A153-01Z,01,DX,DX1,346c6b0d-d954-4dfd-8d90-f04cb7e18ae3,TCGA-E2-A153-01Z-00-DX1.CA994467-E541-4131-A9FC-DCD9944F29C4.svs,784624995,9734f75931d042b228090dc2943304d8,released,LumA,24.0,reserve
TCGA-E2-A153,TCGA-E2-A153-01A,01,TS,TSA,3c4c111c-fbde-471c-b268-1114886b56eb,TCGA-E2-A153-01A-01-TSA.06c28a4f-dd0d-460d-9ee3-086f99e73724.svs,197609593,85b1142b4f2c34e1ac29d710f3b392be,released,LumA,24.0,reserve
TCGA-BH-A0E1,TCGA-BH-A0E1-01A,01,BS,BSA,adc0c591-b3da-403d-a122-b2b528632bb8,TCGA-BH-A0E1-01A-01-BSA.57534115-65b7-48cc-b124-13b8f3c15d48.svs,512969779,c3ab8d6d8e1030d36c46e577c8fef6be,released,LumA,25.0,reserve
TCGA-BH-A0E1,TCGA-BH-A0E1-01Z,01,DX,DX1,f6141773-e90b-44c0-893c-60990a784797,TCGA-BH-A0E1-01Z-00-DX1.257EB36A-1008-4890-927B-204EF05DBE90.svs,1761461611,2459ab4c6bf774515892727d6c75fac4,released,LumA,25.0,reserve
TCGA-BH-A0E1,TCGA-BH-A0E1-01A,01,TS,TSA,50043348-95f5-442b-ba30-342d98900266,TCGA-BH-A0E1-01A-01-TSA.01da1142-7d58-419d-998b-acd3be403d31.svs,320754387,a0c82dbae4bb321df24398af0e843eca,released,LumA,25.0,reserve
TCGA-D8-A4Z1,TCGA-D8-A4Z1-01Z,01,DX,DX1,d39d5d1d-2999-4b82-b2d0-8fba2ccc20cc,TCGA-D8-A4Z1-01Z-00-DX1.D39D38B5-FC9F-4298-8720-016407DC6591.svs,1038326117,597bdbd393212083833deb80358f2301,released,LumA,26.0,reserve
TCGA-D8-A4Z1,TCGA-D8-A4Z1-01A,01,TS,TS2,87c67316-1b56-42ca-bbc4-d86df1fb8268,TCGA-D8-A4Z1-01A-02-TS2.8713DF53-D04B-41D2-B9BB-3B1D31B1738E.svs,201671589,374ff9a0438bea0709518c94d32a596b,released,LumA,26.0,reserve
TCGA-E2-A10B,TCGA-E2-A10B-01Z,01,DX,DX1,891c5178-53ba-496f-9025-fd20056e65a5,TCGA-E2-A10B-01Z-00-DX1.148CFC4B-EE65-4A7E-918F-10C72F37CB0F.svs,1340324013,bb9eefe6638c2d3dee19e63189213ac7,released,LumA,27.0,reserve
TCGA-E2-A10B,TCGA-E2-A10B-01A,01,TS,TS1,b0ec55e2-0486-43bf-83d1-3a7ed0eb86a4,TCGA-E2-A10B-01A-01-TS1.3bfc66da-c6c4-4246-8794-4b477deba098.svs,543251233,805cd8f68e1048f59197227d4428ced8,released,LumA,27.0,reserve
TCGA-A2-A0YD,TCGA-A2-A0YD-01A,01,BS,BSA,81d3d5a5-8350-4ba0-ae35-275f6b20db40,TCGA-A2-A0YD-01A-01-BSA.dbbc3956-3306-4e98-904d-15ed9c0ff148.svs,268607337,9d963941890b6d34a2d4df06ef69ba0b,released,LumA,28.0,reserve
TCGA-A2-A0YD,TCGA-A2-A0YD-01Z,01,DX,DX1,bf2dbebb-99fb-4f7e-8da1-2e894a7d27b5,TCGA-A2-A0YD-01Z-00-DX1.B81FF541-F154-4C49-950B-B6CB723369E2.svs,1811438789,0139310b38843a559a0b9c70b27de949,released,LumA,28.0,reserve
TCGA-A2-A0YD,TCGA-A2-A0YD-01A,01,TS,TSA,9d3f7b01-320f-4691-bf09-5474954fa89e,TCGA-A2-A0YD-01A-01-TSA.7cbd1fbb-d5dd-4bc1-94fc-acff71e2b6c9.svs,201622289,5aaf7eb69b33eccba1fa5c34a011172f,released,LumA,28.0,reserve
TCGA-A7-A26J,TCGA-A7-A26J-01Z,01,DX,DX1,915ff10d-452f-46be-9ff1-a0ae127e9dd4,TCGA-A7-A26J-01Z-00-DX1.86A92FBD-F346-4206-A1BE-0CBA1596135F.svs,311939599,fdb94dbd33be36886182d094d29bcdc3,released,LumA,29.0,reserve
TCGA-A7-A26J,TCGA-A7-A26J-01A,01,TS,TSA,1c157542-c9ca-415b-b813-aea87845090f,TCGA-A7-A26J-01A-01-TSA.8fbc78f7-d21e-455a-989b-3779af6a0e95.svs,246789371,5f8d8dc04355348ad06b5d93a74d1d3e,released,LumA,29.0,reserve
TCGA-E2-A156,TCGA-E2-A156-01Z,01,DX,DX1,df751812-d0a3-441f-87df-ef3dd42caea3,TCGA-E2-A156-01Z-00-DX1.CEF32B4D-A676-4230-992D-45A046E4043A.svs,1142796385,bd3a92e757bc20629b76096631175748,released,LumA,30.0,reserve
TCGA-E2-A156,TCGA-E2-A156-01A,01,TS,TSA,8181e08e-bbb0-41e5-9a09-d7b0d13b1602,TCGA-E2-A156-01A-01-TSA.eb7847c8-dd23-48c3-886f-25d30b21aa27.svs,396640409,5c9b7f8bb018d4b14dc405057127ec40,released,LumA,30.0,reserve
TCGA-D8-A1JP,TCGA-D8-A1JP-01Z,01,DX,DX1,8385b86b-c2fb-42de-9ff9-241fce909dfb,TCGA-D8-A1JP-01Z-00-DX1.B02959C4-6AAD-4ACA-9838-61D224D838E4.svs,976427639,cf5997a4fdef44bf4d720544e211e1ba,released,LumA,31.0,reserve
TCGA-D8-A1JP,TCGA-D8-A1JP-01A,01,TS,TSA,7497a2a4-8425-4eb0-8a72-b777c1520cd2,TCGA-D8-A1JP-01A-01-TSA.17850ecb-c049-47fa-8b12-63bc8815e520.svs,170109297,233738ffe3de11443dadd34acf954de3,released,LumA,31.0,reserve
TCGA-A8-A09A,TCGA-A8-A09A-01A,01,BS,BS1,26fa7c40-1d23-429a-9b26-206aa66ab4dd,TCGA-A8-A09A-01A-01-BS1.9c0690b1-13f1-4641-bf73-fa3949875cea.svs,369657421,b8d8941ebfe377595dd0375b6005ad37,released,LumA,32.0,reserve
TCGA-A8-A09A,TCGA-A8-A09A-01Z,01,DX,DX1,382f03bc-c0d2-428f-ab6f-15f50b588cf9,TCGA-A8-A09A-01Z-00-DX1.78773A6C-BA8A-46BE-AC2A-9C6FDAB45622.svs,590615632,1639ac4ade0362e06c0425dc8b705041,released,LumA,32.0,reserve
TCGA-A8-A09A,TCGA-A8-A09A-01A,01,TS,TS1,87b0a598-ba74-4e62-96ac-c9fc2f2fef30,TCGA-A8-A09A-01A-01-TS1.9b259e19-e7be-4916-9123-ae29f5d62c30.svs,240576809,292f39fd55020232dc4dd025dcbe0acb,released,LumA,32.0,reserve
TCGA-A8-A07J,TCGA-A8-A07J-01A,01,BS,BS1,50e4b896-51c7-4e47-b66f-023d2693702e,TCGA-A8-A07J-01A-01-BS1.c9f54364-bf94-4431-9d02-8c2ec1732d02.svs,519884723,fff09988d635bc1e64e41d484c2454df,released,LumA,33.0,reserve
TCGA-A8-A07J,TCGA-A8-A07J-01A,01,BS,BS2,aa9bab29-2a4a-4a69-b18e-57c5182502d6,TCGA-A8-A07J-01A-02-BS2.5d44b586-7e36-46f9-bfc8-8f8afce34625.svs,423947179,ba975bcb1a50f5280538838073c7c986,released,LumA,33.0,reserve
TCGA-A8-A07J,TCGA-A8-A07J-01Z,01,DX,DX1,f7965c87-d370-4d07-a4a1-c9086b968e51,TCGA-A8-A07J-01Z-00-DX1.FE16248C-D890-4750-A9FC-5F72BE8D8B85.svs,476632316,0416881be97bda468c1f3a6a8f20170a,released,LumA,33.0,reserve
TCGA-A8-A07J,TCGA-A8-A07J-01A,01,TS,TS1,49990cf2-06ac-48bb-b0d0-d0e7502c0bd3,TCGA-A8-A07J-01A-01-TS1.d11bd110-d6ef-46c3-b41c-c09ef5f61f3d.svs,246971773,ff729cc08d7616868c0ff0e13b363bc4,released,LumA,33.0,reserve
TCGA-E2-A1IG,TCGA-E2-A1IG-01Z,01,DX,DX1,d813038d-b9e8-4af6-9578-626436be5d84,TCGA-E2-A1IG-01Z-00-DX1.C894EEA1-708A-4043-8C60-3BCA98AA751E.svs,1694914299,850c86523f683eca0c72d310aefe5c1b,released,LumA,34.0,reserve
TCGA-E2-A1IG,TCGA-E2-A1IG-01A,01,TS,TSA,b95a165d-cdac-4d36-906b-420763d8b0a8,TCGA-E2-A1IG-01A-01-TSA.acb89b9b-84e6-4d43-9bb4-9dadb9a4bded.svs,232026521,43f695eba38beeb87c34c8811cf9607a,released,LumA,34.0,reserve
TCGA-A7-A13G,TCGA-A7-A13G-01A,01,BS,BS1,6e241e76-267e-422e-a40e-7abf9e45aa2e,TCGA-A7-A13G-01A-01-BS1.0f72aeb4-0052-486f-9305-449200e92028.svs,313725173,274e48a3b22f94d76ca761570ee874de,released,LumA,35.0,reserve
TCGA-A7-A13G,TCGA-A7-A13G-01Z,01,DX,DX1,693d0470-eecc-4457-a97a-d35ea2268188,TCGA-A7-A13G-01Z-00-DX1.C258C545-8C1F-41D4-846F-962A746CBDFB.svs,125960225,d5df4e4e00112f7c92abef5b82560e1b,released,LumA,35.0,reserve
TCGA-A7-A13G,TCGA-A7-A13G-01Z,01,DX,DX2,7764a625-4210-4eaa-903d-afece89659b7,TCGA-A7-A13G-01Z-00-DX2.72EF429E-75A7-4D1B-AFFC-8767CB213CDA.svs,144328923,3a5bfef4668ce9d997ea03eb0ff37b65,released,LumA,35.0,reserve
TCGA-A7-A13G,TCGA-A7-A13G-01A,01,TS,TS1,af250a20-f72d-4171-ab99-667c562e2cf5,TCGA-A7-A13G-01A-01-TS1.a3f33960-ef9c-4b46-83d2-b08dc677f2bd.svs,373095829,8874006ae283e01acb48dd4966304989,released,LumA,35.0,reserve
TCGA-D8-A3Z6,TCGA-D8-A3Z6-01Z,01,DX,DX1,fb600c7c-df59-4cbc-9282-70b0e070561a,TCGA-D8-A3Z6-01Z-00-DX1.4076A770-5901-4325-85C3-AF7B192272F5.svs,1048138163,a6fa314e659c7035dd21462583a4f944,released,LumA,36.0,reserve
TCGA-D8-A3Z6,TCGA-D8-A3Z6-01Z,01,DX,DX2,5a032a08-9e4a-4995-88ce-206f75381a65,TCGA-D8-A3Z6-01Z-00-DX2.19C6AA07-5D58-46CD-91D0-90DD5CC84022.svs,1138377457,20e026fc1f8cd3d5feb8d4ad9b607559,released,LumA,36.0,reserve
TCGA-D8-A3Z6,TCGA-D8-A3Z6-01Z,01,DX,DX3,cd2865e2-7cb3-498a-9412-4fd86c1bbda6,TCGA-D8-A3Z6-01Z-00-DX3.66566DB7-661D-4002-90C1-B15BF3425903.svs,341279775,24782c2c47285e4cb0bd8f528d11265b,released,LumA,36.0,reserve
TCGA-D8-A3Z6,TCGA-D8-A3Z6-01A,01,TS,TS1,9c6f4bc4-f340-4af1-b88b-42c980a3e5b3,TCGA-D8-A3Z6-01A-01-TS1.9CC3D75E-69D3-4DC0-B541-753EE41AEB22.svs,322062307,d6dc7c613ad84c694975af1741adbc75,released,LumA,36.0,reserve
TCGA-A1-A0SQ,TCGA-A1-A0SQ-01A,01,BS,BSB,42a5ab65-8a81-4e28-a3c0-65215ea0dffa,TCGA-A1-A0SQ-01A-02-BSB.056c6d49-2f06-4e83-82f9-a465b230b32f.svs,225575335,37df7e28bc67e091dee9d7e9d14661b5,released,LumA,37.0,reserve
TCGA-A1-A0SQ,TCGA-A1-A0SQ-01Z,01,DX,DX1,6b860285-6c8a-4d77-a1a4-13e72faca602,TCGA-A1-A0SQ-01Z-00-DX1.36071264-3407-4224-BCBB-2ED00294569A.svs,1381902640,0a921f5f11b2399596f3c48839852cec,released,LumA,37.0,reserve
TCGA-A1-A0SQ,TCGA-A1-A0SQ-01A,01,TS,TSB,0295d2b3-d4d4-4976-b1d4-fd373a1fa6b2,TCGA-A1-A0SQ-01A-02-TSB.aa40d19e-8dcf-4fea-a7f1-4e2edbbd026e.svs,379440411,75211f099f24dc1f3164a1f5926498d2,released,LumA,37.0,reserve
TCGA-E2-A15C,TCGA-E2-A15C-01Z,01,DX,DX1,7b3d2ef5-0b8b-4b3e-8210-c77f8302e437,TCGA-E2-A15C-01Z-00-DX1.26E13415-1D37-43C7-9EBB-4411BE7FCE10.svs,1495466959,91ef7f0de026664079fe0bc1f93ff18f,released,LumA,38.0,reserve
TCGA-E2-A15C,TCGA-E2-A15C-01A,01,TS,TSC,c9067ce6-c382-497d-b718-32f354dacc10,TCGA-E2-A15C-01A-03-TSC.19c1b196-81cc-46f9-8e36-59e833b6e369.svs,144336749,0dc059b5f061c5872ab7b6f756f000f2,released,LumA,38.0,reserve
TCGA-C8-A1HO,TCGA-C8-A1HO-01Z,01,DX,DX1,bb7d6bc1-4d6a-4ecc-a8ad-ecc31ff4f471,TCGA-C8-A1HO-01Z-00-DX1.0C702CEE-C373-4D00-A706-32206D41AC17.svs,847875927,4f268ed725b3a51c6f03c312dd102dce,released,LumA,39.0,reserve
TCGA-C8-A1HO,TCGA-C8-A1HO-01A,01,TS,TSA,aa69746e-8b15-43a8-8c81-3ebfdea7ba17,TCGA-C8-A1HO-01A-01-TSA.5331126c-9810-4054-9020-e5ff802166b5.svs,272398319,bf5bcd67367da3f5dfca35f09310bb6f,released,LumA,39.0,reserve
TCGA-BH-A0DV,TCGA-BH-A0DV-01A,01,BS,BSB,42a664b1-d867-4490-addb-3d84f62ae41e,TCGA-BH-A0DV-01A-02-BSB.391712b1-566f-432f-88d8-44067bfcfc6d.svs,539307229,761382f6b5fe70b8122090ef54a75784,released,LumA,40.0,reserve
TCGA-BH-A0DV,TCGA-BH-A0DV-01Z,01,DX,DX1,fbcf506f-03f3-4c27-930d-dffd828f8680,TCGA-BH-A0DV-01Z-00-DX1.2F0B5FB3-40F0-4D27-BFAC-390FB9A42B39.svs,1507162871,67896ca0048f03770e37e555b2e9a075,released,LumA,40.0,reserve
TCGA-BH-A0DV,TCGA-BH-A0DV-01A,01,TS,TSB,99820810-0f88-420e-adb8-490a4cd7a4b7,TCGA-BH-A0DV-01A-02-TSB.5efc21a2-56a1-4ce2-99b2-fb7edadb3698.svs,643589223,6637d64c7a16ce4bb56b58b75650d623,released,LumA,40.0,reserve
TCGA-LL-A50Y,TCGA-LL-A50Y-01Z,01,DX,DX1,c6845ca3-df62-4186-8106-915cc22719f4,TCGA-LL-A50Y-01Z-00-DX1.7F08413F-2C59-4322-9296-84F8CD3DF619.svs,902187987,9c941a5f36c8ac465f20db4c2cf83bee,released,LumA,41.0,reserve
TCGA-LL-A50Y,TCGA-LL-A50Y-01A,01,TS,TSA,855542ea-fef7-4d93-92ce-65d17f50ff8a,TCGA-LL-A50Y-01A-01-TSA.8145CD98-EA4C-477D-81F9-02E019291CF6.svs,227609401,fad016b819497830912e020287625eb6,released,LumA,41.0,reserve
TCGA-D8-A73W,TCGA-D8-A73W-01Z,01,DX,DX1,7802781b-5141-4f48-ab3c-e8b86899e639,TCGA-D8-A73W-01Z-00-DX1.2A4B8A37-BE62-42C8-A109-800A7970FF0F.svs,1351324005,6a4eaf1a9e93831e5bf8f2caf9ce4c2e,released,LumA,42.0,reserve
TCGA-D8-A73W,TCGA-D8-A73W-01Z,01,DX,DX2,ded4b101-48f5-42f8-afb4-71de8d30ec4e,TCGA-D8-A73W-01Z-00-DX2.EBBBBA5A-AB7C-49EC-9F7F-14248C928F3A.svs,1060943110,df0b28d3cc3cc005be76aeacc83e602d,released,LumA,42.0,reserve
TCGA-D8-A73W,TCGA-D8-A73W-01A,01,TS,TS2,4f62974e-1d20-485c-ad58-d77d4e3ed341,TCGA-D8-A73W-01A-02-TS2.A9875DA2-4BD8-4A07-BFDE-D71336E02072.svs,242692019,e65d670dd3ebcf4ec170890f2f02cc85,released,LumA,42.0,reserve
TCGA-D8-A27L,TCGA-D8-A27L-01Z,01,DX,DX1,619bee8c-e250-49a2-86c0-766112714bb6,TCGA-D8-A27L-01Z-00-DX1.6572593C-B015-4F9A-8C9B-B634CAA0D3B4.svs,945262947,eaaea71da038551b5bfd1f93591052c0,released,LumA,43.0,reserve
TCGA-D8-A27L,TCGA-D8-A27L-01A,01,TS,TS1,dcf70160-4cf2-4102-b4e2-2bd127b39aed,TCGA-D8-A27L-01A-01-TS1.55e3d05f-c91d-4b63-b265-5e4bda1779ce.svs,317203275,3c66af29e9549df6c767ffda9207aaaf,released,LumA,43.0,reserve
TCGA-EW-A1P5,TCGA-EW-A1P5-01Z,01,DX,DX1,9fe17387-8747-4540-b01e-2638c665ab8f,TCGA-EW-A1P5-01Z-00-DX1.B0D59A56-116E-48B3-BC90-237EA4B3F95B.svs,1546154189,eac3fd387ac32c5a819d11709fb31490,released,LumA,44.0,reserve
TCGA-EW-A1P5,TCGA-EW-A1P5-01A,01,TS,TSA,7d2ec3a8-ca15-4c96-acd2-b7d0c52301cc,TCGA-EW-A1P5-01A-01-TSA.0fdc58ed-1cbd-4f60-839e-c12e1450e431.svs,231837743,de0237ffec918b10227877eb498e4221,released,LumA,44.0,reserve
TCGA-A1-A0SF,TCGA-A1-A0SF-01Z,01,DX,DX1,f273a858-1cfa-4983-ace4-b1e876d64473,TCGA-A1-A0SF-01Z-00-DX1.7F252D89-EA78-419F-A969-1B7313D77499.svs,655668792,f25620f99482f13abac6a9cebc29ddc9,released,LumA,45.0,reserve
TCGA-A1-A0SF,TCGA-A1-A0SF-01A,01,TS,TSA,5a2fa03e-712b-494b-9a00-c252f70a77fc,TCGA-A1-A0SF-01A-01-TSA.76e0b1d7-e95b-4c5e-8f53-b62d2700da2e.svs,270298169,d5d31f082a7d302d520bcff76c705db2,released,LumA,45.0,reserve
TCGA-LL-A440,TCGA-LL-A440-01Z,01,DX,DX1,16923b13-722b-4b2a-8364-20592da16f73,TCGA-LL-A440-01Z-00-DX1.6E031FD6-236C-49FA-B920-4CB120C59037.svs,623456975,c9863212c75081b767337fdc4ce236e6,released,LumA,46.0,reserve
TCGA-LL-A440,TCGA-LL-A440-01A,01,TS,TSA,2c9c1bbe-dc6e-44ca-848e-3eb33ed5f914,TCGA-LL-A440-01A-01-TSA.7F50766F-CBFA-40A8-8B9D-3F8CFE42210C.svs,246107685,7b8c7738315ac75277a268e4c305fafe,released,LumA,46.0,reserve
TCGA-A8-A086,TCGA-A8-A086-01A,01,BS,BSA,588332a1-7a99-43d8-a67e-917ace6b8c6d,TCGA-A8-A086-01A-01-BSA.f75d10e3-5a89-4b4f-9b40-6bca77731bb2.svs,230914093,496ae7309d1409d6ee39a15a3f66ea5d,released,LumA,47.0,reserve
TCGA-A8-A086,TCGA-A8-A086-01Z,01,DX,DX1,8bbe9bd4-ac73-4102-963b-3f9d53f0c48c,TCGA-A8-A086-01Z-00-DX1.E5FD8C53-2068-4018-B3C0-08EED253ACD2.svs,1134447342,8b3536cde841d83502735069025c613e,released,LumA,47.0,reserve
TCGA-A8-A086,TCGA-A8-A086-01A,01,TS,TSA,324df205-a5fd-4252-9862-33d9c0ac58f7,TCGA-A8-A086-01A-01-TSA.a432a95f-5863-4ad9-a2eb-7f986c62e096.svs,274060069,bc7910142f2727a30643410b222fc8b1,released,LumA,47.0,reserve
TCGA-A2-A0CV,TCGA-A2-A0CV-01A,01,BS,BSC,dfec56c7-fc58-49e2-a10e-4bcd437a84c2,TCGA-A2-A0CV-01A-03-BSC.14215df5-081f-4f57-a912-da96e1f7aa24.svs,261314443,9bbbe81944e1df43473f41f27d66f398,released,LumA,48.0,reserve
TCGA-A2-A0CV,TCGA-A2-A0CV-01Z,01,DX,DX1,1c8e9a67-912a-4c69-965a-6b2f0e71eb30,TCGA-A2-A0CV-01Z-00-DX1.B02D017A-61CD-45FE-BB31-705CD127DDAB.svs,1572066783,15d7c9e56889b0d30227f3e95bd06433,released,LumA,48.0,reserve
TCGA-A2-A0CV,TCGA-A2-A0CV-01A,01,TS,TSC,79aee3c0-67ce-49bd-a031-15f9cb72f5f7,TCGA-A2-A0CV-01A-03-TSC.3b9baf94-f5f8-4949-a017-4cd1152f87c5.svs,214739201,fb01093044ae99d2a41ab01f950e9a4c,released,LumA,48.0,reserve
TCGA-BH-A0DQ,TCGA-BH-A0DQ-01Z,01,DX,DX1,5acee561-9fab-46d5-b0ff-8be3af8ebd75,TCGA-BH-A0DQ-01Z-00-DX1.5A98747C-52D9-45AD-BC84-934A96F069EB.svs,1863343035,10955c8dd86f0f8d95629a8733b1b4b1,released,LumA,49.0,reserve
TCGA-BH-A0DQ,TCGA-BH-A0DQ-01A,01,TS,TSA,557ab6b3-5cfd-49cd-8d18-5cf81118b2c5,TCGA-BH-A0DQ-01A-01-TSA.24f28fdb-5247-4110-9356-579b900acecc.svs,262262961,b5ac0701584d07a34a174b519631e168,released,LumA,49.0,reserve
TCGA-OL-A66J,TCGA-OL-A66J-01Z,01,DX,DX1,53f6eba5-0a1f-45b8-956d-bd4df0996029,TCGA-OL-A66J-01Z-00-DX1.661F7F70-E4D4-4875-B8C4-556F7927F3BA.svs,2249782650,db0b74051d10b5e581d235e57ae49084,released,LumA,50.0,reserve
TCGA-OL-A66J,TCGA-OL-A66J-01A,01,TS,TSA,f45b57d1-45fd-40f9-9ad5-6481d1cea3fd,TCGA-OL-A66J-01A-01-TSA.E4BF378D-1355-4CA2-B0A5-B6C2290EBFCE.svs,168094491,ea072fc38d78aecf7d9fa88da536d181,released,LumA,50.0,reserve
TCGA-EW-A1J2,TCGA-EW-A1J2-01Z,01,DX,DX1,6d7a28e1-1617-4e0e-be39-83a6ed60fcaf,TCGA-EW-A1J2-01Z-00-DX1.F1D8E593-2DF4-44C3-873D-FD3C910011E4.svs,967756367,ebb4e532a0727df473b8c6f204ffd62b,released,LumA,51.0,reserve
TCGA-EW-A1J2,TCGA-EW-A1J2-01A,01,TS,TSB,4d0b1c77-d97b-4d28-b6ed-7fb5b4aa54e2,TCGA-EW-A1J2-01A-02-TSB.99b2d68c-e3e5-4e89-ba30-158409bf8430.svs,166214157,39878cc3574252f16eb8ba52318d2110,released,LumA,51.0,reserve
TCGA-A2-A0EM,TCGA-A2-A0EM-01A,01,BS,BSA,4376ed65-6ff5-476c-8d54-4e426f79d21f,TCGA-A2-A0EM-01A-01-BSA.aef9970e-ae41-478b-bdd1-510eec165c06.svs,203387759,ec15d75dafe636fcb54b0d85a92a263e,released,LumA,52.0,reserve
TCGA-A2-A0EM,TCGA-A2-A0EM-01Z,01,DX,DX1,7c0d4fde-cb31-41c6-aea6-e40fb089d0c7,TCGA-A2-A0EM-01Z-00-DX1.305CF011-7451-4880-9A5D-AB4432CF53A5.svs,787624187,64c6cb78ea72707187655fe827976ae4,released,LumA,52.0,reserve
TCGA-A2-A0EM,TCGA-A2-A0EM-01A,01,TS,TSA,4fc7de07-1bfe-4a7b-b1a4-6573535e447c,TCGA-A2-A0EM-01A-01-TSA.c792570c-b567-47a4-8092-4f9021843df7.svs,404071429,7865601367c4b468086ffcd6ddef51b3,released,LumA,52.0,reserve
TCGA-AR-A0TW,TCGA-AR-A0TW-01A,01,BS,BSA,63941d11-8cc8-4149-ba37-5ec0e3b3d2a5,TCGA-AR-A0TW-01A-01-BSA.70e22d8c-b052-4fcc-9150-8d46663ff942.svs,358445863,f93946abc240b41591c379f863552afe,released,LumA,53.0,reserve
TCGA-AR-A0TW,TCGA-AR-A0TW-01Z,01,DX,DX1,db730e4d-857f-46e1-a1f4-d15daacfa969,TCGA-AR-A0TW-01Z-00-DX1.0C1EAE07-6BA6-4908-89E1-0133F3640174.svs,2401246195,dadd3fe07efe9f6152b1b8149a446643,released,LumA,53.0,reserve
TCGA-AR-A0TW,TCGA-AR-A0TW-01A,01,TS,TSA,28f43ac0-a98b-4b4f-9a60-73541c221984,TCGA-AR-A0TW-01A-01-TSA.9da4de42-ef24-463d-9ad4-188023c3b40b.svs,406016839,41f092e57e1fe7c5ba949a3635fdb73c,released,LumA,53.0,reserve
TCGA-D8-A1XU,TCGA-D8-A1XU-01Z,01,DX,DX1,4ed46863-d7e2-4827-bf92-55d9a31df30f,TCGA-D8-A1XU-01Z-00-DX1.769DBC38-6F0D-425B-A904-79EBA1C119EF.svs,935872795,81a91a3ded6811ee5bb5578b1fd5d4a3,released,LumA,54.0,reserve
TCGA-D8-A1XU,TCGA-D8-A1XU-01A,01,TS,TS1,8aec777b-d8df-4982-ae49-d6566a83b9e2,TCGA-D8-A1XU-01A-01-TS1.608d30cd-fb83-4e0c-a164-a9d99044681c.svs,346405957,df7c668e37580d56be82f4195f55b62b,released,LumA,54.0,reserve
TCGA-A8-A0A9,TCGA-A8-A0A9-01A,01,BS,BS1,e4ae6de0-d9ed-4ad7-b15d-a4654a2ece15,TCGA-A8-A0A9-01A-01-BS1.eda51aaf-8be8-4dec-b584-1ae0ea5096e0.svs,369701059,6d966d5c96ef32fb6620044b90f578d3,released,LumA,55.0,reserve
TCGA-A8-A0A9,TCGA-A8-A0A9-01Z,01,DX,DX1,d1b0e00d-de54-41d2-9f09-8f4461440682,TCGA-A8-A0A9-01Z-00-DX1.16524DDD-539D-4E47-9A8F-1B910D4FEC2D.svs,302467684,80cc64ab9d19a5c6d0dee64d8e69ef36,released,LumA,55.0,reserve
TCGA-A8-A0A9,TCGA-A8-A0A9-01A,01,TS,TS1,42e21726-75ff-4222-98bf-27274a5a0bf3,TCGA-A8-A0A9-01A-01-TS1.12f6478b-a0c9-4051-8688-c40183e6e62c.svs,272834637,2d32370f916dce0adbb538804dec435e,released,LumA,55.0,reserve
TCGA-XX-A899,TCGA-XX-A899-01Z,01,DX,DX1,c0771f84-757a-417d-8841-73735b256322,TCGA-XX-A899-01Z-00-DX1.08FE27B7-73B8-4CE3-ACF4-0689C81C140B.svs,1392489277,5fe48e6ea3608a016dc15b8bc76066c9,released,LumA,56.0,reserve
TCGA-XX-A899,TCGA-XX-A899-01A,01,TS,TS1,414db8bf-936e-443e-b4ba-3e8c9ed35571,TCGA-XX-A899-01A-01-TS1.2DDFDCB0-BA90-4AFD-BF9A-A7B956B581FE.svs,186177531,a37deb6a4c079ec28f5d52d5b5e976b8,released,LumA,56.0,reserve
TCGA-EW-A2FS,TCGA-EW-A2FS-01Z,01,DX,DX1,64cf590d-97ba-46a6-a9b0-b79a415de9d3,TCGA-EW-A2FS-01Z-00-DX1.A01C9183-2AC8-456A-B5A6-85C5BB0361D8.svs,1393229649,94a70f2fe16c3cbb3293bf61a6746cbf,released,LumA,57.0,reserve
TCGA-EW-A2FS,TCGA-EW-A2FS-01A,01,TS,TSA,10848da1-5213-4cbd-8d2c-42998c1c868f,TCGA-EW-A2FS-01A-01-TSA.028A6732-BBAA-403F-8897-9C74202A01DD.svs,345582527,b08f945b5aa07fae5585f7217da63c6d,released,LumA,57.0,reserve
TCGA-AO-A0J9,TCGA-AO-A0J9-01A,01,BS,BSA,a3d2969b-811f-4970-af49-c4b3d59b60c9,TCGA-AO-A0J9-01A-01-BSA.a5487965-8c66-4e0d-9dfe-53bb39d7f9fa.svs,170196089,7af995d2bebd6e397708b4049091f4c5,released,LumA,58.0,reserve
TCGA-AO-A0J9,TCGA-AO-A0J9-01Z,01,DX,DX1,91f55a25-ae69-4c98-8b31-326b50ecdb26,TCGA-AO-A0J9-01Z-00-DX1.E37C342B-9B6A-4BEE-B064-A82C3579CC66.svs,780814062,c47017046f55caa61a43078bc90f1b02,released,LumA,58.0,reserve
TCGA-AO-A0J9,TCGA-AO-A0J9-01A,01,TS,TSA,93b30e2c-ecbc-4970-b435-696bd5b56c3b,TCGA-AO-A0J9-01A-01-TSA.526836e1-20e5-42a2-89b4-014a69e4838d.svs,278190635,a9bfd77031fda8fe470d8c9843bdee58,released,LumA,58.0,reserve
TCGA-GM-A2DK,TCGA-GM-A2DK-01Z,01,DX,DX1,9af6f832-035e-4b20-b836-a355b8cef97e,TCGA-GM-A2DK-01Z-00-DX1.4F81A585-9549-454C-8E15-2E4545795460.svs,1171275225,72f2ca359632f28e11fa9ef42c6c3f13,released,LumA,59.0,reserve
TCGA-GM-A2DK,TCGA-GM-A2DK-01A,01,TS,TSB,f0bfa3d1-e376-41e3-a794-331d99d0d696,TCGA-GM-A2DK-01A-02-TSB.67FCA9F8-03FF-4737-8833-EAC61B44B8E5.svs,165849897,80c551706e9a436c0af235a0bb888656,released,LumA,59.0,reserve
TCGA-GM-A2DM,TCGA-GM-A2DM-01Z,01,DX,DX1,8d64eaaf-515e-437c-818e-b0b7cb37366c,TCGA-GM-A2DM-01Z-00-DX1.652038F4-C370-40EB-A545-51062783C74C.svs,1208477723,f2453a552ea43b6772e85a04c1fe7eb7,released,LumA,60.0,reserve
TCGA-GM-A2DM,TCGA-GM-A2DM-01A,01,TS,TSA,545b3a5f-f36d-497e-b6ee-a18aaa355c42,TCGA-GM-A2DM-01A-01-TSA.CE8A6B68-BA97-48F1-A44D-023730B752E7.svs,166902165,4c470131e4955e5104bee2457e482a79,released,LumA,60.0,reserve
TCGA-LL-A7SZ,TCGA-LL-A7SZ-01Z,01,DX,DX1,553c02d0-2c62-4513-bfc7-daef00be745e,TCGA-LL-A7SZ-01Z-00-DX1.4DAF6421-6A1D-41C8-BFD6-859FE10CB8CC.svs,1709020943,671dd903f9ae75fb60ea6e7aeb332a77,released,LumA,61.0,reserve
TCGA-LL-A7SZ,TCGA-LL-A7SZ-01A,01,TS,TS3,6e522836-017d-4e4e-96fc-bc609050d301,TCGA-LL-A7SZ-01A-03-TS3.78056052-E9C1-4D16-9080-44FE17A91DFE.svs,196545077,c6ef466e162e7b56fec6a125404dd516,released,LumA,61.0,reserve
TCGA-GM-A2DI,TCGA-GM-A2DI-01Z,01,DX,DX1,1941bd60-aa20-4c4c-896e-7b2745426cca,TCGA-GM-A2DI-01Z-00-DX1.5E9715EA-9D2B-49D0-8F1D-972CF24B1960.svs,711084977,0ff7346a3071ec5a6ba22fe2d0dbc37a,released,LumA,62.0,reserve
TCGA-GM-A2DI,TCGA-GM-A2DI-01A,01,TS,TSC,bf5ec6a4-d725-45fb-b3c5-662c82c74438,TCGA-GM-A2DI-01A-03-TSC.DB9E24D8-2B07-483E-A490-2B64240EFCEE.svs,159144519,08c4197cfa1e7105ca40e519391ad4f1,released,LumA,62.0,reserve
TCGA-BH-A0GZ,TCGA-BH-A0GZ-01A,01,BS,BSA,26ca87e0-8d27-4861-88f0-087fc3450ca7,TCGA-BH-A0GZ-01A-01-BSA.2d2c174c-aa50-4f85-ba38-b46d3303f8ee.svs,265890935,4eb24553f0999978b77890bc6b010977,released,LumA,63.0,reserve
TCGA-BH-A0GZ,TCGA-BH-A0GZ-01Z,01,DX,DX1,6bd7f723-3737-491d-ac2f-279eac24f50c,TCGA-BH-A0GZ-01Z-00-DX1.9AD4F493-A0A9-499D-B667-B33333FC1A51.svs,1272626917,befcefebc5258da3561fd93aff2b4b05,released,LumA,63.0,reserve
TCGA-BH-A0GZ,TCGA-BH-A0GZ-01A,01,TS,TSA,fa386b76-b962-45e1-8966-e749c0b60f6f,TCGA-BH-A0GZ-01A-01-TSA.0f63b7d7-9142-4f14-a9fb-8c061a0fa4b8.svs,389770391,107d35c309e46133c8e48f5114489c58,released,LumA,63.0,reserve
TCGA-S3-AA11,TCGA-S3-AA11-01Z,01,DX,DX1,984be8a2-6d98-49dd-863a-d20dfc1c9c88,TCGA-S3-AA11-01Z-00-DX1.36B83B37-2928-4DB7-A04A-8D511F1183FD.svs,762259875,2064ec8fe752b9c974b2f6584333d66a,released,LumA,64.0,reserve
TCGA-S3-AA11,TCGA-S3-AA11-01A,01,TS,TS3,6407f9ce-21ce-4181-bf70-fa0dbb2553c3,TCGA-S3-AA11-01A-03-TS3.8C92F642-024A-482C-A5D0-A49910FE31C6.svs,348329791,7afe3c444855623d0a650ad39ec44908,released,LumA,64.0,reserve
TCGA-AO-A03V,TCGA-AO-A03V-01Z,01,DX,DX1,ce7195d4-4e8a-4920-87ea-03480b8d26fc,TCGA-AO-A03V-01Z-00-DX1.52EBCB72-0C65-4E67-B9BB-DA15494327DE.svs,453227234,5bb9dcf114b57edd41225734db27c43a,released,LumA,65.0,reserve
TCGA-AO-A03V,TCGA-AO-A03V-01A,01,TS,TS1,ba605481-9fa9-4ef2-83c8-fb7c05fbff09,TCGA-AO-A03V-01A-01-TS1.9b67fe65-977d-4b18-bf14-79378230f289.svs,100653105,e1a9db4c0d675547430f08ce8efa93c0,released,LumA,65.0,reserve
TCGA-AO-A0JA,TCGA-AO-A0JA-01A,01,BS,BSA,9e6f68cb-be6e-46cd-8c08-26d373b9306e,TCGA-AO-A0JA-01A-01-BSA.c9bb5119-6e0c-4d16-9da4-82a7e553b309.svs,489617383,056bb15451f2fa44af1ca3b547aedd36,released,LumA,66.0,reserve
TCGA-AO-A0JA,TCGA-AO-A0JA-01Z,01,DX,DX1,a1ec9d1d-da82-4814-915b-bef1f6a3a3a8,TCGA-AO-A0JA-01Z-00-DX1.E3DDBAAF-6FFA-40BE-83FF-942857CFED5D.svs,742711536,d6128a5620adc5b00d2642bd76a08e10,released,LumA,66.0,reserve
TCGA-AO-A0JA,TCGA-AO-A0JA-01A,01,TS,TSA,669a71dd-c9fd-41e2-a736-7d54574af04c,TCGA-AO-A0JA-01A-01-TSA.818b6240-5b8c-488c-9354-0faeb5491495.svs,759729519,461f49cc39306d7a8777a9ad286437dc,released,LumA,66.0,reserve
TCGA-A7-A5ZW,TCGA-A7-A5ZW-01Z,01,DX,DX1,8e2334e6-4066-4ad3-9b89-903351f61442,TCGA-A7-A5ZW-01Z-00-DX1.5F571EE3-A1A3-4604-BE89-1A46E0EC508B.svs,226164049,3b61b6f5ebefc2595895f7a32f344c88,released,LumA,67.0,reserve
TCGA-A7-A5ZW,TCGA-A7-A5ZW-01A,01,TS,TS1,712b9ff3-cb29-4345-aba6-15ca1201e3e0,TCGA-A7-A5ZW-01A-01-TS1.06909389-EBB0-43BB-AE11-A1C0449EADFA.svs,294099137,01c665d6658a4220cefa777ad8966979,released,LumA,67.0,reserve
TCGA-E2-A1LA,TCGA-E2-A1LA-01Z,01,DX,DX1,271cd8a9-e404-4736-b609-3f378a097524,TCGA-E2-A1LA-01Z-00-DX1.AE49E943-B830-4ED9-B09E-E499441BC2EC.svs,1378680769,5f5a33abb636a53b3e0d5bbb5f1d1959,released,LumA,68.0,reserve
TCGA-E2-A1LA,TCGA-E2-A1LA-01A,01,TS,TS1,0c8baefa-396e-4387-95a4-e0dad43cebc3,TCGA-E2-A1LA-01A-01-TS1.f300df8b-2423-47e1-8a95-24048aaeac80.svs,123793789,9e8c209792af041a59a0891773eff41f,released,LumA,68.0,reserve
TCGA-BH-A0BM,TCGA-BH-A0BM-01A,01,BS,BSA,73a7e3cc-0942-492e-a365-564032de882e,TCGA-BH-A0BM-01A-01-BSA.0c2b78c5-2579-4a8a-81cb-e2f6cbb4a019.svs,224132823,a6f4ad01cc6fc39d0c79d46a2aae99e8,released,LumA,69.0,reserve
TCGA-BH-A0BM,TCGA-BH-A0BM-01Z,01,DX,DX1,9a37489c-cd3f-4fe3-8ba2-52b2c821459c,TCGA-BH-A0BM-01Z-00-DX1.8BD324F2-60F5-4F59-AF2D-533A5FB230BF.svs,612682483,6354266c4eae531a9fabcf8b676248d9,released,LumA,69.0,reserve
TCGA-BH-A0BM,TCGA-BH-A0BM-01A,01,TS,TSA,91391c0f-1be9-47c3-9ba3-1e2d7fc39df8,TCGA-BH-A0BM-01A-01-TSA.f2ad9846-fe78-4112-af84-b800a575e977.svs,282884963,360be0f564fad61bd4dcf1618d3165ae,released,LumA,69.0,reserve
TCGA-E2-A1L9,TCGA-E2-A1L9-01Z,01,DX,DX1,0279f555-9738-41e0-b89f-ded25829adc0,TCGA-E2-A1L9-01Z-00-DX1.F2CC1036-8EEE-4664-962E-541B8ACB10DE.svs,806303665,079249586c5120e39a3543c1a799db82,released,LumA,70.0,reserve
TCGA-E2-A1L9,TCGA-E2-A1L9-01A,01,TS,TS1,f9b55c69-cb7a-4273-823b-ea1f407bd2e9,TCGA-E2-A1L9-01A-01-TS1.2d977c38-3f65-4898-b817-e30c041167bf.svs,292618271,41ccb57e8e615d273fb48a96bfd2f206,released,LumA,70.0,reserve
TCGA-LL-A6FQ,TCGA-LL-A6FQ-01Z,01,DX,DX1,ba28ec65-861d-4dc2-8ee2-8f5c38cb3804,TCGA-LL-A6FQ-01Z-00-DX1.D4FEEC16-FC67-4C4A-A4B1-F8BA34ECBCBD.svs,1226267751,6284bafac29d50bbfaccce7ce7fd7192,released,LumA,71.0,reserve
TCGA-LL-A6FQ,TCGA-LL-A6FQ-01A,01,TS,TS1,1c47bb39-19bb-4c83-9820-29e73433e4ac,TCGA-LL-A6FQ-01A-01-TS1.D2E1CF23-7EC9-4BDF-9C1A-4C3342EA23C4.svs,208615487,d1063db751875a63ecb953ce517a1100,released,LumA,71.0,reserve
TCGA-AC-A5XU,TCGA-AC-A5XU-01Z,01,DX,DX1,032fc1ed-c515-4b26-a229-f67c1eb6fdc3,TCGA-AC-A5XU-01Z-00-DX1.1AEEFAAF-0906-4086-8022-13B689FAB9F5.svs,340096914,46e99794544928c3060249bfa6c0a7b8,released,LumA,72.0,reserve
TCGA-AC-A5XU,TCGA-AC-A5XU-01A,01,TS,TSA,c7c7c0dc-7998-46ae-8306-2d1f6ea1fbc2,TCGA-AC-A5XU-01A-01-TSA.53BFAB63-FB19-4F47-B71C-C93645D58BBB.svs,136623825,14a19e035766ea0ffc2ec9db98090935,released,LumA,72.0,reserve
TCGA-E2-A1BD,TCGA-E2-A1BD-01Z,01,DX,DX1,f906e739-e7b7-4442-b5c6-49fca5cc2ba1,TCGA-E2-A1BD-01Z-00-DX1.A2AFF7AD-ED47-43E4-87FE-62882BAEB8DA.svs,1336674187,27d1b1bbcad6ace07ed0954cd63d333d,released,LumA,73.0,reserve
TCGA-E2-A1BD,TCGA-E2-A1BD-01A,01,TS,TSA,03795002-6fe6-459c-bbee-bab90f742133,TCGA-E2-A1BD-01A-01-TSA.240c5cd9-3dad-40fe-82a9-f81214203302.svs,199950649,0a50c336d5ed18b7dca8ee64155b28e3,released,LumA,73.0,reserve
TCGA-A8-A08O,TCGA-A8-A08O-01A,01,BS,BS1,d535bc5c-b246-4127-978f-8d3b6d4402e1,TCGA-A8-A08O-01A-01-BS1.4d78f0ab-bbcc-469e-a381-a4e9b763fd03.svs,235807703,0b23e9b1babf2d04a63a5345d13cc856,released,LumA,74.0,reserve
TCGA-A8-A08O,TCGA-A8-A08O-01A,01,BS,BS2,5e37bc1b-69e0-4442-9656-95a2dca7aa10,TCGA-A8-A08O-01A-02-BS2.6b4babf5-86ae-4b21-ba69-9ea213e76c0d.svs,130960327,7837cf1d43bb73844eeb8d65679303c1,released,LumA,74.0,reserve
TCGA-A8-A08O,TCGA-A8-A08O-01Z,01,DX,DX1,5f71ff26-3b04-432b-8bfc-1dc439263d79,TCGA-A8-A08O-01Z-00-DX1.BC87C01D-F081-41CA-939A-875C61588E88.svs,289580616,470b15b54e76abdd0a0cdee1fc76ac0a,released,LumA,74.0,reserve
TCGA-BH-A0HQ,TCGA-BH-A0HQ-01A,01,BS,BSA,7ef4b107-ed2f-41cf-b6f4-29fe5cb40b3a,TCGA-BH-A0HQ-01A-01-BSA.4d080ff5-e61d-49e5-ae36-697e5b0ba630.svs,783432013,54f5d21e5e534a22d556f516f0f603d8,released,LumA,75.0,reserve
TCGA-BH-A0HQ,TCGA-BH-A0HQ-01Z,01,DX,DX1,d15f6213-f780-4794-8ad3-ad9fd635f9b2,TCGA-BH-A0HQ-01Z-00-DX1.0921FCEF-20A2-4D4B-A198-91AF9F6C814C.svs,1162280135,aaec48746dbbe81579c75e8b59438d65,released,LumA,75.0,reserve
TCGA-BH-A0HQ,TCGA-BH-A0HQ-01A,01,TS,TSA,77efa3ed-8c08-4a9b-b484-f31cf1c99bc0,TCGA-BH-A0HQ-01A-01-TSA.177676f4-76db-4918-a57e-99124cfa3f34.svs,787365127,22f2bd729f702289d8e86b2fcda58755,released,LumA,75.0,reserve
TCGA-EW-A1PA,TCGA-EW-A1PA-01Z,01,DX,DX1,e3319ea2-10e2-4626-8844-4e6f82d0dcd0,TCGA-EW-A1PA-01Z-00-DX1.03B033F8-62C0-49E1-BDEA-C5217AB3460A.svs,1355380339,4b8940ce0cb554dfb7f03d6a6bd425a7,released,LumA,76.0,reserve
TCGA-EW-A1PA,TCGA-EW-A1PA-01A,01,TS,TSA,cf541104-161b-4e2b-9f22-03748c765920,TCGA-EW-A1PA-01A-01-TSA.b6516a72-91fb-4dd8-8da0-2a9989a48e14.svs,127941969,d7a734bb8bbf3be347ed5c0e4f72fb36,released,LumA,76.0,reserve
TCGA-D8-A1Y0,TCGA-D8-A1Y0-01Z,01,DX,DX1,81100322-018d-4957-bec7-c1833e288434,TCGA-D8-A1Y0-01Z-00-DX1.10F40197-4174-43CC-AAD3-8CB85154FB2D.svs,844618225,87a5b4779b912bf12771deab32f09312,released,LumA,77.0,reserve
TCGA-D8-A1Y0,TCGA-D8-A1Y0-01Z,01,DX,DX2,9052f95a-e73d-42f1-a83c-827bc5113af4,TCGA-D8-A1Y0-01Z-00-DX2.7C25E941-12A6-46CE-B1A5-488D08E35684.svs,826809247,eb4aaa9268ea9876b2544601077e5e72,released,LumA,77.0,reserve
TCGA-D8-A1Y0,TCGA-D8-A1Y0-01A,01,TS,TS1,c18cb0c5-d71a-4ada-913e-4e64a5a27d2f,TCGA-D8-A1Y0-01A-01-TS1.c38fad63-fb38-482d-b9ad-62de484bfdac.svs,193846545,fa2aae0bbc555cc45c2b85f63654f492,released,LumA,77.0,reserve
TCGA-BH-A0DG,TCGA-BH-A0DG-01A,01,BS,BSB,0f7cca08-d39b-4db4-832e-d50a018b3be3,TCGA-BH-A0DG-01A-02-BSB.991bb656-5e82-4698-8618-27c6a0b1616e.svs,415949775,0966f7f2848d86d7f73a6f97ae82ed41,released,LumA,78.0,reserve
TCGA-BH-A0DG,TCGA-BH-A0DG-01Z,01,DX,DX1,7f454192-063c-405a-b047-b771922d0378,TCGA-BH-A0DG-01Z-00-DX1.D3C4F57F-608F-46AA-A978-B558117C9DFB.svs,1352198923,24a3788ba5a2c53570c12518d9511cb8,released,LumA,78.0,reserve
TCGA-E2-A576,TCGA-E2-A576-01Z,01,DX,DX1,65c555cc-850b-4504-9ebb-013b965278d8,TCGA-E2-A576-01Z-00-DX1.2E045763-7EB0-48F5-8C47-E4B84287D739.svs,742080659,de247927fcc01a9b0fe4c822c89dd0aa,released,LumA,79.0,reserve
TCGA-E2-A576,TCGA-E2-A576-01A,01,TS,TSA,0afa2925-d2c1-4949-bde4-a85f084641dd,TCGA-E2-A576-01A-01-TSA.B5BE3814-145D-4236-8152-BA39A1B7D0D7.svs,292543395,bbbfc2d7180305226488bde61ba84cc8,released,LumA,79.0,reserve
TCGA-EW-A1IZ,TCGA-EW-A1IZ-01Z,01,DX,DX1,b0e7ce5b-5de6-4b13-ae75-5a0360d044de,TCGA-EW-A1IZ-01Z-00-DX1.81D5544E-0A7D-4A92-A3B0-4F22CFB8BBB2.svs,684030757,550b93ee92fa9e1b3e5e7c0011a44e69,released,LumA,80.0,reserve
TCGA-EW-A1IZ,TCGA-EW-A1IZ-01A,01,TS,TSA,b052b2c3-fa18-4706-92e3-8137af39226c,TCGA-EW-A1IZ-01A-01-TSA.a52af132-ed54-40a0-931b-913928cf057f.svs,156305739,703324db1bcb7d3fb4598dfbd7db4c56,released,LumA,80.0,reserve
TCGA-EW-A1J1,TCGA-EW-A1J1-01Z,01,DX,DX1,2c3dea2c-5ce6-4de5-ad15-b3f9416b0ab4,TCGA-EW-A1J1-01Z-00-DX1.FFC2D5DB-E6D0-4143-A1E7-0A2027846C8C.svs,1426290691,99cd78dbc0b9cefc42149f75d069511d,released,LumA,81.0,reserve
TCGA-EW-A1J1,TCGA-EW-A1J1-01A,01,TS,TSA,9d09f522-e221-4ef9-ba80-5598d6a20e7f,TCGA-EW-A1J1-01A-01-TSA.153bc6b7-16b6-4c43-b9ac-46a7ed05d0db.svs,248100513,4a5496e3d481985dbb66d2f6bc017b07,released,LumA,81.0,reserve
TCGA-AR-A2LM,TCGA-AR-A2LM-01Z,01,DX,DX1,5032b8ff-1d90-4a03-a094-7bfcfca8bad0,TCGA-AR-A2LM-01Z-00-DX1.CB64A062-2E35-41F9-97C7-07BB60754799.svs,1540224583,ead8a20141caad5abb16e6e41892529f,released,LumA,82.0,reserve
TCGA-AR-A2LM,TCGA-AR-A2LM-01A,01,TS,TSA,5ec3d38f-d737-4eba-ba83-a7dd26bb4787,TCGA-AR-A2LM-01A-01-TSA.F74C259B-C369-43F7-8D4C-9C0F71DCB07E.svs,284408493,1f2cedd20314b51498ea871aa9799ee2,released,LumA,82.0,reserve
TCGA-BH-A0HP,TCGA-BH-A0HP-01A,01,BS,BSA,e69c8e0a-a47c-49a9-bb71-43b28edf08b4,TCGA-BH-A0HP-01A-01-BSA.c795ed04-0ade-4ed8-9a8b-526b4b789838.svs,496313243,62d4f86f989534d566c60ad3a60b469e,released,LumA,83.0,reserve
TCGA-BH-A0HP,TCGA-BH-A0HP-01Z,01,DX,DX1,150c8041-3a15-426c-bbef-8830a8da06c2,TCGA-BH-A0HP-01Z-00-DX1.F1FF6E88-B2D1-40AA-8373-1714D82E666F.svs,1224432283,ef074d5be8da1fb79fd3a388e1e49d95,released,LumA,83.0,reserve
TCGA-BH-A0HP,TCGA-BH-A0HP-01A,01,TS,TSA,3fd44a43-540c-44da-b5e6-c0a5637c6c93,TCGA-BH-A0HP-01A-01-TSA.f21bc9c8-67ad-4b4c-b9ac-5d824f2c0df8.svs,616831659,7b5c4f573be87c714ba3e3db0de374f5,released,LumA,83.0,reserve
TCGA-E2-A570,TCGA-E2-A570-01Z,01,DX,DX1,4e48e223-064c-4d63-91c2-6a747ca0f9ea,TCGA-E2-A570-01Z-00-DX1.64E5F2CA-9396-40DC-A300-04A54657BDE6.svs,1710329399,520460307b1908d787f1e103d931ec55,released,LumA,84.0,reserve
TCGA-E2-A570,TCGA-E2-A570-01A,01,TS,TSA,dadd0008-bfb0-4517-8cd3-7e2fe3e2fd89,TCGA-E2-A570-01A-01-TSA.3BF71DC2-AF5C-400D-BF49-A6A7483481BB.svs,601256879,88adf6eec08e3cf90f5a379c15cf92c5,released,LumA,84.0,reserve
TCGA-E2-A1IN,TCGA-E2-A1IN-01Z,01,DX,DX1,c2e4fe6d-db89-42df-9594-8ef7a6d11490,TCGA-E2-A1IN-01Z-00-DX1.F63F004F-847D-41B0-BAEF-3189D4965838.svs,595450873,2ceeb4cc4177941acc1f75c74a9cfd90,released,LumA,85.0,reserve
TCGA-E2-A1IN,TCGA-E2-A1IN-01A,01,TS,TSA,9cf1e2bf-d7f4-4c94-8918-eb5f9782ec75,TCGA-E2-A1IN-01A-01-TSA.d8b99a48-e9a4-4bc0-8ecd-0eecf195803e.svs,459574793,3cf2b8feff1dcb0bfad4dbd1d61a07b0,released,LumA,85.0,reserve
TCGA-AO-A0JG,TCGA-AO-A0JG-01A,01,BS,BSC,9d6b2aaa-d1af-45b7-afd6-8340d338511e,TCGA-AO-A0JG-01A-03-BSC.6b4d1364-f805-4583-8aac-7382e95a2cc7.svs,112931125,78b57cacf80547d56851f329b0089b5a,released,LumA,86.0,reserve
TCGA-AO-A0JG,TCGA-AO-A0JG-01Z,01,DX,DX1,c3658f7f-b174-4971-9a27-271d16a48669,TCGA-AO-A0JG-01Z-00-DX1.FA785D56-B4FF-4CC3-A631-5C748E8E0558.svs,369609104,787e552fb9161f7235ddc54277b13d6a,released,LumA,86.0,reserve
TCGA-BH-A1EU,TCGA-BH-A1EU-01Z,01,DX,DX1,0ce5fcd8-3ace-4213-ae59-844c11a45f7b,TCGA-BH-A1EU-01Z-00-DX1.5A0956EF-0100-47FD-9026-1994CF22D0F1.svs,1091872439,98dec1a4ec0cfbf00cb6f18669235354,released,LumA,87.0,reserve
TCGA-BH-A1EU,TCGA-BH-A1EU-01A,01,TS,TSA,8fe98b1a-bfb4-4a3d-9a4c-3964ce54e96c,TCGA-BH-A1EU-01A-01-TSA.ce198ff0-3faf-4c61-b810-eac6d14f9a28.svs,264248103,df785b5ddfd322d274cd09d983543040,released,LumA,87.0,reserve
TCGA-BH-A0BT,TCGA-BH-A0BT-01A,01,BS,BSA,c4a50f22-b7f0-478f-86b3-f7128bcebcbe,TCGA-BH-A0BT-01A-01-BSA.5024ab0b-133d-4414-803d-29a1d63df444.svs,363196819,9aba4a0847c754f326b89b97d3f699dc,released,LumA,88.0,reserve
TCGA-BH-A0BT,TCGA-BH-A0BT-01Z,01,DX,DX1,2c83bc8f-ac3c-4749-921a-cdef6f872704,TCGA-BH-A0BT-01Z-00-DX1.9087B9E7-C0CD-4179-AF57-AD9255785169.svs,900291989,fe86aa1c33e719e7ec8b62d4969ff6b3,released,LumA,88.0,reserve
TCGA-BH-A0BT,TCGA-BH-A0BT-01A,01,TS,TSA,3dc06b65-5ca3-4127-a207-916a9c701268,TCGA-BH-A0BT-01A-01-TSA.0d7af972-fe18-47c7-b863-2bb47d611f22.svs,279168621,734e854c79d487e81b92fb2545c2914f,released,LumA,88.0,reserve
TCGA-AN-A0FW,TCGA-AN-A0FW-01A,01,BS,BSA,5c5a72e5-43a3-4563-81f3-7d864eb695a8,TCGA-AN-A0FW-01A-01-BSA.9f4517b2-d96c-44e4-8b06-2ed4af594385.svs,336845139,7a27fba85e5566c0a95271ba2c3d5581,released,LumA,89.0,reserve
TCGA-AN-A0FW,TCGA-AN-A0FW-01Z,01,DX,DX1,49c5b906-9283-468b-919c-3e13ca9a6e88,TCGA-AN-A0FW-01Z-00-DX1.5EEDFC71-6ABE-4189-8C45-2127403A8F04.svs,475498575,bbdad0d5f18566f7d82d6c5c020a9e39,released,LumA,89.0,reserve
TCGA-AN-A0FW,TCGA-AN-A0FW-01A,01,TS,TSA,79fe04f7-1fe8-4b32-bdd4-b299ed12f4d5,TCGA-AN-A0FW-01A-01-TSA.6cba8af3-6ac7-48b5-97f1-37dfb7deefc5.svs,392469809,2cac876227d52369b123259bcc0cfc6f,released,LumA,89.0,reserve
TCGA-E2-A15F,TCGA-E2-A15F-01Z,01,DX,DX1,e067bf95-0f1e-4894-8772-1eb38bed4629,TCGA-E2-A15F-01Z-00-DX1.F022214A-3F0C-4DA4-A0EE-735D27480A45.svs,947747667,04710a11f078f3d29ba3c6e5069ed588,released,LumA,90.0,reserve
TCGA-E2-A15F,TCGA-E2-A15F-01A,01,TS,TS1,7f08dfaa-6011-4127-b5df-614e905f3fe8,TCGA-E2-A15F-01A-01-TS1.ec2c2158-f027-40b9-945e-e081c7b80e46.svs,290711515,bc2abdb6111d19f87e13c5ca2c7284db,released,LumA,90.0,reserve
TCGA-A8-A07E,TCGA-A8-A07E-01A,01,BS,BS1,eaf99c4e-275c-491a-85ec-a6ba8c2fc743,TCGA-A8-A07E-01A-01-BS1.8abb7f07-0836-454b-9461-a86ada8f2188.svs,248270707,c80693b782c08c2c78ee7309c565987b,released,LumA,91.0,reserve
TCGA-A8-A07E,TCGA-A8-A07E-01Z,01,DX,DX1,51821122-a967-4436-a836-d9f44af16d0a,TCGA-A8-A07E-01Z-00-DX1.AC684481-979A-46F9-91D7-C56CE85992F2.svs,1128758726,1a01e3f942b67e059af1b407576500bc,released,LumA,91.0,reserve
TCGA-A8-A07E,TCGA-A8-A07E-01A,01,TS,TS1,e54219fb-ee12-47b8-a10e-3a735a56f4f6,TCGA-A8-A07E-01A-01-TS1.6861c3fd-60df-457a-8d4f-28298d7d15c6.svs,230205027,69a578198e80d0d7d4305bb871c17578,released,LumA,91.0,reserve
TCGA-E9-A1NE,TCGA-E9-A1NE-01Z,01,DX,DX1,0f8ce6d5-182f-41eb-8a1e-fe3bda2dcbbf,TCGA-E9-A1NE-01Z-00-DX1.f332124a-cdab-4ab5-82d1-4b8b7f3c9821.svs,327486417,b0403fb0d58c1cd6874d86c77e3b4e79,released,LumA,92.0,reserve
TCGA-E9-A1NE,TCGA-E9-A1NE-01A,01,TS,TSB,fa236778-1cac-417f-8ee7-f789aed920b9,TCGA-E9-A1NE-01A-02-TSB.f07c5332-4933-4459-a1cc-7fbdff4cf75d.svs,189972901,8de4292e729f038fc4fb86cc49a0f016,released,LumA,92.0,reserve
TCGA-AR-A1AL,TCGA-AR-A1AL-01Z,01,DX,DX1,412e8339-e465-4aea-b2d2-387057978aad,TCGA-AR-A1AL-01Z-00-DX1.0970370F-6D4B-449A-AF33-76355DD99F91.svs,783451249,a924dbbbcf6b2efacd1b4e544eec79d7,released,LumA,93.0,reserve
TCGA-AR-A1AL,TCGA-AR-A1AL-01A,01,TS,TSB,b89bf653-acd9-4307-a7a7-f82c2bb4c44d,TCGA-AR-A1AL-01A-02-TSB.a5a169e3-b2b7-4a89-95fb-ee01621d32ee.svs,301511231,ecfdc3c8454667c529275017ce33ad54,released,LumA,93.0,reserve
TCGA-D8-A27G,TCGA-D8-A27G-01Z,01,DX,DX1,922044af-1c19-4142-a032-5fbf88823aac,TCGA-D8-A27G-01Z-00-DX1.04FCF306-67AA-4F56-AE90-44A4F5DD56D4.svs,1157496517,6ae904c43fda560f720b37f098d9e245,released,LumA,94.0,reserve
TCGA-D8-A27G,TCGA-D8-A27G-01A,01,TS,TS1,05a90a11-ecc9-4576-9c9d-efbfdc26f54e,TCGA-D8-A27G-01A-01-TS1.59dc5ba9-df66-4674-82ba-c791b36adfe9.svs,110891743,f2cf2949b37d03826cbc6c4b4b58d2ec,released,LumA,94.0,reserve
TCGA-AR-A0U3,TCGA-AR-A0U3-01Z,01,DX,DX1,67c1649d-a677-453e-b731-89a08b4f8798,TCGA-AR-A0U3-01Z-00-DX1.9BB87F9D-459F-4A18-B591-29822EA5AE18.svs,2185576931,cf758824bc23e03ee3203ab6d95d5238,released,LumA,95.0,reserve
TCGA-AR-A0U3,TCGA-AR-A0U3-01A,01,TS,TS1,9a4c70c6-ee6a-461f-8c56-284d7ed39dcc,TCGA-AR-A0U3-01A-01-TS1.d323907a-72d3-4615-a960-76a6d85571e2.svs,299496511,e3e018884cb7f2474a9afb48afb46a1c,released,LumA,95.0,reserve
TCGA-A1-A0SJ,TCGA-A1-A0SJ-01A,01,BS,BSA,fb0183f9-45cb-4d40-bb33-44b9e1fdfcab,TCGA-A1-A0SJ-01A-01-BSA.f9a1ae6c-0cdf-4fdb-b397-17a1e2fc8b74.svs,133687735,6ddef6714897db75c23c93b9b2bc4055,released,LumA,96.0,reserve
TCGA-A1-A0SJ,TCGA-A1-A0SJ-01Z,01,DX,DX1,9a3a3830-9674-4f9b-985f-e50062e78807,TCGA-A1-A0SJ-01Z-00-DX1.C196FA66-C376-4016-86BC-3D8E745B3A51.svs,834556884,6e786e290fdd3e55502cae5dcaa07f66,released,LumA,96.0,reserve
TCGA-A1-A0SJ,TCGA-A1-A0SJ-01A,01,TS,TSA,aff3dd6e-b8a6-4b30-a1b8-e3bc437e7330,TCGA-A1-A0SJ-01A-01-TSA.c61cc926-b7df-4519-a049-1a65ec97a99c.svs,219418201,e74f3c9976dec281b79f49f33fa836e2,released,LumA,96.0,reserve
TCGA-E2-A14Q,TCGA-E2-A14Q-01Z,01,DX,DX1,6d4418e8-d621-4ace-9e1f-3fcc7d2c9546,TCGA-E2-A14Q-01Z-00-DX1.C19BA7FD-D986-4E3B-9A79-F3531A78F05D.svs,1771408873,e1e6b2b058f28c550190e52dcc1cd758,released,LumA,97.0,reserve
TCGA-E2-A14Q,TCGA-E2-A14Q-01A,01,TS,TS1,1756d24c-db6b-427c-8efb-3400cf8ce8cf,TCGA-E2-A14Q-01A-01-TS1.3bcfc8aa-a2e5-433b-8102-66cc26c9d69a.svs,271046727,34319a4a8994efa565f2ce864619f1a5,released,LumA,97.0,reserve
TCGA-C8-A12N,TCGA-C8-A12N-01A,01,BS,BS1,f5155752-ec0b-4431-8fb6-2f17631f5416,TCGA-C8-A12N-01A-01-BS1.77929373-2972-4a23-9aef-68e332bf07cb.svs,346421815,41024260431fd6d3afa94586c4e1b1c9,released,LumA,98.0,reserve
TCGA-C8-A12N,TCGA-C8-A12N-01Z,01,DX,DX1,f071614d-2ddf-42c8-92a1-ef24cbee8bfc,TCGA-C8-A12N-01Z-00-DX1.8E50110E-A6C0-496F-B44E-7190096C113E.svs,719258079,c5d8a95259f5b822d87a698007d1e352,released,LumA,98.0,reserve
TCGA-C8-A12N,TCGA-C8-A12N-01A,01,TS,TS1,c54f7d2c-9b49-49e0-8d5a-b9eeac19a35e,TCGA-C8-A12N-01A-01-TS1.12467703-d419-4109-8a50-232366bf2c3b.svs,300408719,4b57420dfb3aa0875b8d6f0e35ba4424,released,LumA,98.0,reserve
TCGA-A2-A0T7,TCGA-A2-A0T7-01A,01,BS,BSB,9eb0a343-4794-4114-a42c-f0992f9c038a,TCGA-A2-A0T7-01A-02-BSB.8f69b301-dcf9-4a7f-a504-187f9a11252a.svs,392667611,9baefc4db431efb8e213a044083967cf,released,LumA,99.0,reserve
TCGA-A2-A0T7,TCGA-A2-A0T7-01Z,01,DX,DX1,b0ad06bf-f7fc-4b29-9620-c84ee1ece625,TCGA-A2-A0T7-01Z-00-DX1.EA4DF9B5-8D04-4BCC-9ECB-CB8CB8ACBE1C.svs,1054121393,cca8b9f626fd9d515a8ed27bc98bc49e,released,LumA,99.0,reserve
TCGA-A2-A0T7,TCGA-A2-A0T7-01A,01,TS,TSB,55611ad6-09d0-4097-8563-696bb40df71a,TCGA-A2-A0T7-01A-02-TSB.d37d2184-6f53-4c98-88fd-aa854fd50700.svs,302298967,8f609741392ac75424be3e96d4dcf4b4,released,LumA,99.0,reserve
TCGA-E2-A15L,TCGA-E2-A15L-01Z,01,DX,DX1,d36d6dd0-648f-4ca6-8414-77d5c10b2cdf,TCGA-E2-A15L-01Z-00-DX1.626032DC-D396-48E7-B888-DFEBCF7102FF.svs,1502839245,ff4abd8c40ed2e7e7acc3b2dfcd63d5e,released,LumA,100.0,reserve
TCGA-E2-A15L,TCGA-E2-A15L-01A,01,TS,TSA,66fa29cb-5f40-4805-b2fc-344921f27d66,TCGA-E2-A15L-01A-01-TSA.35ecb9b4-790d-4411-9cfa-fc2ee0f7c25c.svs,317732061,1f1979b7014ea76522018dec336ec293,released,LumA,100.0,reserve
TCGA-AR-A24M,TCGA-AR-A24M-01Z,01,DX,DX1,4c67c9d0-9274-4a4e-9966-baec9841c77f,TCGA-AR-A24M-01Z-00-DX1.D81F1BDF-00DD-42A3-AFFE-55655A877213.svs,1529115007,2ee6540967e55db2239ccf8c99315a12,released,LumA,101.0,reserve
TCGA-AR-A24M,TCGA-AR-A24M-01A,01,TS,TSA,03c5a3c8-efe6-4722-b86a-9773a36c54e0,TCGA-AR-A24M-01A-01-TSA.8d488967-68ed-4b82-b164-40ed483aa8ac.svs,315440297,054e2a16fad7434b81ae0ed995babbd5,released,LumA,101.0,reserve
TCGA-A7-A0DB,TCGA-A7-A0DB-01A,01,BS,BSA,2538e48d-b35f-4091-82d8-66b0d6c0a9c6,TCGA-A7-A0DB-01A-01-BSA.9351ffab-bcdc-4b6d-82df-c9b696a96d9c.svs,694731041,b7eec986e7c7f9a2c655fd78fda10df7,released,LumA,102.0,reserve
TCGA-A7-A0DB,TCGA-A7-A0DB-01Z,01,DX,DX1,f89d1901-eb97-4a7b-9330-cfaa9d73ab20,TCGA-A7-A0DB-01Z-00-DX1.9CE855BC-0C37-43FB-8806-6625E176BE2E.svs,534322145,3c142583c40a5a4c6a440d838a9dfdb4,released,LumA,102.0,reserve
TCGA-A7-A0DB,TCGA-A7-A0DB-01Z,01,DX,DX2,ff1e9802-1dc1-410f-9cb1-4ddfad8679b8,TCGA-A7-A0DB-01Z-00-DX2.6C6A5F9C-294F-4A86-A0F1-B68D4729B535.svs,480175459,d3a0e15e3658941e005ef76b30b818f4,released,LumA,102.0,reserve
TCGA-A7-A0DB,TCGA-A7-A0DB-01A,01,TS,TSA,00e6e6d9-b58c-472a-94b4-c4ea1e3ae9fc,TCGA-A7-A0DB-01A-01-TSA.490f70ed-fcdf-442d-b750-039b22d9464f.svs,410032731,4356fbf8cf925942adb1fda99ab87e71,released,LumA,102.0,reserve
TCGA-BH-A0H7,TCGA-BH-A0H7-01Z,01,DX,DX1,8f6f7af5-28d7-42d0-8540-5eeb8d711701,TCGA-BH-A0H7-01Z-00-DX1.21502FEA-DB37-4630-BA42-778DDF3A6D17.svs,1524204899,fe9b0cdf82f4b4e4602d69d41641330e,released,LumA,103.0,reserve
TCGA-BH-A0H7,TCGA-BH-A0H7-01A,01,TS,TSA,a3acb9ca-671d-4a87-a3e2-4cf350b0eace,TCGA-BH-A0H7-01A-01-TSA.3a4088bb-e65a-412e-9ac0-2188e424d02d.svs,494556093,8907b637bf71d736bd11d38086880d8f,released,LumA,103.0,reserve
TCGA-A2-A1FZ,TCGA-A2-A1FZ-01Z,01,DX,DX1,9a815ce9-cc04-459d-99a9-1d7c05a15df1,TCGA-A2-A1FZ-01Z-00-DX1.0BAAEF41-DCA4-4677-9A27-09E990033FA6.svs,967290851,add0cc67636254f50ba206b2d9393749,released,LumA,104.0,reserve
TCGA-A2-A1FZ,TCGA-A2-A1FZ-01A,01,TS,TSE,1bb0465e-63a3-456d-8505-fa57170708a9,TCGA-A2-A1FZ-01A-05-TSE.92edfd43-6c1e-4b2c-851e-e0968ad67036.svs,130216123,ab235a73ef8155ea0df588f92b3da685,released,LumA,104.0,reserve
TCGA-E2-A2P6,TCGA-E2-A2P6-01Z,01,DX,DX1,a68c54af-194d-49ef-b76c-4be3537d9d78,TCGA-E2-A2P6-01Z-00-DX1.9D8060AA-881F-49FF-AEF5-B40A3625A44A.svs,1368537347,607f1e53d5fad90901bd7a1c59dd71fe,released,LumA,105.0,reserve
TCGA-E2-A2P6,TCGA-E2-A2P6-01A,01,TS,TS1,99b092c0-ef86-4130-982a-c5ece835bcc0,TCGA-E2-A2P6-01A-01-TS1.C2E6256C-D82D-4370-A97E-DD16E57888E5.svs,485323979,b5a1f0b28ff8ad5530a8a997665125a1,released,LumA,105.0,reserve
TCGA-BH-A2L8,TCGA-BH-A2L8-01Z,01,DX,DX1,56f36b87-7402-4b3c-b18d-d10e56e2435d,TCGA-BH-A2L8-01Z-00-DX1.ACA51CA9-3C38-48A6-B4A9-C12FFAB9AB56.svs,2252985725,412f2cccfa643de759fcb2e5b360f964,released,LumA,106.0,reserve
TCGA-BH-A2L8,TCGA-BH-A2L8-01A,01,TS,TSA,211de288-99ef-48a3-9cec-9ccdbdbade61,TCGA-BH-A2L8-01A-01-TSA.BB86D75F-CD05-4200-A4B7-2D83C697D53A.svs,666305829,a0799a98fad8c7b48b6299ad55ee43d1,released,LumA,106.0,reserve
TCGA-A1-A0SH,TCGA-A1-A0SH-01A,01,BS,BSA,f759efbb-f880-4523-8d17-75ca7e1857d2,TCGA-A1-A0SH-01A-01-BSA.bc5df1ce-0c3b-45f6-bbbd-83a24316abd7.svs,471949489,b1bf336baec7b0c6ff49aa14992a9844,released,LumA,107.0,reserve
TCGA-A1-A0SH,TCGA-A1-A0SH-01Z,01,DX,DX1,3845b8bd-cbe0-49cf-a418-a8120f6c23db,TCGA-A1-A0SH-01Z-00-DX1.90E71B08-E1D9-4FC2-85AC-062E56DDF17C.svs,710612992,10e596d11a770c271b7f8d3690f89cbb,released,LumA,107.0,reserve
TCGA-A1-A0SH,TCGA-A1-A0SH-01A,01,TS,TSA,98611c17-9cbd-4f43-8099-759754a9e583,TCGA-A1-A0SH-01A-01-TSA.79c64fec-53ef-405a-b830-da132de9149d.svs,306670713,c01772df15726c0cf8517abaff515a51,released,LumA,107.0,reserve
TCGA-OL-A66O,TCGA-OL-A66O-01Z,01,DX,DX1,1c8bf463-54da-4f25-a146-e9ecb3df3af1,TCGA-OL-A66O-01Z-00-DX1.5F1E4C60-5CE8-41B4-A94D-4AA80D9253F9.svs,824447562,5e29d4af7ef5c5525634488cb1b295ce,released,LumA,108.0,reserve
TCGA-OL-A66O,TCGA-OL-A66O-01A,01,TS,TS1,2e5c5a00-fe48-4bb3-916f-10c9c0cde0b5,TCGA-OL-A66O-01A-01-TS1.33A92C45-789F-493B-8D67-26EFB0169A95.svs,385572099,bb7adaf75711868d99630d6548dd03d7,released,LumA,108.0,reserve
TCGA-A8-A08A,TCGA-A8-A08A-01A,01,BS,BS1,bbc98c4c-372a-4642-a305-84b1c6238e6d,TCGA-A8-A08A-01A-01-BS1.db510b27-0937-42da-b559-6d65271401f1.svs,351501953,6cf98129f49ba0f954414ebb59ba6931,released,LumA,109.0,reserve
TCGA-A8-A08A,TCGA-A8-A08A-01Z,01,DX,DX1,34de942c-c904-46ee-a261-9ab36638026c,TCGA-A8-A08A-01Z-00-DX1.3BB777A0-8652-4483-8DD6-8EB88AB0A8EF.svs,623343100,341c2d3aefffedebb8cd5ceb761a55ef,released,LumA,109.0,reserve
TCGA-A8-A08A,TCGA-A8-A08A-01A,01,TS,TS1,53d31cb5-5a3c-470b-814d-d67a79098388,TCGA-A8-A08A-01A-01-TS1.e7bdf564-67d2-46dc-bd6a-439cdc74e163.svs,321854059,7bab4ae5fadfb8acd79ba0654c41b3ad,released,LumA,109.0,reserve
TCGA-A2-A0ER,TCGA-A2-A0ER-01Z,01,DX,DX1,f0fa7d7b-e639-4acb-b2f4-b5009d1e3035,TCGA-A2-A0ER-01Z-00-DX1.18123C1B-A0CC-4957-9373-5FFAB985C2E8.svs,710031949,7633f2980fa2ff9f50db1f88d629a024,released,LumA,110.0,reserve
TCGA-A2-A0ER,TCGA-A2-A0ER-01A,01,TS,TSB,32faab18-1d74-4c18-84f6-f2c49d700f44,TCGA-A2-A0ER-01A-02-TSB.fc92d268-4fa2-4784-9639-ee1ace7797d3.svs,283628857,d9f8cb8aefc138563b40d40641e1e05f,released,LumA,110.0,reserve
TCGA-A2-A1FV,TCGA-A2-A1FV-01Z,01,DX,DX1,9ae31af4-a197-4133-99fd-eb54e1b0b899,TCGA-A2-A1FV-01Z-00-DX1.F70ACD9A-7819-4296-BD28-4D24BBA8AFF4.svs,1414960275,3b478c3a5d1fbd8c8152631657f7102c,released,LumA,111.0,reserve
TCGA-A2-A1FV,TCGA-A2-A1FV-01A,01,TS,TSA,c935479d-0baf-4f0d-bebb-6f765d36238e,TCGA-A2-A1FV-01A-01-TSA.1ef7e33c-4e9f-46fb-8600-e2028e666b58.svs,236182545,c55ea527a23ea50cc6d033c8b6e0bd69,released,LumA,111.0,reserve
TCGA-A2-A0CS,TCGA-A2-A0CS-01A,01,BS,BSA,69858c97-32ac-412c-afc5-c37ed68b29c2,TCGA-A2-A0CS-01A-01-BSA.a932a854-ba6f-4a29-9fdc-4f5ce63e440c.svs,397688199,6cc47670a664ba39380b418dd39bb6fd,released,LumA,112.0,reserve
TCGA-A2-A0CS,TCGA-A2-A0CS-01Z,01,DX,DX1,c59e3b8f-04c8-4998-b873-b74334a552d6,TCGA-A2-A0CS-01Z-00-DX1.3986B545-63E8-4727-BCC1-701DE947D1FB.svs,935255471,ff642f23c60f645013a2d5f0ad5f38d3,released,LumA,112.0,reserve
TCGA-A2-A0CS,TCGA-A2-A0CS-01A,01,TS,TSA,9efd35ca-7dd5-4a8e-b6ca-df23a54ea12b,TCGA-A2-A0CS-01A-01-TSA.1c053f5f-ca22-41a9-b815-681eb2a4ea5e.svs,472333615,0d4e9d9c349c73be43f007e11c757dea,released,LumA,112.0,reserve
TCGA-S3-AA12,TCGA-S3-AA12-01Z,01,DX,DX1,fea933ee-be08-4e79-b20e-d0d67bac87fc,TCGA-S3-AA12-01Z-00-DX1.2A991B9F-E7E6-410B-B0BF-635E3CC40C7E.svs,2042345081,b535fb25926fbb3fef4f6b9ed87ab07c,released,LumA,113.0,reserve
TCGA-S3-AA12,TCGA-S3-AA12-01Z,01,DX,DX2,f506096a-6d86-481b-90ed-389e1b636c84,TCGA-S3-AA12-01Z-00-DX2.4F0A4F18-41C7-4497-A7B8-5DCE610E08AD.svs,1637969465,1b693b83b345d770d95f2944cfa33e7e,released,LumA,113.0,reserve
TCGA-S3-AA12,TCGA-S3-AA12-01A,01,TS,TS1,9a8da309-054d-4b65-81d5-e77159144eb6,TCGA-S3-AA12-01A-01-TS1.6A103732-2660-4950-AF2A-D56E107B02D3.svs,387761479,a82dcd194b63ef8c08c4064fdffa56be,released,LumA,113.0,reserve
TCGA-AR-A24T,TCGA-AR-A24T-01Z,01,DX,DX1,f742e4dc-011b-43f9-a675-b3864037f2c0,TCGA-AR-A24T-01Z-00-DX1.3B325D54-38EC-4E16-BDE1-628894CC15AA.svs,1772821673,95336e02761bb705ac251bca22d6ac72,released,LumA,114.0,reserve
TCGA-AR-A24T,TCGA-AR-A24T-01A,01,TS,TS1,226f75a5-15fa-4c25-925c-e70886da93d1,TCGA-AR-A24T-01A-01-TS1.3af5a9b7-b62c-4cf9-aa78-5671b180e901.svs,183853133,723f1c88193c95cf8fda1449ff4826eb,released,LumA,114.0,reserve
TCGA-BH-A0DT,TCGA-BH-A0DT-01A,01,BS,BSB,dd1ac4b0-cad4-4d65-9d44-6ae1d56d5a4c,TCGA-BH-A0DT-01A-02-BSB.92dcef3c-8ae8-4e87-a2e8-264893a28236.svs,294292979,30832dedf64f7d1485ac734bd438a708,released,LumA,115.0,reserve
TCGA-BH-A0DT,TCGA-BH-A0DT-01Z,01,DX,DX1,43b25038-2f66-4bd4-b2af-69130271fd1d,TCGA-BH-A0DT-01Z-00-DX1.73AFCEBB-06B1-4870-ADA2-881511B1BE2D.svs,588936539,f0f54f392cf356596b59be87303d7f5e,released,LumA,115.0,reserve
TCGA-BH-A0DT,TCGA-BH-A0DT-01A,01,TS,TSB,bf898550-b384-47dc-babe-0e38f0c131fa,TCGA-BH-A0DT-01A-02-TSB.059d6dec-9051-4d12-96cc-49bd63ae678e.svs,219339997,32325235f510050dc481a677bc4f4f10,released,LumA,115.0,reserve
TCGA-BH-A0EA,TCGA-BH-A0EA-01Z,01,DX,DX1,7d6fb9c7-888f-4fd5-a6ae-62a4d7efdeca,TCGA-BH-A0EA-01Z-00-DX1.85FF2B48-2AF7-4C15-A7E6-FCA68CAB76C7.svs,792774311,ed63fe45c403899ad93f171b056cfebb,released,LumA,116.0,reserve
TCGA-BH-A0EA,TCGA-BH-A0EA-01A,01,TS,TSA,196c969a-dbd8-4555-a88b-042e8a68f56f,TCGA-BH-A0EA-01A-01-TSA.90154ea1-6b76-4445-870e-d531d6fa1239.svs,461988323,ef9b384a5d92944e42b4ec4ae0f34018,released,LumA,116.0,reserve
TCGA-D8-A27V,TCGA-D8-A27V-01Z,01,DX,DX1,17ec20fd-267d-4fb4-b236-822a7934c9f1,TCGA-D8-A27V-01Z-00-DX1.F937C53B-0B55-4271-843E-2C28F72CF28E.svs,2157932965,5b38bff342f06279dcebf58663db1bcd,released,LumA,117.0,reserve
TCGA-D8-A27V,TCGA-D8-A27V-01Z,01,DX,DX2,89bf548f-91a5-4756-a090-0b4a6fd22e3a,TCGA-D8-A27V-01Z-00-DX2.81E4FFDF-7123-4AC3-BE24-A82564A6C34C.svs,598113303,12ed2c695c007dc6e1e20d7645efa682,released,LumA,117.0,reserve
TCGA-D8-A27V,TCGA-D8-A27V-01A,01,TS,TS1,ae639d5d-1f1f-4bbf-95b8-d2221e0ba833,TCGA-D8-A27V-01A-01-TS1.4F3FB63F-C45A-4C28-95F3-C2C8682993DA.svs,317396795,3fe87b2f9f5dd49fa89dea73d879f0e0,released,LumA,117.0,reserve
TCGA-PE-A5DE,TCGA-PE-A5DE-01Z,01,DX,DX1,af5dd5f2-23d0-482e-be0e-4b2e5b795487,TCGA-PE-A5DE-01Z-00-DX1.88B354F2-5485-44AA-A057-89E40B988F69.svs,213389291,45a83f4e02d7cd5c4db3a7290e371dff,released,LumA,118.0,reserve
TCGA-PE-A5DE,TCGA-PE-A5DE-01A,01,TS,TS1,f53f6d03-2e4f-4561-805b-e8f5aef53803,TCGA-PE-A5DE-01A-01-TS1.D7DDDA9C-3BC4-4311-AB13-C6E7F51EC8E9.svs,297168257,5367e3bacac48a765c86c61ec35e7a5a,released,LumA,118.0,reserve
TCGA-EW-A1P6,TCGA-EW-A1P6-01Z,01,DX,DX1,101c2a43-88d8-4cb8-b5bd-c8ec41e835b1,TCGA-EW-A1P6-01Z-00-DX1.A8024C26-6336-4858-88FD-5679795899BA.svs,1714677405,4b41aab5d34bca55c7dd2ac2d30737d3,released,LumA,119.0,reserve
TCGA-EW-A1P6,TCGA-EW-A1P6-01A,01,TS,TSA,5c69a285-e9b0-421e-92d9-cd1768aa00d4,TCGA-EW-A1P6-01A-01-TSA.1cb89d56-47a8-47e8-8726-4ad5190cae9f.svs,172095775,e048ca7e867f65d831b993172dd7e469,released,LumA,119.0,reserve
TCGA-BH-A0H6,TCGA-BH-A0H6-01A,01,BS,BSB,79913155-61bd-40cf-a2d6-e6c0ac86dd76,TCGA-BH-A0H6-01A-02-BSB.6f0a00c2-87c0-4565-a160-d51955b76cb3.svs,313510105,929db5ca73498b158e60be84f12c9848,released,LumA,120.0,reserve
TCGA-BH-A0H6,TCGA-BH-A0H6-01Z,01,DX,DX1,30e301d3-7c7c-40e8-8940-80d44ae16572,TCGA-BH-A0H6-01Z-00-DX1.0CF7253A-B42C-4778-B1C6-17EC78A039ED.svs,829033233,165ddcccccb5dc3b7147d6c7e021e8d9,released,LumA,120.0,reserve
TCGA-BH-A0H6,TCGA-BH-A0H6-01A,01,TS,TSB,2cb37ff8-9925-4113-b1c4-986f6729b180,TCGA-BH-A0H6-01A-02-TSB.c3d00ef3-faa9-416f-b8dd-85e30227482d.svs,404094149,1fe6b96e2330fb1e973a6759ce88fd67,released,LumA,120.0,reserve
TCGA-D8-A27E,TCGA-D8-A27E-01Z,01,DX,DX1,49867ac2-bb8a-4932-8ced-b8233a7af77b,TCGA-D8-A27E-01Z-00-DX1.7950998F-7E23-4C70-A926-1ADAA5A20BED.svs,837033747,8d0e98a5de9e8001f6a79df2c6b0efd0,released,LumA,121.0,reserve
TCGA-D8-A27E,TCGA-D8-A27E-01A,01,TS,TSA,c591b2bd-f610-4f79-9b80-92ab79892cf8,TCGA-D8-A27E-01A-01-TSA.48a9ccf5-588d-4f44-a026-2ba63d43c5fd.svs,141362083,bc7541fb3a50de64c3c251f8a94730ca,released,LumA,121.0,reserve
TCGA-EW-A423,TCGA-EW-A423-01Z,01,DX,DX1,a128bc47-1896-4436-832a-9bf55434f382,TCGA-EW-A423-01Z-00-DX1.31502D62-9C83-4A9C-9682-05A185486EAA.svs,1500544380,699d5ecffd58ad032a1d77ce32d81b11,released,LumA,122.0,reserve
TCGA-EW-A423,TCGA-EW-A423-01Z,01,DX,DX2,efed91ed-3aea-486a-bfed-b14fbc8f2d3e,TCGA-EW-A423-01Z-00-DX2.5EF1CF39-600A-4ED3-A5A2-AF4435A5F8B5.svs,2199647358,46cc3fef5309b49d13899a6e4b9bde9f,released,LumA,122.0,reserve
TCGA-EW-A423,TCGA-EW-A423-01A,01,TS,TS1,8d848105-5061-4533-bc99-d5d452bd6ae8,TCGA-EW-A423-01A-01-TS1.268BA465-DA2E-48D1-B9D7-C0C706499D09.svs,236785971,a2aae5fc0a47fe646a1dae66d5e1b223,released,LumA,122.0,reserve
TCGA-AR-A24P,TCGA-AR-A24P-01Z,01,DX,DX1,9828367e-9ee3-48ff-ad33-b2842f8f120e,TCGA-AR-A24P-01Z-00-DX1.08BE8830-C55E-4E2B-9378-371A670C75FD.svs,1604985187,bfc7612b1eba81fcffac3c07915977be,released,LumA,123.0,reserve
TCGA-AR-A24P,TCGA-AR-A24P-01A,01,TS,TSA,bc0fbb90-a80d-4813-9a6c-c7a8a4d02bef,TCGA-AR-A24P-01A-01-TSA.98666bb0-dd9e-4c97-b886-87c994c63e93.svs,240950877,51d32ece9f3d5c7a2dd79f95a7a317b5,released,LumA,123.0,reserve
TCGA-AO-A125,TCGA-AO-A125-01A,01,BS,BS1,ac88dabc-ff07-45a9-ac1c-12670e2162e1,TCGA-AO-A125-01A-01-BS1.e881fb71-5e5e-40ec-8284-3ee696de7239.svs,311670155,09d3a9ed25454e98138f1face61e7ada,released,LumA,124.0,reserve
TCGA-AO-A125,TCGA-AO-A125-01Z,01,DX,DX1,a0d9db74-132d-40c0-8272-49e175f58562,TCGA-AO-A125-01Z-00-DX1.DFC45CE1-5D81-4C2B-9281-60E2F146DDB6.svs,440504626,ccaaca2a9c1fb307a6b192f6c8f108cf,released,LumA,124.0,reserve
TCGA-AO-A125,TCGA-AO-A125-01A,01,TS,TS1,6ba19271-f127-4d29-bebc-091c01c30554,TCGA-AO-A125-01A-01-TS1.5472ee35-9a7b-4f8b-8809-657c2cd72810.svs,391032817,3914f02c6d383b3c04465f9316cb9942,released,LumA,124.0,reserve
TCGA-XX-A89A,TCGA-XX-A89A-01Z,01,DX,DX1,6404fcfb-25c6-44e7-b0bb-003e17b68270,TCGA-XX-A89A-01Z-00-DX1.671E2AD6-4D1A-4579-88C1-5B0B15818126.svs,1369632765,a81363d3add3650466e39ec943816077,released,LumA,125.0,reserve
TCGA-XX-A89A,TCGA-XX-A89A-01A,01,TS,TS1,168a414b-c6f9-44fe-abf4-6658a471a38b,TCGA-XX-A89A-01A-01-TS1.AC9C9633-E894-4F0B-B4D5-A9C701A20414.svs,240794949,831f50b0ceda238dc6afab013e179b81,released,LumA,125.0,reserve
TCGA-E9-A5FK,TCGA-E9-A5FK-01Z,01,DX,DX1,035a8ebb-a2c2-41bd-bcb9-8a9f5ac1a8a6,TCGA-E9-A5FK-01Z-00-DX1.3F002C99-B4CA-4068-A816-EAC370A2E8C4.svs,688025205,c954a0ce261b9f122929e3eeaedc9344,released,LumA,126.0,reserve
TCGA-E9-A5FK,TCGA-E9-A5FK-01A,01,TS,TSA,85eee34f-ef9d-4cf5-bcd3-131201566ac0,TCGA-E9-A5FK-01A-01-TSA.B94B10DB-28F9-434E-9BE2-F2B84C3ED73F.svs,236242811,381487785f6cf62de6e0ed29db4e8c15,released,LumA,126.0,reserve
TCGA-AC-A8OR,TCGA-AC-A8OR-01Z,01,DX,DX1,f053e41e-7088-441b-9df6-afac7f4454fe,TCGA-AC-A8OR-01Z-00-DX1.C9A35592-1E73-40D4-834A-46E3471D84A3.svs,53319426,c7fcd53ffe5e00c22c48ba7eee33f43b,released,LumA,127.0,reserve
TCGA-AC-A8OR,TCGA-AC-A8OR-01A,01,TS,TS2,5d4b1c4c-e7a9-45cb-aa94-34a63ab4f3b4,TCGA-AC-A8OR-01A-02-TS2.BCDBF0F3-565C-46BD-B78B-03B178B22A26.svs,160153449,a2bc64beaddca35d6c6322a99ac249ac,released,LumA,127.0,reserve
TCGA-S3-A6ZH,TCGA-S3-A6ZH-01Z,01,DX,DX1,ce717a46-a25a-42f3-8402-10239838d0c6,TCGA-S3-A6ZH-01Z-00-DX1.E728FF79-4921-436F-BFF5-5B782C0EEB9A.svs,446490631,15dbbd40524a3a47a1cd94a21abdf870,released,LumA,128.0,reserve
TCGA-S3-A6ZH,TCGA-S3-A6ZH-01A,01,TS,TS2,2868a103-1480-46de-ab54-867aab131e2d,TCGA-S3-A6ZH-01A-02-TS2.DCF28540-6410-41AD-8345-1061DF1956FF.svs,393145551,3478b4f513087f99239d66977cc8faa2,released,LumA,128.0,reserve
TCGA-AN-A0AS,TCGA-AN-A0AS-01A,01,BS,BSA,46eddaa2-c55b-4c92-ab35-2e6f2588363b,TCGA-AN-A0AS-01A-01-BSA.1c59c3dd-eebc-421c-ad6f-953c0b924b13.svs,181870323,b1fd5660246a18e514199afe26630b30,released,LumA,129.0,reserve
TCGA-AN-A0AS,TCGA-AN-A0AS-01Z,01,DX,DX1,e10baff9-64e1-4870-99bd-3935521b535e,TCGA-AN-A0AS-01Z-00-DX1.51E551E9-E5F4-4C94-9B25-71DA41109E92.svs,439210803,8c924b6a2b6a1683942c21a45fbb4a1a,released,LumA,129.0,reserve
TCGA-AN-A0AS,TCGA-AN-A0AS-01A,01,TS,TSA,e8f2ce68-6b4e-4306-8940-44690defbf5a,TCGA-AN-A0AS-01A-01-TSA.b7c27ab8-435a-4e9d-bf0a-899d7616b660.svs,203252267,141424466b088b75bcb6a8e718660422,released,LumA,129.0,reserve
TCGA-E9-A227,TCGA-E9-A227-01Z,01,DX,DX1,ebef3a2a-227f-40f7-9a6d-5138fa43c872,TCGA-E9-A227-01Z-00-DX1.823062BF-3444-489B-AF91-AAD4ECAA1DC7.svs,438362239,1533a87c21d3a8e1f1549d5ebe925af3,released,LumA,130.0,reserve
TCGA-E9-A227,TCGA-E9-A227-01A,01,TS,TSA,a279947c-d135-47da-a39b-033160d2b041,TCGA-E9-A227-01A-01-TSA.2785cdb8-95a8-4bf8-b479-13b5436983ed.svs,216845027,79ab61135188fdf089e86e01e890e3f6,released,LumA,130.0,reserve
TCGA-EW-A1P3,TCGA-EW-A1P3-01Z,01,DX,DX1,dcbcf0ea-f460-441c-8f25-e61216a234a9,TCGA-EW-A1P3-01Z-00-DX1.EF69B964-57D6-4F8E-A183-A3022AF6E835.svs,2504209539,06e5004a9623db9d3226ca99091984b5,released,LumA,131.0,reserve
TCGA-EW-A1P3,TCGA-EW-A1P3-01A,01,TS,TSA,befd78a4-08f6-41d6-83ff-27b25bb81a29,TCGA-EW-A1P3-01A-01-TSA.bc5f0d8f-aa52-42b7-abe1-f729c2bc5dff.svs,250428133,ebcdcf438471b2c321d86971c98f6aa7,released,LumA,131.0,reserve
TCGA-A2-A0EN,TCGA-A2-A0EN-01A,01,BS,BSA,13b13904-9ed2-434c-9fab-cf36df114583,TCGA-A2-A0EN-01A-01-BSA.7918d788-f2ab-44cd-8c1d-14659668e34f.svs,178331729,3c893485217d606e51d9f5203bccf625,released,LumA,132.0,reserve
TCGA-A2-A0EN,TCGA-A2-A0EN-01Z,01,DX,DX1,8c12f513-cb32-4c96-9308-54e6379f4e10,TCGA-A2-A0EN-01Z-00-DX1.F43A5D17-9267-4963-993A-93AC91BDC031.svs,945250539,807811274c187c5f81d347bc4f67c965,released,LumA,132.0,reserve
TCGA-A2-A0EN,TCGA-A2-A0EN-01A,01,TS,TSA,cd915488-38ba-4f0b-bbaf-ecf081e61e44,TCGA-A2-A0EN-01A-01-TSA.d57caa16-813c-41c9-9b9a-3e906e576bb0.svs,175789395,4018a37ee76d370e47a684e165c0bbed,released,LumA,132.0,reserve
TCGA-EW-A2FV,TCGA-EW-A2FV-01Z,01,DX,DX1,8016d285-e7f2-4f37-a36d-a9f48014c572,TCGA-EW-A2FV-01Z-00-DX1.0C59AC06-DD9B-413A-8A03-B71774F662FA.svs,1424472843,462253d0e475637c4ffd2a89bac4fde7,released,LumA,133.0,reserve
TCGA-EW-A2FV,TCGA-EW-A2FV-01A,01,TS,TSA,9aedc389-5f62-4797-962b-bc84cf6c75ad,TCGA-EW-A2FV-01A-01-TSA.B2C1CC4E-D5BD-4BCC-8D31-4D7B12145C24.svs,221284245,99c8d10cd5f36ae5c4e5c396cc73ed76,released,LumA,133.0,reserve
TCGA-A2-A0T4,TCGA-A2-A0T4-01A,01,BS,BSC,8458a15f-edc7-4afa-b26a-9b5945456137,TCGA-A2-A0T4-01A-03-BSC.c48434f7-8ef4-40e6-b115-87318032046d.svs,252398675,45023039fc9340d053b3260e9b07dd87,released,LumA,134.0,reserve
TCGA-A2-A0T4,TCGA-A2-A0T4-01Z,01,DX,DX1,4ce9f5fa-bc3c-4f23-af59-aad533373171,TCGA-A2-A0T4-01Z-00-DX1.AC61ED08-2E42-4D4A-BB81-746D3FEBB653.svs,690351337,b1837583afa1acf3da29d67a1f08f079,released,LumA,134.0,reserve
TCGA-A2-A0T4,TCGA-A2-A0T4-01A,01,TS,TSC,87b1e2e2-f989-4617-b723-7a639529c34f,TCGA-A2-A0T4-01A-03-TSC.60866100-7f22-4c86-a99e-5e52ca53c313.svs,332388431,7daa0299aba10411924f38c37fbd883b,released,LumA,134.0,reserve
TCGA-D8-A1JU,TCGA-D8-A1JU-01Z,01,DX,DX1,71d04401-9aaf-4f80-8948-6b0a67c4c965,TCGA-D8-A1JU-01Z-00-DX1.355D93B4-E69E-417C-B3D1-3E1AAF1E02FE.svs,864250259,7cfe4f5432b519f430da80da3e49446d,released,LumA,135.0,reserve
TCGA-D8-A1JU,TCGA-D8-A1JU-01A,01,TS,TS1,f8ffe7d3-199c-40d7-907d-cacd32a205b6,TCGA-D8-A1JU-01A-01-TS1.0bc60489-a3e6-42b4-8488-4958451696f8.svs,206388015,35d89d6548455b511c433718f3fc3e09,released,LumA,135.0,reserve
TCGA-E2-A1IE,TCGA-E2-A1IE-01Z,01,DX,DX1,a2b644da-0022-4b40-a34f-83f78b7accfa,TCGA-E2-A1IE-01Z-00-DX1.D6BF29A7-4FBD-4F7D-B093-991FA0F49FE8.svs,880936451,a23b2c4756a99882e069353b931d19ab,released,LumA,136.0,reserve
TCGA-E2-A1IE,TCGA-E2-A1IE-01A,01,TS,TSA,be78962c-10bc-414f-8d51-afabf8330102,TCGA-E2-A1IE-01A-01-TSA.fe9a2e4e-1c11-45f6-89e8-ee618922dfe9.svs,268775079,a3f366aa3bddf10bd1d7e681d5dfb5ae,released,LumA,136.0,reserve
TCGA-BH-A28Q,TCGA-BH-A28Q-01Z,01,DX,DX1,adf3d973-0cab-4983-bec9-d52f06a2fd52,TCGA-BH-A28Q-01Z-00-DX1.C6D1CA93-6B2A-4722-9270-5D56592D833D.svs,2180366415,95925673c04b4d67a9ce9e02c1ea943d,released,LumA,137.0,reserve
TCGA-BH-A28Q,TCGA-BH-A28Q-01A,01,TS,TSA,c0901667-e08a-49c1-ab34-8bd37c8fe85f,TCGA-BH-A28Q-01A-01-TSA.c1c6f077-05eb-435f-a8ed-ebb79bcba2cf.svs,254220951,dffd2fe54189a53862a6792b80c63acf,released,LumA,137.0,reserve
TCGA-BH-A0HX,TCGA-BH-A0HX-01A,01,BS,BSB,ad4e62f8-3066-46b9-bee8-4f40d5e8c067,TCGA-BH-A0HX-01A-02-BSB.1557ba7a-169e-4a9d-a9e7-48223614e663.svs,706215295,d8d90a3f8470328b11088d58325aa04a,released,LumA,138.0,reserve
TCGA-BH-A0HX,TCGA-BH-A0HX-01Z,01,DX,DX1,70b9e76b-7bb1-4b1b-b154-c3af7e217c58,TCGA-BH-A0HX-01Z-00-DX1.44EBA39E-383D-4820-915E-4E5FDA1D43DA.svs,1410006835,ef40eb09d289cb69f63956d673c48bd1,released,LumA,138.0,reserve
TCGA-BH-A0HX,TCGA-BH-A0HX-01A,01,TS,TSB,8091ac7f-a138-451b-af71-825c3643ba18,TCGA-BH-A0HX-01A-02-TSB.b80610f4-d074-4a7b-a5cc-e908ad2d9d6d.svs,423312607,351a23bbbd231363e6bf4685f9baea9d,released,LumA,138.0,reserve
TCGA-C8-A26Z,TCGA-C8-A26Z-01Z,01,DX,DX1,dbc1e046-61ad-4433-bca7-3427cec6d465,TCGA-C8-A26Z-01Z-00-DX1.1A15D951-F3BD-4024-91DD-E7633C09A837.svs,1111391139,85594addd322acdb3273760fd62b0b41,released,LumA,139.0,reserve
TCGA-C8-A26Z,TCGA-C8-A26Z-01A,01,TS,TSA,7f176f9d-c842-46e0-8841-bd8741a8b584,TCGA-C8-A26Z-01A-01-TSA.68f0f7f3-6f70-4188-84f7-b264dbbb4616.svs,163672105,8a713e2ae0d1c50d88656030b883d0b7,released,LumA,139.0,reserve
TCGA-S3-A6ZG,TCGA-S3-A6ZG-01Z,01,DX,DX1,0f02454b-d62b-4fc8-9660-142e0ab066bf,TCGA-S3-A6ZG-01Z-00-DX1.659A0BFB-D99B-474F-B4C2-6590C9161BD1.svs,928174865,265cdb00ffc83fbefe6c22a174c050a5,released,LumA,140.0,reserve
TCGA-S3-A6ZG,TCGA-S3-A6ZG-01A,01,TS,TS2,7843184b-f710-41e6-85b5-cb7c1582bdad,TCGA-S3-A6ZG-01A-02-TS2.D4625D56-1C91-4CE7-9710-F6FE67C2DF37.svs,586565565,d1d1ea333c59f7588260d9b683da7160,released,LumA,140.0,reserve
TCGA-D8-A1XB,TCGA-D8-A1XB-01Z,01,DX,DX1,f4ee6dd7-36d6-45b1-aac5-8b0f44ba3bf7,TCGA-D8-A1XB-01Z-00-DX1.DA8E2FA4-DBBA-4157-8052-B90FB3BB58F1.svs,1546387721,c6be618ef0cbc1e7d922f13125f250a8,released,LumA,141.0,reserve
TCGA-D8-A1XB,TCGA-D8-A1XB-01Z,01,DX,DX2,7a5024cd-916d-4717-bb1b-6cd0c8e47ca3,TCGA-D8-A1XB-01Z-00-DX2.B262C269-F22B-4306-8195-079C0874EF8E.svs,1518107063,c6a1cf4812db437f26b2a93e4887616a,released,LumA,141.0,reserve
TCGA-D8-A1XB,TCGA-D8-A1XB-01A,01,TS,TS1,7a04924b-9be0-4500-9845-1df7d955a7cf,TCGA-D8-A1XB-01A-01-TS1.ef5ac532-0ea5-49cb-b959-4f7463fd9d97.svs,196277243,5e1ac3b7d02423a12ef02726cd63cb01,released,LumA,141.0,reserve
TCGA-D8-A27K,TCGA-D8-A27K-01Z,01,DX,DX1,a732edc7-f8b6-4be2-9e8e-e2dc589206e6,TCGA-D8-A27K-01Z-00-DX1.25AF7928-046B-45BF-BAD6-F34156203F5A.svs,1250623351,20b1517423a0e3add93a6054ff60217a,released,LumA,142.0,reserve
TCGA-D8-A27K,TCGA-D8-A27K-01A,01,TS,TS1,a16877d0-7089-4e48-82a6-2d19de6304b9,TCGA-D8-A27K-01A-01-TS1.b8d6df65-efe5-4317-b903-b93ec05aaa5f.svs,129301133,aa8b30e9666dccad1635493a0bb165fb,released,LumA,142.0,reserve
TCGA-Z7-A8R5,TCGA-Z7-A8R5-01Z,01,DX,DX1,acc74a64-a77a-47fc-b771-57856b239874,TCGA-Z7-A8R5-01Z-00-DX1.3BDB407F-514C-4131-B058-FA1E69154276.svs,803234395,387e33607206db60a85a8d596a8abf8a,released,LumA,143.0,reserve
TCGA-Z7-A8R5,TCGA-Z7-A8R5-01A,01,TS,TSD,f950f754-0780-47e0-9c3c-6adebbf1ccfa,TCGA-Z7-A8R5-01A-04-TSD.501DD6C7-E797-4D69-B315-FBFFEC297120.svs,272627175,fc462009f6566905a2ef7a65356255c9,released,LumA,143.0,reserve
TCGA-A8-A06Y,TCGA-A8-A06Y-01A,01,BS,BS1,6cd7ddcb-7a8e-4d57-936e-95a7ba28fbf7,TCGA-A8-A06Y-01A-01-BS1.69eb0a92-553f-49ee-a172-7ce427e7b151.svs,140970767,795d2b3455757ab48b77b3435c477800,released,LumA,144.0,reserve
TCGA-A8-A06Y,TCGA-A8-A06Y-01A,01,BS,BS2,395c2da7-1b37-470c-ab09-1af8f550967e,TCGA-A8-A06Y-01A-02-BS2.2c1965cc-99ae-48ee-8abd-5d0ae6727a33.svs,140878159,0899375a27b36eb51e835e93988572ea,released,LumA,144.0,reserve
TCGA-A8-A06Y,TCGA-A8-A06Y-01Z,01,DX,DX1,8a333548-ff44-466d-9ae0-fc40375f7813,TCGA-A8-A06Y-01Z-00-DX1.3BC58446-524E-43F3-AAE6-FBC4AA543E66.svs,375834188,8aedd9b0b908e3234bcd3b8c0045be35,released,LumA,144.0,reserve
TCGA-AO-A12A,TCGA-AO-A12A-01A,01,BS,BSB,70db13cc-1c9d-4b76-8efe-b5ac8f38d2ec,TCGA-AO-A12A-01A-02-BSB.8694e753-cc5f-47e2-9317-4d3355fc355b.svs,220364921,26f5aa33e78056304d564840c82cc64e,released,LumA,145.0,reserve
TCGA-AO-A12A,TCGA-AO-A12A-01Z,01,DX,DX1,86538d07-4a39-4c65-80fa-3e530660eb46,TCGA-AO-A12A-01Z-00-DX1.4E9609A7-9AAD-40A8-8344-8369DF998006.svs,907553922,56ebfed868d3f007e91b4cd3fa96b1f7,released,LumA,145.0,reserve
TCGA-AO-A12A,TCGA-AO-A12A-01A,01,TS,TSB,8a3ec596-ec14-4b96-8f83-724ccd516abe,TCGA-AO-A12A-01A-02-TSB.b5bd72c7-f3a2-4b0f-abe7-0aac51898dca.svs,219495535,84fb0b98704c5b807e386295b589a66d,released,LumA,145.0,reserve
TCGA-AR-A24O,TCGA-AR-A24O-01Z,01,DX,DX1,4071558e-3697-4cc1-af45-87873ab4e389,TCGA-AR-A24O-01Z-00-DX1.04EFBAC8-7A4A-4005-890C-5CC3E1C67DBD.svs,1057101509,c630d5c89ee9a3f81a8eceb5256b18fa,released,LumA,146.0,reserve
TCGA-AR-A24O,TCGA-AR-A24O-01A,01,TS,TSA,049e89f1-a04c-4f6e-a5a5-d930bba27630,TCGA-AR-A24O-01A-01-TSA.6b58d894-4123-4ed5-a5ce-0139287cfda1.svs,193556953,a9a68229f7d7b8d71303a479cb913d25,released,LumA,146.0,reserve
TCGA-A2-A0YC,TCGA-A2-A0YC-01Z,01,DX,DX1,192328b1-0dd2-4f6a-86bf-90a155382e03,TCGA-A2-A0YC-01Z-00-DX1.F01F2268-17D8-45FD-8917-FD89454D0709.svs,1229519279,a6ed18f58d4f90055420469b3b041798,released,LumA,147.0,reserve
TCGA-A2-A0YC,TCGA-A2-A0YC-01A,01,TS,TSA,c53c8ae2-3521-4ba0-bb36-84e55d1242c6,TCGA-A2-A0YC-01A-01-TSA.dfb0f795-b54a-44fd-8ddd-105ac7c51d35.svs,234758157,4a3188f9fb3ebd43eed357d5b8158522,released,LumA,147.0,reserve
TCGA-OL-A5RV,TCGA-OL-A5RV-01Z,01,DX,DX1,b7742447-a8c9-4772-894d-30bed44d8b98,TCGA-OL-A5RV-01Z-00-DX1.920AC243-1DAC-4854-BEB6-1CBCC950F26B.svs,71912702,89b1b0dd151bab9711165a36ce0b86b4,released,LumA,148.0,reserve
TCGA-OL-A5RV,TCGA-OL-A5RV-01A,01,TS,TSA,b4a40f13-50f9-4d74-8d78-fcab061817ae,TCGA-OL-A5RV-01A-01-TSA.001D9539-9344-444C-BD29-85B5B0224201.svs,102454305,dba08b904f189e81229716f3940e4f9e,released,LumA,148.0,reserve
TCGA-C8-A3M7,TCGA-C8-A3M7-01Z,01,DX,DX1,7864998d-7480-4cf8-8fc7-961daddd72aa,TCGA-C8-A3M7-01Z-00-DX1.846C75F1-2E7E-44F7-B21F-C246141558FA.svs,1688532587,feffdebaa301a655bfc323e814902480,released,LumA,149.0,reserve
TCGA-C8-A3M7,TCGA-C8-A3M7-01A,01,TS,TS1,ce72a47e-2c2b-4768-90da-85a0fa10f08a,TCGA-C8-A3M7-01A-01-TS1.677A5F7E-ED18-477D-9CB7-315A4C0E2672.svs,186296455,4ebd2f6641fa8bc91e658f32a745e47f,released,LumA,149.0,reserve
TCGA-AN-A0XN,TCGA-AN-A0XN-01A,01,BS,BSB,bd3eadbf-c702-4692-9669-34f58c310f3c,TCGA-AN-A0XN-01A-02-BSB.2ffff1fb-5f41-4d87-854b-ff38bfd677a0.svs,208773163,3df041696e47038763080df811a224af,released,LumA,150.0,reserve
TCGA-AN-A0XN,TCGA-AN-A0XN-01Z,01,DX,DX1,95f68385-c86f-4b87-aedb-b39375fa3172,TCGA-AN-A0XN-01Z-00-DX1.A8EB9F62-236E-4C59-A206-DF0C7654AC30.svs,604694197,008c1624c216f61e6a75f9616af3fe13,released,LumA,150.0,reserve
TCGA-AN-A0XN,TCGA-AN-A0XN-01A,01,TS,TSB,d4ccbe99-6998-4832-9cb1-75e3c1358ff9,TCGA-AN-A0XN-01A-02-TSB.9df84504-2154-4f54-96f8-273ad703f0f0.svs,209272593,735f62a3f601a6fdc59255167c3bd987,released,LumA,150.0,reserve
TCGA-C8-A273,TCGA-C8-A273-01Z,01,DX,DX1,1cb14e13-72fa-4bf4-8d0b-7318a91d5599,TCGA-C8-A273-01Z-00-DX1.6E5D581F-DF80-478D-82D1-6D6525EED1B5.svs,832372681,4b54ca8b7cdb196d3dfc0fdf850ed4e4,released,LumA,151.0,reserve
TCGA-C8-A273,TCGA-C8-A273-01A,01,TS,TSA,6f053c57-6cc1-4dbd-a3ca-bbe2bbe25706,TCGA-C8-A273-01A-01-TSA.0eb8a7f8-c3c4-4843-a395-9fffd8b1cc4a.svs,235380657,a12c47a07acdcfe276019a7236fd2f1f,released,LumA,151.0,reserve
TCGA-A2-A0CR,TCGA-A2-A0CR-01A,01,BS,BSA,b31ff2da-5e41-4c60-ba50-10decfdbe349,TCGA-A2-A0CR-01A-01-BSA.EEDC8A56-25C0-4348-B5CD-E91C2CC3411B.svs,279298193,739271370412b8db547f44ca8d80531d,released,LumA,152.0,reserve
TCGA-A2-A0CR,TCGA-A2-A0CR-01Z,01,DX,DX1,26df0760-35d8-4432-84d1-3beb68fa829d,TCGA-A2-A0CR-01Z-00-DX1.F7D36CA5-A4C6-443A-AEED-5B23CD924FA3.svs,1549149267,3a874737b7622521a602b5daa34a3b06,released,LumA,152.0,reserve
TCGA-A2-A0CR,TCGA-A2-A0CR-01A,01,TS,TSA,f313ac62-dfcc-4f4f-93b6-5a06a1b8638b,TCGA-A2-A0CR-01A-01-TSA.192598C2-7093-4171-B779-6EDE8AD7998B.svs,277978965,7bb213d094b45bb28e38c978b887899a,released,LumA,152.0,reserve
TCGA-GM-A2D9,TCGA-GM-A2D9-01Z,01,DX,DX1,994db278-3ed5-4527-9066-a45867be7ef2,TCGA-GM-A2D9-01Z-00-DX1.AF4BF2DD-05FB-400B-A1BC-6E7C9B9DDF05.svs,1364080617,03a2a7e636af32a4bd972db4b667a73a,released,LumA,153.0,reserve
TCGA-GM-A2D9,TCGA-GM-A2D9-01A,01,TS,TS1,bbf464b9-dade-415c-8109-1fbab30ea575,TCGA-GM-A2D9-01A-01-TS1.640CA05F-D91E-406B-BFD4-B04441C9C811.svs,256958719,721b3bcde944a189022a4e757ea65f79,released,LumA,153.0,reserve
TCGA-A2-A3KD,TCGA-A2-A3KD-01Z,01,DX,DX1,6b166dc2-3584-449a-a4e0-3f60eaaeba00,TCGA-A2-A3KD-01Z-00-DX1.E400D529-A0D1-4C78-AD5C-33EB0508B128.svs,610822749,8642ac2d927da72caf32e5c8cf31c272,released,LumA,154.0,reserve
TCGA-A2-A3KD,TCGA-A2-A3KD-01A,01,TS,TSA,ff107878-e741-4676-a5de-51d642bb0cd3,TCGA-A2-A3KD-01A-01-TSA.6CE03E54-350A-4AA7-A249-E55FF073FCB2.svs,202916861,cf30da0d77d048e740086eee46b4692b,released,LumA,154.0,reserve
TCGA-E2-A15M,TCGA-E2-A15M-01Z,01,DX,DX1,653800a2-0ece-43ff-92c9-31621affe3d3,TCGA-E2-A15M-01Z-00-DX1.6E4671E5-18EA-4464-BE7C-C94767136E5C.svs,886238793,f2da0ffdc8148e5bc1efa019696cecc6,released,LumA,155.0,reserve
TCGA-E2-A15M,TCGA-E2-A15M-01A,01,TS,TSA,7a4db350-e1df-4b70-ab41-10e0a12d0361,TCGA-E2-A15M-01A-01-TSA.41d14b10-8567-4f43-a5a8-b952d859c70f.svs,333700737,8f36509adfb1088a985132e027de8071,released,LumA,155.0,reserve
TCGA-A2-A1G0,TCGA-A2-A1G0-01Z,01,DX,DX1,041d454d-4bae-4e12-8f32-46220670ef16,TCGA-A2-A1G0-01Z-00-DX1.9ECB0B8A-EF4E-45A9-82AC-EF36375DEF65.svs,1092690947,d52f3276ee616a4dbdf7c6f485f8058c,released,LumA,156.0,reserve
TCGA-A2-A1G0,TCGA-A2-A1G0-01A,01,TS,TSA,2013657b-401f-4227-83fb-a2a9b6578d6f,TCGA-A2-A1G0-01A-01-TSA.191b630e-777f-41f9-9510-22ed5faa316a.svs,270832869,28d23fd0595456218fa6b8e64c64a977,released,LumA,156.0,reserve
TCGA-A8-A083,TCGA-A8-A083-01A,01,BS,BS1,6266d257-b297-4b92-beae-4e877003a3d9,TCGA-A8-A083-01A-01-BS1.c88095e4-de9c-4e38-ac8e-70ac290b1dfb.svs,213727895,6eb83cf1d849fb3453d63b4098a898db,released,LumA,157.0,reserve
TCGA-A8-A083,TCGA-A8-A083-01Z,01,DX,DX1,a533e15d-c579-433a-8350-1d97e9f34eb4,TCGA-A8-A083-01Z-00-DX1.AD121BA9-B5FA-4A03-869B-8FE2C5014CE0.svs,718703198,9144e0a02efd7685518da5c76c66a77a,released,LumA,157.0,reserve
TCGA-BH-A0W4,TCGA-BH-A0W4-01A,01,BS,BSA,05873a87-fb4b-4947-8d6c-e2659d9a1991,TCGA-BH-A0W4-01A-01-BSA.010d7af0-073a-48aa-a257-10583b33c6f7.svs,160392113,d6ab575f1f39191ef43e39100f4555ca,released,LumA,158.0,reserve
TCGA-BH-A0W4,TCGA-BH-A0W4-01Z,01,DX,DX1,b545c7e6-8318-47e1-8ed4-62a5883a1d1c,TCGA-BH-A0W4-01Z-00-DX1.23E017DC-15CB-4838-AC91-CFB11B932AB0.svs,1491220569,63a867ca2a9227fcf73949abba92623c,released,LumA,158.0,reserve
TCGA-BH-A0W4,TCGA-BH-A0W4-01A,01,TS,TSA,8b6294dc-33a2-420d-b01e-351bafd0d486,TCGA-BH-A0W4-01A-01-TSA.f592ae5d-5e10-4502-ba88-cea79f42f77e.svs,274019685,98e10765c3e6a1314a3f3c8c2275cf03,released,LumA,158.0,reserve
TCGA-E2-A15D,TCGA-E2-A15D-01Z,01,DX,DX1,63f10c46-8870-40dd-a531-6317306be707,TCGA-E2-A15D-01Z-00-DX1.AA5AF847-3635-4BAF-AAC3-BADB4A1B2CB1.svs,1251189179,0b218a75737faac197c7db59244ca10f,released,LumA,159.0,reserve
TCGA-E2-A15D,TCGA-E2-A15D-01A,01,TS,TS1,1d11653b-2aff-4f2b-9cd7-e0c776bb22f8,TCGA-E2-A15D-01A-01-TS1.3079ed1e-0fe7-45b1-9ec1-c19c5d0b4df8.svs,199594121,11f578ac7c516b530e5be8bfc3aa6597,released,LumA,159.0,reserve
TCGA-A2-A0EV,TCGA-A2-A0EV-01A,01,BS,BSA,2e3868f3-96d8-453b-b8db-9de8de494960,TCGA-A2-A0EV-01A-01-BSA.895f4272-acc0-48e5-8c91-58209e6aa849.svs,297708621,8596c5046308d1cd56f36745b712805b,released,LumA,160.0,reserve
TCGA-A2-A0EV,TCGA-A2-A0EV-01Z,01,DX,DX1,db327a0a-0a3b-49f0-8b15-f17a04c041ec,TCGA-A2-A0EV-01Z-00-DX1.EA8C5594-BA4F-47A8-949B-D536E00E62C9.svs,1848347715,b1373ab69ead60c47cd7a0d2bee5a5a8,released,LumA,160.0,reserve
TCGA-A2-A0EV,TCGA-A2-A0EV-01A,01,TS,TSA,1bfbaec2-ede7-4d01-80a0-8684ad46a3bf,TCGA-A2-A0EV-01A-01-TSA.49658afd-55bd-4adb-a3c2-06a4e633efc5.svs,255154101,64a27983ecb10d6b069c8ad027ca8d97,released,LumA,160.0,reserve
TCGA-AC-A3OD,TCGA-AC-A3OD-01Z,01,DX,DX1,c860c1d9-fc0a-427d-95fa-e29887408280,TCGA-AC-A3OD-01Z-00-DX1.E19B311B-BAB1-4CE8-9421-B49D5BE4537E.svs,174549683,f522d0d1791cc01e1e20df6cf240c921,released,LumA,161.0,reserve
TCGA-AC-A3OD,TCGA-AC-A3OD-01A,01,TS,TS1,9813f5fd-cc1c-4a92-91a9-87a20a7d0938,TCGA-AC-A3OD-01A-01-TS1.4915B413-202C-4D3E-A360-E1142F365438.svs,80796760,24285c6c9a2611bd29d45c705ec3e4e5,released,LumA,161.0,reserve
TCGA-A8-A07Z,TCGA-A8-A07Z-01A,01,BS,BS1,b7e6aa78-5272-44a9-aa40-013ea4b7a1d6,TCGA-A8-A07Z-01A-01-BS1.9ea011c8-570d-479f-9023-54ddc5fe1e04.svs,179555529,1fb741cba28e0a8f1b3535e2e915882c,released,LumA,162.0,reserve
TCGA-A8-A07Z,TCGA-A8-A07Z-01Z,01,DX,DX1,fa5d3f80-37cb-479b-b72a-55e802616a13,TCGA-A8-A07Z-01Z-00-DX1.713945D9-6855-456D-87FB-EF8AF8980F51.svs,512712412,aae28ddd8772d0968094b9978bfb6a04,released,LumA,162.0,reserve
TCGA-A8-A07Z,TCGA-A8-A07Z-01A,01,TS,TS1,8690bced-53a5-4c9f-9505-570105c6363d,TCGA-A8-A07Z-01A-01-TS1.3f1c6bb6-4c45-41ab-96cd-8b9003751009.svs,125503853,21dba7a13f4c65e9dea9afebf26936c6,released,LumA,162.0,reserve
TCGA-D8-A1XV,TCGA-D8-A1XV-01Z,01,DX,DX1,09faa447-b639-406d-bc3e-4a0f15551b99,TCGA-D8-A1XV-01Z-00-DX1.D0D78B02-2A0D-4107-8083-D2FE1D3F1207.svs,1082540853,79facc8e270d48665a4c973bf0ddf1fa,released,LumA,163.0,reserve
TCGA-D8-A1XV,TCGA-D8-A1XV-01Z,01,DX,DX2,619b031c-83b6-40d3-a21c-bb3050215120,TCGA-D8-A1XV-01Z-00-DX2.D1988E01-5FDC-4F50-8183-F0CCE74D0CB2.svs,1113060369,df0e8bdbf24cd447ce0044376c220c2f,released,LumA,163.0,reserve
TCGA-D8-A1XV,TCGA-D8-A1XV-01A,01,TS,TS1,f8c2a7ec-6b71-4311-b4f3-e4372cb38328,TCGA-D8-A1XV-01A-01-TS1.21f6af08-36d4-41a1-8ad1-1175d352a26d.svs,206400231,8cc216b29bd3d6d29ad4faaec4db3b24,released,LumA,163.0,reserve
TCGA-BH-A0H5,TCGA-BH-A0H5-01A,01,BS,BSB,6dc9faf9-c7ce-42e3-a3cb-3a0f86276a0b,TCGA-BH-A0H5-01A-02-BSB.dfe0061f-b99b-4c98-9b50-05e9df207807.svs,248685869,17637e01a3531a47a15bc81765dcaf08,released,LumA,164.0,reserve
TCGA-BH-A0H5,TCGA-BH-A0H5-01Z,01,DX,DX1,ed2a1195-cf9f-443c-8d44-9966f576608b,TCGA-BH-A0H5-01Z-00-DX1.28F24D4D-EE80-4EDA-BC30-A194E22FD61C.svs,1561531797,49c8c75531ce83edf509224da6601886,released,LumA,164.0,reserve
TCGA-BH-A0H5,TCGA-BH-A0H5-01A,01,TS,TSB,6cc9bdad-3849-48bf-95d8-2f23d8eb785d,TCGA-BH-A0H5-01A-02-TSB.3b222475-012c-4642-8b1b-3a16a77af4fc.svs,328439887,b7c88d63a82109908f97eccf9ed505ef,released,LumA,164.0,reserve
TCGA-BH-A0DP,TCGA-BH-A0DP-01A,01,BS,BSB,657bd7f7-9038-4136-adc7-31521c970725,TCGA-BH-A0DP-01A-02-BSB.ad74deb9-5256-4688-9a5c-c4db6be91e67.svs,574104019,b6a69ddaadfd8b44a0128e345a2997b8,released,LumA,165.0,reserve
TCGA-BH-A0DP,TCGA-BH-A0DP-01Z,01,DX,DX1,16a11d0a-840a-4e58-8add-d975dee09f6d,TCGA-BH-A0DP-01Z-00-DX1.5550557D-4E5B-4B57-8C1E-9290A7AA32A9.svs,1056642479,d271610d7edb39423be76157950739ed,released,LumA,165.0,reserve
TCGA-BH-A0DP,TCGA-BH-A0DP-01A,01,TS,TSB,469e58c9-10cf-477c-b0e0-0c59d41acc7a,TCGA-BH-A0DP-01A-02-TSB.f0b6081f-92f9-4272-a7a7-4fb43bce2bea.svs,706811739,75e3a70514c67fcd322d3bc0103a9547,released,LumA,165.0,reserve
TCGA-BH-A0EB,TCGA-BH-A0EB-01A,01,BS,BSA,b5a51777-e0b0-43cc-832c-6e5889a0b948,TCGA-BH-A0EB-01A-01-BSA.f2664782-5c6a-4693-8f9c-aa963b38e605.svs,833421391,3f93762aa6243ba5116ed95f4296e21a,released,LumA,166.0,reserve
TCGA-BH-A0EB,TCGA-BH-A0EB-01Z,01,DX,DX1,daedfd81-4a6f-4f99-a505-c9363c961f4e,TCGA-BH-A0EB-01Z-00-DX1.70D7BBA0-214D-4D1A-933C-7CFCDA5416A3.svs,1742274321,edbe6da6a24cac250feb24d4b37d09af,released,LumA,166.0,reserve
TCGA-BH-A0EB,TCGA-BH-A0EB-01A,01,TS,TSA,852730fe-0649-437d-8e65-57c424bd7c96,TCGA-BH-A0EB-01A-01-TSA.12af0d04-ac02-49b1-b2a7-67af4dce098f.svs,999047963,59ee4da6a0deb90d632ae7fc8d256368,released,LumA,166.0,reserve
TCGA-A8-A0A1,TCGA-A8-A0A1-01A,01,BS,BS1,762ad327-b68b-4b3d-b339-d726698e8b61,TCGA-A8-A0A1-01A-01-BS1.d1aa77ae-acf6-4469-828d-ac152d6e9ed9.svs,303935527,c64382fd7d32dc2e0fbc6bd078e4d1c5,released,LumA,167.0,reserve
TCGA-A8-A0A1,TCGA-A8-A0A1-01Z,01,DX,DX1,4b7aa28d-2cc7-4fac-a789-21a18926917e,TCGA-A8-A0A1-01Z-00-DX1.CA64E221-E2A8-42B5-B611-25B9FE5FB0B0.svs,870438414,de8d980e6faeec2c4b4648c88086260c,released,LumA,167.0,reserve
TCGA-A8-A0A1,TCGA-A8-A0A1-01A,01,TS,TS1,7365e590-ad7f-4b61-9a65-ab566cb1a0b4,TCGA-A8-A0A1-01A-01-TS1.eb96c625-348f-4355-a9d2-7e44853a1888.svs,419392883,4d31948e4c30065cb435ac52193ae429,released,LumA,167.0,reserve
TCGA-AO-A12B,TCGA-AO-A12B-01A,01,BS,BSA,1758ba8f-8165-470b-8314-59aa5dde377b,TCGA-AO-A12B-01A-01-BSA.ec654e0e-2adc-488b-8653-acbf6164419e.svs,320235085,10bf37167cc7557e7b1ececb69fb52e7,released,LumA,168.0,reserve
TCGA-AO-A12B,TCGA-AO-A12B-01Z,01,DX,DX1,fee53d03-efed-47eb-b261-cb5571715795,TCGA-AO-A12B-01Z-00-DX1.B215230B-5FF7-4B0A-9C1E-5F1658534B11.svs,722809612,ef88780f7d6be64792ab71678029501e,released,LumA,168.0,reserve
TCGA-AO-A12B,TCGA-AO-A12B-01A,01,TS,TSA,6cf90ee7-4b4a-4b31-b8f8-10dde5c96300,TCGA-AO-A12B-01A-01-TSA.635646b4-dc81-45e2-92b1-8f087abc5240.svs,245452109,91a24d3fe0f4ec0f72722ae01f970985,released,LumA,168.0,reserve
TCGA-AR-A2LN,TCGA-AR-A2LN-01Z,01,DX,DX1,a51a959b-d70b-4f51-a360-99f7ca48efaa,TCGA-AR-A2LN-01Z-00-DX1.3EF43524-28B8-4326-9356-6BCBC63A1DA8.svs,1332157657,f5f73f6beeee6e092ca81797e30a2631,released,LumA,169.0,reserve
TCGA-AR-A2LN,TCGA-AR-A2LN-01A,01,TS,TSB,b8f78d45-68e0-4ecf-b8d8-6c5b31982b7a,TCGA-AR-A2LN-01A-02-TSB.4430D89C-595E-49C3-A552-96C1E19F30E1.svs,136205369,ae054f94e673e00dcd77798ed64be3ce,released,LumA,169.0,reserve
TCGA-BH-A0BA,TCGA-BH-A0BA-01A,01,BS,BSA,2a094c7d-ae1f-4ec1-9480-281b106dd14f,TCGA-BH-A0BA-01A-01-BSA.9d357113-f4a9-4e8e-8f02-86403cdc2af9.svs,257659323,9f30ff65a61eaf917821571317bd0264,released,LumA,170.0,reserve
TCGA-BH-A0BA,TCGA-BH-A0BA-01Z,01,DX,DX1,1f137657-0969-47fa-ab86-5234f692c7fe,TCGA-BH-A0BA-01Z-00-DX1.579E11C9-437C-4D49-8811-DD94D8454712.svs,1701558985,e89d7a7e05758d96638d4940b08c4cca,released,LumA,170.0,reserve
TCGA-BH-A0BA,TCGA-BH-A0BA-01A,01,TS,TSA,ead50ed1-7a32-4f11-ad68-742bfd0a47b1,TCGA-BH-A0BA-01A-01-TSA.9c9b5e0c-5e89-4dbc-be76-36aaca93c648.svs,190191413,d5a70cf7447881b03f336848faffd972,released,LumA,170.0,reserve
TCGA-BH-A201,TCGA-BH-A201-01Z,01,DX,DX1,e70c89a5-1c2f-43f8-b6be-589beea55338,TCGA-BH-A201-01Z-00-DX1.6D6E3224-50A0-45A2-B231-EEF27CA7EFD2.svs,1702204399,f3f20e8e85a8c02079e51db44c1053ad,released,LumA,171.0,reserve
TCGA-BH-A201,TCGA-BH-A201-01A,01,TS,TSA,218aad51-a20f-43f1-a661-99e378a0d9fd,TCGA-BH-A201-01A-01-TSA.19e3ea38-ce75-49fb-81b3-45e14890f370.svs,165286643,8a3bacd12714a42db5de43ad7d9072d9,released,LumA,171.0,reserve
TCGA-D8-A1X8,TCGA-D8-A1X8-01Z,01,DX,DX1,5afe4f66-f3e2-4d81-8eef-38210316cc33,TCGA-D8-A1X8-01Z-00-DX1.DDA3866E-C7CC-4650-BE2B-5C9A98A2D531.svs,1308970545,95ca3a2ce4b5b203192f52fc88cd0409,released,LumA,172.0,reserve
TCGA-D8-A1X8,TCGA-D8-A1X8-01A,01,TS,TS1,f6b2c1d2-3b59-4290-b4ca-b455066ae42a,TCGA-D8-A1X8-01A-01-TS1.782592a4-a9aa-4f61-b544-68c54aa78a7f.svs,235694689,5db87de4adbf03cdd628f653b155cbbd,released,LumA,172.0,reserve
TCGA-BH-A0DE,TCGA-BH-A0DE-01A,01,BS,BSA,747d7b3f-c2d4-4d20-95b1-7648d2beb8af,TCGA-BH-A0DE-01A-01-BSA.2222ee02-424e-4db1-bf0c-9213fcb9c269.svs,265030773,ae502546b9c3295fc2b7655b63c523c4,released,LumA,173.0,reserve
TCGA-BH-A0DE,TCGA-BH-A0DE-01Z,01,DX,DX1,0bd7ca22-a281-427c-a5ef-b59b5dd02da3,TCGA-BH-A0DE-01Z-00-DX1.64A0340A-8146-48E8-AAF7-4035988B9152.svs,804930637,914377416af8293e6cf5a04282295ef1,released,LumA,173.0,reserve
TCGA-BH-A0DE,TCGA-BH-A0DE-01A,01,TS,TSA,d5bc491c-1805-4a69-95cd-9d44e3823439,TCGA-BH-A0DE-01A-01-TSA.2a52bf9e-45aa-4e5b-8ee7-12476f5f9329.svs,261286239,8c3b238dd3662a7b6f5b7c6629419d3e,released,LumA,173.0,reserve
TCGA-A7-A5ZX,TCGA-A7-A5ZX-01Z,01,DX,DX1,7394a85d-04bf-4db1-be68-d6745365f838,TCGA-A7-A5ZX-01Z-00-DX1.A4C651F0-DB8E-4534-84A2-AD875F62209F.svs,434542889,15a882a6bd5ac840a7dfbbcdc1b933bc,released,LumA,174.0,reserve
TCGA-A7-A5ZX,TCGA-A7-A5ZX-01Z,01,DX,DX2,a2658e39-e476-44b2-99ee-118056cf6201,TCGA-A7-A5ZX-01Z-00-DX2.02F586FE-4775-480B-8035-D6AD3386F45D.svs,280262173,30190c57c0f350e98959a42432f1dab5,released,LumA,174.0,reserve
TCGA-A7-A5ZX,TCGA-A7-A5ZX-01A,01,TS,TS1,cfd47e0c-c3a9-4ca3-ad62-83c0b1385b0e,TCGA-A7-A5ZX-01A-01-TS1.34A6187F-702F-49C0-BF87-4C496FB5DD43.svs,241534543,ad4c85ad75ae8b8864605080308eadd8,released,LumA,174.0,reserve
TCGA-A2-A0CQ,TCGA-A2-A0CQ-01A,01,BS,BSB,2fd151e3-c4b7-42bf-8d70-7f78aa71bb43,TCGA-A2-A0CQ-01A-02-BSB.3aff800d-8a96-4675-9be3-a77666fbf078.svs,183957517,d3c192d688ab61053546a895a2b17aa8,released,LumA,175.0,reserve
TCGA-A2-A0CQ,TCGA-A2-A0CQ-01Z,01,DX,DX1,9af833c0-30df-4772-91b2-31e4e312f058,TCGA-A2-A0CQ-01Z-00-DX1.4E5FB4E5-A08C-4C87-A3BE-0640A95AE649.svs,592125143,89ad1f5e7134d978173f2ed7447b129d,released,LumA,175.0,reserve
TCGA-A2-A0CQ,TCGA-A2-A0CQ-01A,01,TS,TSB,0b486d90-70da-4898-97b7-85bc6db0f88d,TCGA-A2-A0CQ-01A-02-TSB.9510458b-dc35-43ef-a4ff-684a23bf6b87.svs,269149563,fd96973fb428cd040fa90f977952e92f,released,LumA,175.0,reserve
TCGA-OL-A66K,TCGA-OL-A66K-01Z,01,DX,DX1,07e24277-17a0-4442-9d56-b235c93e4142,TCGA-OL-A66K-01Z-00-DX1.C1DC85F1-4FAE-4411-9886-11DCB5E70CC3.svs,3401266790,246ecfccfdfda3254c50f14f3082a4ac,released,LumA,176.0,reserve
TCGA-OL-A66K,TCGA-OL-A66K-01A,01,TS,TS1,46f72680-faff-4de6-ab6c-470ea841eed9,TCGA-OL-A66K-01A-01-TS1.B088994F-5660-4401-B5AD-A6C8493172BC.svs,484206283,0e3a9be9b0bfa872ef30e9b88f3b1f65,released,LumA,176.0,reserve
TCGA-D8-A141,TCGA-D8-A141-01A,01,BS,BS1,1384effd-86cf-4413-ac20-da90f3bcc72c,TCGA-D8-A141-01A-01-BS1.c8a355a1-af5d-4dd8-a592-bdf4e5627aeb.svs,313573437,73a75a2e724e71a4214d3b35297248d1,released,LumA,177.0,reserve
TCGA-D8-A141,TCGA-D8-A141-01Z,01,DX,DX1,547f8bd9-2de3-459b-80ce-bbda38b2a09d,TCGA-D8-A141-01Z-00-DX1.10F6EEB2-C920-43FF-B5A7-B5A651CBDBE3.svs,676107671,e9863e0ef589f5c1e9e559fb2a0e69f8,released,LumA,177.0,reserve
TCGA-D8-A141,TCGA-D8-A141-01Z,01,DX,DX2,f1aaf97b-271f-4263-9dd2-e23c52bdda4f,TCGA-D8-A141-01Z-00-DX2.DBD0D81E-28FC-4466-BDE3-94753BD6CBEB.svs,698984693,ca78aef63c1c51a4c5ebe768a0f8fb66,released,LumA,177.0,reserve
TCGA-D8-A141,TCGA-D8-A141-01A,01,TS,TS1,ef0eafcc-7822-41c0-b710-87dcf3f32a70,TCGA-D8-A141-01A-01-TS1.c28f136e-972a-4911-9330-26d122161009.svs,443029959,64b3bf74a0b4742d62272cb79efae992,released,LumA,177.0,reserve
TCGA-A7-A0CG,TCGA-A7-A0CG-01A,01,BS,BS1,0db8d1eb-1135-49a4-9c0f-ca340f2d7432,TCGA-A7-A0CG-01A-01-BS1.418d89f9-9b2b-4918-abde-431da0a0e601.svs,330476581,c01dd9a1ee562fcf292dd6ff6c2d4bdc,released,LumA,178.0,reserve
TCGA-A7-A0CG,TCGA-A7-A0CG-01Z,01,DX,DX1,0298ba6e-c343-447e-abd6-95c6005d05f5,TCGA-A7-A0CG-01Z-00-DX1.D77019C2-96B1-4EF5-A61E-5F2D5B8D9852.svs,659006807,e123cae29e8164a379f0fc6a90a4c0ba,released,LumA,178.0,reserve
TCGA-A7-A0CG,TCGA-A7-A0CG-01Z,01,DX,DX2,bdd58916-f09d-4280-877b-0b89d63c8491,TCGA-A7-A0CG-01Z-00-DX2.81138E90-373A-4C12-B9CA-6EEF5F84A5B5.svs,616007727,091243674bb0540f6d52c7b1543c29cf,released,LumA,178.0,reserve
TCGA-A7-A0CG,TCGA-A7-A0CG-01A,01,TS,TS1,81e3924d-2d45-4233-88a8-5c2e104a1459,TCGA-A7-A0CG-01A-01-TS1.7c898f34-39c1-4a61-bc74-e169bce13449.svs,340354149,30dd0bf9befc3851c34421e3b4d5bd3a,released,LumA,178.0,reserve
TCGA-5L-AAT0,TCGA-5L-AAT0-01Z,01,DX,DX1,b3780253-78fe-4907-9f5a-230b2bb4b24e,TCGA-5L-AAT0-01Z-00-DX1.5E171263-30BF-4C6B-88A1-E8EA0522A861.svs,349684623,b03df56d20c11c51b8ad6c3e132a78de,released,LumA,179.0,reserve
TCGA-5L-AAT0,TCGA-5L-AAT0-01A,01,TS,TS1,2c160733-0ecf-4067-9811-e1db718d83ae,TCGA-5L-AAT0-01A-01-TS1.E7894281-DAB5-4603-B42A-A4C71FBE3D37.svs,154590837,88d52c15d09d3340cc84171be01944ad,released,LumA,179.0,reserve
TCGA-OL-A6VQ,TCGA-OL-A6VQ-01Z,01,DX,DX1,d8a5a25e-f7dc-4c0d-8d08-efa050713725,TCGA-OL-A6VQ-01Z-00-DX1.E3B81163-0239-47C3-B53F-064405B58685.svs,1743816509,5c925c730304fcdd3c969bb70f1eccef,released,LumA,180.0,reserve
TCGA-OL-A6VQ,TCGA-OL-A6VQ-01A,01,TS,TSA,09d2afd1-25d2-4d5b-9044-d16cbf14304d,TCGA-OL-A6VQ-01A-01-TSA.0CD11145-841A-4FE3-BACB-C014D4782C9E.svs,197220271,abb76704ccd8234aae87b93eb8310abd,released,LumA,180.0,reserve
TCGA-AC-A3HN,TCGA-AC-A3HN-01Z,01,DX,DX1,c30133b9-3e6a-44b4-812f-a003e698225c,TCGA-AC-A3HN-01Z-00-DX1.1AA71B9B-1B61-41A9-91CF-B7649DEC189E.svs,951343170,5b14f96d6329767a7b2a81d1e6ae2ab9,released,LumA,181.0,reserve
TCGA-AC-A3HN,TCGA-AC-A3HN-01A,01,TS,TSA,9666fc65-cc41-4156-8127-ed3e4d30d9c0,TCGA-AC-A3HN-01A-01-TSA.D9B963D0-367F-4D94-B4CC-9C02FF529CB2.svs,162915419,ae9f965280df6ddea18da91ca67ab524,released,LumA,181.0,reserve
TCGA-BH-A0BP,TCGA-BH-A0BP-01A,01,BS,BSA,5a1d1f1c-35e7-4257-84e9-a6f938d1ef4a,TCGA-BH-A0BP-01A-01-BSA.e3fa75e0-9c2b-4eec-8d44-3b10237c1571.svs,119917519,4924580d121656fff352e9a1dfb9c099,released,LumA,182.0,reserve
TCGA-BH-A0BP,TCGA-BH-A0BP-01Z,01,DX,DX1,8445cfc1-a20a-4b5b-861a-ae8412f4d497,TCGA-BH-A0BP-01Z-00-DX1.63A87C1D-87FA-494D-9836-74290B5DC30D.svs,511424435,d09073ad482ecc11d8d47ffe02a58778,released,LumA,182.0,reserve
TCGA-BH-A0BP,TCGA-BH-A0BP-01A,01,TS,TSA,03a8c4d5-150a-4709-a771-1021270070e0,TCGA-BH-A0BP-01A-01-TSA.7af1ff04-abb7-4c36-9316-8596f2053824.svs,349399351,f83b6fbf14c21a237e0b955e4c093a00,released,LumA,182.0,reserve
TCGA-E9-A1R2,TCGA-E9-A1R2-01Z,01,DX,DX1,00d9f621-eb0a-4968-b553-1db2b94d3f98,TCGA-E9-A1R2-01Z-00-DX1.5529C856-4F4F-4F17-94A2-5CEF94A940EB.svs,763289407,292dfaca400edf2d36563c2c6ea7163b,released,LumA,183.0,reserve
TCGA-E9-A1R2,TCGA-E9-A1R2-01A,01,TS,TSA,82b14e25-9529-43fd-9145-1d69b661b9c2,TCGA-E9-A1R2-01A-01-TSA.08bc6aef-5b96-48e7-81fe-b745374d3946.svs,276279499,b71e3be699333ff2254671cfec18012c,released,LumA,183.0,reserve
TCGA-D8-A1JS,TCGA-D8-A1JS-01Z,01,DX,DX1,8929de4d-3935-4138-a844-433afe213f49,TCGA-D8-A1JS-01Z-00-DX1.76C592B0-DC6D-401A-9533-C9FE5B6CA08D.svs,1701316857,523e7358528968b2adf1fda9933ae8fb,released,LumA,184.0,reserve
TCGA-D8-A1JS,TCGA-D8-A1JS-01A,01,TS,TS1,31f674af-76c1-4db8-bec8-6ecb006325e9,TCGA-D8-A1JS-01A-01-TS1.983584f2-54bc-4cfa-bbef-81c98b1e4def.svs,313326121,4966e857bbc9c464628eff4e01c2c258,released,LumA,184.0,reserve
TCGA-BH-A0DO,TCGA-BH-A0DO-01B,01,BS,BS1,1fe5d2df-b32c-4269-b88e-9d1403462061,TCGA-BH-A0DO-01B-01-BS1.bf45233b-116a-4b13-87f2-4cc0411c79c8.svs,251028893,9fd7032a05d0fda90061270c97c19b8e,released,LumA,185.0,reserve
TCGA-BH-A0DO,TCGA-BH-A0DO-01Z,01,DX,DX1,d5edbc1f-9d72-403e-af52-9d1c5ffb2e67,TCGA-BH-A0DO-01Z-00-DX1.1684557E-A5D4-4828-B2D5-FA899993A019.svs,917952957,3a517fceea9c21fb7468cf2157037ff9,released,LumA,185.0,reserve
TCGA-BH-A0DO,TCGA-BH-A0DO-01B,01,TS,TS1,914948df-7b3a-41d6-8946-c2e6bc5f3c03,TCGA-BH-A0DO-01B-01-TS1.efc0f01b-29a7-4ef7-9228-b44aafa922f4.svs,209601777,cc9354302b62f6b71383aa3bd6009b78,released,LumA,185.0,reserve
TCGA-AR-A252,TCGA-AR-A252-01Z,01,DX,DX1,0f9b1064-79be-4f8e-a548-2da38b227843,TCGA-AR-A252-01Z-00-DX1.2E7EE069-A0B8-489B-A2F0-3175FB58F468.svs,1389426487,008c1bc85c8d251d7722aa82e695613b,released,LumA,186.0,reserve
TCGA-AR-A252,TCGA-AR-A252-01A,01,TS,TSA,dc2aac5a-f9d2-49e5-b372-49027da06c53,TCGA-AR-A252-01A-01-TSA.67f98277-46bd-4868-9f16-fbed2a257ddf.svs,188705417,231f4ec0709c2cb111a2c56715eda5bb,released,LumA,186.0,reserve
TCGA-A2-A0D3,TCGA-A2-A0D3-01A,01,BS,BSA,f8b2651d-1aee-4540-b875-19e687ff947b,TCGA-A2-A0D3-01A-01-BSA.a92d21bb-df83-4a6d-87d4-4558f0b8172f.svs,403553897,2fde9c6c7953e1b1d292c3f6818b94fc,released,LumA,187.0,reserve
TCGA-A2-A0D3,TCGA-A2-A0D3-01Z,01,DX,DX1,38130638-4a19-4562-91dc-6bfeeedd676a,TCGA-A2-A0D3-01Z-00-DX1.D18CE1C0-291D-41C1-8F71-2A0551F8C661.svs,586363881,c38c484d85e8efbb992cd719a6e90862,released,LumA,187.0,reserve
TCGA-A2-A0D3,TCGA-A2-A0D3-01A,01,TS,TSA,c65677c8-896b-45bc-80c0-2afb9725e9df,TCGA-A2-A0D3-01A-01-TSA.55add6f4-ecd3-4228-af07-045ef5a2cbf6.svs,446597649,3a5021686d358b8bcd2ee622a9b2425b,released,LumA,187.0,reserve
TCGA-A7-A425,TCGA-A7-A425-01Z,01,DX,DX1,b0e88e0a-ff33-4e06-b347-8281ecf03901,TCGA-A7-A425-01Z-00-DX1.812A94B1-0403-4298-A6C5-F71AFD3A9995.svs,739774317,4c8832b80b91ec551978fb5c07c9a733,released,LumA,188.0,reserve
TCGA-A7-A425,TCGA-A7-A425-01A,01,TS,TSA,7f4cf171-956e-4a05-b51c-fafaca31e169,TCGA-A7-A425-01A-01-TSA.D8ECCE2B-4CC3-4459-8C20-9F21DE0F9241.svs,104740533,0a74aa22a5d82127b8dc6ac34a34fc8e,released,LumA,188.0,reserve
TCGA-A2-A0EO,TCGA-A2-A0EO-01Z,01,DX,DX1,bbd0ea25-16f0-4074-9d97-17bddd44622f,TCGA-A2-A0EO-01Z-00-DX1.D7A09E23-2CAB-4B3B-814C-BF0BA75B7589.svs,1120156943,4fe8243fe8a908dccf5fd240eae72894,released,LumA,189.0,reserve
TCGA-A2-A0EO,TCGA-A2-A0EO-01A,01,TS,TSA,c233cfeb-e3b8-4907-9e9e-04fed31ae078,TCGA-A2-A0EO-01A-01-TSA.36f29540-ef11-4f71-bfa7-170e5f037a0a.svs,458968431,48a81e23ccd041bedac4773e43af3a3f,released,LumA,189.0,reserve
TCGA-OL-A66L,TCGA-OL-A66L-01Z,01,DX,DX1,8d5f3c2d-38ed-41dd-a4b2-93a3fee7f07a,TCGA-OL-A66L-01Z-00-DX1.E01BA275-57A5-49DF-9376-1AD0BDFFF7E2.svs,2280251720,593fa33ffef87cc482fc06b9b2afee3c,released,LumA,190.0,reserve
TCGA-OL-A66L,TCGA-OL-A66L-01A,01,TS,TSA,48b0c0f5-444e-4ac5-8326-12612c0f5d7c,TCGA-OL-A66L-01A-01-TSA.1A607901-B225-4E1B-B6F1-449FA90EE9B8.svs,275777959,f73c53aa7e2149c272d641307574211b,released,LumA,190.0,reserve
TCGA-BH-A0BC,TCGA-BH-A0BC-01A,01,BS,BSB,a75a6129-f07d-41cc-84a1-0cb22bdbc589,TCGA-BH-A0BC-01A-02-BSB.a89fb037-eac3-4424-8811-e668088b1481.svs,501227507,35584cc091235a557208af59668ce5ef,released,LumA,191.0,reserve
TCGA-BH-A0BC,TCGA-BH-A0BC-01Z,01,DX,DX1,fdb0f23e-1999-463d-ad3f-4fb6b71a9d4e,TCGA-BH-A0BC-01Z-00-DX1.7A91831D-9625-49FC-B783-C633F80F898C.svs,1017633449,2ef9bf0d7cc9173ba5ef3b0fe8f57a82,released,LumA,191.0,reserve
TCGA-BH-A0BC,TCGA-BH-A0BC-01A,01,TS,TSB,32823df2-cae6-4b75-ab7c-13cd880bb5ac,TCGA-BH-A0BC-01A-02-TSB.a7afb5f2-2676-428b-95c4-5b8764004820.svs,419782495,9ec09a9c5f79f521f092027c552a0916,released,LumA,191.0,reserve
TCGA-AN-A0XL,TCGA-AN-A0XL-01A,01,BS,BS1,f81444a3-24c1-43d0-a80c-c12136a3b245,TCGA-AN-A0XL-01A-01-BS1.c465e036-af63-4ffe-b0d7-fcd07a6251be.svs,135974731,6d7207efce97213988e676c8239d2e0f,released,LumA,192.0,reserve
TCGA-AN-A0XL,TCGA-AN-A0XL-01Z,01,DX,DX1,d6617738-749e-4050-9fc7-ea52c34caf5f,TCGA-AN-A0XL-01Z-00-DX1.E90AA056-51DC-4A6B-96EB-A0B707496912.svs,595971751,6e601699819180418b65ffe2a9b12052,released,LumA,192.0,reserve
TCGA-AR-A1AS,TCGA-AR-A1AS-01Z,01,DX,DX1,d68ac421-d467-43eb-9d94-ca2db1bef4ae,TCGA-AR-A1AS-01Z-00-DX1.72979519-0A90-42AD-9F23-1991F75C8CE7.svs,1820128441,ba1a0f82d1f765dc8e77614983979ad0,released,LumA,193.0,reserve
TCGA-AR-A1AS,TCGA-AR-A1AS-01A,01,TS,TSA,32b34561-f972-482b-8ba7-653ef40616dc,TCGA-AR-A1AS-01A-01-TSA.235f24b3-d72a-419e-8f5c-ffc808dc06be.svs,255252995,94b27eaead3db573db88ee36326b1184,released,LumA,193.0,reserve
TCGA-LD-A7W6,TCGA-LD-A7W6-01Z,01,DX,DX1,1e5499b6-73e2-463f-868b-e5652e3fd575,TCGA-LD-A7W6-01Z-00-DX1.3E125146-B447-4973-AE09-6D374970B46C.svs,900025969,76f6a33f79534ddca81cb0fb2dd7914f,released,LumA,194.0,reserve
TCGA-LD-A7W6,TCGA-LD-A7W6-01A,01,TS,TSH,174f8d13-c969-4336-9f83-45d9866dc6d9,TCGA-LD-A7W6-01A-08-TSH.8F554835-5E24-482E-9F5E-0572C197F938.svs,267553801,7f04fa3b53fbe0ed9bf4b413f51dcc22,released,LumA,194.0,reserve
TCGA-A8-A09B,TCGA-A8-A09B-01A,01,BS,BS1,d693a4e4-1d8f-4951-8d39-64c0726c2c4f,TCGA-A8-A09B-01A-01-BS1.57e0c9cd-4447-483c-9102-01ce22d30235.svs,368095627,4f01cd536314606362b1eec44256893b,released,LumA,195.0,reserve
TCGA-A8-A09B,TCGA-A8-A09B-01Z,01,DX,DX1,f6f9cb51-691a-450a-9d46-8e37cfc31645,TCGA-A8-A09B-01Z-00-DX1.97CCDA89-AB73-4F05-A900-668160227B78.svs,644594934,30da6721cdd51197853d90bb0eb368fc,released,LumA,195.0,reserve
TCGA-A8-A09B,TCGA-A8-A09B-01A,01,TS,TS1,6c904a60-f8be-4c56-973c-76f6044ea202,TCGA-A8-A09B-01A-01-TS1.02ded2f9-3484-42a5-a755-083c53b27f68.svs,247645865,ff5dde55ec2c04cdc0b31b2f66045cb9,released,LumA,195.0,reserve
TCGA-BH-A0BS,TCGA-BH-A0BS-01A,01,BS,BSA,e5fe6dbd-c54d-46da-b893-51e85388c812,TCGA-BH-A0BS-01A-01-BSA.ebd4566c-a2cd-4f86-a5ed-baf53731ac5a.svs,268877815,65d69a0057e16ac84a68f3e902f2e0ec,released,LumA,196.0,reserve
TCGA-BH-A0BS,TCGA-BH-A0BS-01Z,01,DX,DX1,c940a69b-1b0c-4cc2-a5b6-7d3332875f4f,TCGA-BH-A0BS-01Z-00-DX1.FEE32127-4D0B-4560-A39C-4EAA5B189B70.svs,1027484799,db6a110647b2f3e648bc857981371f12,released,LumA,196.0,reserve
TCGA-BH-A0BS,TCGA-BH-A0BS-01A,01,TS,TSA,d6e99a70-822c-4f61-bcf2-5630b406802b,TCGA-BH-A0BS-01A-01-TSA.2de86c0c-c9f9-41fc-8f82-966b48b6af7b.svs,294363211,6da372509d17ba273a91f0acbd89ac0a,released,LumA,196.0,reserve
TCGA-AO-A0JJ,TCGA-AO-A0JJ-01A,01,BS,BSA,8e8abcc0-6bf7-4970-85f2-112b661eefe4,TCGA-AO-A0JJ-01A-01-BSA.132f03bb-3b31-485c-b814-0f4bf204440e.svs,234971451,68125aa79f6d6c6b16537d14a5c09666,released,LumA,197.0,reserve
TCGA-AO-A0JJ,TCGA-AO-A0JJ-01Z,01,DX,DX1,2bcd4629-f31a-4bee-a7ff-aa9663b0c2c5,TCGA-AO-A0JJ-01Z-00-DX1.D5B636F5-1B47-4033-9938-9DC8CD48CEE9.svs,728079632,0646953656dcd07a49059e75d3e4ba32,released,LumA,197.0,reserve
TCGA-AO-A0JJ,TCGA-AO-A0JJ-01A,01,TS,TSA,fc6f7dcf-8de2-4111-96fe-f2e4758ae25c,TCGA-AO-A0JJ-01A-01-TSA.fe4ee1f2-09e8-46a7-9c62-b20fc8042934.svs,405140055,7bdb28c40eb52f08cb8f828a51dad12a,released,LumA,197.0,reserve
TCGA-LL-A740,TCGA-LL-A740-01Z,01,DX,DX1,1db81db6-77eb-4aee-9e20-5d9cad3d4917,TCGA-LL-A740-01Z-00-DX1.757D94A5-EF0F-4A0E-99A9-8809B66438DA.svs,1266063965,30a3478cbe551c75abb7f1d83e0a07d3,released,LumA,198.0,reserve
TCGA-LL-A740,TCGA-LL-A740-01A,01,TS,TSB,009f90d0-53c9-48a9-a362-72328cccd66e,TCGA-LL-A740-01A-02-TSB.AA89991A-E10F-48FB-BC4F-F65F0F2B51FD.svs,178937741,549763b45d5deaabf8c5400b6b61eb71,released,LumA,198.0,reserve
TCGA-HN-A2OB,TCGA-HN-A2OB-01Z,01,DX,DX1,baea357d-f813-46d8-92ae-62d2beaf6d94,TCGA-HN-A2OB-01Z-00-DX1.14F1FBFB-4540-43CE-9D79-5BC628640424.svs,297585642,b7f6054981d9b636ab8f418b7a871ee6,released,LumA,199.0,reserve
TCGA-HN-A2OB,TCGA-HN-A2OB-01A,01,TS,TSB,db236dc3-32fb-40bf-b804-f420a35f297c,TCGA-HN-A2OB-01A-02-TSB.4938ED50-8E55-4CCB-ABF7-A86E1BCFBA1A.svs,190827763,09d9c40011571518cec5854b7914e392,released,LumA,199.0,reserve
TCGA-AR-A24X,TCGA-AR-A24X-01Z,01,DX,DX1,cd497e77-9c1c-463f-a2e4-7d090778bd81,TCGA-AR-A24X-01Z-00-DX1.304BF142-B01A-4AE9-B98C-FB3DE3BEAE57.svs,389222203,99dc3619531c3ee4884c2280c81d4db5,released,LumA,200.0,reserve
TCGA-AR-A24X,TCGA-AR-A24X-01A,01,TS,TSA,39c70561-8d6d-463d-979d-35ea1845e2d0,TCGA-AR-A24X-01A-01-TSA.51b6ebaf-bb07-442c-8c13-3379b44b9707.svs,258633431,4a18bcadcb8c98d0a8afd18c145397f5,released,LumA,200.0,reserve
TCGA-OL-A5RX,TCGA-OL-A5RX-01Z,01,DX,DX1,acc47852-3f83-4ed3-a85e-ecba28c06aa9,TCGA-OL-A5RX-01Z-00-DX1.15A0D4F4-2744-4D44-8883-27FF83D9C824.svs,48987138,abcf7959d3f04661fe8ea1f40569c12c,released,LumA,201.0,reserve
TCGA-OL-A5RX,TCGA-OL-A5RX-01A,01,TS,TSA,a5580683-d863-41e5-a96b-31425a13d071,TCGA-OL-A5RX-01A-01-TSA.A2D25C2C-D7C5-4D31-8663-3345DB03780A.svs,187402995,74c95fe6afa69464992abe4285b42a6f,released,LumA,201.0,reserve
TCGA-E2-A15I,TCGA-E2-A15I-01Z,01,DX,DX1,40ee35c1-83c1-4816-b56e-17dd70ea6591,TCGA-E2-A15I-01Z-00-DX1.DFF60A40-B03D-438F-A233-06132A213619.svs,430018179,eef7dbd297584daebdee2414a62b3219,released,LumA,202.0,reserve
TCGA-E2-A15I,TCGA-E2-A15I-01A,01,TS,TSB,1ce7bca4-ddea-45af-9628-9083802739b0,TCGA-E2-A15I-01A-02-TSB.961e62b4-3906-4076-a261-5b33f151c664.svs,241919711,8a1f7010401bf7b33506698b8696ff03,released,LumA,202.0,reserve
TCGA-AR-A2LO,TCGA-AR-A2LO-01Z,01,DX,DX1,d06d16c4-180b-49e4-95c5-0e3593d6e51b,TCGA-AR-A2LO-01Z-00-DX1.A8C81E1E-B224-4CF4-83D4-FFB2F51A7002.svs,915444567,da028a94c338c4611f554de83cc6135c,released,LumA,203.0,reserve
TCGA-AR-A2LO,TCGA-AR-A2LO-01A,01,TS,TSC,f74586de-5273-4573-acda-643d9a422c12,TCGA-AR-A2LO-01A-03-TSC.62917FFC-65A4-46A2-AED6-1E9B368023E2.svs,89213887,a0c69e1a1646799d02b3704a0b7abc56,released,LumA,203.0,reserve
TCGA-E2-A1IU,TCGA-E2-A1IU-01Z,01,DX,DX1,363e72db-7642-4be2-b370-27a8d2a104c5,TCGA-E2-A1IU-01Z-00-DX1.E2F24814-24BA-4158-8841-F27A8E100589.svs,1030134735,dfc00b0e8a22bf7d6cdb59c5a24913a7,released,LumA,204.0,reserve
TCGA-E2-A1IU,TCGA-E2-A1IU-01A,01,TS,TSA,662e9c77-9483-41a6-8141-3bcfd7d6fd03,TCGA-E2-A1IU-01A-01-TSA.ba60c639-0f0b-4ccf-8990-d561c67794a8.svs,251175181,af3ad99f8c1b68f46cc63ec6397f04f6,released,LumA,204.0,reserve
TCGA-GM-A2DL,TCGA-GM-A2DL-01Z,01,DX,DX1,54fdec52-eaa2-4fad-8bab-ff04b2c92114,TCGA-GM-A2DL-01Z-00-DX1.1CE6992E-B1CE-45AB-B2EB-75338B6FEE9D.svs,1271160953,328a16119ea1dca519d25f10e528773a,released,LumA,205.0,reserve
TCGA-GM-A2DL,TCGA-GM-A2DL-01A,01,TS,TSA,4ba2fbdd-097b-44ad-8d91-b47a9eda54a4,TCGA-GM-A2DL-01A-01-TSA.B952C740-284C-458B-A72A-34DDC22B623E.svs,175850363,bfdb8d31b68d9ad8d42e5ceabd89a77a,released,LumA,205.0,reserve
TCGA-BH-A1EW,TCGA-BH-A1EW-01Z,01,DX,DX1,e1af8899-f47a-4599-9f8e-f152c0056b45,TCGA-BH-A1EW-01Z-00-DX1.A6A5F9C5-FB97-4DA3-A1EA-1F84BC006681.svs,1198113167,19db5bb8563a82ceff61516adff8d726,released,LumA,206.0,reserve
TCGA-BH-A1EW,TCGA-BH-A1EW-01A,01,TS,TSA,5f43bc2d-bf31-41a0-bd03-4db9aee59974,TCGA-BH-A1EW-01A-01-TSA.9b039a90-0f89-4356-a277-2fa293021951.svs,178363393,94c5b32e992392612d1c5b74a75b394c,released,LumA,206.0,reserve
TCGA-AC-A2FF,TCGA-AC-A2FF-01Z,01,DX,DX1,cf21a217-2920-4a14-aa84-477a0823f904,TCGA-AC-A2FF-01Z-00-DX1.012DAC86-E05C-44FA-81C2-FE4C754F409C.svs,627191038,7e669f50e5f4e7f12c91d6f9906fdbfb,released,LumA,207.0,reserve
TCGA-AC-A2FF,TCGA-AC-A2FF-01A,01,TS,TSA,1139a982-9b26-4abd-999c-bf5fcd849a9d,TCGA-AC-A2FF-01A-01-TSA.575C5B8A-E0DD-426B-9B34-6A99ED31FF10.svs,152175087,a0d1ae403ea82f0d84c5158d4a670542,released,LumA,207.0,reserve
TCGA-AC-A6NO,TCGA-AC-A6NO-01Z,01,DX,DX1,78479de9-a0b9-448d-b277-b5315fc72b8c,TCGA-AC-A6NO-01Z-00-DX1.61B7F48C-6D6E-4C1B-B236-DD130ECBDA9D.svs,157827788,c95854cc9faeb9f1b1934fafbdec2083,released,LumA,208.0,reserve
TCGA-AC-A6NO,TCGA-AC-A6NO-01A,01,TS,TS1,53025508-2c7e-4dbd-b855-d2c83c6d350b,TCGA-AC-A6NO-01A-01-TS1.EC103F22-AE26-43CA-983C-E7CD7AA9F633.svs,178328857,65df7047d12864ce570d72530d996f58,released,LumA,208.0,reserve
TCGA-D8-A1JN,TCGA-D8-A1JN-01Z,01,DX,DX1,868f81c5-3348-4c24-b4af-6043dbac6e4f,TCGA-D8-A1JN-01Z-00-DX1.3B02989C-CEA0-4EDD-A6DC-21C3A957C640.svs,1856155441,86dedcef5cdfea9bc826a2c05d989523,released,LumA,209.0,reserve
TCGA-D8-A1JN,TCGA-D8-A1JN-01A,01,TS,TS1,47c7e28b-3be9-4293-932e-4f993129abc1,TCGA-D8-A1JN-01A-01-TS1.d8e7d0ee-6285-4633-a790-6a746980ba73.svs,161785639,16ee65fd89d3197881c9fd4a04eaed13,released,LumA,209.0,reserve
TCGA-BH-A18F,TCGA-BH-A18F-01Z,01,DX,DX1,a5e25681-8800-4d3d-a202-35d2216175c6,TCGA-BH-A18F-01Z-00-DX1.81A81589-2D77-4CD6-BD34-76E292AA031D.svs,866962087,cce923873917511905a02967eb0057b1,released,LumA,210.0,reserve
TCGA-BH-A18F,TCGA-BH-A18F-01A,01,TS,TSA,97bddd74-badf-4b3e-8c5c-a322dd5d543d,TCGA-BH-A18F-01A-01-TSA.04018194-c078-409d-9fcc-6519b9609fb0.svs,282754337,f18d16aacd85a24bf4eae6930eac5199,released,LumA,210.0,reserve
TCGA-E2-A15J,TCGA-E2-A15J-01Z,01,DX,DX1,c9eda175-ef25-49f1-beb1-3a8cb99c1f37,TCGA-E2-A15J-01Z-00-DX1.BF7901D1-30B1-4A76-B0A5-E9B8B36EF4C9.svs,1516174763,6fc126625c25d2f196f3b80364d65e48,released,LumA,211.0,reserve
TCGA-E2-A15J,TCGA-E2-A15J-01A,01,TS,TS1,51b1d61e-15c2-4619-826e-995b432edd1d,TCGA-E2-A15J-01A-01-TS1.31bb6cae-5ebb-4a35-b6e8-9467f34bc4a8.svs,139891331,f75fbd9e87167fbfa18205b9793143b0,released,LumA,211.0,reserve
TCGA-EW-A1PE,TCGA-EW-A1PE-01Z,01,DX,DX1,ddcb21eb-b039-42b6-9f4e-12e36ad9040e,TCGA-EW-A1PE-01Z-00-DX1.8EF56824-0B37-4AD1-AF3E-7988FCBEF773.svs,1588066971,9260ce1059721a1ddd9edf4b9e77d03b,released,LumA,212.0,reserve
TCGA-EW-A1PE,TCGA-EW-A1PE-01A,01,TS,TSA,4731472c-6fa0-4c8a-8944-170d7782b167,TCGA-EW-A1PE-01A-01-TSA.e016b643-b0f1-4281-bc1d-2cf850716603.svs,222595005,54920a546ee4f93aad2b3fc5f8732af2,released,LumA,212.0,reserve
TCGA-BH-A0C1,TCGA-BH-A0C1-01B,01,BS,BS1,cf41ea9d-b7ed-498d-b54d-d8bc7d26f581,TCGA-BH-A0C1-01B-01-BS1.2fa43733-dfce-4806-99d1-ef0834132ff6.svs,212071701,41845eeb91b70dfd556a8e1e4fb8649f,released,LumA,213.0,reserve
TCGA-BH-A0C1,TCGA-BH-A0C1-01Z,01,DX,DX1,aa3f0051-ea7f-47f2-a7aa-315c1bdc3f18,TCGA-BH-A0C1-01Z-00-DX1.21FE357E-B182-4397-BFEF-7E96E994236A.svs,992971003,8a43d85058bb6bc2fc00d485cf92e1c1,released,LumA,213.0,reserve
TCGA-BH-A0C1,TCGA-BH-A0C1-01B,01,TS,TS1,3006a710-6b96-41f2-93fe-0d9ac351d6a4,TCGA-BH-A0C1-01B-01-TS1.34796b87-c808-47ff-8a33-ce181cd00674.svs,250339763,4321c133913beb1c5af8ea3e7239c5b6,released,LumA,213.0,reserve
TCGA-A8-A09D,TCGA-A8-A09D-01A,01,BS,BS1,596269f5-7819-4c05-925b-e0dc8a6ecaed,TCGA-A8-A09D-01A-01-BS1.f67237cc-27c1-4b63-8a9c-5c63791b740c.svs,143326027,00b299b30fcdb65049983c732cb4a124,released,LumA,214.0,reserve
TCGA-A8-A09D,TCGA-A8-A09D-01Z,01,DX,DX1,6ed1420e-7d02-4f4e-86f7-81f1afe99e40,TCGA-A8-A09D-01Z-00-DX1.66312A8A-88BA-4B58-96DF-1A7AC39F9E4A.svs,639495708,682d609ac65ceb7e816a31a4d6231fd6,released,LumA,214.0,reserve
TCGA-A8-A09D,TCGA-A8-A09D-01A,01,TS,TS1,1c6a9e38-48ce-4fd7-909a-032632d8c9b3,TCGA-A8-A09D-01A-01-TS1.b95dc7b7-f0f3-4eea-be5c-2323c57e8a61.svs,167519067,5824102dd2c865d76ace9baef70fe081,released,LumA,214.0,reserve
TCGA-BH-A0B5,TCGA-BH-A0B5-01A,01,BS,BSA,684d7e72-89c2-43db-ae93-c864eb972ad0,TCGA-BH-A0B5-01A-01-BSA.6fc7f4e6-e267-4359-b472-057f1e77ae1a.svs,235713577,06cc9b5572002794885b9b016d32c588,released,LumA,215.0,reserve
TCGA-BH-A0B5,TCGA-BH-A0B5-01Z,01,DX,DX1,00d39e31-94d4-4e9e-a8c5-5310355f71ad,TCGA-BH-A0B5-01Z-00-DX1.742DB0E8-8EB1-47C8-B698-8E2438FB6299.svs,1126224915,0ea21b1e13bbc45f43344a8c3eb2415a,released,LumA,215.0,reserve
TCGA-BH-A0B5,TCGA-BH-A0B5-01A,01,TS,TSA,8ed44372-78a1-4537-a039-d2098245dee9,TCGA-BH-A0B5-01A-01-TSA.251b1c6f-62e7-4a8d-afd4-e6dd132948fb.svs,293624709,f39be339a94339a17f241316cedd8821,released,LumA,215.0,reserve
TCGA-LD-A74U,TCGA-LD-A74U-01Z,01,DX,DX1,05a2048b-9cb0-43b4-b3ef-5cd1b47f38d1,TCGA-LD-A74U-01Z-00-DX1.F3C1EBBB-4AED-49A9-A8D2-B6145E162BE4.svs,1177048765,2ce1d80f46a1b71ab1fc2b43ce77798d,released,LumA,216.0,reserve
TCGA-LD-A74U,TCGA-LD-A74U-01A,01,TS,TSA,6e39f79a-fe67-446e-9a27-384a566d6145,TCGA-LD-A74U-01A-01-TSA.39E23EF1-2100-4985-AD3B-A261A1FE47C3.svs,347134861,d025026af67b96502a0885fd1fc0737d,released,LumA,216.0,reserve
TCGA-A8-A07G,TCGA-A8-A07G-01A,01,BS,BS1,5f2554f7-7140-4e0e-b028-b50d6fde5587,TCGA-A8-A07G-01A-01-BS1.77d7598e-9d52-424b-8e97-50f45155b8b7.svs,347455741,93facec1d9c6548b3557ca7232a7587d,released,LumA,217.0,reserve
TCGA-A8-A07G,TCGA-A8-A07G-01Z,01,DX,DX1,cc4e713b-f86a-44b6-b714-458611b268de,TCGA-A8-A07G-01Z-00-DX1.37E8A762-8141-4BE6-935A-B3DCB712BB4A.svs,462747644,95de72fe73e512e7863065dd3d620252,released,LumA,217.0,reserve
TCGA-A8-A07G,TCGA-A8-A07G-01A,01,TS,TS1,bd5bd325-ddd8-420d-866d-8454b5782ed5,TCGA-A8-A07G-01A-01-TS1.ed5520f2-535b-4bb4-b580-b2372714d3fb.svs,152899879,9fd9f9fe9886e3ce6412c890df0611a5,released,LumA,217.0,reserve
TCGA-LD-A66U,TCGA-LD-A66U-01Z,01,DX,DX1,734d4a72-94ad-4274-8f14-0a9abaee1b0d,TCGA-LD-A66U-01Z-00-DX1.AEC25C62-0519-47ED-A85B-2A964BA2BA87.svs,1339308947,405e0a29753ad0c036e473c5abec0688,released,LumA,218.0,reserve
TCGA-LD-A66U,TCGA-LD-A66U-01A,01,TS,TS1,5e6a4886-7f7c-4cf7-85a8-dcdc3d17b295,TCGA-LD-A66U-01A-01-TS1.A7BDD6E8-BEE1-4F56-B1BF-4100706FC690.svs,247782241,03db38caca71068d1d7bf4d12b07fa9b,released,LumA,218.0,reserve
TCGA-AO-A0J8,TCGA-AO-A0J8-01A,01,BS,BSB,c37fdd4f-0f46-4fae-b057-026aef732ff0,TCGA-AO-A0J8-01A-02-BSB.74af0d3a-ced8-495f-b765-bcaf313e3f08.svs,431649589,5c036649aaf0e639df3017440442dd12,released,LumA,219.0,reserve
TCGA-AO-A0J8,TCGA-AO-A0J8-01Z,01,DX,DX1,6c63fe37-091e-41e0-91b5-865183917a12,TCGA-AO-A0J8-01Z-00-DX1.9BDD4BDE-2A07-4E0C-B146-87365CA9DE3A.svs,577054216,3b32072d6206b7894720b21b3210ac40,released,LumA,219.0,reserve
TCGA-AO-A0J8,TCGA-AO-A0J8-01A,01,TS,TSB,cc04dac5-af7a-4f46-ac18-c80d23f22153,TCGA-AO-A0J8-01A-02-TSB.0fbb2777-df10-4bbb-9d37-e76cf0993444.svs,448821797,c814a7e652d9d76af1590015666fcc3e,released,LumA,219.0,reserve
TCGA-BH-A0DH,TCGA-BH-A0DH-01A,01,BS,BSA,9e8fe567-20eb-450f-91fc-a2089e6e8068,TCGA-BH-A0DH-01A-01-BSA.8ac4fdc4-cc2c-4c7f-b0b9-e55e4a6d225d.svs,240994849,32eae5a39dadfbc82120ada57fcb8b1c,released,LumA,220.0,reserve
TCGA-BH-A0DH,TCGA-BH-A0DH-01Z,01,DX,DX1,eb295196-fd86-44e1-b176-58f5a4e07958,TCGA-BH-A0DH-01Z-00-DX1.968AA1FD-068C-4B90-8C95-85BF2EFC3E3F.svs,1249224067,3d82a3837d195f8172b08c700319b804,released,LumA,220.0,reserve
TCGA-BH-A0DH,TCGA-BH-A0DH-01A,01,TS,TSA,f9adf3f4-74d9-4022-b1a2-a6242452c814,TCGA-BH-A0DH-01A-01-TSA.65c5c88c-2eab-4c9d-adfa-4de61c284c55.svs,437605809,8135d4c8a6c726801cb365db679fe392,released,LumA,220.0,reserve
TCGA-A8-A0A2,TCGA-A8-A0A2-01A,01,BS,BS1,08c26298-f605-4752-87fa-3b9a4441cf08,TCGA-A8-A0A2-01A-01-BS1.aa79e63b-6f53-4b40-8a47-8df76d7367d2.svs,173628441,bd597f80b5cbe10db72412566d12bfef,released,LumA,221.0,reserve
TCGA-A8-A0A2,TCGA-A8-A0A2-01Z,01,DX,DX1,f5861718-0a71-4ae0-af55-c0e5e93ab996,TCGA-A8-A0A2-01Z-00-DX1.47BCDF13-1065-466A-B7CB-F91F5EAD7D91.svs,564742212,b9bb11fe9ea6d35b7bd3c018d330c7f5,released,LumA,221.0,reserve
TCGA-A8-A0A2,TCGA-A8-A0A2-01A,01,TS,TS1,aab1db95-f841-4dd0-8e3d-0ca2deca6c00,TCGA-A8-A0A2-01A-01-TS1.124134ed-c4d2-4a08-937c-1def71bfcc42.svs,118618025,e689146abae72bd2231b4b4e264c1699,released,LumA,221.0,reserve
TCGA-A2-A0CT,TCGA-A2-A0CT-01A,01,BS,BSB,5c454c13-7787-4807-96f5-866a20f9c7b3,TCGA-A2-A0CT-01A-02-BSB.0aa72ee2-8d99-4e03-8f40-7a55d0acb7ad.svs,109852823,0167801569d7de44e67ef51d7c8a9708,released,LumA,222.0,reserve
TCGA-A2-A0CT,TCGA-A2-A0CT-01A,01,BS,BSC,815fcd15-b62f-4b0d-8a57-f85d2f6a19d9,TCGA-A2-A0CT-01A-03-BSC.af279bd3-085c-4035-9a0d-bb02d801636e.svs,122102397,9ded9aa75a83dac3df304cb111e397d6,released,LumA,222.0,reserve
TCGA-A2-A0CT,TCGA-A2-A0CT-01Z,01,DX,DX1,4a843a81-6c41-4c5f-a6de-aff7b600e2dc,TCGA-A2-A0CT-01Z-00-DX1.A8564130-49CF-4F5B-B5AB-F4D1A10479FF.svs,1153784441,5d775444786dece149c5ef91fd1b89ef,released,LumA,222.0,reserve
TCGA-BH-A0AZ,TCGA-BH-A0AZ-01A,01,BS,BSB,d9f1a4f8-535f-42fb-b3ca-c3ff58b15186,TCGA-BH-A0AZ-01A-02-BSB.34d8c766-06ef-4070-b4f9-009c1b49274a.svs,527207785,95cb0f211d4dc2e57b05b9958785d37c,released,LumA,223.0,reserve
TCGA-BH-A0AZ,TCGA-BH-A0AZ-01Z,01,DX,DX1,fdcfe8e5-34c9-4675-933b-d588a3dd2cb9,TCGA-BH-A0AZ-01Z-00-DX1.E20051E8-DEEF-48E5-B519-40777DDBC96B.svs,983084777,076e3ef6bb0c4e73b3f38b3afb5849b5,released,LumA,223.0,reserve
TCGA-BH-A0AZ,TCGA-BH-A0AZ-01A,01,TS,TSB,16982e5b-e759-4dce-8850-6cf6058ce26c,TCGA-BH-A0AZ-01A-02-TSB.a9b7b640-d2bb-4e2a-820a-d621212eea2e.svs,510329321,fec2f628e3d97f7da82bd171c9cd5115,released,LumA,223.0,reserve
TCGA-A2-A0EU,TCGA-A2-A0EU-01Z,01,DX,DX1,3b9b1b74-c016-4bb4-a661-39f99208ca44,TCGA-A2-A0EU-01Z-00-DX1.13335BEB-63D4-469B-A389-8A079A096129.svs,627084155,99cde85cd677462a7988bf3c76ed3031,released,LumA,224.0,reserve
TCGA-A2-A0EU,TCGA-A2-A0EU-01A,01,TS,TSB,3e965644-524c-487e-b7cd-e4b57e37cb12,TCGA-A2-A0EU-01A-02-TSB.648d1299-d273-4ae2-8926-cfad39ff735a.svs,179160547,c8cd617b57018d2f2ef6b39593467d86,released,LumA,224.0,reserve
TCGA-A2-A0EP,TCGA-A2-A0EP-01Z,01,DX,DX1,632e0879-7531-427c-ac37-a0bbbcd52998,TCGA-A2-A0EP-01Z-00-DX1.1180C406-5C18-4373-8621-1B7B70875113.svs,627890703,cff54384b50a3c751f8e789fe7011bbc,released,LumA,225.0,reserve
TCGA-A2-A0EP,TCGA-A2-A0EP-01A,01,TS,TSE,5cadc386-59c8-45e5-bc3a-b90f65dbdfdc,TCGA-A2-A0EP-01A-05-TSE.9746AB87-60C5-41FD-BB30-055B8085B344.svs,127554464,f8abd9400fb6187db5cbc7a526db9025,released,LumA,225.0,reserve
TCGA-D8-A27T,TCGA-D8-A27T-01Z,01,DX,DX1,77853a49-5873-41bd-8acf-affbb11fb960,TCGA-D8-A27T-01Z-00-DX1.1E3A4D57-9CF2-4EBF-B74D-ADD7BD8CBFA5.svs,1273786499,3a0dbc3777df43fe0c830336e49a6f26,released,LumA,226.0,reserve
TCGA-D8-A27T,TCGA-D8-A27T-01Z,01,DX,DX2,fa9f58bd-5fb3-493e-8b78-cadde2a09e45,TCGA-D8-A27T-01Z-00-DX2.7CCFE3AA-955B-4D77-9EDB-7B36D5A01168.svs,603957315,33bca6aa11faefc1bc8fada94280cb40,released,LumA,226.0,reserve
TCGA-D8-A27T,TCGA-D8-A27T-01A,01,TS,TS1,ba266871-0885-4597-a794-08634ebc48b2,TCGA-D8-A27T-01A-01-TS1.5f603af5-e50c-456a-b79a-a42fd63cd65a.svs,217723427,2313cce35a7e8dc90ad0bb6592b0a753,released,LumA,226.0,reserve
TCGA-BH-A0EI,TCGA-BH-A0EI-01A,01,BS,BSA,6b5d1a98-e186-4cd1-a1b1-151d868be00d,TCGA-BH-A0EI-01A-01-BSA.a966fddf-e06b-4beb-847b-62a0e41306f7.svs,375983841,fa45543f5868399c914b592fd3fa3276,released,LumA,227.0,reserve
TCGA-BH-A0EI,TCGA-BH-A0EI-01Z,01,DX,DX1,c0c80b78-109c-4f6c-8606-98cc0961c389,TCGA-BH-A0EI-01Z-00-DX1.929E126A-C9F8-4240-BF00-B6C4A57B7FF6.svs,875109373,d09650a8eda76356ba54842dd55cfdc6,released,LumA,227.0,reserve
TCGA-BH-A0EI,TCGA-BH-A0EI-01A,01,TS,TSA,914b79db-c7f8-47bb-a476-d2de4d3ea22c,TCGA-BH-A0EI-01A-01-TSA.b3d8fb78-8b4f-4185-a816-b5a7b4b0dc7f.svs,585168707,59ee6975a8cf9543a5606f187bafb368,released,LumA,227.0,reserve
TCGA-D8-A27I,TCGA-D8-A27I-01Z,01,DX,DX1,22fddedb-f726-4c11-9ce7-080be5658746,TCGA-D8-A27I-01Z-00-DX1.ACAE0048-7AF0-41C9-992B-6ACDABF80B1C.svs,545973123,618109e4c623478a7a780f1267bf3144,released,LumA,228.0,reserve
TCGA-D8-A27I,TCGA-D8-A27I-01A,01,TS,TS1,60deacc2-3922-4570-89c6-6e6664e75954,TCGA-D8-A27I-01A-01-TS1.853e903d-d155-404c-8546-19fe9464a04f.svs,156777361,e29b6e9d90d84822f2ae7df834e5f330,released,LumA,228.0,reserve
TCGA-A2-A0EW,TCGA-A2-A0EW-01A,01,BS,BSB,5fbbfd9d-b870-4fd9-a596-8aa5a5ae9e2e,TCGA-A2-A0EW-01A-02-BSB.09a14d8c-2c79-43e9-b08c-73481d3ec01c.svs,656194161,ed259f5644f11e92371c78e8c6fec2d3,released,LumA,229.0,reserve
TCGA-A2-A0EW,TCGA-A2-A0EW-01Z,01,DX,DX1,efced7b6-fd75-43ea-935e-da2b80d32380,TCGA-A2-A0EW-01Z-00-DX1.F24495CB-63D8-483F-9834-F761E3F16BF0.svs,810982225,4c3d145b3f49cdeb2121e3c98bd74148,released,LumA,229.0,reserve
TCGA-A2-A0EW,TCGA-A2-A0EW-01A,01,TS,TSB,86e2b9f5-673e-4a05-b8f2-39ccab8c43f3,TCGA-A2-A0EW-01A-02-TSB.6ebf62a3-15ec-43dd-a5de-36f0a2effb41.svs,288111651,898c4cbe83e548f782e2c930629cea94,released,LumA,229.0,reserve
TCGA-D8-A1XO,TCGA-D8-A1XO-01Z,01,DX,DX1,7bd4e08d-a667-44f2-ae17-238f8d45e79d,TCGA-D8-A1XO-01Z-00-DX1.A9EF6AFF-62B0-4E2D-ABC7-DC06FF473890.svs,1299055657,091a68d14c453cf978c0c903d6928717,released,LumA,230.0,reserve
TCGA-D8-A1XO,TCGA-D8-A1XO-01A,01,TS,TS1,88694e2c-6802-4a41-bdfc-669f223238e8,TCGA-D8-A1XO-01A-01-TS1.aedcf4d8-d516-478d-a39a-88cf094d580e.svs,374253961,21486ccf051c0dcf019e8befe1d7a768,released,LumA,230.0,reserve
TCGA-A2-A0YL,TCGA-A2-A0YL-01A,01,BS,BSB,74946037-f041-4b75-b076-acb53ba6625d,TCGA-A2-A0YL-01A-02-BSB.b9a27669-4484-41f2-ae55-85eeb3792e60.svs,221833253,27c5c7c7cf0f85d645dcaba1a850f477,released,LumA,231.0,reserve
TCGA-A2-A0YL,TCGA-A2-A0YL-01Z,01,DX,DX1,4a540eea-71ba-4d89-9a93-719abb685469,TCGA-A2-A0YL-01Z-00-DX1.69A438C7-B1E0-4990-B1E6-586C551DC79C.svs,848828043,3325925eb7961980a2d2996ff9e90393,released,LumA,231.0,reserve
TCGA-A2-A0YL,TCGA-A2-A0YL-01A,01,TS,TSB,ad3e904b-1dc2-4fd3-94c6-7bc5735e9d1a,TCGA-A2-A0YL-01A-02-TSB.12b73a8a-ac2d-4cd5-b8c2-de8fd1357dea.svs,145194659,6e74e9109c51eb23d5071496e98ec125,released,LumA,231.0,reserve
TCGA-BH-A0AY,TCGA-BH-A0AY-01A,01,BS,BSB,53e4323e-fe27-43a8-9de7-b65e8ae104ca,TCGA-BH-A0AY-01A-02-BSB.581eb097-e917-4666-9344-f62b088cb024.svs,290134205,31418cd80f009ab2e1b8acfd7cafd6b8,released,LumA,232.0,reserve
TCGA-BH-A0AY,TCGA-BH-A0AY-01Z,01,DX,DX1,c38768ed-334f-4575-857f-7b8fef972638,TCGA-BH-A0AY-01Z-00-DX1.A1153465-D9B3-4D83-BE85-F2524B071EE5.svs,1154259433,f705fa901cbf0a3ee7d0b09c5aa9e59d,released,LumA,232.0,reserve
TCGA-BH-A0AY,TCGA-BH-A0AY-01A,01,TS,TSB,c882bcf6-8ce4-4ecb-a77c-29d87b148b8c,TCGA-BH-A0AY-01A-02-TSB.06ebda0b-2dd5-4116-9f51-c3a0ad9fb8bb.svs,306081101,ed616ecab79be8d378492e75c5abc8f4,released,LumA,232.0,reserve
TCGA-E2-A1IJ,TCGA-E2-A1IJ-01Z,01,DX,DX1,53b1ff90-c384-46a4-8f89-ec8f47b379e0,TCGA-E2-A1IJ-01Z-00-DX1.00093877-7B01-42D3-857C-987BC1F604A3.svs,901198787,eb5ae87768b5fc79696979c81e2356f2,released,LumA,233.0,reserve
TCGA-E2-A1IJ,TCGA-E2-A1IJ-01A,01,TS,TSA,9ea0ac47-9ddf-41a0-a18c-6c3175c239c1,TCGA-E2-A1IJ-01A-01-TSA.6ffa624e-548f-4a25-af52-febc0cb8a31f.svs,273022983,77358b61e9aa65059f9ee3b300155db9,released,LumA,233.0,reserve
TCGA-A2-A0T5,TCGA-A2-A0T5-01A,01,BS,BSB,e1f24e9c-f2e3-4992-b16d-21b9e76fe4cd,TCGA-A2-A0T5-01A-02-BSB.2bc13b46-4db4-4404-aaa0-8625e1ae7440.svs,288771765,ff980ab1cbb31e68e70399b921b1a332,released,LumA,234.0,reserve
TCGA-A2-A0T5,TCGA-A2-A0T5-01Z,01,DX,DX1,e5069ea5-1011-46cf-9a3c-925825eeb81e,TCGA-A2-A0T5-01Z-00-DX1.128C288B-B357-439B-A8D4-8E7DEBF73E4E.svs,1522251735,ff280136daf520a9ecb24ff85a6ea912,released,LumA,234.0,reserve
TCGA-A2-A0T5,TCGA-A2-A0T5-01A,01,TS,TSB,c16071ce-608c-47af-b23e-0cd5ac3ba141,TCGA-A2-A0T5-01A-02-TSB.b6a2c4da-e252-4a6f-b22f-788dec8d6ede.svs,242798905,346e613fa37d4a8be2419035c9cea597,released,LumA,234.0,reserve
TCGA-BH-A0E2,TCGA-BH-A0E2-01A,01,BS,BSA,58b8ea55-d4a9-4dd2-8a94-f175f27b757d,TCGA-BH-A0E2-01A-01-BSA.1c64f76e-23d3-4d31-a921-31e15cb98f50.svs,792973941,08fa0892125a7c63cb60dfb877d76179,released,LumA,235.0,reserve
TCGA-BH-A0E2,TCGA-BH-A0E2-01Z,01,DX,DX1,46291f24-b5c6-4e99-a4a2-a6645ceb6e47,TCGA-BH-A0E2-01Z-00-DX1.5F6FA19C-D59F-45BE-80CE-F738CAB1EF0B.svs,1336337891,9ae9c4be3cf0b234fba2684344d2e453,released,LumA,235.0,reserve
TCGA-BH-A0E2,TCGA-BH-A0E2-01A,01,TS,TSA,2afe74b1-728f-4b58-bdaa-3337f8840b33,TCGA-BH-A0E2-01A-01-TSA.8220f6e4-60c4-40cf-836a-b420f70efa19.svs,715523387,b5607852c1462b656b9670889e7d2b6d,released,LumA,235.0,reserve
TCGA-E9-A6HE,TCGA-E9-A6HE-01Z,01,DX,DX1,c8a58a59-27ba-4a96-9862-f07c8bbc294b,TCGA-E9-A6HE-01Z-00-DX1.97514DBA-9BC0-4554-9A43-99C48C6B953A.svs,616720619,a2050d943afab61494c82f26d0cb497b,released,LumA,236.0,reserve
TCGA-E9-A6HE,TCGA-E9-A6HE-01A,01,TS,TSA,b3cae8de-1bba-407c-9334-c035ddd12bd2,TCGA-E9-A6HE-01A-01-TSA.0EC4715E-A5F7-48BF-B95E-8532C3F101D6.svs,465832725,00ab9360805020bb2693f11be389717d,released,LumA,236.0,reserve
TCGA-E2-A1B5,TCGA-E2-A1B5-01Z,01,DX,DX1,531d9a9e-8db6-4f21-966c-3fb2a3e476ea,TCGA-E2-A1B5-01Z-00-DX1.AB19FF3D-5C42-4D49-ABEA-D2315709B6EA.svs,1441854345,ea3f992a4d7d623bc30566afa0a00af8,released,LumA,237.0,reserve
TCGA-E2-A1B5,TCGA-E2-A1B5-01A,01,TS,TSB,04b1aff3-83c6-4bb7-8ed2-94340fc2d3fb,TCGA-E2-A1B5-01A-02-TSB.a87d1830-610f-4571-9604-cb92a60e33fb.svs,242454519,65760199a1748d14b3a2b03fa2dbba77,released,LumA,237.0,reserve
TCGA-BH-A0H9,TCGA-BH-A0H9-01A,01,BS,BSA,347d673d-e9b2-4f23-b49d-f2dc86a69efa,TCGA-BH-A0H9-01A-01-BSA.1ecefd59-ca14-4b45-a3af-b9c72058ec45.svs,263134915,25d7d0f7e8bfdb04d74b83963598a2d2,released,LumA,238.0,reserve
TCGA-BH-A0H9,TCGA-BH-A0H9-01Z,01,DX,DX1,0f93bc51-9428-4241-8e03-765c47ce709a,TCGA-BH-A0H9-01Z-00-DX1.8AE869C6-5C78-4D52-AC8B-5B6FD5FD91AA.svs,1058628405,15469830d088c6fd7e787eefadbf2377,released,LumA,238.0,reserve
TCGA-BH-A0H9,TCGA-BH-A0H9-01A,01,TS,TSA,8f205b30-cacd-4e04-8f1d-d89f0a8a4de6,TCGA-BH-A0H9-01A-01-TSA.c1e06445-62d2-4221-b1ff-3e8eb7cd3106.svs,176086491,5e3d3be5910caf22781179483ea6d959,released,LumA,238.0,reserve
TCGA-A2-A0T6,TCGA-A2-A0T6-01A,01,BS,BSA,2c7983c8-296c-43f7-a629-36a175b1a061,TCGA-A2-A0T6-01A-01-BSA.b82fe5ae-dafc-45d6-9410-b6ef20725739.svs,179672243,2ab5dea1fc5d3d346bc7c6181ffd11a2,released,LumA,239.0,reserve
TCGA-A2-A0T6,TCGA-A2-A0T6-01Z,01,DX,DX1,50f9d66e-152a-4ae6-8e8a-7c6be4ca34bd,TCGA-A2-A0T6-01Z-00-DX1.207A3883-5B41-40EB-95A1-D64C9610650B.svs,1406598329,1dd503e2902eb0e7f3384d639e1e0109,released,LumA,239.0,reserve
TCGA-A2-A0T6,TCGA-A2-A0T6-01A,01,TS,TSA,6f4cfbbe-7c9e-463e-b2d7-1e1bd7250d06,TCGA-A2-A0T6-01A-01-TSA.a91e20c4-e88b-4f25-a691-1ed38fbca876.svs,253426265,ec215bbb18679939491a4e2326c7778d,released,LumA,239.0,reserve
TCGA-E2-A1B4,TCGA-E2-A1B4-01Z,01,DX,DX1,4f05f1e5-9e33-47ce-88ce-2106022ff892,TCGA-E2-A1B4-01Z-00-DX1.E585C4FB-0D3E-4160-8192-53A329648F5C.svs,1126690099,ec018d03795276bd144cb00a6730426d,released,LumA,240.0,reserve
TCGA-E2-A1B4,TCGA-E2-A1B4-01A,01,TS,TSA,4cf1ccfa-2ad2-4357-96a6-6d5beb85bbf7,TCGA-E2-A1B4-01A-01-TSA.4a536aa0-47af-4c66-a151-a5d5db65a566.svs,132653403,0e6ccadce1bc5434eb59cfd3fb611c1a,released,LumA,240.0,reserve
TCGA-E9-A22B,TCGA-E9-A22B-01Z,01,DX,DX1,130b1b0e-08f9-49ff-bdea-1b2711d79c68,TCGA-E9-A22B-01Z-00-DX1.01692f98-bd7c-4b02-990c-53560276baa0.svs,769769487,e17db2293466642c45e0399b8d91f0cc,released,LumA,241.0,reserve
TCGA-E9-A22B,TCGA-E9-A22B-01A,01,TS,TSA,d5ab0a82-f773-4df7-ae46-a6e151d1c568,TCGA-E9-A22B-01A-01-TSA.c56b2348-5c2c-4212-98f9-fbdcc444963b.svs,254760083,576d9175d04df269a67a077f366ca2d5,released,LumA,241.0,reserve
TCGA-A2-A0SU,TCGA-A2-A0SU-01A,01,BS,BSA,9ee09784-78bf-4547-9ed3-c5bcb4fce225,TCGA-A2-A0SU-01A-01-BSA.660c932a-61fb-4054-8499-2a39387bf4ab.svs,488999003,e677a592386db2106a4a9b50e0cd6d70,released,LumA,242.0,reserve
TCGA-A2-A0SU,TCGA-A2-A0SU-01Z,01,DX,DX1,b658e65c-636f-43b9-8c52-a46ba2850044,TCGA-A2-A0SU-01Z-00-DX1.22420EE2-4FEB-42F3-9547-4739F0F73D50.svs,1774151999,0b01185f24b67645f66ebbe6de035817,released,LumA,242.0,reserve
TCGA-A2-A0SU,TCGA-A2-A0SU-01A,01,TS,TSA,cb80ee9b-a009-46d2-b907-b978a8368960,TCGA-A2-A0SU-01A-01-TSA.1501d762-6b57-43d8-b8bb-fe7970b750dd.svs,384819565,657c7dfd355941f0bfcde996e6b2f29f,released,LumA,242.0,reserve
TCGA-A8-A08Z,TCGA-A8-A08Z-01A,01,BS,BS1,70d65dac-ca12-4556-bc41-c8480c986df1,TCGA-A8-A08Z-01A-01-BS1.1fb87e93-fd85-4c69-a7e0-a8e3d889851a.svs,644195987,cc54f53a0a45af4e377955b79abd36b4,released,LumA,243.0,reserve
TCGA-A8-A08Z,TCGA-A8-A08Z-01A,01,BS,BS2,95a6ad4f-8488-4c26-bb0b-c3b0133fa09f,TCGA-A8-A08Z-01A-02-BS2.5d948ef0-cfa3-40bd-a383-ba99e6b28378.svs,599288127,938566d658f49b89b7ded19b2ceaac76,released,LumA,243.0,reserve
TCGA-A8-A08Z,TCGA-A8-A08Z-01Z,01,DX,DX1,5bb4109e-154c-4563-b4b1-cc8c4a3ef0d9,TCGA-A8-A08Z-01Z-00-DX1.D0AADCA6-C27C-4FB8-89C1-94B5901146E7.svs,837094946,ba10660776a6568179cffd2ae825b00d,released,LumA,243.0,reserve
TCGA-GM-A2DC,TCGA-GM-A2DC-01Z,01,DX,DX1,c2d93ecc-ec8e-46c6-9d51-3dc71be1d252,TCGA-GM-A2DC-01Z-00-DX1.39F956BB-52D0-4385-9923-4D7D36D78862.svs,999370311,b35920178890bc40ffd048f8fe8c2ef8,released,LumA,244.0,reserve
TCGA-GM-A2DC,TCGA-GM-A2DC-01A,01,TS,TSA,30e2d3d0-14c3-45f2-b7f4-cf5d6683a5cc,TCGA-GM-A2DC-01A-01-TSA.BAB3B2AC-4C10-4D6E-8556-5F6B81DD7A31.svs,106538325,eaeaad5f619e00cdab39676609ad8451,released,LumA,244.0,reserve
TCGA-LD-A7W5,TCGA-LD-A7W5-01Z,01,DX,DX1,62f2c39c-20fc-439d-a3df-f90326f15c62,TCGA-LD-A7W5-01Z-00-DX1.C9920081-C2FE-461E-AEF8-625D4A95BE2F.svs,1539612169,a9977d0cea0acdbb8aa2609454242c5e,released,LumA,245.0,reserve
TCGA-LD-A7W5,TCGA-LD-A7W5-01A,01,TS,TSB,0c63d458-cfc9-4033-921b-83dfbdd2c206,TCGA-LD-A7W5-01A-02-TSB.9D98EC5D-6842-440B-95E9-4F91DDB9DCA0.svs,388230199,c31f02681f68b25fc4bc7de99582f8ce,released,LumA,245.0,reserve
TCGA-A8-A09V,TCGA-A8-A09V-01A,01,BS,BS1,e440dc65-b841-441d-a978-e6906e65b9ab,TCGA-A8-A09V-01A-01-BS1.2d168522-0774-4867-a685-672e2fa1d0d0.svs,179976521,8bad514ef165a7099b5906f96fa18004,released,LumA,246.0,reserve
TCGA-A8-A09V,TCGA-A8-A09V-01Z,01,DX,DX1,08f09adc-95ba-491a-9f4d-d01fd9787b6f,TCGA-A8-A09V-01Z-00-DX1.2D6731CA-5712-4EB8-8602-E53301BF4238.svs,306940000,74c784ecbc7b3abde6bbd574887e43c5,released,LumA,246.0,reserve
TCGA-A8-A09V,TCGA-A8-A09V-01A,01,TS,TS1,e7ce72fc-84e6-49bd-b261-1f57bd0c49a7,TCGA-A8-A09V-01A-01-TS1.14e629f6-1c04-41cc-9143-ac7a14f40f87.svs,198863233,5ab62cfe873a7ebdf57a1e36c7c8cacc,released,LumA,246.0,reserve
TCGA-W8-A86G,TCGA-W8-A86G-01Z,01,DX,DX2,5c1f2797-8357-46e3-930a-3eedfeb1f7a0,TCGA-W8-A86G-01Z-00-DX2.DEC2CC1C-3662-43C6-A5CB-EC94B343FA3D.svs,729395491,f5e0967e1f319fca34b48fce1291c190,released,LumA,247.0,reserve
TCGA-W8-A86G,TCGA-W8-A86G-01A,01,TS,TS2,92c11f3d-ba9f-4e63-adee-6274b20e0eed,TCGA-W8-A86G-01A-02-TS2.9B16125F-3F55-4059-98AB-AC9F91DD1FC7.svs,167921527,b6e7be8456ce09925e43b78e743d0ac0,released,LumA,247.0,reserve
TCGA-BH-A0HO,TCGA-BH-A0HO-01A,01,BS,BSA,df4e9c24-5283-40fb-88f8-b51bd4642000,TCGA-BH-A0HO-01A-01-BSA.1cb192f4-f6fa-45c3-92ac-b1e67bdb96b5.svs,458976039,a8fce22685c7bbed6e706bca31cd2da2,released,LumA,248.0,reserve
TCGA-BH-A0HO,TCGA-BH-A0HO-01Z,01,DX,DX1,e1719658-41cb-4af9-b40e-fef0bece3d1a,TCGA-BH-A0HO-01Z-00-DX1.D3D66547-F5D4-40F5-B737-2FECEEB35ACB.svs,1143469825,871cfc969a38e1115c5e1b172f06b0ce,released,LumA,248.0,reserve
TCGA-BH-A0HO,TCGA-BH-A0HO-01A,01,TS,TSA,b2866786-c078-404c-a959-7052d383adf9,TCGA-BH-A0HO-01A-01-TSA.927ed714-1749-44c9-bfb1-a55d65671692.svs,419797497,c59145f73b142355a08c27d60ad2a80e,released,LumA,248.0,reserve
TCGA-E2-A1IK,TCGA-E2-A1IK-01Z,01,DX,DX1,43f01a08-d111-43fb-809e-862f26e6ce8d,TCGA-E2-A1IK-01Z-00-DX1.25C554BB-AA90-4FF4-9D68-EEC899B8A27D.svs,1005865845,0a0c6f0f5719b961c0f0bc35c60642b8,released,LumA,249.0,reserve
TCGA-E2-A1IK,TCGA-E2-A1IK-01A,01,TS,TSA,e9239e8f-2f8b-495a-98cb-2df65d7af3c8,TCGA-E2-A1IK-01A-01-TSA.60c8e8ac-399e-4682-b889-a5b4e4ab1c1a.svs,377353291,ed32d481149b6e02dc97a746520a4470,released,LumA,249.0,reserve
TCGA-E2-A10F,TCGA-E2-A10F-01A,01,BS,BS1,1c262c38-d37c-4acf-8a5f-2da7f0ceea15,TCGA-E2-A10F-01A-01-BS1.f98984f5-85ff-4ca5-bcb6-cc6d2e375bc5.svs,113072151,1085fb2acc946cc677db7500b98ebf03,released,LumA,250.0,reserve
TCGA-E2-A10F,TCGA-E2-A10F-01Z,01,DX,DX1,a21bb798-238a-49a7-866c-4ef8e85eb3c4,TCGA-E2-A10F-01Z-00-DX1.18F9324C-A38F-478E-95DF-B8E172D0DD07.svs,707228981,4358bae8b462be24428206773b3023b1,released,LumA,250.0,reserve
TCGA-E2-A10F,TCGA-E2-A10F-01A,01,TS,TS1,844c5c3a-f452-4b1e-a9cd-011f1faa61ce,TCGA-E2-A10F-01A-01-TS1.2e848f27-cde2-4da2-baaf-f4de637f891c.svs,90135615,e3586b6aa4bfcb9150fd00d934ed97a4,released,LumA,250.0,reserve
TCGA-D8-A1XM,TCGA-D8-A1XM-01Z,01,DX,DX1,5364f618-e7f1-4d98-908f-cd8460d152ed,TCGA-D8-A1XM-01Z-00-DX1.5F6A140E-5D20-45F6-B76F-0F98AB27AD08.svs,905968893,77032d0773521bb24a8f3532f3e8c297,released,LumA,251.0,reserve
TCGA-D8-A1XM,TCGA-D8-A1XM-01A,01,TS,TS2,f6f08b78-2922-4821-8829-f7033ac10a45,TCGA-D8-A1XM-01A-02-TS2.3863ab4d-f89c-4a1c-8965-ff12b9c8dc4b.svs,139813449,df9def0d4d6ef97719c37cf3ee0b2d3d,released,LumA,251.0,reserve
TCGA-BH-A0E7,TCGA-BH-A0E7-01A,01,BS,BSA,7ddf278a-8bc4-4095-bf84-9c01e80799ee,TCGA-BH-A0E7-01A-01-BSA.7c705dfe-0a1d-468c-a43e-eede6df788ab.svs,299443675,be77e4109f6531d778378a91fb16d3f7,released,LumA,252.0,reserve
TCGA-BH-A0E7,TCGA-BH-A0E7-01Z,01,DX,DX1,a6ff4c30-a482-4fbc-a2a0-afd934ab5511,TCGA-BH-A0E7-01Z-00-DX1.7FEE54C4-3795-403C-85B9-FF932BE56788.svs,950749993,fd14e4e2ad45294eb8d7c522cad5b4f0,released,LumA,252.0,reserve
TCGA-BH-A0E7,TCGA-BH-A0E7-01A,01,TS,TSA,359ef680-d516-48bc-b124-453edc07b30e,TCGA-BH-A0E7-01A-01-TSA.28384290-aa86-483d-847e-47edddf059fc.svs,241965199,7794c3a2a3b4caf42ae3f8ed01b0fc77,released,LumA,252.0,reserve
TCGA-D8-A27P,TCGA-D8-A27P-01Z,01,DX,DX1,a6c15273-4987-4f40-a9de-32fcf9bf3750,TCGA-D8-A27P-01Z-00-DX1.EF426996-D0DC-4418-BEC4-F7CE3C82C869.svs,793823699,5164a9ac2d3d2ec7e68a1f95916cbaf8,released,LumA,253.0,reserve
TCGA-D8-A27P,TCGA-D8-A27P-01A,01,TS,TSA,07a95a70-bea1-4ab8-9fbc-01b00b79b351,TCGA-D8-A27P-01A-01-TSA.df327c6c-1fde-4c29-ad33-de4b8420170f.svs,95657621,dc6b9e0c70abbe809a52ac856c16559c,released,LumA,253.0,reserve
TCGA-AQ-A7U7,TCGA-AQ-A7U7-01Z,01,DX,DX1,2481fb53-2c2b-42d0-b752-75cb5947ed98,TCGA-AQ-A7U7-01Z-00-DX1.AB5629A1-399E-402B-AD3D-DAF9F97D8300.svs,1574421798,6487af6301259d67f51310cb417053d9,released,LumA,254.0,reserve
TCGA-AQ-A7U7,TCGA-AQ-A7U7-01A,01,TS,TSB,28d38a41-56c6-4ad7-b75c-81b8ff342283,TCGA-AQ-A7U7-01A-02-TSB.CC7A55C4-13CA-43B5-A623-EABD929C9313.svs,225504903,ff8b4348ba83b4c9da4fb4b129aef160,released,LumA,254.0,reserve
TCGA-AR-A0TZ,TCGA-AR-A0TZ-01A,01,BS,BSA,889d0814-e238-4d17-a345-743d34b54771,TCGA-AR-A0TZ-01A-01-BSA.614177ad-6f45-47b3-abb8-6a682f307795.svs,167849343,e115a239c31edb9c5ca7cc0f187498fc,released,LumA,255.0,reserve
TCGA-AR-A0TZ,TCGA-AR-A0TZ-01Z,01,DX,DX1,86867852-64fe-43e6-894d-b53b146c3518,TCGA-AR-A0TZ-01Z-00-DX1.2D58BE38-03F6-4310-8E06-F1A523FB0904.svs,592267519,f4b3104b5ef2c51fd5eec1dda843d714,released,LumA,255.0,reserve
TCGA-AR-A0TZ,TCGA-AR-A0TZ-01A,01,TS,TSA,d81f21a1-fd4e-447e-8104-832a4f1065c5,TCGA-AR-A0TZ-01A-01-TSA.e8ec1762-8ae8-46ca-bece-0f89cb7bd3c5.svs,254809067,0e29375a992308320fc55b7067a6f4dc,released,LumA,255.0,reserve
TCGA-A2-A0CU,TCGA-A2-A0CU-01A,01,BS,BS1,8a30af3a-378b-4b59-822a-9cb515e71dac,TCGA-A2-A0CU-01A-01-BS1.37059615-5809-4066-992a-ec50f8c2041c.svs,326448953,14565faf200260710711b27c38513a68,released,LumA,256.0,reserve
TCGA-A2-A0CU,TCGA-A2-A0CU-01Z,01,DX,DX1,86844d85-1797-4829-b2d7-f04ce84d0173,TCGA-A2-A0CU-01Z-00-DX1.5B77D21C-A497-478B-9752-3730322AD9ED.svs,1833345887,6cdc0087a4c64c13f12d6eb9df6d0aa1,released,LumA,256.0,reserve
TCGA-A2-A0CU,TCGA-A2-A0CU-01A,01,TS,TS1,d0aa8fbf-a7a9-4290-b34a-6a0dd00af47d,TCGA-A2-A0CU-01A-01-TS1.332cdd40-deca-4fad-8cf6-03fb91b121c3.svs,667763297,c34ab73bd1aaa8e30443c11fb5baa2e7,released,LumA,256.0,reserve
TCGA-BH-A0DK,TCGA-BH-A0DK-01A,01,BS,BSB,1a8011d4-b0f2-431c-9ecc-b23d1acd751a,TCGA-BH-A0DK-01A-02-BSB.d2b81f36-c819-44a9-8171-5297fd30cd73.svs,239193887,73378598d6cc81a4c543dbdc370dd51a,released,LumA,257.0,reserve
TCGA-BH-A0DK,TCGA-BH-A0DK-01Z,01,DX,DX1,b6c1920d-bc94-4286-9f4d-e90459359130,TCGA-BH-A0DK-01Z-00-DX1.0CFED53C-BAD9-4E35-B12F-57E64F3FEF1C.svs,1198121529,141b27228e4db76877bada8032f59fa5,released,LumA,257.0,reserve
TCGA-BH-A0DK,TCGA-BH-A0DK-01A,01,TS,TSB,7557f0e7-7ca5-4eb5-941f-c664c2001d7c,TCGA-BH-A0DK-01A-02-TSB.50070c5c-59b6-4d86-8eff-aaa38be1ea77.svs,378183681,6c5c5dc20c15f13937dd95df2c84e857,released,LumA,257.0,reserve
TCGA-AN-A0XO,TCGA-AN-A0XO-01A,01,BS,BS1,da46800f-3d7a-4d96-8fc3-ba0220b9d52c,TCGA-AN-A0XO-01A-01-BS1.b0828468-33a6-4520-8707-166badeeed39.svs,187064149,a139319fe7fc6cc8214e8dc2a44769e9,released,LumA,258.0,reserve
TCGA-AN-A0XO,TCGA-AN-A0XO-01Z,01,DX,DX1,21066ca2-c9b6-4815-986f-e6182ca52112,TCGA-AN-A0XO-01Z-00-DX1.204E554E-B1A8-41AD-8E39-62484DF4E3CD.svs,473415455,dcfdfdd38b2c8e422940e590c233a2a9,released,LumA,258.0,reserve
TCGA-AN-A0XO,TCGA-AN-A0XO-01A,01,TS,TS1,f630a973-0f94-415f-af54-729b20b431cf,TCGA-AN-A0XO-01A-01-TS1.6e8b38be-08e3-4ed7-b742-144ad89f83ed.svs,163411155,20b040e53610d28a14e4d7caca7c6b1a,released,LumA,258.0,reserve
TCGA-D8-A73U,TCGA-D8-A73U-01Z,01,DX,DX1,e7e631fd-9fab-41af-aa9a-f6501a29af8b,TCGA-D8-A73U-01Z-00-DX1.6ECEF7C0-00CC-4AC2-87BD-DBFB6E0DC042.svs,676197071,cf7d8878d33342d6577669fa917acc51,released,LumA,259.0,reserve
TCGA-D8-A73U,TCGA-D8-A73U-01Z,01,DX,DX2,9d589f2e-473f-48fd-aa60-976b53076ad0,TCGA-D8-A73U-01Z-00-DX2.91F571C8-303C-463D-952C-263FAA5097DF.svs,978412510,b5788fe55c061cbe480e433695abc4fb,released,LumA,259.0,reserve
TCGA-D8-A73U,TCGA-D8-A73U-01A,01,TS,TS1,500dd5d6-d18e-43a6-a696-5aeaa918c353,TCGA-D8-A73U-01A-01-TS1.112044FF-39FE-4588-9517-31F7821746D0.svs,102485501,99564a25b2fe0399509902e977c2b160,released,LumA,259.0,reserve
TCGA-BH-A0HK,TCGA-BH-A0HK-01A,01,BS,BSA,76319bf2-4196-4173-8be6-c0526fbf68d2,TCGA-BH-A0HK-01A-01-BSA.9503c4b2-4f84-4b5e-80a1-2e29605606b2.svs,237917207,5614ec3df853ebe457a423c28926668a,released,LumA,260.0,reserve
TCGA-BH-A0HK,TCGA-BH-A0HK-01Z,01,DX,DX1,4f8c0f93-5eac-40bc-bbc2-78cba1cf3e7e,TCGA-BH-A0HK-01Z-00-DX1.019036F5-647A-4EC4-8479-F2C100291AEF.svs,2057884625,6881fa0361d97058878ae90d14b1cf52,released,LumA,260.0,reserve
TCGA-BH-A0HK,TCGA-BH-A0HK-01A,01,TS,TSA,e400a358-e59e-49fd-805d-d0290cca99f0,TCGA-BH-A0HK-01A-01-TSA.baefe9ea-a565-4ec1-92b2-6b62ed9944e3.svs,247327131,9b4d82723cb249b8bf2116d55574cef1,released,LumA,260.0,reserve
TCGA-OK-A5Q2,TCGA-OK-A5Q2-01Z,01,DX,DX1,89390bcb-3498-4763-8403-0a9012e66aa5,TCGA-OK-A5Q2-01Z-00-DX1.0D169898-37C6-44CA-AC87-27887123AA6F.svs,1470823965,9b9b51881903f858c68520b9e5d6d87b,released,LumA,261.0,reserve
TCGA-OK-A5Q2,TCGA-OK-A5Q2-01Z,01,DX,DX2,947b1df8-0341-477e-ab4a-3a748db46b7b,TCGA-OK-A5Q2-01Z-00-DX2.C828A160-87DF-4625-A8C5-2057F61D54F4.svs,1803316195,79987d99ce5f33303cc3ce8790a13ecd,released,LumA,261.0,reserve
TCGA-OK-A5Q2,TCGA-OK-A5Q2-01Z,01,DX,DX3,c4a0c430-cb1e-4b55-8b73-c1ad1dc276b6,TCGA-OK-A5Q2-01Z-00-DX3.5F9215C3-E407-46F8-968E-503D7D14605C.svs,1692602673,391903ffded2d5519274653495b080ad,released,LumA,261.0,reserve
TCGA-OK-A5Q2,TCGA-OK-A5Q2-01Z,01,DX,DX4,bf4c4578-c186-49b8-88ee-b9dea446c6c8,TCGA-OK-A5Q2-01Z-00-DX4.83B45D6C-E350-4436-812F-4155D9F7D331.svs,1436614819,f34257a8d65607c639e7bad463e239ab,released,LumA,261.0,reserve
TCGA-OK-A5Q2,TCGA-OK-A5Q2-01A,01,TS,TS1,debd39a9-5f73-46f0-b3e0-90874dc08e78,TCGA-OK-A5Q2-01A-01-TS1.CD793FD1-91E9-4BEC-889E-5DCD966DC18B.svs,310904093,106ff52dac70ebe544f41389733f6110,released,LumA,261.0,reserve
TCGA-AO-A0JC,TCGA-AO-A0JC-01A,01,BS,BSA,07b3f3c2-2fcd-4498-926f-e29a87d84431,TCGA-AO-A0JC-01A-01-BSA.2a81630f-81ee-4c33-ba26-0e825cfa5f72.svs,270997159,e684a274b1d175fa11e8ab117879924b,released,LumA,262.0,reserve
TCGA-AO-A0JC,TCGA-AO-A0JC-01Z,01,DX,DX1,bafa044b-e523-428c-8f23-87fea53662ab,TCGA-AO-A0JC-01Z-00-DX1.C8DD421B-9799-4FE7-9224-5EAC6ED1028E.svs,910133620,23385d6d12d633cf623aae9792bba69c,released,LumA,262.0,reserve
TCGA-AO-A0JC,TCGA-AO-A0JC-01A,01,TS,TSA,c31e76a9-7210-44b4-8645-7b174efa3b67,TCGA-AO-A0JC-01A-01-TSA.261a41f2-e0b3-4c3b-bd16-ce6a61d1454c.svs,423817791,52eb67b02746cc2035dcdfad29267626,released,LumA,262.0,reserve
TCGA-AO-A0JI,TCGA-AO-A0JI-01A,01,BS,BSB,56434814-cda8-4ee1-aafe-72d8c6729c97,TCGA-AO-A0JI-01A-02-BSB.bfccffbb-dc47-4103-beb9-7799d50af784.svs,350041791,afcf9635e0df53203aa9460a522fa2ac,released,LumA,263.0,reserve
TCGA-AO-A0JI,TCGA-AO-A0JI-01Z,01,DX,DX1,8cb31f94-6d73-43fe-9daf-9b74d6720891,TCGA-AO-A0JI-01Z-00-DX1.4DCDA545-B7E3-49DF-AB10-963E84BEB105.svs,290405480,828a10771a529d9965aefc13e8266458,released,LumA,263.0,reserve
TCGA-AO-A0JI,TCGA-AO-A0JI-01A,01,TS,TSB,10fe49cb-930d-4b04-9c91-fae3e46908be,TCGA-AO-A0JI-01A-02-TSB.ee965449-b604-4626-83d4-e0b36bb79d9e.svs,256933065,7e32410424ed4af0671d620ba255a7e5,released,LumA,263.0,reserve
TCGA-A7-A0D9,TCGA-A7-A0D9-01A,01,BS,BS2,9074f2fe-d045-4790-94d7-39a2cedfe0f9,TCGA-A7-A0D9-01A-02-BS2.1b3d154c-b20b-48f4-a848-b568676ea619.svs,285929795,0a1d27897d47347be75018fffda8adaf,released,LumA,264.0,reserve
TCGA-A7-A0D9,TCGA-A7-A0D9-01A,01,BS,BS3,6e47bddc-0509-4574-8cc8-0566a41a46e5,TCGA-A7-A0D9-01A-03-BS3.32f8b687-d044-4a69-a179-80ea0ee03c7b.svs,246513023,6e89d062fdae742d1c5b3323696b8bbb,released,LumA,264.0,reserve
TCGA-A7-A0D9,TCGA-A7-A0D9-01Z,01,DX,DX1,d7a7cc44-e056-4714-98bf-094777f5d589,TCGA-A7-A0D9-01Z-00-DX1.FBC3B90F-C58B-4476-8354-0AF9248324E3.svs,298601613,90ba380947aa5ea648c41396b258094a,released,LumA,264.0,reserve
TCGA-A7-A0D9,TCGA-A7-A0D9-01Z,01,DX,DX2,15668114-65e8-4996-a9ef-0a8a921c6acf,TCGA-A7-A0D9-01Z-00-DX2.66CD9ED8-223B-4AC8-AA1A-2481FB0C47B3.svs,214245239,ba65d8654f91cc5c37812c50a3299d32,released,LumA,264.0,reserve
TCGA-A2-A04N,TCGA-A2-A04N-01Z,01,DX,DX1,c71e7f7c-2cae-4f09-b243-8ed4628fec71,TCGA-A2-A04N-01Z-00-DX1.9E9B7DB0-1CF1-4631-8292-A9DBCA0BD37C.svs,1148521082,4cc643c84da0fb9daf8eeeab819eaaf0,released,LumA,265.0,reserve
TCGA-A2-A04N,TCGA-A2-A04N-01A,01,TS,TSA,8a75c1a6-273f-4ed1-ba66-0f37ca71f1b1,TCGA-A2-A04N-01A-01-TSA.a50fe5fd-8966-4b48-b012-4db45bd71ff7.svs,260446376,963b151030bb88d13e9180d84de070d6,released,LumA,265.0,reserve
TCGA-A2-A0ES,TCGA-A2-A0ES-01A,01,BS,BSA,8301908a-0d36-4454-8781-af82ebe2dddf,TCGA-A2-A0ES-01A-01-BSA.b0f78d87-bc17-441f-bb40-6028b6e64099.svs,297337547,d86bad832e246dacdf1a50d1d0ca61b8,released,LumA,266.0,reserve
TCGA-A2-A0ES,TCGA-A2-A0ES-01Z,01,DX,DX1,d5f22fbe-09fb-42e8-9b58-3f68b264d22c,TCGA-A2-A0ES-01Z-00-DX1.5652EE30-48C1-4EC1-AD77-8C72DFCB9A97.svs,1426146753,2694ce4908627811aa06e51fbfce22ca,released,LumA,266.0,reserve
TCGA-A2-A0ES,TCGA-A2-A0ES-01A,01,TS,TSA,0783ac17-c5d5-422c-9504-3bd628a6983d,TCGA-A2-A0ES-01A-01-TSA.9e47cc5c-6fcd-4515-ac20-1d81d3c58100.svs,154599439,daab0f1a5cd8c8127c74dbe229771cee,released,LumA,266.0,reserve
TCGA-BH-A0B0,TCGA-BH-A0B0-01A,01,BS,BSB,d7b1aef5-9958-46a4-bece-e9b42d95d726,TCGA-BH-A0B0-01A-02-BSB.f982be37-f191-4a96-a1a4-3cfefdfc9a19.svs,736274613,d42b18c3c6528b47cea1c268af13cfad,released,LumA,267.0,reserve
TCGA-BH-A0B0,TCGA-BH-A0B0-01Z,01,DX,DX1,b9406762-f609-464e-a518-40277ce6bd7f,TCGA-BH-A0B0-01Z-00-DX1.316D35DB-7F13-4AE5-82A7-5716D2519669.svs,886438283,349aa347c99f88ba953cfe47371f5c02,released,LumA,267.0,reserve
TCGA-BH-A0B0,TCGA-BH-A0B0-01A,01,TS,TSB,b195c00d-1827-4b5d-9603-b5a6e3ea6d0f,TCGA-BH-A0B0-01A-02-TSB.0eb990a6-1311-4909-8d86-03ae43a41227.svs,511353633,4d64f044f208d18b7f2dec1dd340071f,released,LumA,267.0,reserve
TCGA-A2-A0YI,TCGA-A2-A0YI-01A,01,BS,BSC,a27b2c2e-b1ce-42eb-a596-d7939ce6907f,TCGA-A2-A0YI-01A-03-BSC.29006cd1-80d6-4b68-a760-ba91a34b9942.svs,210515939,c70d61b29327fd1662ed8546c979274f,released,LumA,268.0,reserve
TCGA-A2-A0YI,TCGA-A2-A0YI-01Z,01,DX,DX1,f02fb22a-c567-467a-a7e2-b9209e3a55b3,TCGA-A2-A0YI-01Z-00-DX1.1CF2EC2D-C722-467F-8832-409B823E8D8F.svs,956053037,ffd88787e8cda6e0ebbaa75264ee1dd9,released,LumA,268.0,reserve
TCGA-A2-A0YI,TCGA-A2-A0YI-01A,01,TS,TSC,759248c5-b09a-4e83-a054-421de2c88c5e,TCGA-A2-A0YI-01A-03-TSC.315f5bb4-4ef4-471e-b5b4-ae73a6038c20.svs,195884569,4e758aced53d6ef705e41d8658237699,released,LumA,268.0,reserve
TCGA-EW-A1J5,TCGA-EW-A1J5-01Z,01,DX,DX1,85660094-3ba8-4763-8246-4bd9ab88c615,TCGA-EW-A1J5-01Z-00-DX1.FFE303B1-7F36-4276-B931-C2A6B2CBD1F2.svs,1983526293,40f74358444d3e7178ea8fc7b4b5a7ad,released,LumA,269.0,reserve
TCGA-EW-A1J5,TCGA-EW-A1J5-01A,01,TS,TSA,5401db66-f612-4d21-bddc-b120599bb829,TCGA-EW-A1J5-01A-01-TSA.e6a343d8-808e-49ba-8ccd-a9237523f59b.svs,221225813,60f1da0ff22508a32d555d5b1416e98b,released,LumA,269.0,reserve
TCGA-E2-A1L8,TCGA-E2-A1L8-01Z,01,DX,DX1,c7fc4460-8987-4996-8abb-0f52c7e348c2,TCGA-E2-A1L8-01Z-00-DX1.842BF73D-2D64-4ABA-880D-DBE8F4C2AA19.svs,330102175,a2535af6616ab7f16c852c51061a4f7a,released,LumA,270.0,reserve
TCGA-E2-A1L8,TCGA-E2-A1L8-01A,01,TS,TSA,e276d866-3e9d-45f5-8861-f00b0d375f4e,TCGA-E2-A1L8-01A-01-TSA.2b88c3e8-d202-4b83-8390-126f33606d7a.svs,204335353,ba67d77e47d458295bfe5bd6e19bdbe8,released,LumA,270.0,reserve
TCGA-AR-A0TR,TCGA-AR-A0TR-01A,01,BS,BSA,acbb02e6-5995-4f7a-b709-ed14c4a10a91,TCGA-AR-A0TR-01A-01-BSA.f1455ed0-393b-495c-9618-bbe3088baf4d.svs,251299173,4915dd67ffd8cb5898f74a7888e28ef8,released,LumA,271.0,reserve
TCGA-AR-A0TR,TCGA-AR-A0TR-01Z,01,DX,DX1,fa83738a-c9f2-433e-9050-54d0e90e3092,TCGA-AR-A0TR-01Z-00-DX1.BBCE653F-7DD0-4830-BAD3-C06207A93853.svs,1506890479,846f96a23aae57dc3edb771cd44f570a,released,LumA,271.0,reserve
TCGA-AR-A0TR,TCGA-AR-A0TR-01A,01,TS,TSA,aade370c-9fc5-4db7-ab6e-a87a59c09912,TCGA-AR-A0TR-01A-01-TSA.c7ef8351-ef5c-44a3-bf32-d06dde6ca154.svs,217876665,68c5a195a1b289a59a67983252079f40,released,LumA,271.0,reserve
TCGA-AC-A2FO,TCGA-AC-A2FO-01Z,01,DX,DX1,79a71782-0a93-4ef1-bb83-67cf38123008,TCGA-AC-A2FO-01Z-00-DX1.46929316-D7ED-4D69-B068-409BFFBCEC4D.svs,71810304,9078ddb228fc19c783ace96394549b16,released,LumA,272.0,reserve
TCGA-AC-A2FO,TCGA-AC-A2FO-01A,01,TS,TS1,06dc8b7d-344c-464c-9d31-7f3765fc796a,TCGA-AC-A2FO-01A-01-TS1.5B0133E0-0452-4C64-92A0-EE26EF1A18E2.svs,358447685,16c206beeb92451bd03036db4af4ac0a,released,LumA,272.0,reserve
TCGA-BH-A0W7,TCGA-BH-A0W7-01A,01,BS,BS1,060ec166-ed06-43a2-97c6-717b047f6fb6,TCGA-BH-A0W7-01A-01-BS1.2185822c-9943-42de-8ca0-ae0d61c664e8.svs,273332099,7caabadf17d1a08d2b3666ea9ec7e402,released,LumA,273.0,reserve
TCGA-BH-A0W7,TCGA-BH-A0W7-01Z,01,DX,DX1,b94f511f-7062-4e9f-ad6d-23371419299b,TCGA-BH-A0W7-01Z-00-DX1.93F11232-A1FB-4682-B744-3531D4DF11AF.svs,1281519499,254f4e13c6017df1dae92a6673929d07,released,LumA,273.0,reserve
TCGA-AO-A12E,TCGA-AO-A12E-01A,01,BS,BSA,2b5e0c93-07b4-4c27-b259-1f4b748d434c,TCGA-AO-A12E-01A-01-BSA.9b55ad59-32de-4238-9958-b54e3a43eb2e.svs,197423291,fb365c93766cdefd8557c4a1059a98f1,released,LumA,274.0,reserve
TCGA-AO-A12E,TCGA-AO-A12E-01Z,01,DX,DX1,8836f889-64c9-4ab5-8f59-9100035ee5b8,TCGA-AO-A12E-01Z-00-DX1.F2797928-26EC-4B28-BC50-432EB380624B.svs,403159508,955dd803e292ed5ba98633cfcb76c754,released,LumA,274.0,reserve
TCGA-AO-A12E,TCGA-AO-A12E-01A,01,TS,TSA,5256f6c6-5805-486d-9c10-a6d17fc49d0f,TCGA-AO-A12E-01A-01-TSA.5c7b82d0-dca5-4778-bc30-1201e08dd832.svs,261158635,f9e4dbdafd6181702824d17dc8989cfd,released,LumA,274.0,reserve
TCGA-BH-A0HB,TCGA-BH-A0HB-01A,01,BS,BSA,d8a12f05-33dd-4c62-9699-73218940b95e,TCGA-BH-A0HB-01A-01-BSA.6c9bb2b3-eef6-4e6e-ae30-1381db532ac2.svs,450932793,1d1dd2bad43658faafb5eb31102af2bf,released,LumA,275.0,reserve
TCGA-BH-A0HB,TCGA-BH-A0HB-01Z,01,DX,DX1,16860da1-7640-421d-b367-f14dd5bcc90a,TCGA-BH-A0HB-01Z-00-DX1.F90F7139-B804-4548-9FAF-9B475BF225EB.svs,1678454421,a77afa1c155f40dddb1acf643f0fb84d,released,LumA,275.0,reserve
TCGA-E2-A1IL,TCGA-E2-A1IL-01Z,01,DX,DX1,da64227b-4ebf-4407-a1d0-49ccea30f9bf,TCGA-E2-A1IL-01Z-00-DX1.46B6AA99-C7CE-4573-B15D-2C56A708B082.svs,1011957089,ab40cec611f9c1f7c9f5e5758a981a9d,released,LumA,276.0,reserve
TCGA-E2-A1IL,TCGA-E2-A1IL-01A,01,TS,TSA,d8523e50-6118-45eb-9c78-c95d8d290f9d,TCGA-E2-A1IL-01A-01-TSA.c02803fb-e85a-468b-9f69-bde8122f7056.svs,203295289,7e802ab1dc50f718aeefd6f9159d7eed,released,LumA,276.0,reserve
TCGA-A2-A0CK,TCGA-A2-A0CK-01A,01,BS,BSA,3d7a2e93-459e-478e-b39c-7624299e69b1,TCGA-A2-A0CK-01A-01-BSA.B3E07E98-6D91-4689-BE68-83043CA49FC3.svs,242819961,8c336b6064cc1906adf465934d4f552c,released,LumA,277.0,reserve
TCGA-A2-A0CK,TCGA-A2-A0CK-01Z,01,DX,DX1,31405404-b27c-440e-b211-16003fa09b50,TCGA-A2-A0CK-01Z-00-DX1.C3226BD1-11B0-4034-946A-BAB42958CE85.svs,381312347,a1c68960b6ef2bfcc8c2ac3f07f59af7,released,LumA,277.0,reserve
TCGA-A2-A0CK,TCGA-A2-A0CK-01A,01,TS,TSA,58dfaf8b-9862-42c4-ac2b-417ba36850ce,TCGA-A2-A0CK-01A-01-TSA.0F00A193-4045-4462-B2B2-A76B40A4EFB9.svs,277694709,17d7ce3ff9139d48161267fab2154c10,released,LumA,277.0,reserve
TCGA-A2-A25D,TCGA-A2-A25D-01Z,01,DX,DX1,decbdda7-e62a-4436-b233-28c5353d0f61,TCGA-A2-A25D-01Z-00-DX1.41DADDB8-3E3F-4F8F-8BE7-C43F8FBCFD2B.svs,1703054197,b31591d202ef59947fdc1f9e4f3c11e0,released,LumA,278.0,reserve
TCGA-A2-A25D,TCGA-A2-A25D-01A,01,TS,TSA,8709d0f0-7e55-44e6-b1fe-cd7c8ae6bf67,TCGA-A2-A25D-01A-01-TSA.f5616a1d-8a54-43a1-ade2-c3e63f8db896.svs,189694901,ef661211abe1a993fbd6aae237169cfe,released,LumA,278.0,reserve
TCGA-E2-A14T,TCGA-E2-A14T-01Z,01,DX,DX1,f1b21fac-b36b-4fd4-b18f-b29337df4ce4,TCGA-E2-A14T-01Z-00-DX1.61B4C988-6D75-447B-A5F4-9DE92CEACC9F.svs,954690365,fbc489a1154aef3825757eccf7556ba6,released,LumA,279.0,reserve
TCGA-E2-A14T,TCGA-E2-A14T-01A,01,TS,TSA,9d14e136-8ecf-48f8-bb88-3498ad96ee19,TCGA-E2-A14T-01A-01-TSA.3e947c63-817a-4b85-8065-30adf00015b5.svs,115125227,cb5457fc1fd1f01c989d65b891062ebe,released,LumA,279.0,reserve
TCGA-A8-A09T,TCGA-A8-A09T-01A,01,BS,BS1,69b58d59-1088-475f-a3e0-42b34bb2636e,TCGA-A8-A09T-01A-01-BS1.ea346b92-4ab8-40b7-a058-681a2a269463.svs,247662435,34a0f462a0e0c651b34520cc9ddfc756,released,LumA,280.0,reserve
TCGA-A8-A09T,TCGA-A8-A09T-01Z,01,DX,DX1,ae62c084-6ae3-401f-bb42-2c55506889f7,TCGA-A8-A09T-01Z-00-DX1.4183BBA4-AF11-4602-9EC2-35083C34A393.svs,369628292,fd7800a6a430b2ac03cc7ac6aaf5ed33,released,LumA,280.0,reserve
TCGA-A8-A09T,TCGA-A8-A09T-01A,01,TS,TS1,70b4a1e7-785d-43bd-b28d-fd8c49a0c825,TCGA-A8-A09T-01A-01-TS1.46733e61-04d6-4b8f-97ba-d115e9208e9b.svs,195820531,dfaf654b5135227f12bd2b594700cfe1,released,LumA,280.0,reserve
TCGA-A7-A0CD,TCGA-A7-A0CD-01A,01,BS,BSA,64ed8ea4-00a2-4059-a2a0-897f144a6975,TCGA-A7-A0CD-01A-01-BSA.a48267de-7bf0-409f-a8b5-9712f2e06a90.svs,406658563,6152c89c2813c2667c96c9fa1b47ecd9,released,LumA,281.0,reserve
TCGA-A7-A0CD,TCGA-A7-A0CD-01Z,01,DX,DX1,554855d7-4e21-406b-8f9f-458b1e7c89c9,TCGA-A7-A0CD-01Z-00-DX1.F045B9C8-049C-41BF-8432-EF89F236D34D.svs,280966835,d148f6d71ac283e653c29ee7e77b2f23,released,LumA,281.0,reserve
TCGA-A7-A0CD,TCGA-A7-A0CD-01Z,01,DX,DX2,1c4ec716-8a06-4bf9-b113-4bd0c8134c3f,TCGA-A7-A0CD-01Z-00-DX2.609CED8D-5947-4753-A75B-73A8343B47EC.svs,244932307,f6f80b0b971026885e04bfff3d0c9dbb,released,LumA,281.0,reserve
TCGA-A7-A0CD,TCGA-A7-A0CD-01A,01,TS,TSA,8ebbed71-0703-491c-8169-ff5505fef9f6,TCGA-A7-A0CD-01A-01-TSA.8966c3d7-c0d2-47a4-badf-df9412a1e5f0.svs,710444381,7214229bc9df44d273e181029e0ea162,released,LumA,281.0,reserve
TCGA-A2-A0CP,TCGA-A2-A0CP-01A,01,BS,BSA,a23a8a5e-bca6-40da-9575-590cbec1c7e0,TCGA-A2-A0CP-01A-01-BSA.2e7307b1-f88e-4570-8a33-e687088308f2.svs,165597767,ec173823776db7744a11105eb24b90e2,released,LumA,282.0,reserve
TCGA-A2-A0CP,TCGA-A2-A0CP-01Z,01,DX,DX1,a8bd3cf6-23b8-49a6-b337-9d450193aa7d,TCGA-A2-A0CP-01Z-00-DX1.ECFD263C-BB17-4ADA-8F2C-654C2AA4C45F.svs,518477921,3e75baadac4489da2ce4252ad0706e67,released,LumA,282.0,reserve
TCGA-A2-A0CP,TCGA-A2-A0CP-01A,01,TS,TSA,ed5d3713-7b8c-4a5f-b23a-2adcdfa0f50c,TCGA-A2-A0CP-01A-01-TSA.0e422cec-f6cb-44b0-a386-d0e862300b90.svs,195452733,fd2fb23884c33ed6ad33b86eff7265a8,released,LumA,282.0,reserve
TCGA-B6-A1KI,TCGA-B6-A1KI-01Z,01,DX,DX1,ded10b7f-e408-4b52-b735-dfc530e6bc5f,TCGA-B6-A1KI-01Z-00-DX1.EFAA08A8-02EC-4A9B-AC6B-79BF2DC5A2AA.svs,1026164573,5cd5b94b10ed6df271460e33954ff967,released,LumA,283.0,reserve
TCGA-B6-A1KI,TCGA-B6-A1KI-01A,01,TS,TS1,4ebf6799-32b8-40d6-bc20-7914ad06383c,TCGA-B6-A1KI-01A-01-TS1.9e114169-5c22-4ec6-a85f-327bd0b51570.svs,163093431,1710238ca3862263cb0f07259347bb81,released,LumA,283.0,reserve
TCGA-BH-A42V,TCGA-BH-A42V-01Z,01,DX,DX1,eac27eb6-a084-4e6c-8b11-97e34b8150b4,TCGA-BH-A42V-01Z-00-DX1.B6D78256-05D1-45FA-826A-1B8554D60B7D.svs,638234707,b52290fb79d6d90be65257fa6ab323ec,released,LumA,284.0,reserve
TCGA-BH-A42V,TCGA-BH-A42V-01A,01,TS,TS1,c32a9bd5-6b53-47bc-92ae-e524cab14048,TCGA-BH-A42V-01A-01-TS1.34D6AC99-06D3-4A17-8519-2D71185DF7A4.svs,240623731,69ca5006420a4168f7a8b2b38843d597,released,LumA,284.0,reserve
TCGA-GM-A2DN,TCGA-GM-A2DN-01Z,01,DX,DX1,e61df737-d641-4595-b0cf-940bfcddc6c3,TCGA-GM-A2DN-01Z-00-DX1.593003B0-BA87-486B-B472-D6B85867D54D.svs,977824009,48e806722080cbe4782a8e2e56313dd9,released,LumA,285.0,reserve
TCGA-GM-A2DN,TCGA-GM-A2DN-01A,01,TS,TSA,aa193245-0947-4395-a62f-992a8907d82d,TCGA-GM-A2DN-01A-01-TSA.76E09F3B-7A96-4261-9E3D-37099778B391.svs,200544443,d23970ab88da61991f3da7ea87f58185,released,LumA,285.0,reserve
TCGA-E2-A15R,TCGA-E2-A15R-01Z,01,DX,DX1,f9bc1d15-21aa-4969-b08f-39283e15009d,TCGA-E2-A15R-01Z-00-DX1.B58D2D9D-05EE-4D66-8DC0-9E5C6AD2E3D3.svs,1212224239,91658a7a2933743668bfa09fd7c0e7c1,released,LumA,286.0,reserve
TCGA-E2-A15R,TCGA-E2-A15R-01A,01,TS,TSA,aac8812f-c783-40fc-b1c7-3832df026030,TCGA-E2-A15R-01A-01-TSA.710a5229-c19b-42ea-87fb-1e8293fbcfd9.svs,159040957,17c1699158836c994f1df090ceb3144a,released,LumA,286.0,reserve
TCGA-A7-A56D,TCGA-A7-A56D-01Z,01,DX,DX1,fc652741-60ae-4207-9c08-4290e43a28ff,TCGA-A7-A56D-01Z-00-DX1.87D9CCF4-04EE-46D2-B7FC-A83561D7752C.svs,559043095,9c81000b6bd9c43aa1286f37059a22c9,released,LumA,287.0,reserve
TCGA-A7-A56D,TCGA-A7-A56D-01A,01,TS,TS1,27ea37fa-7a1b-4f43-99d5-8243a589ebd7,TCGA-A7-A56D-01A-01-TS1.AD278013-D26A-4CA2-9B22-308E79763904.svs,298570133,cdad5fe92632a54d00f9856edfe005bc,released,LumA,287.0,reserve
TCGA-A8-A0AD,TCGA-A8-A0AD-01A,01,BS,BS1,01d14351-27c8-424b-af71-3c1b88ad6897,TCGA-A8-A0AD-01A-01-BS1.bb944067-e1c7-495d-8d92-957340d3173e.svs,344090005,3aaf4bec567b444271b6e83b4c763e96,released,LumA,288.0,reserve
TCGA-A8-A0AD,TCGA-A8-A0AD-01Z,01,DX,DX1,71157352-e984-4455-b5b0-7fbd90a150e4,TCGA-A8-A0AD-01Z-00-DX1.A831FB53-7605-4138-9341-6BBCA284441C.svs,411984734,ac05cd098d4960a0f347b2d59ceec32e,released,LumA,288.0,reserve
TCGA-A8-A0AD,TCGA-A8-A0AD-01A,01,TS,TS1,b2bd7a1f-a9ba-403b-b0c7-846f8a99150d,TCGA-A8-A0AD-01A-01-TS1.4f7d3b85-05f4-44d2-8176-3ee94105f10f.svs,292700011,25dbeaaa4554805e81eff2c4df782f65,released,LumA,288.0,reserve
TCGA-OL-A66N,TCGA-OL-A66N-01Z,01,DX,DX1,b576aac5-e80f-4ee2-a4bb-87d8de1c770c,TCGA-OL-A66N-01Z-00-DX1.ABDA3014-7B3A-4D48-A415-CB9608491ECB.svs,1080462000,36e175329c1a07682eed456658552972,released,LumA,289.0,reserve
TCGA-OL-A66N,TCGA-OL-A66N-01A,01,TS,TS1,3a023f53-36e8-4bd1-9422-89ccebaf09c5,TCGA-OL-A66N-01A-01-TS1.8F8FAEAF-59E9-499D-90AC-B8EA03D3252F.svs,635432645,7db7ae056beca9e0f6f986576ed4e508,released,LumA,289.0,reserve
TCGA-AR-A1AP,TCGA-AR-A1AP-01Z,01,DX,DX1,20ceea6c-99f3-4053-ae49-6da60d3526c1,TCGA-AR-A1AP-01Z-00-DX1.F163EED5-0385-41AA-BA35-54E4910CD99E.svs,1023777825,ad87dc51228b753599bf8c7bb042c316,released,LumA,290.0,reserve
TCGA-AR-A1AP,TCGA-AR-A1AP-01A,01,TS,TSA,ce6150bc-54a4-48d5-b699-7948c672fc00,TCGA-AR-A1AP-01A-01-TSA.462d1ac8-1c00-4690-9d0e-975853c4c5f2.svs,212284053,6cabbde35bf96f355f6b31dd9631aaa3,released,LumA,290.0,reserve
TCGA-BH-A18N,TCGA-BH-A18N-01Z,01,DX,DX1,980ea997-6a99-49b0-a3a2-42243f13725f,TCGA-BH-A18N-01Z-00-DX1.FE0E24A1-8AE9-4021-B9C7-B408EE0DE329.svs,1383371133,ce086c08b6db8a60c61326c0f66aee69,released,LumA,291.0,reserve
TCGA-BH-A18N,TCGA-BH-A18N-01A,01,TS,TSA,83e88b44-9f5b-4430-aabd-3c7bb963fcb2,TCGA-BH-A18N-01A-01-TSA.fa28d892-c8d9-4e85-af22-24c75bb952f9.svs,291069525,f446b1567106dc0e262feee885402651,released,LumA,291.0,reserve
TCGA-E2-A15G,TCGA-E2-A15G-01Z,01,DX,DX1,3c31a357-bd52-4a7e-9691-745c9aa17458,TCGA-E2-A15G-01Z-00-DX1.BAA5235E-1022-463B-A852-586ED7CA75FF.svs,1130031391,82b7619c650d0e4c7fe53a7ef9cf9301,released,LumA,292.0,reserve
TCGA-E2-A15G,TCGA-E2-A15G-01A,01,TS,TSA,50319127-777d-4581-96a2-aea99ec37ed7,TCGA-E2-A15G-01A-01-TSA.ddb91e88-5cdd-4f96-868d-7c6e7c533be6.svs,258756625,9ac5987038f7d38fe117bcd0eecd87bb,released,LumA,292.0,reserve
TCGA-OL-A5RU,TCGA-OL-A5RU-01Z,01,DX,DX1,657fff5a-4891-49f7-b460-05def1a5b5f9,TCGA-OL-A5RU-01Z-00-DX1.A48CAF2D-9310-4611-B27D-400F3A324607.svs,56349850,af061e2387f958d046398e8b061f8994,released,LumA,293.0,reserve
TCGA-OL-A5RU,TCGA-OL-A5RU-01A,01,TS,TSA,d16a53db-6987-4502-8dff-b62aec9ba0b2,TCGA-OL-A5RU-01A-01-TSA.EADD3E6A-8614-4BE9-B061-66E57EDD1781.svs,282820171,80b0ac2a099ddc334cb85b75be094b28,released,LumA,293.0,reserve
TCGA-BH-A0H3,TCGA-BH-A0H3-01Z,01,DX,DX1,b56643ef-970e-48cb-bf38-60bfa688f1e5,TCGA-BH-A0H3-01Z-00-DX1.C6D4DFB9-A4FA-40B2-90EF-75294CBC4523.svs,1011714565,2a7aaf3d26914761ccce6c86d25c1c63,released,LumA,294.0,reserve
TCGA-BH-A0H3,TCGA-BH-A0H3-01A,01,TS,TSA,2925b653-d057-48ac-a6bd-6c1c4bed4445,TCGA-BH-A0H3-01A-01-TSA.c3a3ea7e-8ed7-47dc-ba34-31e3cac55f6c.svs,277897671,e3a3711a40a741f5132167334da43c7f,released,LumA,294.0,reserve
TCGA-A1-A0SE,TCGA-A1-A0SE-01A,01,BS,BS1,a1597254-02b9-49c7-867b-1c85d447c9dc,TCGA-A1-A0SE-01A-01-BS1.bc41fb6d-f6a5-495c-b429-80d289f0bda1.svs,476357101,acedb82b22eb947bf934fb0f0aa6f7d5,released,LumA,295.0,reserve
TCGA-A1-A0SE,TCGA-A1-A0SE-01Z,01,DX,DX1,53f1310d-cea9-4179-ad5c-3a257fcc7ed3,TCGA-A1-A0SE-01Z-00-DX1.04B09232-C6C4-46EF-AA2C-41D078D0A80A.svs,1114028148,401a42c3dac58c61c857a148a0a96ad0,released,LumA,295.0,reserve
TCGA-A1-A0SE,TCGA-A1-A0SE-01A,01,TS,TS1,c306b4bb-a653-441d-ac56-a9a7ad9a951c,TCGA-A1-A0SE-01A-01-TS1.9de25aa5-6128-49b4-990b-c6bf3830489d.svs,480070205,b1cb6fee5a1d969eb87b108324a1fce0,released,LumA,295.0,reserve
TCGA-AR-A1AU,TCGA-AR-A1AU-01Z,01,DX,DX1,a76d99dd-cd22-4dc1-a0b4-9631e465d2b2,TCGA-AR-A1AU-01Z-00-DX1.F06647D1-E5A3-46FE-8537-01A10A08A4EC.svs,1593743615,8e47ec31abbaef42a03224f0a9211705,released,LumA,296.0,reserve
TCGA-AR-A1AU,TCGA-AR-A1AU-01A,01,TS,TSA,7f1d7cf8-ac33-41c0-bafa-fc0b41123dba,TCGA-AR-A1AU-01A-01-TSA.1fc40e4b-617f-48fb-a990-4629b38fd8c8.svs,160110417,e052326349e4d7ba7a49016138d15122,released,LumA,296.0,reserve
TCGA-AR-A1AN,TCGA-AR-A1AN-01Z,01,DX,DX1,465c44ea-fe8c-405e-8e21-c593b009d374,TCGA-AR-A1AN-01Z-00-DX1.1118F9FE-6DF2-4496-B102-D3A10D332EC0.svs,409192837,6caba0deae5714c06cff28b46d54a013,released,LumA,297.0,reserve
TCGA-AR-A1AN,TCGA-AR-A1AN-01A,01,TS,TS1,ad0f1ce7-8578-416d-9a38-ac4e76de62dd,TCGA-AR-A1AN-01A-01-TS1.f27b0f08-345b-4950-9344-8f6c54ca576a.svs,399303003,8ccdcddee675ba5ee670de7a976cb9a5,released,LumA,297.0,reserve
TCGA-BH-A1ET,TCGA-BH-A1ET-01Z,01,DX,DX1,8d9b210f-dd32-4d89-8da6-d84a51a78a6c,TCGA-BH-A1ET-01Z-00-DX1.05C126CD-CC10-44BF-9A68-6CDDE97272B2.svs,1185260255,8a37ce6bb78295e49270216d2eeb7895,released,LumA,298.0,reserve
TCGA-BH-A1ET,TCGA-BH-A1ET-01A,01,TS,TSA,e96424fc-0a6f-4aeb-8358-a3b20ed5f131,TCGA-BH-A1ET-01A-01-TSA.a4706ce4-60f8-4373-b77c-0d3ff31d8324.svs,116748671,ded77a6fe10c219aefad95f7d38c45cb,released,LumA,298.0,reserve
TCGA-BH-A18S,TCGA-BH-A18S-01Z,01,DX,DX1,b297b29e-fec7-4550-85bb-b5a870dec964,TCGA-BH-A18S-01Z-00-DX1.B36FC684-0010-4ABB-9E25-303C8DF1C4E2.svs,997020219,e4c53cca41c8fa7d325b48cc25b5a224,released,LumA,299.0,reserve
TCGA-BH-A18S,TCGA-BH-A18S-01A,01,TS,TSA,1b6757ef-4303-4c0d-b514-d1b2e1175056,TCGA-BH-A18S-01A-01-TSA.b3a7ecb9-c4bb-4f9d-8886-5884b6335567.svs,257617267,2b530d306427b0020ac483b1588e74e8,released,LumA,299.0,reserve
TCGA-A7-A26E,TCGA-A7-A26E-01Z,01,DX,DX1,dab8b8a4-84ca-4d1c-873d-66007379f075,TCGA-A7-A26E-01Z-00-DX1.BA4A7E28-0563-4C23-82D0-AB34A2E79AE3.svs,727414559,8f7ba74a3685d7fc420a8a50f11f8b89,released,LumA,300.0,reserve
TCGA-A7-A26E,TCGA-A7-A26E-01A,01,TS,TSA,6725b74e-f568-4d61-a6b6-27dbc04eced5,TCGA-A7-A26E-01A-01-TSA.c3b5e8a1-130a-41b4-b05f-06f86abd3e21.svs,98878821,96543ea82f94c0ad183310207bbbefb2,released,LumA,300.0,reserve
TCGA-AC-A2FG,TCGA-AC-A2FG-01Z,01,DX,DX1,c7e7f3e0-ce33-457c-ab39-f50447427093,TCGA-AC-A2FG-01Z-00-DX1.0F13DE40-9F7A-42C6-AB3D-02E8521B690A.svs,78708614,25f43123b8a559d4b4fbc0b0e8ebc357,released,LumA,301.0,reserve
TCGA-AC-A2FG,TCGA-AC-A2FG-01A,01,TS,TSA,032613a2-6575-4542-95a9-22cc314dda40,TCGA-AC-A2FG-01A-01-TSA.BE090090-49AF-4137-B741-FE3E4B796892.svs,112526037,8d062db1fe9e5583a232231f1c91c28f,released,LumA,301.0,reserve
TCGA-BH-A0E9,TCGA-BH-A0E9-01B,01,BS,BSA,d5474e86-afd3-4c9d-84ab-8de60eafff20,TCGA-BH-A0E9-01B-01-BSA.a92a2910-0c73-4abb-9c85-b1d1f7d19618.svs,186975839,0e2bd037de5af642266fb1508c2ff919,released,LumA,302.0,reserve
TCGA-BH-A0E9,TCGA-BH-A0E9-01Z,01,DX,DX1,4ee14819-c89c-48e8-b4ae-57a98757e436,TCGA-BH-A0E9-01Z-00-DX1.5FC4A5E1-3984-4869-9FFB-C0C7F9EAF5FE.svs,1173561805,1d6b320abf6290a3a9b4b168af808009,released,LumA,302.0,reserve
TCGA-E2-A1BC,TCGA-E2-A1BC-01Z,01,DX,DX1,4dfc089e-181e-4039-ada7-72c2b8ae802a,TCGA-E2-A1BC-01Z-00-DX1.FD19F2F8-497F-4D7D-97C6-271DC6B75173.svs,1282951675,b9e5912a8063ac7eae6beb25ebd6b346,released,LumA,303.0,reserve
TCGA-E2-A1BC,TCGA-E2-A1BC-01A,01,TS,TSA,08154d7b-c302-40cd-91b1-705f2b1e6f48,TCGA-E2-A1BC-01A-01-TSA.b06fa884-bde3-4b4f-9832-f162e7a82cfa.svs,188315331,0dfd3d78a52a13432d565e8d662d74d4,released,LumA,303.0,reserve
TCGA-C8-A12X,TCGA-C8-A12X-01A,01,BS,BSA,8e1f2020-9c5a-4e02-99e6-35efd3bfa25c,TCGA-C8-A12X-01A-01-BSA.9db0b173-c9c0-45c0-9a43-85296a3031f5.svs,217550227,faa3b04b3998f47ffc2dca929db44cc7,released,LumA,304.0,reserve
TCGA-C8-A12X,TCGA-C8-A12X-01Z,01,DX,DX1,a36abf65-e60f-455a-9808-bf9fab30ed85,TCGA-C8-A12X-01Z-00-DX1.2967579D-40AE-4425-BE81-5109713C16B4.svs,492901917,415abf04be1178d4ccdd79585dc17753,released,LumA,304.0,reserve
TCGA-C8-A12X,TCGA-C8-A12X-01A,01,TS,TSA,7ec9d51f-ae82-4d2f-9776-bf467393cb45,TCGA-C8-A12X-01A-01-TSA.3436a21f-d32b-4645-b767-c6cd450893f0.svs,249049031,0ee5ab6d585142543f33bfa9ee3e81d9,released,LumA,304.0,reserve
TCGA-A8-A0A4,TCGA-A8-A0A4-01A,01,BS,BS1,ad0b53f7-0871-46be-9b15-f7b761749905,TCGA-A8-A0A4-01A-01-BS1.b2f7bff9-16c8-4bf7-8228-fd2a98995fdf.svs,347478683,c652a67b7ed03cc43a8893ced85e1ba6,released,LumA,305.0,reserve
TCGA-A8-A0A4,TCGA-A8-A0A4-01Z,01,DX,DX1,aa620e51-58be-41aa-91c0-d944c5e8c09e,TCGA-A8-A0A4-01Z-00-DX1.06C38F98-F34B-49F0-AFB5-7F0086188346.svs,502403830,9461f735920a60356360c735d14203fc,released,LumA,305.0,reserve
TCGA-A8-A0A4,TCGA-A8-A0A4-01A,01,TS,TS1,4441dc5c-867f-41e1-99f3-96f08948e790,TCGA-A8-A0A4-01A-01-TS1.eaac12f0-ead1-4f67-875d-8bda8a4649d9.svs,105999841,847fd5f0f27bb86b00f72c6e2d6b8a1e,released,LumA,305.0,reserve
TCGA-AC-A5XS,TCGA-AC-A5XS-01Z,01,DX,DX1,1b88990d-0a22-4d5e-ad32-68105ab4b597,TCGA-AC-A5XS-01Z-00-DX1.E5F2481E-9314-4B20-84B7-370EF82AF4BB.svs,182576020,2dcb58759dd49c687853a5fb08be4bb6,released,LumA,306.0,reserve
TCGA-AC-A5XS,TCGA-AC-A5XS-01A,01,TS,TS1,95d9235a-0371-4217-b89c-83153d856aeb,TCGA-AC-A5XS-01A-01-TS1.A7C7405B-42A2-474E-96A3-F87BA50995AE.svs,366902401,eeb8d9d7b2040b84137025274b4e283f,released,LumA,306.0,reserve
TCGA-AC-A3QP,TCGA-AC-A3QP-01Z,01,DX,DX1,9f900ed4-6c37-4958-bf26-5a18958659b0,TCGA-AC-A3QP-01Z-00-DX1.4B97E53E-1069-40C5-A062-C988663B37DD.svs,549602932,9d3762fcb738df21c2d5ea59e125b7ee,released,LumA,307.0,reserve
TCGA-AC-A3QP,TCGA-AC-A3QP-01A,01,TS,TS1,8c8368a5-577a-4a1f-a628-436c57210fcf,TCGA-AC-A3QP-01A-01-TS1.51D476D1-143B-4530-A00B-B7764B7DAA0D.svs,105387035,6f63ea714be0c27e6c3a2592454d5f19,released,LumA,307.0,reserve
TCGA-D8-A1XG,TCGA-D8-A1XG-01Z,01,DX,DX1,8973944c-585c-4b9d-a85c-d358bb8bcab0,TCGA-D8-A1XG-01Z-00-DX1.0A58EF43-B97E-4111-8DC3-2F8D9BDBE7D6.svs,1125356605,73d32380032b1a0a7fc4219941bd2082,released,LumA,308.0,reserve
TCGA-D8-A1XG,TCGA-D8-A1XG-01A,01,TS,TS1,4d14d2c8-c41c-449f-92c1-018dda432daa,TCGA-D8-A1XG-01A-01-TS1.aad14db1-a4b7-46df-ab4b-c4c4e827599b.svs,224480967,5eca7248d6bd1af492d140744d46bba3,released,LumA,308.0,reserve
TCGA-A2-A259,TCGA-A2-A259-01Z,01,DX,DX1,03f5138d-0f0d-4e6c-a9cb-2598a9eaa587,TCGA-A2-A259-01Z-00-DX1.7289CD72-CB74-41D4-B4AC-4EA5FDFEC666.svs,1768071111,52a2c64d2fd2f4286cd5790e4b351e5d,released,LumA,309.0,reserve
TCGA-A2-A259,TCGA-A2-A259-01A,01,TS,TSA,42141f77-7b2b-4d9c-ac71-e32f639874bf,TCGA-A2-A259-01A-01-TSA.73bdd76e-4e45-4e13-90db-c996e5446c94.svs,187946695,d67d825ea1a66dd39eca1cefa33e4b4d,released,LumA,309.0,reserve
TCGA-E2-A14Z,TCGA-E2-A14Z-01Z,01,DX,DX1,94dfbf0f-c925-4d1f-804d-f730e7adc29f,TCGA-E2-A14Z-01Z-00-DX1.A1344A78-1842-4578-8CDE-921E50656891.svs,1192184537,172f6315640e2f7676edb422e30daca9,released,LumA,310.0,reserve
TCGA-E2-A14Z,TCGA-E2-A14Z-01A,01,TS,TS1,195d5c14-9475-4d17-a663-d139969451f9,TCGA-E2-A14Z-01A-01-TS1.d497c151-5df1-45c7-b712-75533a6ef412.svs,215239539,d4e47290b595e32afb328235047adf78,released,LumA,310.0,reserve
TCGA-AO-A126,TCGA-AO-A126-01A,01,BS,BSA,b6371944-5ebe-45bd-9b10-0f19856f3dc5,TCGA-AO-A126-01A-01-BSA.d9c05421-91fc-4fdd-988d-2b404fa24095.svs,169375237,94037c12a7defdab149a59f5bb9bb2c5,released,LumA,311.0,reserve
TCGA-AO-A126,TCGA-AO-A126-01Z,01,DX,DX1,8e659845-8289-4db4-a489-a637780a7950,TCGA-AO-A126-01Z-00-DX1.D9D6AA15-32F0-44BD-AF30-36191784FFA2.svs,550065516,571a6bb457633f99ef548be5aef9acd6,released,LumA,311.0,reserve
TCGA-AO-A126,TCGA-AO-A126-01A,01,TS,TSA,998b0101-a062-491a-8251-04b2839cc438,TCGA-AO-A126-01A-01-TSA.399484a5-e833-4acd-a73b-1fd5a684e7c1.svs,257644357,f2c02e3ae1b44edde4e569aac9793dd5,released,LumA,311.0,reserve
TCGA-BH-A1EY,TCGA-BH-A1EY-01Z,01,DX,DX1,a8159a6e-5816-493f-9bd0-5061c6d41866,TCGA-BH-A1EY-01Z-00-DX1.25C3DE1F-C702-4959-8DFA-69EF78AD9307.svs,935483265,6da0cfa848ee28cfaf99bc952af98847,released,LumA,312.0,reserve
TCGA-BH-A1EY,TCGA-BH-A1EY-01A,01,TS,TSA,f111051c-28cf-4ddd-a4bf-f22731a40294,TCGA-BH-A1EY-01A-01-TSA.ccf39db7-4c9d-41a0-a961-b2819792db71.svs,338344947,5405f67162f5f362b28398263c3d5518,released,LumA,312.0,reserve
TCGA-A1-A0SD,TCGA-A1-A0SD-01A,01,BS,BS1,c1023af8-1b71-4943-a537-f34b2c637db9,TCGA-A1-A0SD-01A-01-BS1.24ae9ce9-ef51-4cef-a095-1681d4bdd2fb.svs,227494851,f5f929982d6aec11263f8a86eb28a2d1,released,LumA,313.0,reserve
TCGA-A1-A0SD,TCGA-A1-A0SD-01Z,01,DX,DX1,0a9ea7ac-9d51-4ff7-b40b-659a57e64945,TCGA-A1-A0SD-01Z-00-DX1.DB17BFA9-D951-42A8-91D2-F4C2EBC6EB9F.svs,655624470,85079bc9f671b29dfebc3d63fdf6b685,released,LumA,313.0,reserve
TCGA-A1-A0SD,TCGA-A1-A0SD-01A,01,TS,TS1,6bfc1c6c-1351-47d9-8045-5151ccc0cf15,TCGA-A1-A0SD-01A-01-TS1.6a18f1d4-bee3-453c-a84f-0f82f93e95f2.svs,257674399,1b5d67ece790ced3e9d406ce7144ea34,released,LumA,313.0,reserve
TCGA-A2-A0YF,TCGA-A2-A0YF-01Z,01,DX,DX1,ea0ddd49-2f89-4044-a12e-c7e51b172a74,TCGA-A2-A0YF-01Z-00-DX1.6166E995-0669-43D6-B9C7-FE39BCE529CF.svs,1310284033,8dcbfc943955f8de2a61d2567d4e9e56,released,LumA,314.0,reserve
TCGA-A2-A0YF,TCGA-A2-A0YF-01A,01,TS,TSB,34b3653f-d09b-4667-b74c-0a10e5ddddd5,TCGA-A2-A0YF-01A-02-TSB.65b05e09-46e2-47f8-8ef6-ccc5914752c5.svs,273505543,aa7fce247542624be89321da38928214,released,LumA,314.0,reserve
TCGA-AR-A24W,TCGA-AR-A24W-01Z,01,DX,DX1,209243cb-ac24-43ec-8fa0-e1f6cdc97b7f,TCGA-AR-A24W-01Z-00-DX1.0663B4A3-6475-4981-91F0-20D2C79CBF89.svs,913914225,2dbcbca0a34dfb02dbfa5040eafe57bb,released,LumA,315.0,reserve
TCGA-AR-A24W,TCGA-AR-A24W-01A,01,TS,TSA,01ae7de6-a773-4fa0-8764-28f5b96966f8,TCGA-AR-A24W-01A-01-TSA.a118d6a0-2b0e-4bb9-8ca6-e5f9eb9460d5.svs,184180851,b81540a10608e2b77d54ef4b6f886776,released,LumA,315.0,reserve
TCGA-A2-A0ET,TCGA-A2-A0ET-01A,01,BS,BSC,bebedf40-ec66-4d65-98cb-f5465172134f,TCGA-A2-A0ET-01A-03-BSC.a5ea8948-821d-471d-ba1c-3c36807ff5df.svs,184237589,48593e067f6659166065adc31483f60b,released,LumA,316.0,reserve
TCGA-A2-A0ET,TCGA-A2-A0ET-01Z,01,DX,DX1,5bd6489c-1f84-40bc-bf04-02ee13419af3,TCGA-A2-A0ET-01Z-00-DX1.41E86BB9-EA52-4615-94E7-0F09DDB094F4.svs,1154337751,6db79c8143ad84825cd15286be9b4573,released,LumA,316.0,reserve
TCGA-A2-A0ET,TCGA-A2-A0ET-01A,01,TS,TSC,4292a861-aa36-4b61-a7f9-cb41f3c8ccd8,TCGA-A2-A0ET-01A-03-TSC.74515b85-25d8-4c5a-9fe8-027a78238b9a.svs,394576695,1ddbe54c6ac18edcb9707e0900af3292,released,LumA,316.0,reserve
TCGA-OL-A66H,TCGA-OL-A66H-01Z,01,DX,DX1,69259002-b276-40b1-affd-5f19efa62b4c,TCGA-OL-A66H-01Z-00-DX1.E54AF3FA-E59E-404C-BB83-A6FC6FC9B312.svs,3054813954,b37053004917818d130355548cc2a3ee,released,LumA,317.0,reserve
TCGA-OL-A66H,TCGA-OL-A66H-01A,01,TS,TS1,6a10a0d8-dab7-45e6-ac2a-615e9b342d3b,TCGA-OL-A66H-01A-01-TS1.192101A6-CFBF-432F-935B-049CE2816476.svs,204819191,e28ac58175b3fb919fffb548ba26e340,released,LumA,317.0,reserve
TCGA-D8-A1XC,TCGA-D8-A1XC-01Z,01,DX,DX1,85cfb6b8-3bc7-431f-b933-b2b2fa1aed6f,TCGA-D8-A1XC-01Z-00-DX1.E7494388-838B-4D35-9CA1-77017CBE77F2.svs,1250877233,0dcf0bd65cac69a157d54d4a97f3f94f,released,LumA,318.0,reserve
TCGA-D8-A1XC,TCGA-D8-A1XC-01Z,01,DX,DX2,3d5cad1f-cebd-4581-83a2-fb0448bd8607,TCGA-D8-A1XC-01Z-00-DX2.10BA8536-D6AF-460E-9796-EB77FFE3EF5B.svs,1401669223,c3330b3a135f3291270b98708ee6add4,released,LumA,318.0,reserve
TCGA-D8-A1XC,TCGA-D8-A1XC-01A,01,TS,TS1,596ad2fb-a0ab-4e15-8e07-ed7549e694f7,TCGA-D8-A1XC-01A-01-TS1.6b48662f-60e9-4692-8ada-1fb19089d5db.svs,477826919,46184eb1d5070d04e96a49a569351549,released,LumA,318.0,reserve
TCGA-E2-A1L6,TCGA-E2-A1L6-01Z,01,DX,DX1,a7ccf35e-56a9-4bd9-904c-59b1b0cc33b4,TCGA-E2-A1L6-01Z-00-DX1.AFE87067-2BFD-42C2-9334-9DDE8AB61B49.svs,1267611355,fdb1edb5b09f310fe24e57179f3ea653,released,LumA,319.0,reserve
TCGA-E2-A1L6,TCGA-E2-A1L6-01A,01,TS,TSA,1d1681a5-83b3-4404-9fed-e5403cc5ca67,TCGA-E2-A1L6-01A-01-TSA.6ca116b8-0363-4196-bbc8-232608f87384.svs,183828535,3c3a6c7ee3b8a44ae83b10ba87ef6b4e,released,LumA,319.0,reserve
TCGA-E2-A154,TCGA-E2-A154-01Z,01,DX,DX1,25aec062-60d1-446e-a1c6-0c79cc74a770,TCGA-E2-A154-01Z-00-DX1.01FC9B1A-8ECD-4467-9EDD-0B02E4AEEF72.svs,1360743825,a8c4b68fb6e0ab3e862efe3ed1fe10d7,released,LumA,320.0,reserve
TCGA-E2-A154,TCGA-E2-A154-01A,01,TS,TS1,140f1097-9544-4d00-af9f-1291d8de8091,TCGA-E2-A154-01A-01-TS1.49b5b0d1-36eb-486f-bcf2-e575ac4764bd.svs,213583517,dc47a7b0c7841a9a37d89e54cdfc31ac,released,LumA,320.0,reserve
TCGA-E9-A1NG,TCGA-E9-A1NG-01Z,01,DX,DX1,d6429a7a-7c37-470e-9d25-b68cefe50fe1,TCGA-E9-A1NG-01Z-00-DX1.30d2a611-21ad-4ba0-a03c-31f36ecb83d5.svs,694552655,5bd66fdea7ce37abca6a2863b3c4d4ed,released,LumA,321.0,reserve
TCGA-E9-A1NG,TCGA-E9-A1NG-01A,01,TS,TSB,e29d7e00-8bba-443f-bd50-955e79971090,TCGA-E9-A1NG-01A-02-TSB.b717018b-f4d3-4b8c-8057-4db7173faa83.svs,273229111,cf23127f0c3f717622f726d5aa6ff081,released,LumA,321.0,reserve
TCGA-BH-A0BJ,TCGA-BH-A0BJ-01A,01,BS,BSA,d48ecdba-8170-4981-9907-14264e07cd76,TCGA-BH-A0BJ-01A-01-BSA.979caa76-44d5-4c81-ac78-08908ce542d2.svs,446771563,6cd0e738068de5f1387a088483ac151b,released,LumA,322.0,reserve
TCGA-BH-A0BJ,TCGA-BH-A0BJ-01Z,01,DX,DX1,afeb2654-679d-4196-8273-b41a5ec4edfc,TCGA-BH-A0BJ-01Z-00-DX1.77BE9A20-3D23-4650-843A-0483BF9DD07B.svs,1386656587,b3f003422bb9c7c672e3fdb2eca22947,released,LumA,322.0,reserve
TCGA-BH-A0BJ,TCGA-BH-A0BJ-01A,01,TS,TSA,1ea8476c-d647-4f7c-a5f6-028deb2347fb,TCGA-BH-A0BJ-01A-01-TSA.356876b9-34bb-4958-b932-8dc6022800ff.svs,671379093,4ea25fae14dded71558334f854a0680b,released,LumA,322.0,reserve
TCGA-E2-A1IF,TCGA-E2-A1IF-01Z,01,DX,DX1,1f2ee37d-d49e-48d8-80c3-f4dbec3b4d02,TCGA-E2-A1IF-01Z-00-DX1.51F5B0AC-E4D6-439D-8168-34934471FA06.svs,1406211463,744e080fbf8123aa0577fdc6cce91d9a,released,LumA,323.0,reserve
TCGA-E2-A1IF,TCGA-E2-A1IF-01A,01,TS,TSA,163ef6b8-379f-4c02-bf4f-498c7db9da1a,TCGA-E2-A1IF-01A-01-TSA.8138f5af-7c4f-4c44-9ffc-1616dcf21b64.svs,287781227,d6bc0e51c8f6ef65e3ae37a6cfb9752a,released,LumA,323.0,reserve
TCGA-AO-A0JF,TCGA-AO-A0JF-01A,01,BS,BSA,7607e76e-c7f7-4f8e-a086-d85336cc0ccd,TCGA-AO-A0JF-01A-01-BSA.9ec2c023-1696-411a-8c2b-c019b8c4fb43.svs,351230743,5661ae0907e84f490b559d5f6813048e,released,LumA,324.0,reserve
TCGA-AO-A0JF,TCGA-AO-A0JF-01Z,01,DX,DX1,f8e9184a-8ef3-4d3b-b08b-f65218178a2b,TCGA-AO-A0JF-01Z-00-DX1.3277D13C-F257-4D4C-AB5C-BEBA2E1A63D8.svs,556502234,d13133220b5764aec8bb458bd570f9af,released,LumA,324.0,reserve
TCGA-AO-A0JF,TCGA-AO-A0JF-01A,01,TS,TSA,4eb82a62-33f8-4172-97c3-5325ebaa85e1,TCGA-AO-A0JF-01A-01-TSA.8a6d6272-723a-44f5-9682-6aed7f0964f6.svs,360021615,3ef5af4132838c03f8f0a5b527987ae3,released,LumA,324.0,reserve
TCGA-BH-A18J,TCGA-BH-A18J-01Z,01,DX,DX1,a97dc689-a9c9-4a85-9d9f-800f284e820a,TCGA-BH-A18J-01Z-00-DX1.AE20ADB6-050C-405D-BF17-1EE4A1A4979A.svs,1433672837,9efa5f0b4abdb983e9ef101d3241c525,released,LumA,325.0,reserve
TCGA-BH-A18J,TCGA-BH-A18J-01A,01,TS,TSA,795bf21f-128f-47be-b480-7279ac3d6f77,TCGA-BH-A18J-01A-01-TSA.43e0b6e6-640c-4ad1-9ca1-06030ab0b018.svs,322010983,f865e481e599b1b8b9f98528a5bf612d,released,LumA,325.0,reserve
TCGA-E2-A15O,TCGA-E2-A15O-01Z,01,DX,DX1,35ed3b43-99d6-4a9e-9b1b-1ded7e2ee7c7,TCGA-E2-A15O-01Z-00-DX1.4D0F3975-93EA-4DC2-AD0C-A76A24C3AE0C.svs,1099530735,0b240ef03e8dd343fba5285f43839f92,released,LumA,326.0,reserve
TCGA-E2-A15O,TCGA-E2-A15O-01A,01,TS,TSA,0cc4c2da-c3aa-401e-a556-308bb910f12a,TCGA-E2-A15O-01A-01-TSA.d73d6e37-7450-4a96-9e21-014f78b2e02a.svs,148166741,ac2c30d79808d6e55affffc669892b52,released,LumA,326.0,reserve
TCGA-OL-A5D8,TCGA-OL-A5D8-01Z,01,DX,DX1,bb096ac6-7db2-4c05-850b-6552f370556d,TCGA-OL-A5D8-01Z-00-DX1.C0A75731-1DDC-4FAF-A2C5-2E2ECB23DC13.svs,1859066581,0f7bc2f0f52d87ee46615800b2278564,released,LumA,327.0,reserve
TCGA-OL-A5D8,TCGA-OL-A5D8-01A,01,TS,TSA,014ae1d3-4b7d-4657-9f68-e28707ce52fa,TCGA-OL-A5D8-01A-01-TSA.1E7DCF18-0783-4A4E-B82E-3712F9E78A3F.svs,152725559,3dc502915d7e79a24de493fb09800cdc,released,LumA,327.0,reserve
TCGA-BH-A5J0,TCGA-BH-A5J0-01Z,01,DX,DX1,8af6db2e-08a9-4450-a8a2-b896288cf826,TCGA-BH-A5J0-01Z-00-DX1.73CFBC85-8449-48FF-86F8-D4D49A90498B.svs,1675201141,e44c8bd9df2223a8162475d491a3d423,released,LumA,328.0,reserve
TCGA-BH-A5J0,TCGA-BH-A5J0-01A,01,TS,TS1,e308ab05-0b87-4e3f-8c5e-2129614a1e3e,TCGA-BH-A5J0-01A-01-TS1.0088B960-4EA8-4BD3-B9B4-7C1FE59D4925.svs,277690893,6efaf74dfb19a15c945d134b29d8507e,released,LumA,328.0,reserve
TCGA-BH-A0DX,TCGA-BH-A0DX-01A,01,BS,BSA,abda6d98-915a-4846-a942-2ef8a699e6d2,TCGA-BH-A0DX-01A-01-BSA.6a01c1b0-28e9-4d6a-9114-d53b17130c02.svs,399756967,c6e59f1743359088db115550345237fb,released,LumA,329.0,reserve
TCGA-BH-A0DX,TCGA-BH-A0DX-01Z,01,DX,DX1,248c960a-1ed6-4393-9bdd-82dffe30786e,TCGA-BH-A0DX-01Z-00-DX1.45C27E71-9A0A-400E-93A9-5CE7780F3C5E.svs,835466789,e6ef095ea81c419482dbaffc44207cdd,released,LumA,329.0,reserve
TCGA-BH-A0DX,TCGA-BH-A0DX-01A,01,TS,TSA,c5c4127d-d1c1-4aac-a684-2616eadb1425,TCGA-BH-A0DX-01A-01-TSA.326ef6ce-5ee6-4b23-ab87-199c55107405.svs,402319485,8afa60815b7b97b95bcf3a37d6a2dd78,released,LumA,329.0,reserve
TCGA-E9-A1NH,TCGA-E9-A1NH-01Z,01,DX,DX1,b5e8faf6-7f65-4048-afb5-16f919569b78,TCGA-E9-A1NH-01Z-00-DX1.20FF11B7-DAF0-41C2-B7C5-449BA5268EC0.svs,398032527,e2afdbd659ff59441dc37f735b3e3c64,released,LumA,330.0,reserve
TCGA-E9-A1NH,TCGA-E9-A1NH-01A,01,TS,TSA,fb45e563-73f9-4214-bae6-65df09e9c5ee,TCGA-E9-A1NH-01A-01-TSA.c377b9a0-f87e-419b-9b59-13809c8b5855.svs,438635031,4ba9fb752e17fc7dae97ff8a3e8371ad,released,LumA,330.0,reserve
TCGA-BH-A0GY,TCGA-BH-A0GY-01A,01,BS,BSA,764e9d6d-730a-4891-8fb5-1365e80cc868,TCGA-BH-A0GY-01A-01-BSA.8fbab1df-7130-4c95-b61d-9b988b4f7507.svs,464160827,2c13ff4b24d34eed35b90529c2ec222e,released,LumA,331.0,reserve
TCGA-BH-A0GY,TCGA-BH-A0GY-01Z,01,DX,DX1,d830b76d-d5ba-457c-bf00-7d8d7be3ab90,TCGA-BH-A0GY-01Z-00-DX1.E1AEAA36-94FA-41ED-851F-7BB11DD3C06D.svs,1304567135,ff31284d4f017c467bbf6b90e619cf61,released,LumA,331.0,reserve
TCGA-BH-A0GY,TCGA-BH-A0GY-01A,01,TS,TSA,5e815ff4-3eac-4322-a69c-2e7e4f158fe4,TCGA-BH-A0GY-01A-01-TSA.d5301721-b7af-4291-96dd-220436458f10.svs,385460583,72a369c47a0d03d2f7db33157bcc5d58,released,LumA,331.0,reserve
TCGA-AC-A62Y,TCGA-AC-A62Y-01Z,01,DX,DX1,66abb7db-df62-42a3-8213-68715ddfc7ee,TCGA-AC-A62Y-01Z-00-DX1.5075F4DA-488C-40AD-BD73-6DE8953E1864.svs,192438594,563088c768373a6cc95e57a9aebabf61,released,LumA,332.0,reserve
TCGA-AC-A62Y,TCGA-AC-A62Y-01A,01,TS,TS1,623b48d1-a7f4-4230-8713-89576371d92d,TCGA-AC-A62Y-01A-01-TS1.9FC104F6-382F-4E10-A392-10273F7E1F6C.svs,403572203,51b11e3161519d7fbde38b35e3b0c582,released,LumA,332.0,reserve
TCGA-AO-A12H,TCGA-AO-A12H-01A,01,BS,BSA,a55d74d0-b5b2-42f3-893d-a461d0cfbff7,TCGA-AO-A12H-01A-01-BSA.eb4b965d-5a91-4c8b-a61d-177b895d2fe5.svs,213556097,7bd230b977bc60c0c8c1a84cdace9266,released,LumA,333.0,reserve
TCGA-AO-A12H,TCGA-AO-A12H-01Z,01,DX,DX1,fdabd162-55db-4ef5-99e6-f3e2b1c4eb6a,TCGA-AO-A12H-01Z-00-DX1.C6CCBD9D-FB41-4F6C-84FB-A43E0A77E696.svs,1010661374,054171c2d0d09f6c251504372797398e,released,LumA,333.0,reserve
TCGA-AO-A12H,TCGA-AO-A12H-01A,01,TS,TSA,761f88e1-cd29-44f9-a3fb-ab9c9a64c447,TCGA-AO-A12H-01A-01-TSA.77c4bc81-d785-454c-91a9-bb092baf8079.svs,329864145,6dc0eeeb1aca42ae21ed1fc623c9360b,released,LumA,333.0,reserve
TCGA-AR-A24L,TCGA-AR-A24L-01Z,01,DX,DX1,06d5917c-06d2-41ec-80f5-511d4d27b82d,TCGA-AR-A24L-01Z-00-DX1.218A0AE1-D070-4A16-A277-31185F10724D.svs,928607179,34317854540608ec8cda72e0c11bacab,released,LumA,334.0,reserve
TCGA-AR-A24L,TCGA-AR-A24L-01A,01,TS,TSA,4bdf5086-fcc2-43b4-87b4-f29b2e191f55,TCGA-AR-A24L-01A-01-TSA.639a9b22-0535-4832-b415-e3af5aee17fb.svs,299663977,1cff9b25e97ca43322f1479012b8411a,released,LumA,334.0,reserve
TCGA-AC-A2B8,TCGA-AC-A2B8-01Z,01,DX,DX1,1d5bedeb-6a05-4a09-b4de-d16ef67f6ff8,TCGA-AC-A2B8-01Z-00-DX1.14F3A9B2-1382-436A-B53C-92FC8495AD48.svs,768580226,bc9351b263252fac96c4e42d51a954cc,released,LumA,335.0,reserve
TCGA-AC-A2B8,TCGA-AC-A2B8-01A,01,TS,TS1,d0c7c72b-5136-4a0e-a293-1646eda162d6,TCGA-AC-A2B8-01A-01-TS1.3DCB9F29-3858-4881-B8F7-3A1E95286C8F.svs,210599749,817ac1d87791c8272f86f4bae1d8dc69,released,LumA,335.0,reserve
TCGA-D8-A73X,TCGA-D8-A73X-01Z,01,DX,DX1,6f7c1fdf-19c7-448c-9b71-23fcec0bf4eb,TCGA-D8-A73X-01Z-00-DX1.5F0DF75C-594C-42DF-BE3F-E00E5E01DCD6.svs,610722983,90c5771242771ccb9f2a4190cc3a4c7f,released,LumA,336.0,reserve
TCGA-D8-A73X,TCGA-D8-A73X-01Z,01,DX,DX2,71aaec07-e27e-4328-88db-9ba29e969835,TCGA-D8-A73X-01Z-00-DX2.1ABCCE71-A70C-48C3-924E-2C8F5F71E269.svs,1626606012,825f9ad012ddb93cf05f7e7673dfdd88,released,LumA,336.0,reserve
TCGA-D8-A73X,TCGA-D8-A73X-01A,01,TS,TS1,7db282c9-f0c1-4302-8d6e-f01ddd65fdb7,TCGA-D8-A73X-01A-01-TS1.297FED03-D11A-4804-B42A-1E50C0110C6E.svs,273330019,25de3f6ad88bf5b077558c8de965fc79,released,LumA,336.0,reserve
TCGA-A2-A04V,TCGA-A2-A04V-01A,01,BS,BS2,4977f29a-1716-4a6d-840c-2eeef9e5f9a6,TCGA-A2-A04V-01A-02-BS2.8ae4acb0-5c0d-4a98-b0d3-3342c97245a8.svs,414848628,19cec3ea7ce79cb33d71ca6526f4a266,released,LumA,337.0,reserve
TCGA-A2-A04V,TCGA-A2-A04V-01Z,01,DX,DX1,312830d8-fc88-4968-9176-e2240fd4d2d9,TCGA-A2-A04V-01Z-00-DX1.EB430DDB-8FE9-4302-8829-53DBAD09E79F.svs,1642702571,34c2b5df6a6fbece588865fc26844bf4,released,LumA,337.0,reserve
TCGA-BH-A0BR,TCGA-BH-A0BR-01A,01,BS,BSB,37d12edc-371c-41d4-ad35-6741c56840c3,TCGA-BH-A0BR-01A-02-BSB.63ea0e68-49cf-4897-834b-d11519db02ec.svs,241925159,d37e2ccf764d8952bf9966bddfb4ec51,released,LumA,338.0,reserve
TCGA-BH-A0BR,TCGA-BH-A0BR-01Z,01,DX,DX1,d62abc01-ec17-4ea4-abdf-d7ed758abb50,TCGA-BH-A0BR-01Z-00-DX1.F7912887-8AE9-4391-9B83-9AC7B4FF38EF.svs,742599605,9b37daf0b6005671a908b8b6e02c3c07,released,LumA,338.0,reserve
TCGA-BH-A0BR,TCGA-BH-A0BR-01A,01,TS,TSB,59a86539-1bfb-45a8-877a-c9063e584521,TCGA-BH-A0BR-01A-02-TSB.c3274f30-ee10-44ef-a781-1441f0a4c659.svs,313857195,cab646393eb492b9bd4a1499a89d02af,released,LumA,338.0,reserve
TCGA-EW-A1IX,TCGA-EW-A1IX-01Z,01,DX,DX1,5d19e291-0437-47a8-aee6-3b3adab803ec,TCGA-EW-A1IX-01Z-00-DX1.72AE0E0F-B213-454F-8275-76A7C43FAB86.svs,1106832283,283a277d0e15466200d894eb64558d63,released,LumA,339.0,reserve
TCGA-EW-A1IX,TCGA-EW-A1IX-01A,01,TS,TSA,b4ec8208-d552-459d-b206-87bc324af77d,TCGA-EW-A1IX-01A-01-TSA.14c3dbaf-c377-426c-96a7-9c087b2f577a.svs,175381757,92d835df56be11a65852f23f2c4d20b9,released,LumA,339.0,reserve
TCGA-OL-A5DA,TCGA-OL-A5DA-01Z,01,DX,DX1,7ff4c86a-7939-4af9-8769-4d48fb7452e2,TCGA-OL-A5DA-01Z-00-DX1.1B1E9CC4-7B42-43BB-A1D7-A26F1D1F8557.svs,1357175755,b4eeeda24fff612aea6c1dbc2f7e68ba,released,LumA,340.0,reserve
TCGA-OL-A5DA,TCGA-OL-A5DA-01A,01,TS,TSA,f6dec9d0-e062-4cb2-8c5a-626c27f421ed,TCGA-OL-A5DA-01A-01-TSA.CA041E3A-7E06-4872-B706-C7471CFFDA55.svs,161561179,e388ad4643ea6a8418699629759795e4,released,LumA,340.0,reserve
TCGA-A2-A4S2,TCGA-A2-A4S2-01Z,01,DX,DX1,2406dd26-6b37-46f2-a443-a1d4d9076b7d,TCGA-A2-A4S2-01Z-00-DX1.D779B63B-8817-43F1-A8F4-236C82DB78F8.svs,1128297463,79f2e03c14527e75861fcf025a413359,released,LumA,341.0,reserve
TCGA-A2-A4S2,TCGA-A2-A4S2-01A,01,TS,TSA,16d67af5-5d16-4dd2-b6e4-aeaf9c28e0a5,TCGA-A2-A4S2-01A-01-TSA.2C323592-205E-4066-AC07-3CF055B9089C.svs,275148979,2b64f4fc2ec6f00c2066d2a45ef97488,released,LumA,341.0,reserve
TCGA-BH-A0BV,TCGA-BH-A0BV-01A,01,BS,BSA,0e9aa06e-b13b-4385-8add-19875a8c5c49,TCGA-BH-A0BV-01A-01-BSA.1d27d74a-405e-4a7f-befa-6d5f7b1fa8e9.svs,698084603,7a428eaacd4c756bd6963ee3bbc4deea,released,LumA,342.0,reserve
TCGA-BH-A0BV,TCGA-BH-A0BV-01Z,01,DX,DX1,fbaa36d1-20c8-49d3-bf67-bf6aae019580,TCGA-BH-A0BV-01Z-00-DX1.3C9CD4F7-A001-430D-AA8D-80CAD61C344E.svs,1370988687,4cfa8a99a7d803ca67c660a56393e996,released,LumA,342.0,reserve
TCGA-BH-A0BV,TCGA-BH-A0BV-01A,01,TS,TSA,bf456380-c582-4483-a211-debdaa1cf713,TCGA-BH-A0BV-01A-01-TSA.f5f04523-e30b-4204-99f4-0003ceec2724.svs,701616747,49642a4af22a4208dbfb7ad951f12dd7,released,LumA,342.0,reserve
TCGA-E2-A1IO,TCGA-E2-A1IO-01Z,01,DX,DX1,73f67a22-be29-4f3a-856a-8865e6eaa76f,TCGA-E2-A1IO-01Z-00-DX1.C812D02F-3B40-496B-9EF5-7F68ADE64962.svs,877165739,6686c9a5f98a9bf5cffc070f9a120ae1,released,LumA,343.0,reserve
TCGA-E2-A1IO,TCGA-E2-A1IO-01A,01,TS,TSA,72747a7a-c42d-4194-9654-e50bff582fd0,TCGA-E2-A1IO-01A-01-TSA.6a2315ed-3e00-4784-8b0f-aa93e6d770d0.svs,372421039,547926dbbf678167e2d41ee3f8a9b99f,released,LumA,343.0,reserve
TCGA-D8-A1JH,TCGA-D8-A1JH-01Z,01,DX,DX1,1bac9786-4d56-4f08-9792-ed131b398907,TCGA-D8-A1JH-01Z-00-DX1.4A4F2502-612C-421D-9F64-444BF2C85620.svs,1680116629,1be1a65f73d1fe7f4021897ccd9027c2,released,LumA,344.0,reserve
TCGA-D8-A1JH,TCGA-D8-A1JH-01A,01,TS,TS1,d7d52c3b-11ed-4458-bd68-d00d98c82fac,TCGA-D8-A1JH-01A-01-TS1.8d0ed250-b310-4fa4-9ae2-23677c281393.svs,144819089,5969fcad7a6ff7c49d9a241a2eb15932,released,LumA,344.0,reserve
TCGA-BH-A0BO,TCGA-BH-A0BO-01A,01,BS,BSA,b3361781-8bae-4dfa-b433-beb5dc7151bc,TCGA-BH-A0BO-01A-01-BSA.fb0f8c89-81d2-4f60-af1b-44a84aae1d3a.svs,411270259,51477d49735458d00b7c57e0d618a081,released,LumA,345.0,reserve
TCGA-BH-A0BO,TCGA-BH-A0BO-01A,01,BS,BSB,b40f3902-df39-44cd-8656-7e8ddeff681f,TCGA-BH-A0BO-01A-02-BSB.984c099a-27b1-4584-8c84-0ff358b7610e.svs,394265363,683b09de11f1abd32109c97f483af0d5,released,LumA,345.0,reserve
TCGA-BH-A0BO,TCGA-BH-A0BO-01Z,01,DX,DX1,8cd54282-7f08-4459-9dd0-af19130bab64,TCGA-BH-A0BO-01Z-00-DX1.1A704471-FEB3-40F9-9838-3E347A18285F.svs,527379779,d90455ff5f39fec2364d54d5c1257df4,released,LumA,345.0,reserve
TCGA-EW-A6SC,TCGA-EW-A6SC-01Z,01,DX,DX1,016fc18e-1a88-478f-82a4-38f4f10a8f42,TCGA-EW-A6SC-01Z-00-DX1.C2D50E7C-3AD0-4038-9A1C-CAE54A3FBE2F.svs,1852541115,3448b6fe2fb54a62ef2e4fea6c63b21a,released,LumA,346.0,reserve
TCGA-EW-A6SC,TCGA-EW-A6SC-01A,01,TS,TS1,1ec95d69-e2c0-48b2-8434-8ab7f65768cc,TCGA-EW-A6SC-01A-01-TS1.CE729044-526A-43D5-BF00-8A0D393E1FAB.svs,128492771,c16412d1106d6566ee603923644f017d,released,LumA,346.0,reserve
TCGA-WT-AB44,TCGA-WT-AB44-01Z,01,DX,DX1,ee78535a-5441-477e-8e9a-5d60e6a302c8,TCGA-WT-AB44-01Z-00-DX1.B6ECEA7C-DA26-4B34-88CE-6834631DFA35.svs,793127305,f15c179de4673f1081f2791659351e2a,released,LumA,347.0,reserve
TCGA-WT-AB44,TCGA-WT-AB44-01A,01,TS,TS1,16e3b0a5-36a5-4742-bc99-3d831a720c60,TCGA-WT-AB44-01A-01-TS1.B6C0EEDB-E5B9-4B0D-8599-23879A0419EB.svs,35495347,dd27a7326dab2ac3a0f6781b089d599b,released,LumA,347.0,reserve
TCGA-AN-A0XT,TCGA-AN-A0XT-01A,01,BS,BSA,30e1d98d-c68e-432e-8544-5456904dc092,TCGA-AN-A0XT-01A-01-BSA.25304183-65ab-4653-88f2-02589fcae9e2.svs,201166677,1c15fbfede7697b69ee6a1be21c1361a,released,LumA,348.0,reserve
TCGA-AN-A0XT,TCGA-AN-A0XT-01Z,01,DX,DX1,1c987569-802c-481c-a440-ca27a4098d3d,TCGA-AN-A0XT-01Z-00-DX1.882AF4CE-62A1-4808-9B4B-780066E5E602.svs,454715525,294a071ede5e503350f735e1095a99f9,released,LumA,348.0,reserve
TCGA-AN-A0XT,TCGA-AN-A0XT-01A,01,TS,TSA,ba56d49e-1907-44fd-93aa-34bfc566dd59,TCGA-AN-A0XT-01A-01-TSA.14d9f5ee-14a2-4049-9353-74e11c28dd2d.svs,179285995,7d8e2c1d126843517606a52be9351da8,released,LumA,348.0,reserve
TCGA-AN-A03Y,TCGA-AN-A03Y-01A,01,BS,BS1,1147e998-72a6-472e-8db1-bdf152a4c12a,TCGA-AN-A03Y-01A-01-BS1.b7b9c538-7d46-47c8-8071-9b6080f6f330.svs,186561769,680a4393ca138ebbc60466f7adbf9f34,released,LumB,1.0,main
TCGA-AN-A03Y,TCGA-AN-A03Y-01A,01,BS,BS2,c648c5e6-aa02-4c46-9f08-f201e94d0a30,TCGA-AN-A03Y-01A-02-BS2.c10a444a-d23b-4334-9140-4c90d4e521b4.svs,280431843,4c2217b68a2351296e983ec87fe6e928,released,LumB,1.0,main
TCGA-AN-A03Y,TCGA-AN-A03Y-01Z,01,DX,DX1,37ba294f-5f1a-4131-8c34-52d774ffb0ec,TCGA-AN-A03Y-01Z-00-DX1.074C48E5-ED69-40AE-8709-444898122BF4.svs,450587925,f04c120ecf18b0569440c78a275dd257,released,LumB,1.0,main
TCGA-A2-A1FW,TCGA-A2-A1FW-01Z,01,DX,DX1,9db69c3a-9a2a-49ed-865f-8b95195548c2,TCGA-A2-A1FW-01Z-00-DX1.DC2BC5D7-E57B-444E-833F-9A1B6E11DE6D.svs,962652477,3c7aedad196d00424174f9acef4a15a3,released,LumB,2.0,main
TCGA-A2-A1FW,TCGA-A2-A1FW-01A,01,TS,TSA,75d4db4a-5b52-420e-8fe8-9bc93ab70f68,TCGA-A2-A1FW-01A-01-TSA.c333d30e-9e9e-4852-a901-f3bf6b52edc7.svs,184752077,1617afdf18a6d77b8c16a909a89f1a82,released,LumB,2.0,main
TCGA-A8-A081,TCGA-A8-A081-01A,01,BS,BS1,4e2f5a81-2c06-4cc8-baa8-aa4c16720e04,TCGA-A8-A081-01A-01-BS1.e32b7065-c27c-48dc-bfc1-97ec920ee1a4.svs,341447645,dbe69e6d617a2ab839f98c8204c1c099,released,LumB,3.0,main
TCGA-A8-A081,TCGA-A8-A081-01Z,01,DX,DX1,1abc11f2-f463-41b7-8e84-4e2197fe917f,TCGA-A8-A081-01Z-00-DX1.06D727F7-4B41-419B-A251-3D804235ACE5.svs,267557338,f8e5be8326f51d10fe82835081d56312,released,LumB,3.0,main
TCGA-A8-A081,TCGA-A8-A081-01A,01,TS,TS1,e57aca71-78c4-4079-a232-8f7dd17b09fa,TCGA-A8-A081-01A-01-TS1.83c4b643-47aa-4bfb-b116-0fd0146e4fc5.svs,317026457,c88570eadcb460a5cc8c7552a19a20e9,released,LumB,3.0,main
TCGA-A7-A13F,TCGA-A7-A13F-01A,01,BS,BS1,3d12899f-bab0-4908-8202-9fb4e6410c5a,TCGA-A7-A13F-01A-01-BS1.96f41b20-1b8b-4a7d-93ed-6b8b2cbe1150.svs,197479965,9e856f3214f2f20a68c4f9ff62d1a9fd,released,LumB,4.0,main
TCGA-A7-A13F,TCGA-A7-A13F-01Z,01,DX,DX1,b991e35e-920a-497f-a6e8-30fc833d0488,TCGA-A7-A13F-01Z-00-DX1.AB4ADDD3-8E1C-4AB9-813E-D137A2CFB950.svs,588013275,3ec745e067d9c652ddcd49d95a2d9f4c,released,LumB,4.0,main
TCGA-A7-A13F,TCGA-A7-A13F-01Z,01,DX,DX2,7bbe08ab-3166-422e-bee3-e5241a30e257,TCGA-A7-A13F-01Z-00-DX2.8CC23BAD-B3CC-4BBC-832A-A3879D6EF62D.svs,472724553,838fa39ec1677c6bfea0d23c344efc9e,released,LumB,4.0,main
TCGA-A7-A13F,TCGA-A7-A13F-01A,01,TS,TS1,de917d2e-457d-4261-b6d5-17497b2253f1,TCGA-A7-A13F-01A-01-TS1.6e5cfefb-e31f-447e-b8cf-d3d5294d3421.svs,284193061,c04463a37eb96a0e9558a69b29ea8508,released,LumB,4.0,main
TCGA-AC-A2BM,TCGA-AC-A2BM-01Z,01,DX,DX1,fcc84daa-5e54-4773-88a8-aa76727ffb6c,TCGA-AC-A2BM-01Z-00-DX1.162A9FA9-6E61-48BF-B0A5-C6C7640ABD9B.svs,445033002,f3ba5d0383269d5c9f3ce3ff75491545,released,LumB,5.0,main
TCGA-AC-A2BM,TCGA-AC-A2BM-01A,01,TS,TS1,56cd3dd9-f3b5-4d0f-8f07-65de264c7dba,TCGA-AC-A2BM-01A-01-TS1.18504654-A48A-46AB-83E9-A8D7E23B6EF4.svs,297748381,9559b88069864610864984127b22b1a3,released,LumB,5.0,main
TCGA-AR-A24N,TCGA-AR-A24N-01Z,01,DX,DX1,01ed7393-c0a8-4958-9ad9-9beb47221a54,TCGA-AR-A24N-01Z-00-DX1.563E9160-9E09-4E3F-8CE9-FFED0AA52927.svs,1532493585,cf5a45a88d555579b26de9aa3bed75ad,released,LumB,6.0,main
TCGA-AR-A24N,TCGA-AR-A24N-01A,01,TS,TSA,33c8b7ef-a51e-4d3b-a946-ddb3a33bd3b9,TCGA-AR-A24N-01A-01-TSA.b617b299-5c2d-45c3-b018-6b8cf0e84811.svs,118001567,7f4406038275da8fd3d0daa08bb37e79,released,LumB,6.0,main
TCGA-E2-A155,TCGA-E2-A155-01Z,01,DX,DX1,9aba5e69-27d3-46f1-9961-d9e8647e7f9b,TCGA-E2-A155-01Z-00-DX1.A5AF232A-61BB-4FDC-ABF9-2FE9BA461BDC.svs,1408752887,01322bc898757eb07464c151a7e03bb3,released,LumB,7.0,main
TCGA-E2-A155,TCGA-E2-A155-01A,01,TS,TSA,d5077222-c048-4694-b7aa-7d5a47d13dc3,TCGA-E2-A155-01A-01-TSA.555fff50-3656-4fe1-bd55-867efffc6ae0.svs,159197733,2de7fc8df1e41cb62ef5806416fd409a,released,LumB,7.0,main
TCGA-BH-A0BZ,TCGA-BH-A0BZ-01A,01,BS,BSC,ed523496-4475-46bc-b485-0d8852d2ac90,TCGA-BH-A0BZ-01A-03-BSC.875682e9-3d99-4189-8ad1-f1e4e4bb7610.svs,736586171,f78ef62624cdd1bf907c1f5570f9cb4e,released,LumB,8.0,main
TCGA-BH-A0BZ,TCGA-BH-A0BZ-01Z,01,DX,DX1,cb3ca443-0348-4a33-90d9-1e1c914efe2a,TCGA-BH-A0BZ-01Z-00-DX1.45EB3E93-A871-49C6-9EAE-90D98AE01913.svs,1173967467,a4f047e9ba19a78ab79f23558ac95873,released,LumB,8.0,main
TCGA-BH-A0BZ,TCGA-BH-A0BZ-01A,01,TS,TSC,6eb0085e-7d0a-4c10-8fc4-ffeb285c2afe,TCGA-BH-A0BZ-01A-03-TSC.18e04e86-9ccb-4773-bcf3-d7f0c54c6e2a.svs,630701859,ff8c1b82db55e4dffe1eb05dd9c2dfc4,released,LumB,8.0,main
TCGA-A8-A06O,TCGA-A8-A06O-01A,01,BS,BS1,dc260d25-767e-42d0-ab6e-524837b30180,TCGA-A8-A06O-01A-01-BS1.7234aaa1-d5b0-41e1-a65a-8011581f6073.svs,186688819,1928708715bbcd8f48ba0bbaed380fec,released,LumB,9.0,main
TCGA-A8-A06O,TCGA-A8-A06O-01Z,01,DX,DX1,01c79d06-a4a7-47a7-bb8b-b98ce6652c99,TCGA-A8-A06O-01Z-00-DX1.FA4495B2-5B13-4448-ADCB-EF5316E0955B.svs,498925586,7c9d6b3eeefbc05b588ab4887113d1fe,released,LumB,9.0,main
TCGA-A8-A06O,TCGA-A8-A06O-01A,01,TS,TS1,3f1ea743-56eb-488a-8d3e-dc7144921531,TCGA-A8-A06O-01A-01-TS1.c6bc9018-5000-4232-b406-8bd4d515f473.svs,264670627,2ff456fac6664a05c3ccc7a1a7fa6101,released,LumB,9.0,main
TCGA-A2-A25B,TCGA-A2-A25B-01Z,01,DX,DX1,611b7039-10a5-4ca9-9498-b5b93531b255,TCGA-A2-A25B-01Z-00-DX1.58D7BEDE-5558-4A9E-A95E-DDF24C9267EF.svs,1639764821,4952a1d994a3c4b98a92850b28496f0e,released,LumB,10.0,main
TCGA-A2-A25B,TCGA-A2-A25B-01A,01,TS,TSA,a3cfa10e-c7b3-4f20-98e6-f1d3b90f798f,TCGA-A2-A25B-01A-01-TSA.43dd69c3-6ce1-478c-9e4d-ee01974ef7bf.svs,266239161,a06287a41472dc689bcc24b464a162fb,released,LumB,10.0,main
TCGA-AR-A1AW,TCGA-AR-A1AW-01Z,01,DX,DX1,5c1216f3-19ec-4d3c-9bb0-9bd740b79f62,TCGA-AR-A1AW-01Z-00-DX1.E527CA46-D83F-4055-8C7E-AEFEF13C1E29.svs,975626387,304509e03f26cbecc9aee4ea691c8e5a,released,LumB,11.0,main
TCGA-AR-A1AW,TCGA-AR-A1AW-01A,01,TS,TSB,25c1d722-bd4c-4fea-b78a-2edd5ed9b39d,TCGA-AR-A1AW-01A-02-TSB.d237252f-1ece-4bc3-b84c-d7de505c0a56.svs,245804677,3b988669dd72615550011afa8d746f2d,released,LumB,11.0,main
TCGA-A1-A0SI,TCGA-A1-A0SI-01A,01,BS,BS1,2cc0b84e-854f-4f18-b8e2-b8fda16e19b9,TCGA-A1-A0SI-01A-01-BS1.0b6b1f20-962e-4775-a5e2-9eef9ab5e97e.svs,118916985,398f4a095c6302f1f1d0e5f9a1d26195,released,LumB,12.0,main
TCGA-A1-A0SI,TCGA-A1-A0SI-01Z,01,DX,DX1,a951559a-e6c0-419b-b09f-43e6cb6ee3ea,TCGA-A1-A0SI-01Z-00-DX1.AB717348-F964-4F29-BBE2-972B7C640432.svs,954919308,41e93fb7ea5027ce85cebccc558d5436,released,LumB,12.0,main
TCGA-A1-A0SI,TCGA-A1-A0SI-01A,01,TS,TS1,69620d40-eaad-479f-93f4-abdb555e9b57,TCGA-A1-A0SI-01A-01-TS1.c9eb6742-072c-4de1-b1a1-888c39be8b90.svs,256144489,62f13172c90500b40d6a45971883ca5b,released,LumB,12.0,main
TCGA-AO-A1KT,TCGA-AO-A1KT-01Z,01,DX,DX1,870057a9-663c-432a-8c07-4af77e6ca31c,TCGA-AO-A1KT-01Z-00-DX1.47878910-4359-4795-B0BB-FAC147C8D932.svs,334568778,fa6a881e86395c7c71a9692a0d4af8df,released,LumB,13.0,main
TCGA-AO-A1KT,TCGA-AO-A1KT-01A,01,TS,TSA,7eec3a43-7a9a-44e1-aa36-f3e01fce54b8,TCGA-AO-A1KT-01A-01-TSA.896a18ea-090c-4adc-aa95-7614c17ff75d.svs,334059629,d1409025a07759622e0d3af6e10062b9,released,LumB,13.0,main
TCGA-A8-A095,TCGA-A8-A095-01A,01,BS,BS1,a2552b81-bac3-4e70-b73e-29ae1e231691,TCGA-A8-A095-01A-01-BS1.4a8ab901-ac44-4973-8507-03d54f82e067.svs,399341449,703569ba8239906b5399b391e268af0b,released,LumB,14.0,main
TCGA-A8-A095,TCGA-A8-A095-01Z,01,DX,DX1,fc9681e0-c7c7-48cd-8166-4a979b51e5be,TCGA-A8-A095-01Z-00-DX1.97072E53-7323-4836-9D58-22B7C346A7CE.svs,374766896,196315aa4f0fd47d675354c86c774676,released,LumB,14.0,main
TCGA-A8-A095,TCGA-A8-A095-01A,01,TS,TS1,30c994d6-6f63-42df-ac8a-1616e5d386cd,TCGA-A8-A095-01A-01-TS1.6e35462c-2639-48ee-9503-d2689ebb0346.svs,536990663,d5127ecf1edc0cac6da03121f7d0ba27,released,LumB,14.0,main
TCGA-EW-A1IY,TCGA-EW-A1IY-01Z,01,DX,DX1,295469fa-186f-4b50-881f-07e63e4405cc,TCGA-EW-A1IY-01Z-00-DX1.3FD00274-C2CD-491A-915B-23FD535A4723.svs,1249376217,e6779cb94a0930e344839fd00fb25ab4,released,LumB,15.0,main
TCGA-EW-A1IY,TCGA-EW-A1IY-01A,01,TS,TSA,0839c5d2-3d96-49f8-bfd6-7b3d05188365,TCGA-EW-A1IY-01A-01-TSA.2f6f198d-844c-442d-9569-ddf88cd38642.svs,271760687,45d45497d752312fe5167fbb827bad08,released,LumB,15.0,main
TCGA-D8-A13Y,TCGA-D8-A13Y-01A,01,BS,BSA,76371ddc-885f-4fe3-b099-faca5e7a11cb,TCGA-D8-A13Y-01A-01-BSA.e5ebf2b4-7022-45da-8001-e499964080fd.svs,270080657,7b754f3da093f0962bc0f58a2723224a,released,LumB,16.0,main
TCGA-D8-A13Y,TCGA-D8-A13Y-01Z,01,DX,DX1,f6d87b26-cf87-482f-83d6-bd2eb52938e4,TCGA-D8-A13Y-01Z-00-DX1.02321E77-A11E-41A5-95FE-BB897EA5CE58.svs,1288034375,64fea40919ae536371305e3b5d254f05,released,LumB,16.0,main
TCGA-D8-A13Y,TCGA-D8-A13Y-01Z,01,DX,DX2,1f4d56a0-b948-4a65-8b3a-f66d30317e0b,TCGA-D8-A13Y-01Z-00-DX2.0043D2BB-B04D-4A44-AAB1-1CAAD97AC246.svs,1113041087,ded8abd36db91a73a2505bc06b37e39d,released,LumB,16.0,main
TCGA-D8-A13Y,TCGA-D8-A13Y-01A,01,TS,TSA,131dc5ec-a489-4d05-8ba6-fe52b05dc759,TCGA-D8-A13Y-01A-01-TSA.3b97c805-0681-4e8d-9dd9-f24a9c2bb4cd.svs,174455641,b677402a6e37779c5cfeff0e2dd113d2,released,LumB,16.0,main
TCGA-C8-A8HQ,TCGA-C8-A8HQ-01Z,01,DX,DX1,ccfae7ba-5505-45d0-bae0-5cc245f869b8,TCGA-C8-A8HQ-01Z-00-DX1.A08190B5-F17E-4057-9DBD-B2F34CAEAFDC.svs,882507509,dbd64a392377a483a629b21bc60da2ba,released,LumB,17.0,main
TCGA-C8-A8HQ,TCGA-C8-A8HQ-01A,01,TS,TS1,0c7438fb-aa1f-4cac-aa4e-797ef18e0a3c,TCGA-C8-A8HQ-01A-01-TS1.899C4AC8-28EB-4E8D-9810-A860E89AE54F.svs,383389379,35bd0fb5587a862995fa6ac065c96678,released,LumB,17.0,main
TCGA-A2-A1FX,TCGA-A2-A1FX-01Z,01,DX,DX1,a6be974e-54fc-490a-9ba1-97eaa93f2771,TCGA-A2-A1FX-01Z-00-DX1.35B93F3A-9959-4D72-A702-08B27563D24F.svs,815972675,5a79317f0bba2836a61e1467681838ff,released,LumB,18.0,main
TCGA-A2-A1FX,TCGA-A2-A1FX-01A,01,TS,TSA,ee92f7a5-8cf2-4ec2-83e8-55b5ce7b69ef,TCGA-A2-A1FX-01A-01-TSA.9ddece99-9be4-4d06-b8a5-f10e064a20cd.svs,161038245,ddf99c368139c0768969fee57d73adb1,released,LumB,18.0,main
TCGA-BH-A0BD,TCGA-BH-A0BD-01A,01,BS,BSA,225402fd-f25c-4c01-9270-37f8da98cf39,TCGA-BH-A0BD-01A-01-BSA.660ee152-efee-472b-95d1-1e5723ca1f64.svs,404152881,3157d8d73a6e846710439c9de4813c20,released,LumB,19.0,main
TCGA-BH-A0BD,TCGA-BH-A0BD-01Z,01,DX,DX1,a4e25e73-263e-42a0-9cc2-5fa6fd09e083,TCGA-BH-A0BD-01Z-00-DX1.CD4A6FC2-BA8C-4E30-972A-E6CD1BEAD8AD.svs,1161629023,c31dc90bb86899688f43c211d1515339,released,LumB,19.0,main
TCGA-BH-A0BD,TCGA-BH-A0BD-01A,01,TS,TSA,d0794329-4e06-4021-bde2-3620fa6091f0,TCGA-BH-A0BD-01A-01-TSA.b92fbb4e-3f22-48d5-9b1e-af972a45232e.svs,332273675,e9be59e6cf288396ea511b890c12fb12,released,LumB,19.0,main
TCGA-C8-A12W,TCGA-C8-A12W-01A,01,BS,BSA,58be832f-f978-492a-b948-20e1e3bc53a1,TCGA-C8-A12W-01A-01-BSA.16af5fbe-7bcf-4274-8762-e255595462f6.svs,309966825,b4a80b588a7e5679af7d09dbe326e859,released,LumB,20.0,main
TCGA-C8-A12W,TCGA-C8-A12W-01Z,01,DX,DX1,9a169dda-e4c8-45c1-b0e8-d092916084fb,TCGA-C8-A12W-01Z-00-DX1.3727E7BB-831E-42DB-B5CB-F2D7C649290F.svs,928465089,f694b05b37336ec21000978988b12348,released,LumB,20.0,main
TCGA-C8-A12W,TCGA-C8-A12W-01A,01,TS,TSA,4ae095aa-e5fd-48fb-9ad7-30c430691032,TCGA-C8-A12W-01A-01-TSA.763f7b10-e613-4d9a-be67-4329e670f882.svs,642658197,73f59239d26a83b0e8904df6c5f21923,released,LumB,20.0,main
TCGA-BH-A0HW,TCGA-BH-A0HW-01A,01,BS,BSA,ffc53c83-65fe-4009-8325-bf73579474f5,TCGA-BH-A0HW-01A-01-BSA.ce352376-0dc4-4470-85b2-3cfb122531e8.svs,723626067,b139de26bf51c7dc45f0db15c34daac7,released,LumB,21.0,reserve
TCGA-BH-A0HW,TCGA-BH-A0HW-01Z,01,DX,DX1,fffb83a0-dab6-41be-9d8b-f4fb6c2584ab,TCGA-BH-A0HW-01Z-00-DX1.44DCCE00-133F-4469-A4DA-5057C011B4AC.svs,1642575625,488d3f57fe8b0da10e7f1d67d9e23bb0,released,LumB,21.0,reserve
TCGA-BH-A0HW,TCGA-BH-A0HW-01A,01,TS,TSA,a5365497-4cd4-4858-8293-0d6d4d4a440e,TCGA-BH-A0HW-01A-01-TSA.ea044a0b-dc69-4fc0-951a-ab4a8c9feff0.svs,668271121,6f9c2cf8aad6d11914bc99eace075c6e,released,LumB,21.0,reserve
TCGA-A8-A06Z,TCGA-A8-A06Z-01A,01,BS,BS1,6768e089-d3ff-45a7-8189-4aa12b8a7ec7,TCGA-A8-A06Z-01A-01-BS1.d29f4573-c196-4e24-813d-131a00f55b78.svs,244257245,0536c478302ed6a5e4c4bf0912748080,released,LumB,22.0,reserve
TCGA-A8-A06Z,TCGA-A8-A06Z-01Z,01,DX,DX1,154235da-b628-4d36-965d-a82354f5025e,TCGA-A8-A06Z-01Z-00-DX1.2BC8B71D-E01B-4CC1-B5E7-09BB54A5E1F8.svs,754183070,82fa3a3ff7a12eb7ee4929ea8ea23bd0,released,LumB,22.0,reserve
TCGA-A8-A06Z,TCGA-A8-A06Z-01A,01,TS,TS1,55294893-c95f-4e72-9c90-c7772a0260f4,TCGA-A8-A06Z-01A-01-TS1.7bbdf988-c2f4-4c2a-975d-249efe34d802.svs,147708509,b7c6160f18477d97f502e6439f906db9,released,LumB,22.0,reserve
TCGA-D8-A1JJ,TCGA-D8-A1JJ-01Z,01,DX,DX1,c3ceefbb-4838-4b46-8458-8377ea22cbab,TCGA-D8-A1JJ-01Z-00-DX1.a986b48f-b295-4d7a-b778-ce829cdf9c38.svs,1224039069,8891afc5ac9a7f0a33145b3cfd5f69b5,released,LumB,23.0,reserve
TCGA-D8-A1JJ,TCGA-D8-A1JJ-01Z,01,DX,DX2,32d06207-b713-441e-878c-9d0dfbddde8d,TCGA-D8-A1JJ-01Z-00-DX2.7D20F308-7DC6-4367-9459-3AC4C654E7F7.svs,1468053437,266c01521144fda3f333146ccb66b241,released,LumB,23.0,reserve
TCGA-D8-A1JJ,TCGA-D8-A1JJ-01A,01,TS,TS3,ac0446b3-74a1-4be0-86ed-ef3d502d8c16,TCGA-D8-A1JJ-01A-03-TS3.c2c43436-663a-4b07-953c-24b3da2d27f0.svs,154507693,9dfc80f6b22c7a0152e36e80cb169fe8,released,LumB,23.0,reserve
TCGA-D8-A1XR,TCGA-D8-A1XR-01Z,01,DX,DX1,9f66d62b-cd1f-459a-9c4d-40b554faccca,TCGA-D8-A1XR-01Z-00-DX1.7F443346-C564-47B6-9736-6944230CAF46.svs,3050455081,52c2c7416390bf740b15148510d3deb5,released,LumB,24.0,reserve
TCGA-D8-A1XR,TCGA-D8-A1XR-01Z,01,DX,DX2,9db0bfe8-9f66-4416-ab90-e0b1f91d2e01,TCGA-D8-A1XR-01Z-00-DX2.A103FB8B-4397-4DD4-8587-90A736407484.svs,1312843959,d707c63bf0bf5bee48ad456859d44603,released,LumB,24.0,reserve
TCGA-D8-A1XR,TCGA-D8-A1XR-01A,01,TS,TS1,3078edee-5b14-465d-b37e-5ce2b3d5fca0,TCGA-D8-A1XR-01A-01-TS1.087d05ee-9a03-4433-9060-98a80832867a.svs,114403549,390668ddaea98c7095d262978facb66e,released,LumB,24.0,reserve
TCGA-D8-A27R,TCGA-D8-A27R-01Z,01,DX,DX1,a18c60c5-3053-477a-b892-305bf4e5bfe7,TCGA-D8-A27R-01Z-00-DX1.F6E2FD1C-0666-4788-8D95-A76D15907270.svs,1868431635,2eab09664d5b04abf4bfff10d45c1600,released,LumB,25.0,reserve
TCGA-D8-A27R,TCGA-D8-A27R-01Z,01,DX,DX2,6f29dfa9-d166-4f07-9cdb-0daceb7341e9,TCGA-D8-A27R-01Z-00-DX2.31F47D8F-DFD7-42AE-BBBA-7DBBA12FA97D.svs,1920382235,8f47d35be3f649ce444fc88774b18b33,released,LumB,25.0,reserve
TCGA-D8-A27R,TCGA-D8-A27R-01A,01,TS,TS1,1068e47b-eee6-4ffd-970e-8e0a835bd3c1,TCGA-D8-A27R-01A-01-TS1.b39b1443-6a3f-46c4-b7ec-18dab2223450.svs,236540171,da39acb0ba7407745de6991db42ea350,released,LumB,25.0,reserve
TCGA-AR-A24S,TCGA-AR-A24S-01Z,01,DX,DX1,b7a83dd7-c3b5-471c-8c44-355e45fbc00e,TCGA-AR-A24S-01Z-00-DX1.317C3B19-0D0F-4315-AC2D-C741F09DD775.svs,910049677,995ffefc0a9cd8fd340749b95eec97ef,released,LumB,26.0,reserve
TCGA-AR-A24S,TCGA-AR-A24S-01A,01,TS,TSA,382d6007-ef96-4b18-9cb6-667daa4b08d6,TCGA-AR-A24S-01A-01-TSA.e32c12b0-5287-4ee8-879a-3506cec825e2.svs,184166567,be9038a756e226646fa2e064706d99fc,released,LumB,26.0,reserve
TCGA-D8-A1J8,TCGA-D8-A1J8-01Z,01,DX,DX1,ff1fe2c9-2f02-4a50-a0dc-1509a6b0d7a4,TCGA-D8-A1J8-01Z-00-DX1.EADAB43A-87C6-47FA-9120-25B69E23366D.svs,1494851109,d2e1345855f1d32261922da42ed4cf01,released,LumB,27.0,reserve
TCGA-D8-A1J8,TCGA-D8-A1J8-01Z,01,DX,DX2,fd14c846-f78b-4c3d-8a40-bdc7fe1d6776,TCGA-D8-A1J8-01Z-00-DX2.5DCB3447-548D-442C-86B1-CEF79B8689DF.svs,2123358427,1a0712d6818eac874ed8290029501002,released,LumB,27.0,reserve
TCGA-D8-A1J8,TCGA-D8-A1J8-01A,01,TS,TS1,e17675a6-1e64-44d0-b35a-9c5cd1479bee,TCGA-D8-A1J8-01A-01-TS1.d19d049f-abcc-4cb8-bf9d-223d6bd1c113.svs,336444011,34f7dc0912b02a7db5d986e3152e1de6,released,LumB,27.0,reserve
TCGA-C8-A26V,TCGA-C8-A26V-01Z,01,DX,DX1,e4743080-e74f-4214-bb26-a5ff5a03b032,TCGA-C8-A26V-01Z-00-DX1.6E86DF74-D575-4969-8142-963D9DF5208F.svs,829484135,38965d5f44bb7a4d62f1d99daef6e4a9,released,LumB,28.0,reserve
TCGA-C8-A26V,TCGA-C8-A26V-01A,01,TS,TSA,e397df33-7406-4994-a306-1d8a3deb0c94,TCGA-C8-A26V-01A-01-TSA.6f7b2a1a-a487-4abb-af3b-ae0fe016d832.svs,187435655,1005ed39a8460cd3f0877cfd3cc4a714,released,LumB,28.0,reserve
TCGA-A8-A07L,TCGA-A8-A07L-01A,01,BS,BS1,f913b9a2-46e0-4177-9c4a-8773660d900d,TCGA-A8-A07L-01A-01-BS1.d3dbb2ea-0d8a-4fe3-8a68-77c86ce5dd6b.svs,348051083,baf9eb9c28d141885ad151ec0f49b7b4,released,LumB,29.0,reserve
TCGA-A8-A07L,TCGA-A8-A07L-01Z,01,DX,DX1,610877e4-a91c-4111-948d-d81927286de4,TCGA-A8-A07L-01Z-00-DX1.D9E1051F-724E-4E88-940A-C97005DC5BEB.svs,422059054,8dd542498174195a4b9c5215a4f71375,released,LumB,29.0,reserve
TCGA-A8-A07L,TCGA-A8-A07L-01A,01,TS,TS1,0abd789c-4899-484a-a4b1-de431a9d7f35,TCGA-A8-A07L-01A-01-TS1.ef6b6a88-8ca0-4d4f-90fe-4996e6a12e0f.svs,347776631,6c4f8fd990ab3d54fcd7c3520a6068fc,released,LumB,29.0,reserve
TCGA-AR-A24H,TCGA-AR-A24H-01Z,01,DX,DX1,1afd191c-3f03-4d03-8950-6ea25f16297d,TCGA-AR-A24H-01Z-00-DX1.5CFC7E16-3F38-4531-968C-A4E4C9D00659.svs,1054433399,4dfcc24eed701dff053a6196acf2330f,released,LumB,30.0,reserve
TCGA-AR-A24H,TCGA-AR-A24H-01A,01,TS,TSA,28bf31d1-c922-4b41-abf5-d9fa51ab560f,TCGA-AR-A24H-01A-01-TSA.540626c5-7295-48b4-9e4f-5e41ec421aa1.svs,154430417,f161113d7f69053e72e70d432405dd5b,released,LumB,30.0,reserve
TCGA-E2-A15T,TCGA-E2-A15T-01Z,01,DX,DX1,e69edf22-41f4-4df8-b241-4773bd1e298c,TCGA-E2-A15T-01Z-00-DX1.23913E37-53A8-4E11-9B64-CDD016F6D87A.svs,1506537789,a8739eb4c71af8023d31dd6e6ddbb093,released,LumB,31.0,reserve
TCGA-E2-A15T,TCGA-E2-A15T-01A,01,TS,TS1,7c92bcd5-37e2-4e54-bcd8-33919fd9da22,TCGA-E2-A15T-01A-01-TS1.8fb07554-d184-4354-bfb5-c08ad658aac1.svs,167796287,283aa748bee39e76047518a2b633070b,released,LumB,31.0,reserve
TCGA-A8-A096,TCGA-A8-A096-01A,01,BS,BS1,c5524b46-b6c5-4081-b572-165c94918062,TCGA-A8-A096-01A-01-BS1.fee8e940-d009-4580-b5dd-148a0218e31e.svs,267145067,d8edc885a97a58686a9b2c989560421c,released,LumB,32.0,reserve
TCGA-A8-A096,TCGA-A8-A096-01Z,01,DX,DX1,85f58be7-f8c2-46fd-b23e-6b2d457b5d01,TCGA-A8-A096-01Z-00-DX1.FCECFB0D-4E02-4C69-A0FE-7D6C7F9FEB07.svs,278594184,9a10b63afd339d5ed339d22c2b579e9f,released,LumB,32.0,reserve
TCGA-A8-A096,TCGA-A8-A096-01A,01,TS,TS1,c63804fe-7790-4c8e-8735-1842fac15b9a,TCGA-A8-A096-01A-01-TS1.e065fb32-52f0-49dd-a724-c689ee567379.svs,291740359,619f3a432441599d1a6cd874fc00779c,released,LumB,32.0,reserve
TCGA-E9-A1NF,TCGA-E9-A1NF-01Z,01,DX,DX1,d0057c5b-a658-4259-9f05-aa310a8d1e74,TCGA-E9-A1NF-01Z-00-DX1.08779060-F710-45CB-A016-56D3C5B745E0.svs,778530835,9a6cf2848c05127cdd357884f9fe983b,released,LumB,33.0,reserve
TCGA-E9-A1NF,TCGA-E9-A1NF-01A,01,TS,TSA,2fc8b8d8-f721-495a-9d6e-574aab448b2a,TCGA-E9-A1NF-01A-01-TSA.c5078c11-f3d8-47d5-b02a-466663322fd2.svs,335548571,a7904f0270c5071f937f7e91be1480c8,released,LumB,33.0,reserve
TCGA-E2-A109,TCGA-E2-A109-01A,01,BS,BSA,34cdec12-bd72-4af4-a26a-dd15b377acf6,TCGA-E2-A109-01A-01-BSA.ff981360-4e73-4cbd-bb96-540c7f6bd0ed.svs,246116823,6e3d025be7ebbf1a5e30253c5450a24d,released,LumB,34.0,reserve
TCGA-E2-A109,TCGA-E2-A109-01Z,01,DX,DX1,cce52fce-a092-4c66-af4e-a19cace6e154,TCGA-E2-A109-01Z-00-DX1.FCF5E9FC-F9FE-4F5F-96DD-5628E2609BEF.svs,1145807323,6fbed673ce3eb49c63f64de295e4ca09,released,LumB,34.0,reserve
TCGA-E2-A109,TCGA-E2-A109-01A,01,TS,TSA,33023cec-6587-483a-b234-b9a963d5c6d0,TCGA-E2-A109-01A-01-TSA.21eaebd6-c736-452d-96ea-60ecdbd07764.svs,194088131,d347173da3df8f5bbe4287a572e8e83b,released,LumB,34.0,reserve
TCGA-A8-A09M,TCGA-A8-A09M-01A,01,BS,BSA,edd726e4-73fd-4ec2-b837-a209dd37d12b,TCGA-A8-A09M-01A-01-BSA.09767559-4f73-4048-9655-76c73dcd8322.svs,523044307,1fd88a0080218140bbbe4e5a2c5a49fe,released,LumB,35.0,reserve
TCGA-A8-A09M,TCGA-A8-A09M-01Z,01,DX,DX1,ef73d457-d95c-4a40-b71b-41c2adc83237,TCGA-A8-A09M-01Z-00-DX1.E2CEA8B5-C86D-4873-BE67-359FBEECCA09.svs,904946036,7e9b08b582bd734e28bff326712304f9,released,LumB,35.0,reserve
TCGA-A8-A09M,TCGA-A8-A09M-01A,01,TS,TSA,d8d2fad1-013f-486e-8b55-ba5eb776be63,TCGA-A8-A09M-01A-01-TSA.d3865338-2456-4943-93b3-7bf1e3749684.svs,478398393,aa446865b488319ea4be0501ccb36b54,released,LumB,35.0,reserve
TCGA-S3-AA17,TCGA-S3-AA17-01Z,01,DX,DX1,1d3ef9f3-dfec-4c41-b2ce-99db6794d0a9,TCGA-S3-AA17-01Z-00-DX1.9B7DC02E-ECB2-4403-A894-F418AD452E49.svs,1046790667,81f9839805f1d8b2996c5e90191d6318,released,LumB,36.0,reserve
TCGA-S3-AA17,TCGA-S3-AA17-01A,01,TS,TS1,2359b5da-988b-47fc-b63a-ea2e54dc7abc,TCGA-S3-AA17-01A-01-TS1.E8CCA5B9-9FB4-4A1B-AE41-8745D4FAFD8B.svs,267499843,e24aef1aa44f290edf3aae27442d490f,released,LumB,36.0,reserve
TCGA-AO-A03P,TCGA-AO-A03P-01A,01,BS,BS1,722098be-d119-4dee-8d31-1788c2fc125a,TCGA-AO-A03P-01A-01-BS1.b5b1b2eb-6a49-4d06-a855-7263aaa78ac1.svs,161680362,cf021062e658e1eee7f168be329aee73,released,LumB,37.0,reserve
TCGA-AO-A03P,TCGA-AO-A03P-01Z,01,DX,DX1,bcc8c841-d65a-4ccb-bf9e-510a8a51a028,TCGA-AO-A03P-01Z-00-DX1.D34DA321-D8E3-4D68-BCE2-4A8B72B3D0AE.svs,516361582,4e05e78871522033b57cc029fdaac3ba,released,LumB,37.0,reserve
TCGA-AO-A03P,TCGA-AO-A03P-01A,01,TS,TS1,7b7c7182-b09a-4ece-b7ac-11cafe25a5e8,TCGA-AO-A03P-01A-01-TS1.32f23b98-dedf-4dce-b103-e1d2323a888c.svs,263751620,201a18d46bc5f46960d4db6caa733ed4,released,LumB,37.0,reserve
TCGA-AO-A1KS,TCGA-AO-A1KS-01Z,01,DX,DX1,7ce663cf-1b09-41a6-bcd8-8f7737e1fc9e,TCGA-AO-A1KS-01Z-00-DX1.349F9BCA-C9F0-43B4-BA6A-D20039E1C720.svs,327022974,ae532abede543b8888dcc5815f1ce9a3,released,LumB,38.0,reserve
TCGA-AO-A1KS,TCGA-AO-A1KS-01A,01,TS,TSA,92b9ca3f-9328-4bd7-97bc-6e68429a1c4e,TCGA-AO-A1KS-01A-01-TSA.45cfd1b6-e36a-4262-889a-e8540d9244f0.svs,265717395,99e0741fbb0079bb77c32a70ab4c427e,released,LumB,38.0,reserve
TCGA-AN-A0FY,TCGA-AN-A0FY-01A,01,BS,BSA,57ef27eb-80f1-479f-9fd0-5fc78ec15cdb,TCGA-AN-A0FY-01A-01-BSA.288f78df-2abe-4b01-aa91-ad2088788fd9.svs,265518863,a137f41fe897fd4c869bb0c3fef3cd9c,released,LumB,39.0,reserve
TCGA-AN-A0FY,TCGA-AN-A0FY-01Z,01,DX,DX1,69d5e645-5bb4-42b9-b79c-bca533c2baef,TCGA-AN-A0FY-01Z-00-DX1.25F5E2A1-F92C-4FE1-BD90-0CDDE50DC066.svs,494480131,8b7b6aec4304f92e2e7923a92b0a330e,released,LumB,39.0,reserve
TCGA-AN-A0FY,TCGA-AN-A0FY-01A,01,TS,TSA,20b390d3-f923-4238-bbc5-ebdaf72b056f,TCGA-AN-A0FY-01A-01-TSA.1ea457d0-a6c2-4999-a799-b912db76a7c0.svs,299915449,4436cc1c3ed21e67d20b0a8b7712a5e7,released,LumB,39.0,reserve
TCGA-A2-A0SV,TCGA-A2-A0SV-01A,01,BS,BSA,740eb588-abd8-47b5-b9bb-6bf28da99b70,TCGA-A2-A0SV-01A-01-BSA.94a1dce7-dd72-40a0-8e19-a688d46281f5.svs,105770809,70078cd3f6030aa8ee92110d9b05bcbd,released,LumB,40.0,reserve
TCGA-A2-A0SV,TCGA-A2-A0SV-01Z,01,DX,DX1,416e4645-4ef2-4228-8e93-703d138834e4,TCGA-A2-A0SV-01Z-00-DX1.F5645E47-3540-4753-AF5D-F5709BD8DFC1.svs,1495994795,0af6063ab09eecbd76ecc6896e5a8f88,released,LumB,40.0,reserve
TCGA-A2-A0SV,TCGA-A2-A0SV-01A,01,TS,TSA,343873f9-aa3c-4d86-84a5-c5d4df355bad,TCGA-A2-A0SV-01A-01-TSA.bdab1f53-b83c-494c-9a73-487ee771adf9.svs,461814485,a89dbe75189e8dc6b5bc5e1cbb41f5ad,released,LumB,40.0,reserve
TCGA-A2-A4S3,TCGA-A2-A4S3-01Z,01,DX,DX1,a524f31b-29f4-49ae-a136-5fd276950b5b,TCGA-A2-A4S3-01Z-00-DX1.50699E65-E536-4C9B-93A7-4C9894624A29.svs,1436684841,76bd499fd7ff59ade0737b089e37a418,released,LumB,41.0,reserve
TCGA-A2-A4S3,TCGA-A2-A4S3-01A,01,TS,TSB,af99e4dc-0752-453f-b4b7-77b0640266a6,TCGA-A2-A4S3-01A-02-TSB.8DF9D6C3-017C-448F-A04B-68F2F69279B7.svs,355989427,06a2681b75b930b8a1d4623a26961b15,released,LumB,41.0,reserve
TCGA-D8-A1Y2,TCGA-D8-A1Y2-01Z,01,DX,DX1,eaf9abed-214b-4933-a4e4-1286b36d5f73,TCGA-D8-A1Y2-01Z-00-DX1.77451A0F-00FD-44A9-A0D0-CB7A39CE74CC.svs,1150830107,5947fff7ba3002812051840cdd8a7939,released,LumB,42.0,reserve
TCGA-D8-A1Y2,TCGA-D8-A1Y2-01Z,01,DX,DX2,ef35617d-aa6f-4458-a7e0-4eaffc5eb2f6,TCGA-D8-A1Y2-01Z-00-DX2.A563ABFE-18DE-4D78-BB66-9CD18D3CBE3A.svs,1127972457,be01eb145edb30b239c0c7a90adcef0b,released,LumB,42.0,reserve
TCGA-D8-A1Y2,TCGA-D8-A1Y2-01A,01,TS,TS1,ed34de94-1c3b-41ad-ba7e-872d28c89f37,TCGA-D8-A1Y2-01A-01-TS1.9210964e-1f00-4cde-99b2-97662455f1a1.svs,174690381,4dc815efaf773bf04c4975e03c54fcf5,released,LumB,42.0,reserve
TCGA-AN-A0FF,TCGA-AN-A0FF-01A,01,BS,BSA,ab1a7dbf-56b2-4531-b940-2dc5546c4119,TCGA-AN-A0FF-01A-01-BSA.ef124d17-e63f-4c55-a50a-1cdea1b4cbde.svs,419689877,35cf220c6658ae47a248b6165307b1db,released,LumB,43.0,reserve
TCGA-AN-A0FF,TCGA-AN-A0FF-01Z,01,DX,DX1,7709738b-ba8e-4b20-9175-5db9b5c28556,TCGA-AN-A0FF-01Z-00-DX1.A23982C3-E0EB-4DB2-84EE-26E0005E3F66.svs,1437639739,12bb1ec5183ac1add0c413dc3cf6261b,released,LumB,43.0,reserve
TCGA-AN-A0FF,TCGA-AN-A0FF-01A,01,TS,TSA,93e925a3-0119-412f-aa0e-10fe247ebe33,TCGA-AN-A0FF-01A-01-TSA.8dfd4d8e-c38f-4a72-ae57-ac0268d2899b.svs,568036013,f98c159a56f87a86d52bb7493dfb24da,released,LumB,43.0,reserve
TCGA-E2-A1L7,TCGA-E2-A1L7-01Z,01,DX,DX1,966c7061-a5e0-4340-8e51-2d5dd509c663,TCGA-E2-A1L7-01Z-00-DX1.BE796CD2-2E81-44E8-8CA2-85B4D2A31B64.svs,354195597,c2e94fca66e21076d27816d0e5682bf9,released,LumB,44.0,reserve
TCGA-E2-A1L7,TCGA-E2-A1L7-01A,01,TS,TSA,bdb81704-c6d2-4390-b8e7-3240db22fd5a,TCGA-E2-A1L7-01A-01-TSA.d812be09-0f0b-4172-a039-18e2d89f3e9d.svs,211190137,c9986a06ec53a70dea733a81395215c9,released,LumB,44.0,reserve
TCGA-BH-A0H0,TCGA-BH-A0H0-01Z,01,DX,DX1,5fb6b961-39e8-4f05-9bad-ff0acbfd8328,TCGA-BH-A0H0-01Z-00-DX1.B3B394DD-1F4E-42CA-BB51-C002E423B3D0.svs,989790419,23c711f0665388f81a1dc0ca06026805,released,LumB,45.0,reserve
TCGA-BH-A0H0,TCGA-BH-A0H0-01A,01,TS,TSA,9a31709c-fb1b-46bb-8701-418a07a4cd0d,TCGA-BH-A0H0-01A-01-TSA.70fed29e-bd3c-4cb6-92c4-0c16bd6048d6.svs,932800581,4f9e43ce98c21b6b8f8511f3666d389d,released,LumB,45.0,reserve
TCGA-A2-A0YH,TCGA-A2-A0YH-01A,01,BS,BSA,a086e994-2f4e-4d9c-85aa-80316f34a8f9,TCGA-A2-A0YH-01A-01-BSA.5c229b7d-6921-4c3c-a7a1-0c02fe62e5f5.svs,340420161,6d39970936c33f8245f360685053989c,released,LumB,46.0,reserve
TCGA-A2-A0YH,TCGA-A2-A0YH-01Z,01,DX,DX1,1db59757-4a6d-4ea2-b696-ee0218258e27,TCGA-A2-A0YH-01Z-00-DX1.FBA5E711-8275-45B3-BC20-5A786EE23548.svs,505755659,d41ffb9dbeeb1ca729af91cc574c4527,released,LumB,46.0,reserve
TCGA-A2-A0YH,TCGA-A2-A0YH-01A,01,TS,TSA,51f2e0a8-7a33-44ab-a697-009b6e6657e6,TCGA-A2-A0YH-01A-01-TSA.77998a85-49c4-4bdf-8635-ec9516aad084.svs,213610549,849534d53a12c86bea6abb37b1b3c50b,released,LumB,46.0,reserve
TCGA-A8-A06Q,TCGA-A8-A06Q-01A,01,BS,BS1,0ec0bd4a-8a29-47f4-911a-9234dc95de91,TCGA-A8-A06Q-01A-01-BS1.3e519802-6b1b-46b6-8e86-0151159873bb.svs,197006925,be10bec493fdcdd249a93391bd853b15,released,LumB,47.0,reserve
TCGA-A8-A06Q,TCGA-A8-A06Q-01Z,01,DX,DX1,74d264e2-6441-4647-9fff-29c447693799,TCGA-A8-A06Q-01Z-00-DX1.622AC6E4-DB1A-4C8D-8185-52D4FD1F30B4.svs,449118094,1312d25d6d67b80e652ab0d5a6c5fe1b,released,LumB,47.0,reserve
TCGA-A8-A06Q,TCGA-A8-A06Q-01A,01,TS,TS1,cc686db7-61a9-47f1-8cd9-a1b99559118b,TCGA-A8-A06Q-01A-01-TS1.6a3caeab-6ec9-4829-b7e2-dbe7a6279a54.svs,158400585,44a340fa5a4bf6d471133dc813179de6,released,LumB,47.0,reserve
TCGA-E2-A15K,TCGA-E2-A15K-01Z,01,DX,DX1,96ce4bc0-f846-4a4a-b2a8-925ed5dd423e,TCGA-E2-A15K-01Z-00-DX1.9F424BE2-9BFE-4DFF-8CC9-10D2DADBBEA7.svs,669361049,5926966d4bda3ec040a58f0b8dd54591,released,LumB,48.0,reserve
TCGA-E2-A15K,TCGA-E2-A15K-01A,01,TS,TS1,2a1236cc-8e32-4299-a161-9117993d8480,TCGA-E2-A15K-01A-01-TS1.097d2dde-b4e2-42fb-ac84-9556f0531d72.svs,205534449,d3767d45a8c200ce326c99ded87ab362,released,LumB,48.0,reserve
TCGA-A8-A09Z,TCGA-A8-A09Z-01A,01,BS,BS1,dbd138f1-c979-43bf-a38f-5f959cdb8483,TCGA-A8-A09Z-01A-01-BS1.b0b90543-85c2-4867-9ed7-9bf913e49cc8.svs,571652261,1c9044c7fec5f54fcc759427de0bc22e,released,LumB,49.0,reserve
TCGA-A8-A09Z,TCGA-A8-A09Z-01Z,01,DX,DX1,a7198215-da09-4378-9b33-7bf510a02342,TCGA-A8-A09Z-01Z-00-DX1.D56497BE-5099-4537-9600-60F3213F7BF5.svs,1600832374,53ed054cdd0485ee500039b37c28dc70,released,LumB,49.0,reserve
TCGA-A8-A09Z,TCGA-A8-A09Z-01A,01,TS,TS1,50bb2e1c-ff9f-4d0a-bbc0-8e4ba1f3cfb6,TCGA-A8-A09Z-01A-01-TS1.f9bd85b3-3a3e-43c7-90f2-6bfe1ba2bd35.svs,606284819,6b652f4f013876c260a39e5a0b802ab4,released,LumB,49.0,reserve
TCGA-E9-A22A,TCGA-E9-A22A-01Z,01,DX,DX1,54d20f52-a7b1-4814-ba36-082108f23b59,TCGA-E9-A22A-01Z-00-DX1.d986c9eb-2c54-4663-a54b-04c0756db6db.svs,1030716287,c9722085bbd7d15ab4d3d27ff932fb7c,released,LumB,50.0,reserve
TCGA-E9-A22A,TCGA-E9-A22A-01A,01,TS,TSA,11de0bf7-f4d0-4f58-9b38-d37584cea842,TCGA-E9-A22A-01A-01-TSA.cb4979a2-8b33-4983-9f84-53307fb392ad.svs,175106417,5f42bc31a5dad7d5e8cded9fffff8eb2,released,LumB,50.0,reserve
TCGA-EW-A1J6,TCGA-EW-A1J6-01Z,01,DX,DX1,8516e1c4-75d9-4bbe-8222-1b6c479c15ae,TCGA-EW-A1J6-01Z-00-DX1.F668E978-13B6-4284-9522-37C65C57A21A.svs,1373015089,a028b73cc533404ab495026c11b2c8b8,released,LumB,51.0,reserve
TCGA-EW-A1J6,TCGA-EW-A1J6-01A,01,TS,TS1,26ef7e2d-814e-4728-a459-9b15d6476fac,TCGA-EW-A1J6-01A-01-TS1.cbeda021-a81c-4a79-a505-f8f0b4cb6620.svs,185999283,71e83f7a56b819fea363d48955ed4508,released,LumB,51.0,reserve
TCGA-AR-A2LK,TCGA-AR-A2LK-01Z,01,DX,DX1,fae3ca6e-a673-47a4-97d8-7e9daeaf2115,TCGA-AR-A2LK-01Z-00-DX1.FBD59C38-CD4E-4C22-BC74-A57C192A9BBC.svs,897435743,ab20d20d5602b35afbf106f670f5efb3,released,LumB,52.0,reserve
TCGA-AR-A2LK,TCGA-AR-A2LK-01A,01,TS,TSA,e97b3561-545a-4109-97a5-9c3554d777ed,TCGA-AR-A2LK-01A-01-TSA.53C36847-0443-432D-97FF-02949CCBA21B.svs,112367267,35f9ee03f5660b582a0ec70b0413dc8f,released,LumB,52.0,reserve
TCGA-E9-A54Y,TCGA-E9-A54Y-01Z,01,DX,DX1,8b981586-cc50-44dd-a6cb-1fcca5afbd9b,TCGA-E9-A54Y-01Z-00-DX1.5FD70369-6514-4E5E-8BEF-65DAC5671E1A.svs,840174599,512a8a8859e56dae4c11ec9ad4c7edee,released,LumB,53.0,reserve
TCGA-E9-A54Y,TCGA-E9-A54Y-01A,01,TS,TSA,ee13d02e-89ce-4506-bfbc-12bc28afec47,TCGA-E9-A54Y-01A-01-TSA.7EF6FC52-B788-4ACD-B92A-A59BE4F11BDD.svs,269345785,ee025cdaab71c763968ade792b955c8b,released,LumB,53.0,reserve
TCGA-D8-A1JD,TCGA-D8-A1JD-01Z,01,DX,DX1,e15f67af-fb62-42c8-a451-83b035867106,TCGA-D8-A1JD-01Z-00-DX1.6D215B14-DD90-4635-8645-AF06EBD9BA3F.svs,1446974081,54e58aaaaa7ec9b7b05167d9609bae3d,released,LumB,54.0,reserve
TCGA-D8-A1JD,TCGA-D8-A1JD-01Z,01,DX,DX2,cfc72168-c146-4c6c-9abc-4a209d415c15,TCGA-D8-A1JD-01Z-00-DX2.C6A7667E-25C9-48BD-A4E7-F4BB740FE589.svs,1155448427,6faef96eb7e7dbfe67d00888e37f03bd,released,LumB,54.0,reserve
TCGA-D8-A1JD,TCGA-D8-A1JD-01A,01,TS,TS1,a73e7200-6f3b-417d-8ada-0ecdbc560296,TCGA-D8-A1JD-01A-01-TS1.f554d3f0-7483-4cc6-88a1-82ad5a127b15.svs,288113051,b9b13a1199f585f270e77daef3f32e68,released,LumB,54.0,reserve
TCGA-A8-A079,TCGA-A8-A079-01A,01,BS,BS2,2303a5c3-a773-4c67-959f-6a8d97a04644,TCGA-A8-A079-01A-02-BS2.af4b2721-1e8c-4b61-b03f-1a50c2366832.svs,165535245,b39a9dcc5d2f914dc14a7fd2bb757687,released,LumB,55.0,reserve
TCGA-A8-A079,TCGA-A8-A079-01Z,01,DX,DX1,e5709db4-28c6-4253-b3e5-96824ac15ed7,TCGA-A8-A079-01Z-00-DX1.DC32BC20-A3BC-43B3-B69F-1E71E289EA34.svs,1620649694,ab27b90c5e8615277e17719d7cff5e75,released,LumB,55.0,reserve
TCGA-D8-A1XL,TCGA-D8-A1XL-01Z,01,DX,DX1,9b91d3c8-c250-4f74-9ff7-bb8d11f813a7,TCGA-D8-A1XL-01Z-00-DX1.FDF07020-8F40-4C00-9023-E5F40E0D8A7C.svs,713303157,f480b960a74b118291858c94ce115f0f,released,LumB,56.0,reserve
TCGA-D8-A1XL,TCGA-D8-A1XL-01Z,01,DX,DX2,ee16bb4a-f504-4169-ae30-71e9509decc4,TCGA-D8-A1XL-01Z-00-DX2.FDE2C80D-5DC4-4743-A180-C5AFC5BB0BE2.svs,1596060259,e5409f5fa38eed943354f4c61bdca98e,released,LumB,56.0,reserve
TCGA-D8-A1XL,TCGA-D8-A1XL-01A,01,TS,TS1,3804cb4c-137d-4dec-87d7-89256b4105a5,TCGA-D8-A1XL-01A-01-TS1.9842f79c-5785-4961-81fe-d1639b1560a6.svs,179392057,de4997dafc678c11610478ba2c22aac0,released,LumB,56.0,reserve
TCGA-E2-A15A,TCGA-E2-A15A-01Z,01,DX,DX1,95bcf26c-2f32-498a-a8c4-fa85fc78f89e,TCGA-E2-A15A-01Z-00-DX1.B9D22735-FE9F-46D9-84E6-0C71A1BF84D6.svs,1693631287,6516a38abf7e29aaad31e78c1e56c710,released,LumB,57.0,reserve
TCGA-E2-A15A,TCGA-E2-A15A-01A,01,TS,TS1,a4727f2d-1ffc-4090-a621-f9ef963e6c90,TCGA-E2-A15A-01A-01-TS1.12b3eabe-32d3-4772-8337-e4ae024911bb.svs,254997237,c3fc402d22024fe234926d730ac877c1,released,LumB,57.0,reserve
TCGA-A7-A0CJ,TCGA-A7-A0CJ-01A,01,BS,BSB,573b78d5-c2c3-41eb-a88d-e75c189fca19,TCGA-A7-A0CJ-01A-02-BSB.c0dd564e-d0a6-4e94-b050-824b05d29f23.svs,323416661,107df909b1139de4155b274b527b0df1,released,LumB,58.0,reserve
TCGA-A7-A0CJ,TCGA-A7-A0CJ-01Z,01,DX,DX1,60dbe3b7-504b-437a-9283-28f3fad5abdc,TCGA-A7-A0CJ-01Z-00-DX1.E26F2F62-D688-4373-BB7B-790A06734E49.svs,231625433,837779fef3cf7e5510c3cb78f17f36a4,released,LumB,58.0,reserve
TCGA-A7-A0CJ,TCGA-A7-A0CJ-01Z,01,DX,DX2,a33f2c07-5c24-4668-86ea-513861101ff6,TCGA-A7-A0CJ-01Z-00-DX2.4B591117-5FC9-4B43-8A45-444CCCABC666.svs,266264945,e49939cae1adc3b163efa1f7c6f6e5b3,released,LumB,58.0,reserve
TCGA-A7-A0CJ,TCGA-A7-A0CJ-01A,01,TS,TSB,2aefbd94-b3ef-4aba-b36f-a873b85d3a8a,TCGA-A7-A0CJ-01A-02-TSB.e090ba35-b5b7-469f-a267-8c8c68bc2c2b.svs,214592211,fda77dc0f7df87655b27897ca4222798,released,LumB,58.0,reserve
TCGA-5T-A9QA,TCGA-5T-A9QA-01Z,01,DX,DX1,cfe3c99d-0c00-4360-b768-2cb4fbd1040a,TCGA-5T-A9QA-01Z-00-DX1.B4212117-E0A7-4EF2-B324-8396042ACEC1.svs,2057150279,27fd9e24f2ac9701d108461e11db9e90,released,LumB,59.0,reserve
TCGA-5T-A9QA,TCGA-5T-A9QA-01A,01,TS,TSA,40f47486-f73c-42ab-919b-2c74991c48a9,TCGA-5T-A9QA-01A-01-TSA.2224E235-416C-4426-BAE4-55961186FB4E.svs,168121615,e56dc20d1dc07af42a5d29ddb85ec3da,released,LumB,59.0,reserve
TCGA-A8-A06N,TCGA-A8-A06N-01A,01,BS,BS1,b1108817-ee32-40d8-b905-bd3fcb3320d1,TCGA-A8-A06N-01A-01-BS1.12bf6cf9-767e-469a-ab07-accd6b3b134e.svs,511379917,fe4ccf974c0bbc16ccb13342554e076a,released,LumB,60.0,reserve
TCGA-A8-A06N,TCGA-A8-A06N-01Z,01,DX,DX1,6e1b44e9-94cc-455d-b5ec-b04d81f039c8,TCGA-A8-A06N-01Z-00-DX1.E25E65F8-DFE0-47CF-9FAB-B82EE8E321F7.svs,733518108,4efa9f41c27d658d4abb6852284dba67,released,LumB,60.0,reserve
TCGA-A8-A06N,TCGA-A8-A06N-01A,01,TS,TS1,5304d8c6-00e5-4f02-8343-8cd9e90af40e,TCGA-A8-A06N-01A-01-TS1.0e8d431f-4df4-4e2e-a8d2-3febb0f1beb9.svs,610778921,d91756d2f23a7b89e469b0a13efb5aaf,released,LumB,60.0,reserve
TCGA-D8-A1JC,TCGA-D8-A1JC-01Z,01,DX,DX1,0690adaa-a9b6-4d46-85fc-95f3d1d0a36d,TCGA-D8-A1JC-01Z-00-DX1.16D32FE8-4D76-4EEC-9739-D394087605BC.svs,792969147,a5dff266d7d0674fe79000ce812bb02f,released,LumB,61.0,reserve
TCGA-D8-A1JC,TCGA-D8-A1JC-01Z,01,DX,DX2,9b8dec44-e674-4dc7-a8a8-c962c907b64b,TCGA-D8-A1JC-01Z-00-DX2.854ABF5D-40F1-48AE-802F-97D75497F1FD.svs,1344945057,7723e895d3e7880a69f66a08af6b6ba8,released,LumB,61.0,reserve
TCGA-D8-A1JC,TCGA-D8-A1JC-01A,01,TS,TS1,a2967094-bf72-4925-a44c-00a877b28801,TCGA-D8-A1JC-01A-01-TS1.63e9532c-494d-4a40-8cef-866e7aadf245.svs,270477173,30ad21d93dfbac203b711a48fb146fac,released,LumB,61.0,reserve
TCGA-AO-A0JD,TCGA-AO-A0JD-01A,01,BS,BSA,0d289df8-5c01-4ddc-9b03-e24f5ac674d9,TCGA-AO-A0JD-01A-01-BSA.4d037bfe-f392-445e-aedd-68ee8b7e0e53.svs,511000059,20cbad7151a1e8eb1d89fdb0741d2c85,released,LumB,62.0,reserve
TCGA-AO-A0JD,TCGA-AO-A0JD-01Z,01,DX,DX1,36fc54d9-317b-4c1c-ae55-09acaa86ddf4,TCGA-AO-A0JD-01Z-00-DX1.52E3DCE8-32E3-45C0-AB54-7FA0A2F3F722.svs,878992290,860ab7f24ba97cf47f80b960eb4f0712,released,LumB,62.0,reserve
TCGA-AO-A0JD,TCGA-AO-A0JD-01A,01,TS,TSA,a3c1e86d-74f6-4eee-a5ea-0913dcf39fb5,TCGA-AO-A0JD-01A-01-TSA.d855990d-c9ee-42d4-8d7a-8345e65da160.svs,651771939,d7919d1270c7853d9730ee71fb6e0094,released,LumB,62.0,reserve
TCGA-BH-A0W3,TCGA-BH-A0W3-01A,01,BS,BS1,54f2de56-4133-42c0-bf0f-d6cdb6c50243,TCGA-BH-A0W3-01A-01-BS1.9f99ad93-48ed-4780-ac06-f70d8aefb2f5.svs,299810843,e0a5ed19882c10cf8dffdb4e80692a63,released,LumB,63.0,reserve
TCGA-BH-A0W3,TCGA-BH-A0W3-01Z,01,DX,DX1,48803849-058a-4699-b974-cbbb0393d2f7,TCGA-BH-A0W3-01Z-00-DX1.38DCA2B7-1A54-4FFA-BABA-29F80974BB17.svs,1706487485,96ca3cc6e8a5abaef6c8b1aa21cc3ec6,released,LumB,63.0,reserve
TCGA-BH-A0W3,TCGA-BH-A0W3-01A,01,TS,TS1,74e1dc16-b83f-4af6-9fa8-6cafd09bc74a,TCGA-BH-A0W3-01A-01-TS1.bb03a842-a10c-46d5-a07b-829be4a3fb68.svs,273285397,03a8e68dea49983c4da2bf636723a9ba,released,LumB,63.0,reserve
TCGA-AR-A24R,TCGA-AR-A24R-01Z,01,DX,DX1,fc3719f4-a048-45f2-9673-44b7b465a32b,TCGA-AR-A24R-01Z-00-DX1.47D79205-63E7-43E6-A513-2CD10DFA53C9.svs,1183080627,c78909c14fa25e40209883051e6f714b,released,LumB,64.0,reserve
TCGA-AR-A24R,TCGA-AR-A24R-01A,01,TS,TSA,0d723e19-8a3a-4cc4-90b0-75d5065309c5,TCGA-AR-A24R-01A-01-TSA.56300dbf-4a49-4d9a-b616-bb750904f1b5.svs,200247701,f798b4365b76a6278ca802694633065e,released,LumB,64.0,reserve
TCGA-A8-A09R,TCGA-A8-A09R-01A,01,BS,BS1,81d801bd-8b12-4565-8212-f6eac6fd04fe,TCGA-A8-A09R-01A-01-BS1.e7c57b70-0da9-4500-adf7-e58735f6aac7.svs,640837567,4720b503af9d2d5d5c61715a81c94094,released,LumB,65.0,reserve
TCGA-A8-A09R,TCGA-A8-A09R-01Z,01,DX,DX1,7d404664-de0a-4e4f-8237-67e1d1620433,TCGA-A8-A09R-01Z-00-DX1.392580F3-0CE5-4EDB-91CF-814AAD0DB649.svs,683551340,3b087766b186f292648d4f54e11aea81,released,LumB,65.0,reserve
TCGA-A8-A09R,TCGA-A8-A09R-01A,01,TS,TS1,f5b96926-3a14-462c-969c-7a5c2077afba,TCGA-A8-A09R-01A-01-TS1.76685425-6076-43bb-84d6-7b36393af99f.svs,581980981,9c73375a0929c8d73c3d114c7f354bd9,released,LumB,65.0,reserve
TCGA-AN-A0AM,TCGA-AN-A0AM-01A,01,BS,BSA,af35bcd1-00e0-4400-8b0d-0abf457f950e,TCGA-AN-A0AM-01A-01-BSA.1736e9ff-6a00-45e7-8ab9-b81018eea03f.svs,413732833,6f2725cf17ac7360d13682091a664fda,released,LumB,66.0,reserve
TCGA-AN-A0AM,TCGA-AN-A0AM-01Z,01,DX,DX1,2ef324e9-8032-4b1c-9552-60e892285f85,TCGA-AN-A0AM-01Z-00-DX1.169CE39A-DD54-46D8-8D03-60B69A473CDB.svs,375571893,e4da53389ed6413ac09fba8120109138,released,LumB,66.0,reserve
TCGA-AN-A0AM,TCGA-AN-A0AM-01A,01,TS,TSA,1eab7934-10a1-4d44-abb5-ee7c969de28f,TCGA-AN-A0AM-01A-01-TSA.63a22828-01b7-4b90-976d-7c32ccb9889d.svs,323007709,4da0715f02f7612e778d8509d39d7db2,released,LumB,66.0,reserve
TCGA-B6-A1KC,TCGA-B6-A1KC-01Z,01,DX,DX1,bf54bcf8-8a00-427f-846d-0e4754c21ece,TCGA-B6-A1KC-01Z-00-DX1.4DD3E48B-F434-499F-9FF1-0FFD2883A375.svs,1215529689,3299764c9087f96391a000132f516947,released,LumB,67.0,reserve
TCGA-B6-A1KC,TCGA-B6-A1KC-01B,01,TS,TS1,c9cbbc3c-59bd-4571-8379-5f025022de90,TCGA-B6-A1KC-01B-01-TS1.af22665c-5cc1-4c93-a95c-65580c40e7e1.svs,279698945,70e87feb93dcb42cfe2b5c0823e904db,released,LumB,67.0,reserve
TCGA-A8-A08I,TCGA-A8-A08I-01A,01,BS,BS1,5710cdae-7efa-441a-a71d-bf3d33e78a3b,TCGA-A8-A08I-01A-01-BS1.6a1dc7c0-efb4-45dd-b714-b4f97c92ac2f.svs,221143075,9f2f847429d31e7718525662dee6d6da,released,LumB,68.0,reserve
TCGA-A8-A08I,TCGA-A8-A08I-01Z,01,DX,DX1,11667eab-f199-4b78-ab04-c118221a7570,TCGA-A8-A08I-01Z-00-DX1.96A0065E-5430-40F6-835E-1A7238A79DDA.svs,943913194,f6eefb85873fbd6e49144fb3277d8e9e,released,LumB,68.0,reserve
TCGA-A8-A08I,TCGA-A8-A08I-01A,01,TS,TS1,11375c95-cf4a-4edc-b97e-081743e180b6,TCGA-A8-A08I-01A-01-TS1.0634cf0b-038e-4a34-9c8e-37634b5bd935.svs,311700659,b041f058ccc625070dd90ff8e33ae1fb,released,LumB,68.0,reserve
TCGA-A8-A09C,TCGA-A8-A09C-01A,01,BS,BS1,5833c6d9-70f8-44e0-b908-5264f1b653a1,TCGA-A8-A09C-01A-01-BS1.22b0b4ca-9aa2-4ef8-a0b3-933476fbd987.svs,235683463,1c524a8e530190ae79a1fcd6d0308f7e,released,LumB,69.0,reserve
TCGA-A8-A09C,TCGA-A8-A09C-01Z,01,DX,DX1,7719dfca-e5e8-4638-90a9-7d76115158d5,TCGA-A8-A09C-01Z-00-DX1.19E0C0E9-0ED6-4E3A-95FE-A5778F5DDBCD.svs,495311542,aa3ef97c328b5ec16dccae4b9987331d,released,LumB,69.0,reserve
TCGA-A8-A09C,TCGA-A8-A09C-01A,01,TS,TS1,fa677bcc-5ff4-44fa-992e-4917b5d33ee2,TCGA-A8-A09C-01A-01-TS1.60187ffe-746b-4a98-a6b2-06a6f884f04a.svs,144436301,2b0a1c2aec76627f5c1b888839ddedd7,released,LumB,69.0,reserve
TCGA-A8-A082,TCGA-A8-A082-01A,01,BS,BS1,9a4c70a3-f057-469c-a6c7-3fcec0a48f56,TCGA-A8-A082-01A-01-BS1.eb5e4053-9044-46f8-adeb-93d86318ec71.svs,535938595,017c00c5b2733348302cb16f43a68d71,released,LumB,70.0,reserve
TCGA-A8-A082,TCGA-A8-A082-01Z,01,DX,DX1,4ed584cb-18a1-4d22-ba8f-f34106ee40c0,TCGA-A8-A082-01Z-00-DX1.5F82E38D-0DFD-4C2C-BC05-8F0EFEFC507C.svs,669861382,f82cccfe7dba690514167251820d5e65,released,LumB,70.0,reserve
TCGA-A8-A082,TCGA-A8-A082-01A,01,TS,TS1,ad9ed74a-2725-49e6-bf7a-ef100e299989,TCGA-A8-A082-01A-01-TS1.3cad4a77-47a6-4658-becf-d8cffa161d3a.svs,299062385,01b89b9dc22f4f815b4585dd0c5f82d3,released,LumB,70.0,reserve
TCGA-C8-A274,TCGA-C8-A274-01Z,01,DX,DX1,592c1c53-1196-435b-b278-44fd31394ee8,TCGA-C8-A274-01Z-00-DX1.B667DAB1-C944-4285-A312-5E4DDAE0EE78.svs,1074424397,f14906c6a6949869293099720c762607,released,LumB,71.0,reserve
TCGA-C8-A274,TCGA-C8-A274-01A,01,TS,TSA,94f5dddb-2633-4689-bbbf-708f95c0ae3e,TCGA-C8-A274-01A-01-TSA.1091ef66-2f28-4b94-adec-53db69f894b3.svs,161750955,91ae610f9812af58955a173ae2581c57,released,LumB,71.0,reserve
TCGA-C8-A1HG,TCGA-C8-A1HG-01Z,01,DX,DX1,5c8c6224-f72a-4372-83c1-66453dd0a6c1,TCGA-C8-A1HG-01Z-00-DX1.F2AB6D0F-4D6B-491F-915B-92E838E79D67.svs,1612923587,25f9308e7a9c0dc914e880915010960d,released,LumB,72.0,reserve
TCGA-C8-A1HG,TCGA-C8-A1HG-01A,01,TS,TSA,1bd5b6c1-6d87-45fe-9590-09c216a2045f,TCGA-C8-A1HG-01A-01-TSA.6acb2e7b-9d83-424a-ba81-73c02863eaa4.svs,196487591,589e206bae78152f038ad18c587197ac,released,LumB,72.0,reserve
TCGA-EW-A2FW,TCGA-EW-A2FW-01Z,01,DX,DX1,3985ea64-d68f-4539-a4d3-65ff4a7b98be,TCGA-EW-A2FW-01Z-00-DX1.4F948681-81F3-46C5-A4E8-FDE8A4116F7A.svs,1692370443,a7bf055b414c271d24b59464940d9812,released,LumB,73.0,reserve
TCGA-EW-A2FW,TCGA-EW-A2FW-01A,01,TS,TSA,b917220e-c3b3-44ec-b53f-10313f82e402,TCGA-EW-A2FW-01A-01-TSA.93F3FA5A-4797-489A-B863-4C30CC923B90.svs,286226995,33988565b98e27c6bc4a98d4c1dca7cb,released,LumB,73.0,reserve
TCGA-Z7-A8R6,TCGA-Z7-A8R6-01Z,01,DX,DX1,a866f667-ca52-46f6-9bfd-7f89515aad2e,TCGA-Z7-A8R6-01Z-00-DX1.CE4ED818-D762-4324-9DEA-2ACB38B9B0B9.svs,1253910023,52b3131ecc5e3e910d82bd228597a1ea,released,LumB,74.0,reserve
TCGA-Z7-A8R6,TCGA-Z7-A8R6-01A,01,TS,TSA,ed18fa16-c230-41a8-aade-c693e57b336c,TCGA-Z7-A8R6-01A-01-TSA.EED1E5D4-7C9A-45C8-9F11-13F71190A1B1.svs,302648737,4f3ff9e34fef85a7f3750dde34cb1261,released,LumB,74.0,reserve
TCGA-AO-A03N,TCGA-AO-A03N-01B,01,BS,BSA,30aa4a64-e46f-455e-a4ed-c809e872f29f,TCGA-AO-A03N-01B-01-BSA.e6642355-b3e1-4cc4-81ca-129b9ddf9240.svs,206069894,d16058ffdfa93168c7c37b675b164bb4,released,LumB,75.0,reserve
TCGA-AO-A03N,TCGA-AO-A03N-01Z,01,DX,DX1,9c3e5524-87f6-4f16-8fdd-582d4dd4343c,TCGA-AO-A03N-01Z-00-DX1.79A8816D-961F-4D79-90B4-341919297A90.svs,928127742,304af4b87e6238c4aa669484c019ee20,released,LumB,75.0,reserve
TCGA-AO-A03N,TCGA-AO-A03N-01B,01,TS,TSA,84a3c217-21fe-4686-8ba6-ae2b780b67e4,TCGA-AO-A03N-01B-01-TSA.de5656d3-c870-4d3b-88c6-f117a4357185.svs,212145214,7ea097d6b62e54d628791f507569500e,released,LumB,75.0,reserve
TCGA-AR-A24K,TCGA-AR-A24K-01Z,01,DX,DX1,1d203edb-f167-4684-ab43-e4edfb3e95ff,TCGA-AR-A24K-01Z-00-DX1.3A56BAEC-484E-4F9B-BCB4-360ABF6DDB4B.svs,1754525793,026e5ee67fcee83a9bb4bbf54eb15da4,released,LumB,76.0,reserve
TCGA-AR-A24K,TCGA-AR-A24K-01A,01,TS,TSA,95cf28bf-1f7a-489d-944a-671d9508c566,TCGA-AR-A24K-01A-01-TSA.42a4623b-f201-419b-a626-264b305dc01e.svs,243011901,7fbfa7945741dcad115eada919ce259a,released,LumB,76.0,reserve
TCGA-D8-A1JT,TCGA-D8-A1JT-01Z,01,DX,DX1,9eaa8d4b-04d8-41fa-ade0-4c682f36fccc,TCGA-D8-A1JT-01Z-00-DX1.F278C419-E405-4BDA-BA50-BFBA08801168.svs,1389998797,501c9a9adb4bc0f7e713bd1ef4c01496,released,LumB,77.0,reserve
TCGA-D8-A1JT,TCGA-D8-A1JT-01Z,01,DX,DX2,38ed98cc-095c-4257-b625-d51a71c0800d,TCGA-D8-A1JT-01Z-00-DX2.8DB9BB5B-17F3-4D80-835D-872BA275FD3B.svs,830838633,b0f3935d0cf4647e6de1c8bef4b97747,released,LumB,77.0,reserve
TCGA-D8-A1JT,TCGA-D8-A1JT-01A,01,TS,TS3,0325a575-8d75-4f89-8528-f0ecd8f9e6b7,TCGA-D8-A1JT-01A-03-TS3.c5694ea0-1941-4b90-bbaf-714cb2bc83ef.svs,338805533,039ad28d019ff643d3c5049711e04af2,released,LumB,77.0,reserve
TCGA-C8-A27A,TCGA-C8-A27A-01Z,01,DX,DX1,5bd2d920-fb46-45b2-9995-bd383330c8f6,TCGA-C8-A27A-01Z-00-DX1.0E26C46D-CD65-40F3-8976-EB4415582934.svs,846381299,e3c888535e7a334830fceba4471744e2,released,LumB,78.0,reserve
TCGA-C8-A27A,TCGA-C8-A27A-01A,01,TS,TSA,22ea56ff-fdcf-45e4-8f5a-e5e11fa03cc9,TCGA-C8-A27A-01A-01-TSA.42984a4b-670c-4649-9c2d-f830da9f838f.svs,301770713,a06773848f4780518728a118cc6bc7d0,released,LumB,78.0,reserve
TCGA-E2-A56Z,TCGA-E2-A56Z-01Z,01,DX,DX1,dae073a8-5982-46e5-9daa-2975fc92e3cc,TCGA-E2-A56Z-01Z-00-DX1.EC28E279-B869-4485-A19F-C732D4CCD374.svs,1127539367,2d676e0f534df41cce1f0548bc7d359f,released,LumB,79.0,reserve
TCGA-E2-A56Z,TCGA-E2-A56Z-01A,01,TS,TSA,e9437e42-229b-4683-9f66-9b6f81c21010,TCGA-E2-A56Z-01A-01-TSA.279A5A74-8C88-4520-8117-70FDBB0951E5.svs,277109177,6028a7ca44d1d3fa3e53c2e5f484abd4,released,LumB,79.0,reserve
TCGA-BH-A0C3,TCGA-BH-A0C3-01A,01,BS,BSB,0e3485e2-7224-4b5e-bf2b-fca6149714a3,TCGA-BH-A0C3-01A-02-BSB.8ad907ea-f7a5-4095-86c7-1381dfbccea7.svs,281398471,aa5066cfdec9353a4f21d088561110c7,released,LumB,80.0,reserve
TCGA-BH-A0C3,TCGA-BH-A0C3-01Z,01,DX,DX1,1ddaf37b-31c3-4e1c-86b4-8927fe67c3d8,TCGA-BH-A0C3-01Z-00-DX1.14D3210D-0CBE-4DCA-A986-A26AE5382502.svs,1082867913,3fa7a44e12cb296af47fee83d604b68c,released,LumB,80.0,reserve
TCGA-BH-A0C3,TCGA-BH-A0C3-01A,01,TS,TSB,f95c251a-795c-4b1c-bc7d-0baf72d335f1,TCGA-BH-A0C3-01A-02-TSB.09beb17d-e7be-4a91-b931-98ff177d1202.svs,227556853,0b5ea7d1cb93fcbc62be1f1ebbeac8ea,released,LumB,80.0,reserve
TCGA-S3-A6ZF,TCGA-S3-A6ZF-01Z,01,DX,DX1,7d502331-7d99-45fd-9f78-781b083f5017,TCGA-S3-A6ZF-01Z-00-DX1.E50205A0-63CA-49DE-8831-2A8916DEF403.svs,961494067,e5f450b202255381806b6934b759c715,released,LumB,81.0,reserve
TCGA-S3-A6ZF,TCGA-S3-A6ZF-01A,01,TS,TS3,3943f22f-649f-4828-9065-e125dc522b3a,TCGA-S3-A6ZF-01A-03-TS3.2DE8CF7F-0109-42C3-8C05-4D708BBE19F6.svs,91564233,279f4c499fae50aab9f0d9c29a99c11d,released,LumB,81.0,reserve
TCGA-A2-A0D4,TCGA-A2-A0D4-01A,01,BS,BSA,4e0a1e04-8f8b-4360-9818-165fcbcacf7d,TCGA-A2-A0D4-01A-01-BSA.0665ed7a-c8e2-4b8a-bf73-8c06dab48c47.svs,224828093,d1ab31637d0c62c35f28458d0432c913,released,LumB,82.0,reserve
TCGA-A2-A0D4,TCGA-A2-A0D4-01Z,01,DX,DX1,f41ab201-fff7-4806-9597-656953d3d338,TCGA-A2-A0D4-01Z-00-DX1.35E43827-DABC-4685-A62A-333672923349.svs,960980821,88e11dc560fc789059a1338a99c00b07,released,LumB,82.0,reserve
TCGA-A2-A0D4,TCGA-A2-A0D4-01A,01,TS,TSA,352ce1a3-a5e0-4d26-862a-cf59d16851d2,TCGA-A2-A0D4-01A-01-TSA.471f053f-ccfd-4d9a-89d6-59eaf3d7c459.svs,227649321,1b487f6863a53d98c4da41ac3eb25dc7,released,LumB,82.0,reserve
TCGA-E2-A10C,TCGA-E2-A10C-01A,01,BS,BSB,279bcceb-57eb-4ad6-a248-c091eb510729,TCGA-E2-A10C-01A-02-BSB.98829461-a7d3-4e6d-a172-e7c17335c6e2.svs,194963811,7f5168e3a2a2b504e79cb703157956d7,released,LumB,83.0,reserve
TCGA-E2-A10C,TCGA-E2-A10C-01Z,01,DX,DX1,4cefe74a-c117-4363-a209-67951f3740b2,TCGA-E2-A10C-01Z-00-DX1.29A2B20B-29C6-4491-ADAB-0584C772EF25.svs,1125048907,0e603e4e06385188c4ca7ddc032d9b12,released,LumB,83.0,reserve
TCGA-E2-A10C,TCGA-E2-A10C-01A,01,TS,TSB,77a29161-00eb-4ac3-bf7e-ee4821b33185,TCGA-E2-A10C-01A-02-TSB.4d05f801-0494-42ad-9365-9b59bf957f4a.svs,99035427,31759364762a30ca3d952f13cf24f66c,released,LumB,83.0,reserve
TCGA-D8-A1XF,TCGA-D8-A1XF-01Z,01,DX,DX1,a922d6c7-1502-4ebe-99a3-14e531e964b7,TCGA-D8-A1XF-01Z-00-DX1.8B9AB4A1-DEC5-4587-B022-3077CCD220F9.svs,1148454653,89c41350f507d6cfc11a8dbd2c1a76f7,released,LumB,84.0,reserve
TCGA-D8-A1XF,TCGA-D8-A1XF-01Z,01,DX,DX2,8b460124-3789-4ba1-b0b6-7a4f72f132a8,TCGA-D8-A1XF-01Z-00-DX2.1460E522-5B87-4690-8B6B-3183C5D282D6.svs,1706768459,8571eb261db7b57b43f6c5d4f658ba95,released,LumB,84.0,reserve
TCGA-D8-A1XF,TCGA-D8-A1XF-01A,01,TS,TS1,ca777b9f-6cf0-4ff9-bb12-9b781f583992,TCGA-D8-A1XF-01A-01-TS1.2debd2a3-fb89-43d6-94a9-145f831aa282.svs,265602765,98c3a7f7c0195dd43b742c559367e3bd,released,LumB,84.0,reserve
TCGA-E9-A1NI,TCGA-E9-A1NI-01Z,01,DX,DX1,b8e38a96-aa0c-4c6a-a243-ab515a5af970,TCGA-E9-A1NI-01Z-00-DX1.AF90ACEF-EDED-40E6-955B-80ACC49778F9.svs,572337987,5b096ee69f8dd577f53f9a429e0cbc09,released,LumB,85.0,reserve
TCGA-E9-A1NI,TCGA-E9-A1NI-01A,01,TS,TSA,42a28dcd-08e8-436d-9cbc-41defc9d6d81,TCGA-E9-A1NI-01A-01-TSA.367a994d-fa68-46ea-84e0-19288a39c79e.svs,175802737,a8498e32877aca43666a8aeb588382ed,released,LumB,85.0,reserve
TCGA-A2-A04R,TCGA-A2-A04R-01A,01,BS,BSD,c035fd5c-98c2-487a-85a8-614db8c785f2,TCGA-A2-A04R-01A-04-BSD.8ce73dd5-7124-4ff1-8a07-12b5e8aad3a9.svs,224164926,ebc09ee486a6e00260191b89a0fc7f2b,released,LumB,86.0,reserve
TCGA-A2-A04R,TCGA-A2-A04R-01Z,01,DX,DX1,a29c30d7-2459-49e5-9628-72cac16adfac,TCGA-A2-A04R-01Z-00-DX1.BE3661A3-A2A0-4248-B7D5-D8986E529B6C.svs,900262669,5138c1b7af27ebc5548dd649b467f760,released,LumB,86.0,reserve
TCGA-A2-A04R,TCGA-A2-A04R-01A,01,TS,TSD,9afb01aa-db51-45d2-b86a-8fb1eb49d3e9,TCGA-A2-A04R-01A-04-TSD.f8e56971-436f-495e-a7c2-3a147059fc62.svs,270397622,c42196bddce6158897ca677b40dec389,released,LumB,86.0,reserve
TCGA-A8-A092,TCGA-A8-A092-01A,01,BS,BS1,a14690d9-bf85-47ea-bc1c-606def0e01a5,TCGA-A8-A092-01A-01-BS1.32f105e4-98d4-424c-a3d5-b103a6e7bc20.svs,282762763,c4018584c80dfae08703bc5ba52ccf10,released,LumB,87.0,reserve
TCGA-A8-A092,TCGA-A8-A092-01Z,01,DX,DX1,0fed7a03-950b-4215-affd-53743e70dd8f,TCGA-A8-A092-01Z-00-DX1.2A55EA0C-47CD-426B-9697-F2B761730585.svs,713422388,0ae4df50ee06304e76e77c5619da6749,released,LumB,87.0,reserve
TCGA-A8-A092,TCGA-A8-A092-01A,01,TS,TS1,4e67a98c-8ab4-4e0e-b446-5a60019012a8,TCGA-A8-A092-01A-01-TS1.02da5bd6-e61a-4986-943e-a0afcfaf3d28.svs,137051209,dd3fbecb791dd3a586f7becfeaeab0be,released,LumB,87.0,reserve
TCGA-AR-A0TV,TCGA-AR-A0TV-01A,01,BS,BSB,9017be0d-2935-42a7-9f88-7234c1e502c0,TCGA-AR-A0TV-01A-02-BSB.e4adf5bf-398f-402f-997e-7b5ef9facbe8.svs,142002615,a28f2c5211b7c448a7c783ca5f06639c,released,LumB,88.0,reserve
TCGA-AR-A0TV,TCGA-AR-A0TV-01Z,01,DX,DX1,824a50be-c16f-496f-bf51-7f37f5bc1bb7,TCGA-AR-A0TV-01Z-00-DX1.29AE9996-E73A-41F8-BCC9-23DEDCA5A7AC.svs,1007861893,ad25cd6478bcf054333a48e57b2a6dbd,released,LumB,88.0,reserve
TCGA-AR-A0TV,TCGA-AR-A0TV-01A,01,TS,TSB,a2170b5a-bd25-4635-b2f9-e61393ac3098,TCGA-AR-A0TV-01A-02-TSB.9f3ece24-69a8-4d4d-9c2d-ab674faf9ee0.svs,242570507,5d08aa6aa9b4d4ac0214c51f18adc427,released,LumB,88.0,reserve
TCGA-D8-A1X6,TCGA-D8-A1X6-01Z,01,DX,DX1,a7a3f543-f309-48eb-a407-3523c3ad62df,TCGA-D8-A1X6-01Z-00-DX1.ABF237D4-708C-46A5-AEF8-58712E5DCC04.svs,1422122729,390b66624a107741c53560f4847eb505,released,LumB,89.0,reserve
TCGA-D8-A1X6,TCGA-D8-A1X6-01Z,01,DX,DX2,d265941d-71da-4e9e-8ce6-616050177f07,TCGA-D8-A1X6-01Z-00-DX2.F36D68F2-70C3-4E0E-ABE6-6969170BA6DC.svs,1283480811,57a8b844c75d86899df29f9ee2a594df,released,LumB,89.0,reserve
TCGA-D8-A1X6,TCGA-D8-A1X6-01A,01,TS,TS1,5ba7eb6c-4257-4fca-8c72-cc640d0d5769,TCGA-D8-A1X6-01A-01-TS1.a7878d66-8147-4d0b-ad0c-99ebb7831cea.svs,153403799,8c07c93cfdbc7593026809f1cc450084,released,LumB,89.0,reserve
TCGA-EW-A1P0,TCGA-EW-A1P0-01Z,01,DX,DX1,0f07c601-42ef-42b8-bebb-e08a9541ee01,TCGA-EW-A1P0-01Z-00-DX1.6C75EEBD-CE05-4DE2-8C43-8B6435F1379F.svs,1361731973,6abaa8089d3b807151e641ecadb43e89,released,LumB,90.0,reserve
TCGA-EW-A1P0,TCGA-EW-A1P0-01A,01,TS,TSA,2051a499-d391-4646-9004-29f17fd79797,TCGA-EW-A1P0-01A-01-TSA.01b86041-ac17-4bcf-884e-b7d48240bbe2.svs,263910927,70c103720b4e58258174b781751609cd,released,LumB,90.0,reserve
TCGA-A2-A0T3,TCGA-A2-A0T3-01A,01,BS,BSB,23bcc260-ef87-42b0-a579-e14d68471094,TCGA-A2-A0T3-01A-02-BSB.19f759a7-4b0f-43f3-b1ac-bce827f93fc6.svs,329251215,da5a075978eda3b539a9c2a517948f7b,released,LumB,91.0,reserve
TCGA-A2-A0T3,TCGA-A2-A0T3-01Z,01,DX,DX1,1cf448aa-3977-4cc1-ac5c-464acd533227,TCGA-A2-A0T3-01Z-00-DX1.5E96BC87-F4FB-4ABA-8D81-FAB7F4A80661.svs,729475689,0a10577a4f8580bb7864764816d2a8ff,released,LumB,91.0,reserve
TCGA-A2-A0T3,TCGA-A2-A0T3-01A,01,TS,TSB,35700bf4-e8db-4489-be60-a47166ac5f36,TCGA-A2-A0T3-01A-02-TSB.5833680c-4d57-4657-acd7-879e52cfd8c4.svs,436750257,e5cb274055293a3f1e27956ee4db7ea3,released,LumB,91.0,reserve
TCGA-E2-A9RU,TCGA-E2-A9RU-01Z,01,DX,DX1,fcb893aa-c7aa-438d-9d6d-c0adb397fa1e,TCGA-E2-A9RU-01Z-00-DX1.A06BE284-B9DC-4B45-A202-A9D027AEEDD9.svs,1547068439,5f6909372fdb3a684f3f5dadc0231f08,released,LumB,92.0,reserve
TCGA-E2-A9RU,TCGA-E2-A9RU-01A,01,TS,TS1,2730ed2a-c677-4255-9a08-a4e15fe593dd,TCGA-E2-A9RU-01A-01-TS1.F050312C-0677-416B-9100-AA70F267140A.svs,376342191,d3b9ad0aff7d45cc048dfaa0c23332b2,released,LumB,92.0,reserve
TCGA-AR-A0TT,TCGA-AR-A0TT-01A,01,BS,BSC,487c4154-b6ec-434f-af0d-ceebe175973c,TCGA-AR-A0TT-01A-03-BSC.06e9fb5e-1c6e-4778-9c52-d026628f39c7.svs,289036097,578beacef63ed7423499c5665f6972a1,released,LumB,93.0,reserve
TCGA-AR-A0TT,TCGA-AR-A0TT-01Z,01,DX,DX1,d96d0ecd-dfa0-44df-8741-166d3a304c01,TCGA-AR-A0TT-01Z-00-DX1.127C2A4F-62AC-4E83-99DB-13519BD2949D.svs,1298209095,808704a303931668a62fef0e8d6c83d5,released,LumB,93.0,reserve
TCGA-AR-A0TT,TCGA-AR-A0TT-01A,01,TS,TSC,7c972c94-0632-4d61-91da-2f9aaa9a440b,TCGA-AR-A0TT-01A-03-TSC.6e42fa9f-569c-45cf-a316-b3d41a946f57.svs,160194029,fbc2a00b86d5e9a3aad0ae9c4d5288ee,released,LumB,93.0,reserve
TCGA-D8-A1JE,TCGA-D8-A1JE-01Z,01,DX,DX1,8f0683e7-715c-4ac3-9d3c-164b7d20da0c,TCGA-D8-A1JE-01Z-00-DX1.714805A1-E337-46DA-88D9-6CE4B4E3C2D0.svs,2061902771,732382cd5d6a1e13833e77ba3ea3d4f1,released,LumB,94.0,reserve
TCGA-D8-A1JE,TCGA-D8-A1JE-01Z,01,DX,DX2,f6830586-1dc2-4cfd-8d99-b4b7c9161341,TCGA-D8-A1JE-01Z-00-DX2.CCF3DFEF-E851-425A-BCD0-0F7B377A00BC.svs,876180589,3bf9a7c32a2a590a9162c012d7b83b7f,released,LumB,94.0,reserve
TCGA-D8-A1JE,TCGA-D8-A1JE-01A,01,TS,TSA,f63aeceb-4473-4b26-b2a7-b328e2c9600a,TCGA-D8-A1JE-01A-01-TSA.97962bb4-8aea-4093-aeba-76fef07d5eb9.svs,249893749,597c8aa5046dd2abf8a4e81125e2396b,released,LumB,94.0,reserve
TCGA-D8-A1XZ,TCGA-D8-A1XZ-01Z,01,DX,DX1,8cbad974-4671-499a-ab5e-03f0fbe3e7b1,TCGA-D8-A1XZ-01Z-00-DX1.8E51A61D-B01C-4A52-8F5D-44D2ABCA46FC.svs,1346496793,77a3d3be3c9c0823e0487ae6015aa5b8,released,LumB,95.0,reserve
TCGA-D8-A1XZ,TCGA-D8-A1XZ-01Z,01,DX,DX2,be1fed1a-deb9-4b70-bef1-9245e9e7482a,TCGA-D8-A1XZ-01Z-00-DX2.73D59546-C003-4DED-80D5-866E7055EC79.svs,1087337423,f022b4d618f9ae7fd5607a0335dbf0ee,released,LumB,95.0,reserve
TCGA-D8-A1XZ,TCGA-D8-A1XZ-01A,01,TS,TS1,82913202-8251-44b6-a1e1-ce62b8d57525,TCGA-D8-A1XZ-01A-01-TS1.6a844522-1eda-4597-a3dc-bbde9c0835ef.svs,201934907,20a555638d4a353cc49fdf5ced22022e,released,LumB,95.0,reserve
TCGA-AO-A0J7,TCGA-AO-A0J7-01A,01,BS,BSA,60fd843b-e324-4602-9d79-56de526d56dc,TCGA-AO-A0J7-01A-01-BSA.24323379-2daa-45cf-b3e8-f8e4da05a90a.svs,113469871,88e640c7e73956fcae17250f7c8159a3,released,LumB,96.0,reserve
TCGA-AO-A0J7,TCGA-AO-A0J7-01Z,01,DX,DX1,8de9ae1f-f0e4-4bbc-ba5b-d767c830f0cb,TCGA-AO-A0J7-01Z-00-DX1.DBA7BA24-CEEF-4636-87BB-D12D8DF016A3.svs,538515748,d8ed3e0607d49e7d42af5307512526be,released,LumB,96.0,reserve
TCGA-AO-A0J7,TCGA-AO-A0J7-01A,01,TS,TSA,7a709ee8-6687-427d-8471-0ad0076a71e7,TCGA-AO-A0J7-01A-01-TSA.f834c0e8-e286-4d88-888d-5f9100ca8397.svs,265514615,2ca7845501aeea006c4ac70c2e2325b0,released,LumB,96.0,reserve
TCGA-EW-A1OX,TCGA-EW-A1OX-01Z,01,DX,DX1,c6c68d8a-1b0e-4c2c-807a-f7752a02634c,TCGA-EW-A1OX-01Z-00-DX1.9B19CBEE-E592-4A4D-839F-CECDCA20F4B1.svs,2410779591,0fbbb61f65281fcc5ba2a3dd3b092d35,released,LumB,97.0,reserve
TCGA-EW-A1OX,TCGA-EW-A1OX-01A,01,TS,TSA,7e552394-28ec-423f-8e7d-4ce04b639645,TCGA-EW-A1OX-01A-01-TSA.74283185-7c47-44ce-8904-1a121870104e.svs,612676123,254fd3d373aaf0da0341acea16161914,released,LumB,97.0,reserve
TCGA-AR-A0U2,TCGA-AR-A0U2-01A,01,BS,BSA,d0f39dd1-c0de-47e8-b6a4-0e8ed50c9ccf,TCGA-AR-A0U2-01A-01-BSA.1bd5ddeb-f22c-4147-b905-0f1316e5903a.svs,126385977,d4bbce31c83060b5c562dda51b117241,released,LumB,98.0,reserve
TCGA-AR-A0U2,TCGA-AR-A0U2-01Z,01,DX,DX1,f554759b-e293-45f5-be85-34a561e36027,TCGA-AR-A0U2-01Z-00-DX1.03E2ADD9-F20F-44DA-93D1-D10BBD3844A5.svs,1234533137,7437efbefe5550d304d52b89a14753d8,released,LumB,98.0,reserve
TCGA-AR-A0U2,TCGA-AR-A0U2-01A,01,TS,TSA,5b00601a-5ac2-4700-b861-be80ff3d937e,TCGA-AR-A0U2-01A-01-TSA.cb8df340-904c-4ff0-ac21-6f96d7c52d11.svs,212827617,d9045c5ddb478c162ad6567ae9bfbbea,released,LumB,98.0,reserve
TCGA-A2-A0SW,TCGA-A2-A0SW-01A,01,BS,BSA,d9c17842-2253-4b59-a0bd-57e9820048d5,TCGA-A2-A0SW-01A-01-BSA.7a710f66-502f-43fa-94eb-742243cf2aff.svs,200214655,65bf8a6bd1e142c6728f509dbc0b8187,released,LumB,99.0,reserve
TCGA-A2-A0SW,TCGA-A2-A0SW-01Z,01,DX,DX1,7948d948-e56b-4f79-a718-abbf8e6a3fd1,TCGA-A2-A0SW-01Z-00-DX1.E1EA0407-B831-4D75-826E-80B82B821797.svs,1180528309,30037b0f1b9e88b8874711731df97605,released,LumB,99.0,reserve
TCGA-A2-A0SW,TCGA-A2-A0SW-01A,01,TS,TSA,0dcef293-411f-45a4-8aac-2a4934d25565,TCGA-A2-A0SW-01A-01-TSA.dff06b29-6dfc-4d17-8b78-0ef50f9aa985.svs,240522975,806017d7a88c240fd3a4b6a5dcabac8c,released,LumB,99.0,reserve
TCGA-BH-A0BF,TCGA-BH-A0BF-01A,01,BS,BSB,fe49141b-b4f7-451a-b808-fde9320683f4,TCGA-BH-A0BF-01A-02-BSB.00d3beec-4e44-4585-a6c0-ec25b8ee3538.svs,606278447,069d284cca57cf15de64c7ef05b833a4,released,LumB,100.0,reserve
TCGA-BH-A0BF,TCGA-BH-A0BF-01Z,01,DX,DX1,26c329ee-1a8e-4905-96db-8d7510015822,TCGA-BH-A0BF-01Z-00-DX1.934DF984-9054-4B20-B85B-9CF94B8DC3D4.svs,1638898879,1e0e82d5c535b35b1f33ebbbb41d854f,released,LumB,100.0,reserve
TCGA-BH-A0BF,TCGA-BH-A0BF-01A,01,TS,TSB,3d24e284-582d-430e-93c3-912db7eb75b1,TCGA-BH-A0BF-01A-02-TSB.f7468f8d-9472-4d28-b08e-c5734c8db00e.svs,256278115,2d04282c533fc67cabee7950a69dc95f,released,LumB,100.0,reserve
TCGA-A7-A6VX,TCGA-A7-A6VX-01Z,01,DX,DX1,bf387e88-ae3d-41c7-ad08-89dabf7495cf,TCGA-A7-A6VX-01Z-00-DX1.F74DA243-C65A-4997-BCA0-F1C89675978C.svs,416094849,06264b480fbdd435864927fd526a32c0,released,LumB,101.0,reserve
TCGA-A7-A6VX,TCGA-A7-A6VX-01Z,01,DX,DX2,f18b6fc0-6f40-4f0d-82ef-0b092a21b6bf,TCGA-A7-A6VX-01Z-00-DX2.9EE94B59-6A2C-4507-AA4F-DC6402F2B74F.svs,111807873,07c24bbddf6758818232b297edb78d7d,released,LumB,101.0,reserve
TCGA-A7-A6VX,TCGA-A7-A6VX-01A,01,TS,TSA,9813187d-40b0-4f34-acee-363e15044b39,TCGA-A7-A6VX-01A-01-TSA.FAF08659-F16A-431F-BC37-276F833282B1.svs,286228445,9718d6ab5d34112c4b7f42fbb582a0ae,released,LumB,101.0,reserve
TCGA-AR-A0TY,TCGA-AR-A0TY-01Z,01,DX,DX1,035f4d0d-78f8-4df0-94a2-112922f584a8,TCGA-AR-A0TY-01Z-00-DX1.089EB6B4-9921-441D-84F3-C64C97AFC3B4.svs,969891489,fdbe528fcf60748f03aefb9d1ad6d401,released,LumB,102.0,reserve
TCGA-AR-A0TY,TCGA-AR-A0TY-01A,01,TS,TSA,8a636c57-af59-4690-b3a6-0f4f4bb0951f,TCGA-AR-A0TY-01A-01-TSA.44dd02fc-5205-42df-ae58-0686e1355bdc.svs,201374215,ee2321d120aabddad173a609e84204a7,released,LumB,102.0,reserve
TCGA-BH-A0HU,TCGA-BH-A0HU-01A,01,BS,BSA,59ccc387-f988-4842-a99e-a5b1ac50a395,TCGA-BH-A0HU-01A-01-BSA.24d5d604-52a8-45ef-9295-c69fa1e54ebd.svs,606688399,7c8b65fc2e078a69342140c0aa65fd4f,released,LumB,103.0,reserve
TCGA-BH-A0HU,TCGA-BH-A0HU-01Z,01,DX,DX1,07610b04-f505-419b-95ec-1789f1869a3a,TCGA-BH-A0HU-01Z-00-DX1.73B38904-E4F8-4F45-BD75-A27EC833B6DE.svs,999267741,ace63dbdf3eef5ad14ccc2d91aa95937,released,LumB,103.0,reserve
TCGA-BH-A0HU,TCGA-BH-A0HU-01A,01,TS,TSA,09f954a7-0af6-487c-a096-6cff0d434785,TCGA-BH-A0HU-01A-01-TSA.2ff65f66-42b5-40fc-9ce8-d9ab4aa4bea5.svs,398025339,980405d15f95a711b6607c730b1d1039,released,LumB,103.0,reserve
TCGA-A8-A09W,TCGA-A8-A09W-01A,01,BS,BS1,d913b878-453a-4feb-a211-df2e45d5a198,TCGA-A8-A09W-01A-01-BS1.35bdda00-d682-4d57-8ce9-d1e7234b0db8.svs,329598949,2ae533f45d85c864a39d361f91716549,released,LumB,104.0,reserve
TCGA-A8-A09W,TCGA-A8-A09W-01Z,01,DX,DX1,a0a19584-3a8a-4005-b050-fb31ee60737d,TCGA-A8-A09W-01Z-00-DX1.BF33B0F9-5786-4682-B59E-DCBD33D7BB03.svs,615585412,0f592851e72f821542ceda19b5f68e80,released,LumB,104.0,reserve
TCGA-A8-A09W,TCGA-A8-A09W-01A,01,TS,TS1,b7d1a54b-07b3-454a-9377-e47f5d77818a,TCGA-A8-A09W-01A-01-TS1.98c12c3a-dc1b-4e28-b3ce-89c5ad01c8bc.svs,428795329,de0d1569c8ab54beb28b9dde4d0ca403,released,LumB,104.0,reserve
TCGA-BH-A18L,TCGA-BH-A18L-01Z,01,DX,DX1,2ae5daac-3005-4644-99dd-76de79ce72c2,TCGA-BH-A18L-01Z-00-DX1.01D6E3EF-6857-4CC6-BEA1-0BBC1A0B728F.svs,1331105055,abb90b0128130fb099cd0e30f4acd9a5,released,LumB,105.0,reserve
TCGA-BH-A18L,TCGA-BH-A18L-01A,01,TS,TSC,d2ee2ec6-aafa-4d25-aa8b-9e9f4c7df6a7,TCGA-BH-A18L-01A-03-TSC.6bf9df68-0928-475d-89d6-2d92223306f7.svs,271237161,e24bdb39d48802e9754dde40645485cc,released,LumB,105.0,reserve
TCGA-C8-A12M,TCGA-C8-A12M-01A,01,BS,BSA,bc0d90b0-303d-4746-a3c7-cd97cc339680,TCGA-C8-A12M-01A-01-BSA.571f82b7-891b-45bd-a660-96e03d403705.svs,434616395,4c5a82f4ae7398df55030c134accfb1e,released,LumB,106.0,reserve
TCGA-C8-A12M,TCGA-C8-A12M-01Z,01,DX,DX1,7fae3714-bbff-4d1d-870b-aba42219f4d5,TCGA-C8-A12M-01Z-00-DX1.0C5F2DED-873F-4C86-97A2-2AA76A6236DF.svs,882669937,027fd20bc19e0a06f8cb6aca3ae82744,released,LumB,106.0,reserve
TCGA-C8-A12M,TCGA-C8-A12M-01A,01,TS,TSA,1e1e5a19-6e53-4995-ba4e-60d12e61a282,TCGA-C8-A12M-01A-01-TSA.67d655a2-1838-4590-b72f-9853dc06d757.svs,289356395,88f1dd172e32f6e75916f8e178debb4a,released,LumB,106.0,reserve
TCGA-D8-A1Y3,TCGA-D8-A1Y3-01Z,01,DX,DX1,53a88121-c395-4485-9f88-588272522f0c,TCGA-D8-A1Y3-01Z-00-DX1.8AA5F695-A06C-4DEA-AD71-16254A48B218.svs,1257315305,556952d6f44511b605c598356346a5c3,released,LumB,107.0,reserve
TCGA-D8-A1Y3,TCGA-D8-A1Y3-01Z,01,DX,DX2,cd52f83a-2d20-4ee3-991b-fe3bd40384f7,TCGA-D8-A1Y3-01Z-00-DX2.B9BD14AF-52A6-4241-B3B3-03F8F5DFC8DA.svs,1936593579,146f3b842b06bd5071e0678e822102d8,released,LumB,107.0,reserve
TCGA-D8-A1Y3,TCGA-D8-A1Y3-01A,01,TS,TS1,5c385e08-0779-45c4-9c29-65a05bda7c5e,TCGA-D8-A1Y3-01A-01-TS1.a7b0b267-a323-4f17-ba7c-34ccfcf936e4.svs,311211537,18f6b955ec22a2b31141b026be48baeb,released,LumB,107.0,reserve
TCGA-EW-A1OY,TCGA-EW-A1OY-01Z,01,DX,DX1,00e926c5-d65d-42e5-8ba4-afaab66db47c,TCGA-EW-A1OY-01Z-00-DX1.42AF5C9A-A90F-4A58-B5D4-B615F8CD4333.svs,1691494753,dbb9edd8528f25bbcaaee907b1b1ab68,released,LumB,108.0,reserve
TCGA-EW-A1OY,TCGA-EW-A1OY-01A,01,TS,TSA,9d2c2d48-8600-4f44-9ef6-94c8db5cc33d,TCGA-EW-A1OY-01A-01-TSA.fbfe2eb7-225f-451f-8554-a2001180f142.svs,276712723,a067ab24e89e2640c0cede5d9185c6ec,released,LumB,108.0,reserve
TCGA-GM-A2DO,TCGA-GM-A2DO-01Z,01,DX,DX1,76d7e670-26f0-4e30-97a9-09d219e90dca,TCGA-GM-A2DO-01Z-00-DX1.60817A51-93B7-483D-ABC9-8ED6341C6660.svs,673930081,1d5df40f58634548f70588ccaea3af52,released,LumB,109.0,reserve
TCGA-GM-A2DO,TCGA-GM-A2DO-01A,01,TS,TSA,721241d2-f839-42cb-be50-8a73efd501b7,TCGA-GM-A2DO-01A-01-TSA.7DC927D1-16BB-4AE0-91A6-B73CD8F64C53.svs,104746123,aa0907396ad66dd00cc49087df4b12bb,released,LumB,109.0,reserve
TCGA-A2-A0CW,TCGA-A2-A0CW-01A,01,BS,BSB,ef4436b6-9aec-4c81-98b3-5beb6536217a,TCGA-A2-A0CW-01A-02-BSB.e5c24b99-3704-46cf-b097-a9834d81c169.svs,347614037,38cbb75df5690f8fdb69cae23b76b413,released,LumB,110.0,reserve
TCGA-A2-A0CW,TCGA-A2-A0CW-01Z,01,DX,DX1,f8e3fd86-6049-498b-b6c7-222541de66e7,TCGA-A2-A0CW-01Z-00-DX1.8E313A22-B0E8-44CF-ADEA-8BF29BA23FFE.svs,667279677,db1db855e362435047b6f4bab3cd47df,released,LumB,110.0,reserve
TCGA-A2-A0CW,TCGA-A2-A0CW-01A,01,TS,TSB,92044b9e-e1d2-4023-aee1-fffeae1fe683,TCGA-A2-A0CW-01A-02-TSB.8bc46f2e-400f-4de8-aa07-9c632cea132f.svs,449461723,13d4206ccef443e8786c5a1918aadbe4,released,LumB,110.0,reserve
TCGA-C8-A1HM,TCGA-C8-A1HM-01Z,01,DX,DX1,a3e9a779-c21a-464b-8423-576dedc41aa1,TCGA-C8-A1HM-01Z-00-DX1.F93C3F56-3AA6-4D38-B51E-4694CBEA3830.svs,591939703,6cb9ca0e767657e07520fd3f81d8a8b2,released,LumB,111.0,reserve
TCGA-C8-A1HM,TCGA-C8-A1HM-01A,01,TS,TSA,ab3f8e69-1c4b-463f-ae5a-c3e7ff9f3933,TCGA-C8-A1HM-01A-01-TSA.8a4cc75b-80ec-45e3-8b1a-a5e66aea10b5.svs,125970525,6972a86d41042675248d5662c97603df,released,LumB,111.0,reserve
TCGA-A2-A04Y,TCGA-A2-A04Y-01A,01,BS,BS2,0720908f-15c2-4fcc-b04b-8543773d5a83,TCGA-A2-A04Y-01A-02-BS2.0fd3867e-c47f-471c-b946-25b244d8c0e8.svs,318554652,e2caf1ae37d54c5337ce6848c9721979,released,LumB,112.0,reserve
TCGA-A2-A04Y,TCGA-A2-A04Y-01Z,01,DX,DX1,f935cbf5-2afc-4baa-8bf8-c77c0c7d76ed,TCGA-A2-A04Y-01Z-00-DX1.4DC97AD6-4806-4A3A-A998-FD36F93590A4.svs,534447883,ab9247aa60430c29eecd9070a7ca2158,released,LumB,112.0,reserve
TCGA-AO-A03O,TCGA-AO-A03O-01A,01,BS,BS1,9890368b-05a4-452b-971b-78c59f8d9f2c,TCGA-AO-A03O-01A-01-BS1.8b349194-04c1-4a85-947c-9397d5267823.svs,212881992,db0f7a1d540c97c4eb00bcda031231b5,released,LumB,113.0,reserve
TCGA-AO-A03O,TCGA-AO-A03O-01Z,01,DX,DX1,e950eb65-34a4-4ded-bbed-88454bfad110,TCGA-AO-A03O-01Z-00-DX1.054BBC89-69F4-4311-814D-E343472CD2C0.svs,707922860,2dc1a31c6a7a3a16a1bd0bea684b8eeb,released,LumB,113.0,reserve
TCGA-AO-A03O,TCGA-AO-A03O-01A,01,TS,TS1,d363e3fe-c1e6-4dc9-b5fe-34ec5571b1d7,TCGA-AO-A03O-01A-01-TS1.dbeaa688-64e0-48ce-bd9a-cfba3407bca6.svs,145121374,ccc68f349ae988018ad4f4018cff4b79,released,LumB,113.0,reserve
TCGA-A2-A25C,TCGA-A2-A25C-01Z,01,DX,DX1,bc6cd9e3-a33c-40da-bc82-cf85d2d03106,TCGA-A2-A25C-01Z-00-DX1.F8E6044A-435E-42D5-94FF-C0F572F1ED99.svs,1197368677,93f35f9c6e88cb8e821493021d993abe,released,LumB,114.0,reserve
TCGA-A2-A25C,TCGA-A2-A25C-01A,01,TS,TSA,edc138ee-59c3-4777-9ddb-65d8f0852a7c,TCGA-A2-A25C-01A-01-TSA.e71b7275-0ac4-4d98-9f31-044c28153b39.svs,211056615,d9475eb2d687585326bdfe86955dfef8,released,LumB,114.0,reserve
TCGA-A2-A1G4,TCGA-A2-A1G4-01Z,01,DX,DX1,fde7b886-1909-4e13-b1f7-77bdca8c2042,TCGA-A2-A1G4-01Z-00-DX1.0274DF5B-5920-419A-B778-2F04D9C602F2.svs,1176072555,2c8649d69428ce89d55388a6fc4bf3b3,released,LumB,115.0,reserve
TCGA-A2-A1G4,TCGA-A2-A1G4-01A,01,TS,TSA,ab91bc04-09d1-455a-958b-cb7fcdc17e02,TCGA-A2-A1G4-01A-01-TSA.5d86407e-c67e-421b-8d36-330113e2205a.svs,448329487,842a05a8d4d438a2300be04a8d1d503b,released,LumB,115.0,reserve
TCGA-AR-A24Z,TCGA-AR-A24Z-01Z,01,DX,DX1,fb49bd4a-63e7-472d-9ff6-b297c46e43cf,TCGA-AR-A24Z-01Z-00-DX1.C88AFF18-A8E4-426A-BEA3-70566DE39C46.svs,269230337,73e674190bf155f11e843010bbd2aaf1,released,LumB,116.0,reserve
TCGA-AR-A24Z,TCGA-AR-A24Z-01A,01,TS,TSA,371a5da2-524d-4559-b88a-268936575fcf,TCGA-AR-A24Z-01A-01-TSA.c9c1b686-7092-4b76-9ce1-7c0fd0b2821f.svs,221150179,2bb31972dc011b311dcfe16f213a19c1,released,LumB,116.0,reserve
TCGA-A8-A09Q,TCGA-A8-A09Q-01A,01,BS,BS1,43bc0771-abb7-4b6c-9ff2-e3e7ab2d6909,TCGA-A8-A09Q-01A-01-BS1.4f8c6124-a269-4b1f-ab08-efc7806ca913.svs,243258873,4edcf664955cfbb2cffc86e1e7663277,released,LumB,117.0,reserve
TCGA-A8-A09Q,TCGA-A8-A09Q-01Z,01,DX,DX1,251336b9-396a-43c0-9277-e848a7d38f49,TCGA-A8-A09Q-01Z-00-DX1.C7240AFB-5971-4577-812C-A255C249001A.svs,428178144,decd4c92b97580b42dd091b8d8f49c19,released,LumB,117.0,reserve
TCGA-A8-A09Q,TCGA-A8-A09Q-01A,01,TS,TS1,8515f6c9-a30b-4900-929e-5c8819e5d25a,TCGA-A8-A09Q-01A-01-TS1.d65e2efa-2d03-4fc4-924c-a87a612ec8d1.svs,330381045,28545bbd8555e951600e04bacdc91c34,released,LumB,117.0,reserve
TCGA-D8-A1JI,TCGA-D8-A1JI-01Z,01,DX,DX1,20d99899-654b-40a6-bf98-66867bab88dc,TCGA-D8-A1JI-01Z-00-DX1.9BDB647F-EEAB-4235-BE44-A3815A48CCE0.svs,952166889,2d49f3df243680ed7feab1527e0bed9f,released,LumB,118.0,reserve
TCGA-D8-A1JI,TCGA-D8-A1JI-01Z,01,DX,DX2,976e041a-1344-44ac-8605-4b15168892fe,TCGA-D8-A1JI-01Z-00-DX2.E688E270-26C9-43EC-BC26-86BF8B74A31D.svs,989450795,05ea7f8530b85a761d9c258885305820,released,LumB,118.0,reserve
TCGA-D8-A1JI,TCGA-D8-A1JI-01A,01,TS,TS1,e8bfcf3c-9116-4efc-af21-948ee6c409ae,TCGA-D8-A1JI-01A-01-TS1.8f40c380-6de5-4352-9dc5-62a75d9ca763.svs,238173291,18176448d7a11309da62234311956e3c,released,LumB,118.0,reserve
TCGA-D8-A1X7,TCGA-D8-A1X7-01Z,01,DX,DX1,73de69d7-d37c-441f-a34b-b428f147a584,TCGA-D8-A1X7-01Z-00-DX1.3529AEED-2827-4D94-9A8B-32F116EE49D5.svs,732881467,8251346319d0b4c38bfc8cf4ac4cba1a,released,LumB,119.0,reserve
TCGA-D8-A1X7,TCGA-D8-A1X7-01Z,01,DX,DX2,58bb7ad0-8daf-49ee-9c35-b8e4a797f4ca,TCGA-D8-A1X7-01Z-00-DX2.F0631B8C-EB75-4995-8ED7-1A8972BE8997.svs,1557567115,7fdd2ea39a4859fb5eb2e95e2cb1ef75,released,LumB,119.0,reserve
TCGA-D8-A1X7,TCGA-D8-A1X7-01A,01,TS,TS1,ab0d4af9-27dd-47b5-ad56-418d6c9ef35b,TCGA-D8-A1X7-01A-01-TS1.79381377-01d0-4296-abec-b522c078559c.svs,130161631,af7b584a47d97b6a8e4c7f3619e85900,released,LumB,119.0,reserve
TCGA-AO-A1KP,TCGA-AO-A1KP-01Z,01,DX,DX1,740ca607-1ba6-4ba2-95c8-913cb5b071f6,TCGA-AO-A1KP-01Z-00-DX1.612442AB-24E2-489B-9838-7CEE82BCD605.svs,262825558,4a30be385b4977271be6c741253a2763,released,LumB,120.0,reserve
TCGA-AO-A1KP,TCGA-AO-A1KP-01A,01,TS,TSA,3c30dec1-3fbf-42bf-91a2-ff00a3e7b068,TCGA-AO-A1KP-01A-01-TSA.944cf99a-9e79-482d-b09c-3a140806e56f.svs,188737691,571a3d045417b618a49d74e343feb4fa,released,LumB,120.0,reserve
TCGA-E2-A14O,TCGA-E2-A14O-01Z,01,DX,DX1,eec31bb3-5538-4958-a1f7-6ee95728ecc2,TCGA-E2-A14O-01Z-00-DX1.432DB252-35D4-4B02-B0A7-39BF85A38F89.svs,907948133,c459206c5b19f1ce0f917d9cbb24aee3,released,LumB,121.0,reserve
TCGA-E2-A14O,TCGA-E2-A14O-01A,01,TS,TSC,7846cf1d-aab1-4e14-9f18-f5f7ca4a52bc,TCGA-E2-A14O-01A-03-TSC.710a66c3-f0a8-4c93-85e9-6fd9906ae5f9.svs,215065855,eea2c40199b7f711ebe4657c7b8fc585,released,LumB,121.0,reserve
TCGA-AO-A0J3,TCGA-AO-A0J3-01A,01,BS,BSA,3dc0efca-569a-47ea-ad5b-271c31329637,TCGA-AO-A0J3-01A-01-BSA.b1386e94-b116-4b67-a0f8-987217b20f7c.svs,244473503,6d9c5cb4e41b7728c77e0852dcac6c29,released,LumB,122.0,reserve
TCGA-AO-A0J3,TCGA-AO-A0J3-01Z,01,DX,DX1,ce3d8985-e19b-44c7-9576-98a93d5b0a0a,TCGA-AO-A0J3-01Z-00-DX1.8F28BFC8-D37E-425F-A9E3-4C23F083237C.svs,565780238,95e48f553b4b71dfe85521c272eb99ed,released,LumB,122.0,reserve
TCGA-AO-A0J3,TCGA-AO-A0J3-01A,01,TS,TSA,d4dffc42-0a67-4ee2-ac7e-b2944ec52d76,TCGA-AO-A0J3-01A-01-TSA.86832b75-652d-40a9-a29a-1638bcce1aef.svs,179169881,69f73d0e0bd69de8243d5a4e66234bb9,released,LumB,122.0,reserve
TCGA-C8-A12U,TCGA-C8-A12U-01A,01,BS,BSA,2d9711ea-7063-4669-8637-94954be4f649,TCGA-C8-A12U-01A-01-BSA.7c5796ff-ef35-4ced-8216-254cd8cbc271.svs,165728381,f21344baff2760b476170713f5ce19b2,released,LumB,123.0,reserve
TCGA-C8-A12U,TCGA-C8-A12U-01Z,01,DX,DX1,e2e311be-a900-4214-a604-0e65415444f2,TCGA-C8-A12U-01Z-00-DX1.8E90FC9F-630E-4611-A5D2-D6F11DBE81EF.svs,1657634449,9e840bfe35cb109dd049cdd3b7df9df0,released,LumB,123.0,reserve
TCGA-C8-A12U,TCGA-C8-A12U-01A,01,TS,TSA,ea169018-b479-412e-9cca-dfae087e5909,TCGA-C8-A12U-01A-01-TSA.46d73ab3-ab0b-4739-aabc-3a678d422419.svs,158041893,2766b975858ff611cd91afad04d890ff,released,LumB,123.0,reserve
TCGA-D8-A1Y1,TCGA-D8-A1Y1-01Z,01,DX,DX1,cef89fd8-7528-41c4-a667-8f69cd17d1fc,TCGA-D8-A1Y1-01Z-00-DX1.477390C8-2141-4ADD-813E-25220D2A71FC.svs,2281277477,507f7c1cdacb660ab5bbd939eebbd550,released,LumB,124.0,reserve
TCGA-D8-A1Y1,TCGA-D8-A1Y1-01Z,01,DX,DX2,6e9483cb-7b12-411d-87a8-83c40fcd90ed,TCGA-D8-A1Y1-01Z-00-DX2.B58DC955-F864-4E78-8B1A-8156E2F7D554.svs,1138205821,e050f1188bdc36a8ec9ab9f8f7393817,released,LumB,124.0,reserve
TCGA-D8-A1Y1,TCGA-D8-A1Y1-01A,01,TS,TS2,21ea6040-ad67-4cd2-88a2-3a1cc56b8a4c,TCGA-D8-A1Y1-01A-02-TS2.218a98c4-7528-4eb6-83d1-9866a80969d2.svs,331597291,5cb65e4dd6e790aef0baa9acb13b0605,released,LumB,124.0,reserve
TCGA-E2-A15S,TCGA-E2-A15S-01Z,01,DX,DX1,49580a56-de73-41dc-9b4a-51a672062f4e,TCGA-E2-A15S-01Z-00-DX1.77CFA95F-F1AE-41BD-BAF8-BCA6F0DFA3A3.svs,1216899155,21c88ff69a136a4f63d0a243000d9ea8,released,LumB,125.0,reserve
TCGA-E2-A15S,TCGA-E2-A15S-01A,01,TS,TSA,b4433a81-b4fb-4a44-8962-a53c123e120e,TCGA-E2-A15S-01A-01-TSA.99332ce7-e3ab-4891-a612-fa51b84869f8.svs,177178363,7d88a0af38ce7480cb376ea689f8c867,released,LumB,125.0,reserve
TCGA-A8-A07W,TCGA-A8-A07W-01A,01,BS,BSA,ca044f51-ce1a-433a-ae8d-8f90e382ba63,TCGA-A8-A07W-01A-01-BSA.0f13b36e-14b4-4e59-8800-2e8d86b08079.svs,350612995,c668110bb7e8f541392a7ac4c3d7e8a1,released,LumB,126.0,reserve
TCGA-A8-A07W,TCGA-A8-A07W-01Z,01,DX,DX1,a3119d3a-4666-4e42-a38f-14d6746a370c,TCGA-A8-A07W-01Z-00-DX1.5970CF33-D675-4AF4-800F-7182AA1A44A6.svs,986366394,d3be8161ba57856c5d2ec682ce161e08,released,LumB,126.0,reserve
TCGA-A8-A07W,TCGA-A8-A07W-01A,01,TS,TSA,7ccc5a5b-d3f1-46da-8540-d8fbb7c6c06e,TCGA-A8-A07W-01A-01-TSA.eae41004-b3f5-4528-9e95-cbda9ea764c1.svs,202677857,7ea438546a746b1678b75a71f49c5ec3,released,LumB,126.0,reserve
