gene,mean,total,tech,bio,p.value,FDR
A2M,1.38252383389679,1.6073974965303834,1.458612719159295,0.14878477737108842,0.3646832234354603,0.7545856809211063
AAMDC,0.20067518345099453,0.2759432441792751,0.2504593333814337,0.025483910797841403,0.365009043077543,0.7545856809211063
ABCA3,0.20741839697132392,0.2723942887191807,0.2586238796511245,0.01377040906805621,0.4283442983383132,0.7545856809211063
ABCA7,0.19908901014124816,0.29086840401696495,0.24853643605421705,0.04233196796274791,0.2817360424034532,0.7545856809211063
ABCF3,0.38258610022766115,0.4218001048246062,0.4651168144076311,-0.04331670958302486,0.6239502352644609,0.7545856809211063
ABHD14A,0.11874163045267153,0.158910729215333,0.14994390145034264,0.00896682776499036,0.4196347232188069,0.7545856809211063
ABHD4,0.11137356882606518,0.13519203206497327,0.1407859385979892,-0.0055939065330159465,0.55360076367389,0.7545856809211063
ACAA1,0.35708696121068434,0.4016531242728972,0.43570829597688276,-0.03405517170398559,0.6045327223422223,0.7545856809211063
ACER3,0.08134322191556674,0.11529562800012885,0.10304785808557931,0.012247769914549539,0.3434294067782524,0.7545856809211063
ACTR3B,0.0439296982227915,0.051337364273231045,0.05571634154398683,-0.004378977270755785,0.6050991117222538,0.7545856809211063
ADAM15,1.7023931068686802,2.1084442079816625,1.7325279712402948,0.37591623674136776,0.23089063067425686,0.7545856809211063
ADCY3,0.07954056765898646,0.10259831784789748,0.10076986775819761,0.0018284500896998679,0.47546385256314827,0.7545856809211063
ADI1,0.5888395370863907,0.6060423354301006,0.6952514583585433,-0.08920912292844274,0.6682900709722325,0.7545856809211063
AEBP1,2.2139381395163045,2.1783449047603107,2.0545358397714724,0.12380906498883837,0.41902491711804646,0.7545856809211063
AES,2.0255164391974554,1.226110964475826,1.911815644625294,-0.6857046801494682,0.8881011162259882,0.8913111202605399
AGAP2,0.11140241392519193,0.14540087388560227,0.14082182964206558,0.004579044243536695,0.4560910353972168,0.7545856809211063
AGO2,0.13142153956885153,0.1398530446161758,0.16565827213858808,-0.025805227522412294,0.7013679039893471,0.7545856809211063
AGPAT2,0.9720503807007627,1.0393325347565867,1.0841426823934222,-0.04481014763683544,0.5557438972659046,0.7545856809211063
AGR2,0.4765093825221535,0.7203266932663338,0.5716514573252593,0.14867523594107446,0.18885727155423546,0.7545856809211063
AHCY,0.35516892302839287,0.37255719942112336,0.4334874648155644,-0.06093026539444102,0.6832235834529452,0.7545856809211063
AKAP9,0.33458328392238457,0.4157628388897559,0.40957571796038883,0.006187120929367074,0.47956886709850777,0.7545856809211063
AKR1A1,0.7642948208067714,0.9093442675050046,0.8776001687794832,0.03174409872552142,0.451179077334632,0.7545856809211063
AKT1S1,0.8737044333730111,0.871212732174136,0.9865142287686429,-0.11530149659450695,0.6541003699607673,0.7545856809211063
ALDH16A1,0.30388118680573317,0.3846284435254289,0.3736468372243862,0.010981606301042723,0.4602978695966879,0.7545856809211063
ALG3,0.4036022402891351,0.4816620902615471,0.4891964730130681,-0.007534382751521018,0.5208302703469229,0.7545856809211063
ANGPTL4,0.3242412507360999,0.6829164347761507,0.39750887813549307,0.28540755664065764,0.007441554667728495,0.7545856809211063
ANKLE2,0.2867598415969896,0.3457473361259399,0.3534701495261137,-0.0077228134001738336,0.5295361229264476,0.7545856809211063
ANKRD12,0.18659415439752755,0.2745544790672785,0.23335750209163025,0.041196976975648225,0.2746624429901895,0.7545856809211063
ANKRD28,0.07261117573084523,0.08172345811713833,0.09201090282849399,-0.010287444711355662,0.647736110846367,0.7545856809211063
ANLN,0.07448368266387187,0.08066044151298768,0.09437818246212344,-0.013717740949135762,0.6889864978365883,0.7545856809211063
ANO10,0.13314607539764864,0.1530919100690352,0.16779102906821747,-0.014699118999182276,0.6168148081982332,0.7545856809211063
AP5B1,0.09854422520208853,0.13692827937465435,0.12477166928949024,0.01215661008516411,0.3705274820456668,0.7545856809211063
AP5Z1,0.26812657259182476,0.32421672625652975,0.33139573453022747,-0.007179008273697718,0.5292856554492995,0.7545856809211063
APBA2,0.11708034781465569,0.1458043114744956,0.14788075346659696,-0.0020764419921013577,0.518992058060086,0.7545856809211063
APBB2,0.08370375463865061,0.10059651430932605,0.10603044497679874,-0.005433930667472692,0.5689968075972305,0.7545856809211063
APOBEC3G,0.09541207976805083,0.12618622746342636,0.12081769584845128,0.005368531614975081,0.4401021254488659,0.7545856809211063
APOC1,2.020914414600347,2.0180294884712637,1.910802556502689,0.1072269319685748,0.4245254835667214,0.7545856809211063
AQP1,0.4292234878270294,0.6404010781319456,0.518361911476459,0.12203916665548653,0.21228529726088372,0.7545856809211063
ARF5,0.12351821016047979,0.1518636308496724,0.15587041048778366,-0.004006779638111274,0.5347384043049069,0.7545856809211063
ARF6,0.2474058997219491,0.250452694271611,0.3067049535756209,-0.0562522593040099,0.7330510810862301,0.7604377964443706
ARFGEF2,0.07974169131251431,0.09960925753126995,0.10102403774585618,-0.0014147802145862282,0.5189421380900457,0.7545856809211063
ARHGAP10,0.09902727534008827,0.13760998659966822,0.12538139586315847,0.012228590736509753,0.3703989985251847,0.7545856809211063
ARHGAP4,0.36045728343554306,0.5018910597769908,0.4396076353441362,0.06228342443285456,0.3154234372532805,0.7545856809211063
ARHGAP45,0.37915249073612733,0.5216677307198895,0.4611691448749323,0.06049858584495715,0.3281810068884855,0.7545856809211063
ARHGAP5,0.08584996482567418,0.10356464867844703,0.10874184956500213,-0.0051772008865551,0.5641419553852325,0.7545856809211063
ARHGEF10L,0.1152370337057606,0.13879020785907462,0.14559035757278468,-0.006800149713710069,0.5629361828772546,0.7545856809211063
ARHGEF3,0.1255911312355727,0.1300875573731744,0.15843977788935432,-0.028352220516179916,0.7280523387585405,0.7580844977323302
ARHGEF40,0.10966076171629813,0.1462880261692194,0.1386542204931131,0.007633805676106303,0.4259341662554071,0.7545856809211063
ARID1B,0.2213199922086025,0.2838123546020723,0.27540405280245933,0.008408301799612994,0.4587626837556106,0.7545856809211063
ARID3A,0.10605514799839648,0.1381772473070922,0.13416337600321346,0.00401387130387873,0.4595877802958127,0.7545856809211063
ARID4A,0.08916846538360927,0.12387635608471775,0.11293354774495713,0.01094280833976062,0.37121294515236747,0.7545856809211063
ARID5A,0.5984418812095867,0.8624053823800341,0.7055520777901153,0.15685330458991875,0.22541876823664997,0.7545856809211063
ARID5B,0.1297392744123575,0.1619522059854965,0.16357677747523205,-0.001624571489735549,0.5134357859999389,0.7545856809211063
ARNT,0.1304124467583237,0.15069196236597343,0.1644098250812539,-0.013717862715280471,0.6114091354965435,0.7545856809211063
ASCL2,0.20164069105225388,0.2353714427350909,0.25162936155269267,-0.016257918817601774,0.5867294909267171,0.7545856809211063
ASH2L,0.13630303240334252,0.15253415738882958,0.1716924967377875,-0.019158339348957915,0.6474570103626709,0.7545856809211063
ASL,0.23508430111247325,0.3078120903383236,0.2919503134454434,0.015861776892880153,0.42689978986822963,0.7545856809211063
ASMTL,0.2953319644740731,0.3822768612141456,0.36358466771098275,0.01869219350316287,0.43078720333734805,0.7545856809211063
ASNA1,0.9024316055527609,0.8746539035601227,1.0153700525714866,-0.14071614901136387,0.6808378357791001,0.7545856809211063
ASNS,0.13441768474332483,0.16911025533698965,0.16936297150549373,-2.5271616850408574e-4,0.5020190205185072,0.7545856809211063
ATAD1,0.08813428730024214,0.09211700557041955,0.11162733919912411,-0.019510333628704565,0.7233442708730359,0.7580844977323302
ATF6B,0.13508188067971144,0.15919463713581958,0.170183808410945,-0.010989171275125414,0.5866790116247441,0.7545856809211063
ATG12,0.15449267159213204,0.18247362576394296,0.19410156904839185,-0.011627943284448883,0.5805048132488408,0.7545856809211063
ATG16L2,0.10864314376797028,0.1406278849824987,0.1373872275086365,0.0032406574738622074,0.4681175481749966,0.7545856809211063
ATL2,0.08412773197175745,0.09698459327833993,0.10656610350680773,-0.009581510228467802,0.6197990063142595,0.7545856809211063
ATP5H,0.3501058819026442,0.41940953509551826,0.42761950417095057,-0.00820996907543231,0.5259600304113877,0.7545856809211063
ATP5O,0.6707733621679595,0.7154704221173487,0.7822017304605894,-0.0667313083432407,0.6138445838911062,0.7545856809211063
ATP6AP1,1.6186410761738308,1.4573049524491635,1.6659178298365536,-0.2086128773873901,0.6644805904961986,0.7545856809211063
ATP6V0D1,0.645762829527692,0.7554909932905501,0.755846908357524,-3.5591506697385533e-4,0.5006371480680739,0.7545856809211063
AURKAIP1,0.82665851341419,0.8554280252986195,0.9397888113141935,-0.08436078601557395,0.6196107511083353,0.7545856809211063
AVEN,0.07847557063861176,0.09303450092484006,0.09942392480827311,-0.006389423883433054,0.5862721987818224,0.7545856809211063
BABAM1,0.5180073901349346,0.542346238492201,0.6178461497550517,-0.07549991126285072,0.6607318722332216,0.7545856809211063
BAD,0.9126754499334165,0.8969759087384713,1.0255016347657713,-0.12852572602729995,0.6646111760605922,0.7545856809211063
BAG1,0.5078040542886707,0.5684158362994027,0.6065386265415904,-0.038122790242187676,0.5844062789203687,0.7545856809211063
BAIAP3,0.0892334336577995,0.11223611971605342,0.11301560247958589,-7.794827635324714e-4,0.5093316088406324,0.7545856809211063
BCAM,0.5533054553290732,0.628412793296923,0.6566891101827077,-0.02827631688578469,0.5580563098446788,0.7545856809211063
BCL2,0.057247499032660056,0.08389725282311364,0.07257723698538553,0.011320015837728112,0.2983989694743444,0.7545856809211063
BCL2L12,0.15314186130100668,0.1861390882446512,0.19244154358207294,-0.006302455337421742,0.5442228391331548,0.7545856809211063
BGN,1.8935449341806532,1.8046152377360138,1.8851546840968523,-0.08053944636083843,0.5576065646307211,0.7545856809211063
BICDL1,0.07843000044299123,0.09406021784015653,0.09936633121337546,-0.005306113373218929,0.5718614765340924,0.7545856809211063
BIN3,0.2437977143619621,0.29474004840269574,0.3023898974934589,-0.007649849090763161,0.5341885735614256,0.7545856809211063
BIRC2,0.2087021444539344,0.24951983797965283,0.2601763436416324,-0.010656505661979565,0.5552433415639767,0.7545856809211063
BIRC5,0.34417669132290335,0.38300069027909384,0.42073685140430966,-0.03773616112521583,0.6195138150137225,0.7545856809211063
BLVRA,0.2572368441105032,0.2916215879214631,0.3184384451954546,-0.026816857273991523,0.6124183623644608,0.7545856809211063
BOK,0.5101240183892358,0.5901278552449064,0.6091126018907633,-0.01898474664585692,0.5420946562741985,0.7545856809211063
BOLA3,0.0874093126460185,0.10277423605783924,0.1107116168293986,-0.007937380771559366,0.5960614085616054,0.7545856809211063
BRD9,0.3336577690754418,0.381266022108766,0.4084973010799102,-0.027231278971144246,0.5894374169843094,0.7545856809211063
BRF1,0.3850455832790423,0.4364674155764346,0.46794213641342036,-0.03147472083698577,0.5902284909202423,0.7545856809211063
BRF2,0.24314564316045956,0.3217179572769879,0.30160957909465996,0.020108378182327913,0.41055183905468645,0.7545856809211063
BRK1,0.5206642582427103,0.5568986425075376,0.6207849300441021,-0.06388628753656445,0.6364731484970104,0.7545856809211063
BRPF1,0.08243870808440436,0.09753524943182992,0.10443208440504438,-0.006896834973214458,0.5886185042949131,0.7545856809211063
BSG,1.7236629792618192,1.310243645324491,1.7486893300987112,-0.4384456847742202,0.8024474595395898,0.8121977324380053
BST2,1.9441016733482184,1.9908251554671688,1.9024929943449853,0.08833216112218345,0.4374349503005796,0.7545856809211063
BTG1,0.7508079850860196,0.8092778379126433,0.864040984360875,-0.05476314644823166,0.5851035171171017,0.7545856809211063
C10orf10,0.18847773665071887,0.2972296434212776,0.23564932354664841,0.0615803198746292,0.18772082536571977,0.7545856809211063
C10orf54,0.39977254449817684,0.5429682270689897,0.4848189339801676,0.05814929308882211,0.34207679665948376,0.7545856809211063
C12orf45,0.17817762102323553,0.20940670046993873,0.2231012305990393,-0.013694530129100574,0.5824603022498807,0.7545856809211063
C15orf61,0.08264694950638277,0.09314807222084882,0.10469520186986633,-0.01154712964901751,0.6458278352089615,0.7545856809211063
C19orf24,0.4787401284784908,0.5852930107322394,0.5741483095182354,0.011144701214004016,0.4737542660852951,0.7545856809211063
C19orf52,0.12743564657334758,0.16379487430004952,0.16072476002803116,0.003070114272018365,0.4741716867415458,0.7545856809211063
C19orf60,0.5453616009058234,0.6723294769816628,0.6479871758833226,0.024342301098340235,0.44930682943206113,0.7545856809211063
C1QB,1.5048911459515872,1.5665343393072149,1.5652027591913864,0.0013315801158284568,0.4988488706776832,0.7545856809211063
C1R,0.8855274712166683,1.079050475753099,0.9984043214571924,0.0806461542959066,0.39205573918803194,0.7545856809211063
C1S,0.38384872919443547,0.4885997898229674,0.4665675100244045,0.022032279798562926,0.436376234648394,0.7545856809211063
C1orf216,0.09414150274195388,0.12454621085885759,0.11921351842501272,0.005332692433844863,0.4397044209935732,0.7545856809211063
C2,0.22847400138930743,0.29774267048178704,0.2840124380564898,0.01373023242529725,0.43487825870684244,0.7545856809211063
C2CD2L,0.1815404048174267,0.1959672125344957,0.2272021364932067,-0.031234923958710997,0.6794921506623178,0.7545856809211063
C3,1.992715319384473,2.2417811563512844,1.9020841656539376,0.3396969906973468,0.27234663926940605,0.7545856809211063
C4orf48,1.3794088076652478,1.3847906500458431,1.4559560284266124,-0.0711653783807693,0.565835907146059,0.7545856809211063
C5orf38,0.20870858630767095,0.26338514685267755,0.2601841324449133,0.003201014407764269,0.48335787320085205,0.7545856809211063
C6orf136,0.09533479034039608,0.10676054771572341,0.12072011707704629,-0.01395956936132288,0.6525456922396289,0.7545856809211063
C6orf48,0.26874566589901966,0.3159134544876858,0.332131116434598,-0.016217661946912154,0.5657695737271227,0.7545856809211063
CADM4,0.4696367553330203,0.5271054020277095,0.5639492429119259,-0.03684384088421644,0.5876820121593808,0.7545856809211063
CALML5,1.8522815837114597,4.3751446340959665,1.8518217441775657,2.5233228899184006,1.9040317141944486e-6,5.286861393079919e-4
CAMTA2,0.1546515027973643,0.1925496413130315,0.19429671485381103,-0.0017470735407795202,0.512164840898331,0.7545856809211063
CAPG,1.0154717206858186,1.168321977859628,1.12646190208927,0.041860075770357996,0.44985092743724253,0.7545856809211063
CARS2,0.3449933177721722,0.47338581633212484,0.42168550622207307,0.05170031011005177,0.3387648856196761,0.7545856809211063
CBLC,0.18610631191440113,0.23260141649572097,0.23276372176533772,-1.6230526961674707e-4,0.5009435066070007,0.7545856809211063
CCDC106,0.189360449535235,0.19671643356236596,0.23672291899742762,-0.04000648543506166,0.716746192477452,0.7573434676069578
CCDC167,0.5271882023354522,0.6702742005507193,0.6279910206072321,0.04228317994348718,0.4096807125593158,0.7545856809211063
CCDC57,0.3509861592418208,0.42815741978740873,0.4286403575310057,-4.829377435969784e-4,0.5015244916711596,0.7545856809211063
CCDC80,0.23086060152002577,0.3657148244297352,0.28688016769664054,0.07883465673309464,0.17565789331270698,0.7545856809211063
CCDC88B,0.23600372875474174,0.3632057133062894,0.29305316331998266,0.07015254998630677,0.20841782159469507,0.7545856809211063
CCL19,0.4283602187467458,0.8526811378105664,0.5173825404107433,0.33529859739982315,0.013972707052379739,0.7545856809211063
CCL2,0.19161254437787975,0.2901222761011342,0.2394606845517489,0.05066159154938532,0.23651210021722233,0.7545856809211063
CCL21,0.2034083166564991,0.36952851894345745,0.25377051466461464,0.11575800427884281,0.06091551266159297,0.7545856809211063
CCM2,0.606040914908722,0.6282513848790536,0.7136481490816834,-0.08539676420262976,0.6575769138687871,0.7545856809211063
CCNB1,0.14102597417229665,0.1468708534633105,0.17752253774921495,-0.03065168428590445,0.7209358628645649,0.7580844977323302
CCNB1IP1,0.17700326262857902,0.2152421155694709,0.22166814842915164,-0.0064260328596807414,0.5391623156360891,0.7545856809211063
CCNE1,0.15603568551451427,0.22565814862910272,0.19599699348217578,0.029661155146926937,0.3038767995873936,0.7545856809211063
CCNE2,0.17378802116007422,0.17256894848671028,0.21774194902115285,-0.045173000534442564,0.7591736574308046,0.7740411953976257
CCS,0.3985245679137467,0.4875519650404619,0.48339152942163205,0.004160435618829839,0.4883558949275625,0.7545856809211063
CCT4,0.5623270116436804,0.6173362137633387,0.6665394795026317,-0.04920326573929301,0.5988502151108576,0.7545856809211063
CD14,0.9684830991192049,1.0927433911892583,1.0806520297917284,0.012091361397529976,0.4848639303299771,0.7545856809211063
CD320,0.40176960562836184,0.47824689123007924,0.48710229043264763,-0.008855399202568393,0.5245833388353154,0.7545856809211063
CD3D,0.17655489394431256,0.29363992080341594,0.22112085583526908,0.07251906496814686,0.1329944043384791,0.7545856809211063
CD4,0.18607144533698264,0.2698648431630364,0.23272128047632937,0.037143562686707016,0.29413864682249347,0.7545856809211063
CD52,0.7983226598151748,1.161542805241755,0.9117218243774594,0.2498209808642955,0.1763509763327258,0.7545856809211063
CD68,0.9231851210616394,1.0260143127570711,1.0358638678580219,-0.009849555100950758,0.5128637228482255,0.7545856809211063
CD74,2.771238401293635,2.0128445758463895,3.2374022742685837,-1.2245576984221942,0.9002404478061161,0.9024070914831465
CD79A,0.2861783390244403,0.4393847313800781,0.3527830908386391,0.08660164054143898,0.20253522885409722,0.7545856809211063
CDC20,0.47473227267135076,0.583598991355424,0.569661201496438,0.013937789858986083,0.46693206538348914,0.7545856809211063
CDC6,0.11203251873330416,0.1197797761795389,0.14160575423966504,-0.021825978060126136,0.6994328878568075,0.7545856809211063
CDH11,0.09509807159648749,0.11304481009811664,0.1204212540774024,-0.00737644397928576,0.5822918024363766,0.7545856809211063
CDH3,0.0878470997133632,0.12376323742350773,0.11126459478028766,0.012498642643220065,0.35160200124540253,0.7545856809211063
CDK5RAP1,0.19611735219852144,0.2744111392499753,0.24493153441453727,0.029479604835438017,0.34155586465790283,0.7545856809211063
CENPF,0.11149552967634711,0.1232571443023255,0.14093768862093844,-0.017680544318612948,0.6647592046022833,0.7545856809211063
CEP250,0.11459701416616463,0.14045659774454922,0.1447948254403307,-0.004338227695781488,0.5404706685607886,0.7545856809211063
CEP55,0.04335916180000704,0.04027308004269061,0.05499370538708803,-0.014720625344397421,0.8180307253855946,0.8249631891600488
CERCAM,0.33500556044263335,0.42274614461944404,0.41006765976814447,0.012678484851299576,0.458241539436382,0.7545856809211063
CERS5,0.22300522744430804,0.2750354443013143,0.27743353649928104,-0.002398092197966717,0.5116942596234599,0.7545856809211063
CES2,0.14363961402130018,0.19961802260809744,0.18074532214724867,0.018872700460848768,0.36161394153468773,0.7545856809211063
CFAP36,0.08562946278545526,0.10800813069158827,0.10846329606435715,-4.551653727688787e-4,0.5056780573749442,0.7545856809211063
CFDP1,0.10929541584300442,0.13025994450316117,0.13819938589605404,-0.007939441392892876,0.5772450534897694,0.7545856809211063
CGGBP1,0.20857679095997408,0.21738426556048515,0.2600247766254916,-0.042640511065006464,0.7109605850793871,0.7545856809211063
CHCHD6,0.19345984796789123,0.2659926588710819,0.2417050221803194,0.024287636690762532,0.366621771468147,0.7545856809211063
CHD1,0.137860129401399,0.16050164777700962,0.17361546692298263,-0.01311381914597301,0.601097151790501,0.7545856809211063
CHD6,0.16164721899122145,0.20438289492488948,0.2028829262645497,0.0014999686603397733,0.4899972550347059,0.7545856809211063
CHFR,0.17483195637707696,0.19921375113993986,0.2190171222414323,-0.01980337110149244,0.6204547919406612,0.7545856809211063
CHST11,0.07716834708005485,0.0899071028681351,0.09777173384772893,-0.007864630979593834,0.6075058459616063,0.7545856809211063
CIR1,0.09325217499557174,0.12082608309185923,0.11809061483270694,0.0027354682591522878,0.4686889440176376,0.7545856809211063
CLASRP,0.3949189339652379,0.48990148888495333,0.4792645560641434,0.010636932820809908,0.46999738395790536,0.7545856809211063
CLDN3,1.7712836909230256,1.8045905106830575,1.785964521035205,0.018625989647852448,0.48589139758418265,0.7545856809211063
CLDN4,1.3662741721257243,1.2123904532458216,1.4447734884129704,-0.23238303516714875,0.7073071897272423,0.7545856809211063
CLU,0.94270911041728,1.2650874601221285,1.055237752901451,0.20984970722067753,0.24999967927440694,0.7545856809211063
CNN2,0.9718925700725601,1.061923682158939,1.0839883327589843,-0.022064650600045255,0.5275204533253172,0.7545856809211063
COL14A1,0.1050597582045266,0.14778873200798748,0.13292276834679445,0.014865963661193027,0.3522232102716245,0.7545856809211063
COL3A1,1.5528342449525663,1.9642394835399561,1.6095622555418503,0.35467722799810586,0.2274160627835291,0.7545856809211063
COL4A1,0.5372461795606424,0.641223652357041,0.6390723108631546,0.002151341493886405,0.49544510951612963,0.7545856809211063
COL6A2,1.702972643941243,1.6743266129259509,1.73296987718298,-0.05864326425702915,0.5456880346951924,0.7545856809211063
COL8A2,0.09784809353810692,0.1095300591995208,0.12389294980683063,-0.01436289060730983,0.6529140172814318,0.7545856809211063
COMMD1,0.13555299921467132,0.16522716331156606,0.1707659207429144,-0.005538757431348351,0.5437989699307462,0.7545856809211063
COMP,0.9416077591901933,1.3233958167479423,1.0541517108154064,0.2692441059325359,0.1931668086319306,0.7545856809211063
COPS7A,0.2106876517096153,0.23700949053623574,0.26257631184302677,-0.025566821306791027,0.6293934088991057,0.7545856809211063
COQ4,0.44432012688274963,0.5443044390833774,0.535450615623438,0.008853823459939458,0.4776379381764365,0.7545856809211063
CORO1A,0.18182663741893842,0.26598574523536855,0.22755101121744895,0.03843473401791961,0.2833632386837913,0.7545856809211063
CORO1B,0.8435551955360426,0.852837836800428,0.9565737183342327,-0.10373588153380464,0.6434941170774148,0.7545856809211063
CORO2A,0.11093939099741568,0.12151241966198482,0.1402456693924818,-0.018733249730496962,0.6747419353579771,0.7545856809211063
CORO7,0.49316680899599197,0.5742744836908379,0.5902592482129644,-0.015984764522126493,0.5365915792738817,0.7545856809211063
COX5A,0.4498886297277333,0.5398762473563572,0.5417359014448078,-0.0018596540884505686,0.5046447544815791,0.7545856809211063
CPNE1,0.39493765676128206,0.4291104979954878,0.4792859972757598,-0.05017549928027204,0.6387317120847472,0.7545856809211063
CPSF1,0.2870413842634788,0.35553057533322885,0.35380275621984786,0.0017278191133809906,0.4933923774456824,0.7545856809211063
CPVL,0.16957147990929589,0.20829784012400976,0.21258740206353613,-0.004289561939526371,0.5272812667214358,0.7545856809211063
CRABP2,0.5851561571562066,0.8838732740604671,0.6912918059750884,0.19258146808537868,0.17236319067062633,0.7545856809211063
CRACR2B,0.8562552549405246,0.9544341612664653,0.969237150946879,-0.014802989680413714,0.5206563324880858,0.7545856809211063
CRELD2,0.2487347840960078,0.29159061216737175,0.308293020564154,-0.01670240839678222,0.5728962071218396,0.7545856809211063
CROCC,0.12068967114340437,0.13845110468465133,0.15236189381061102,-0.013910789125959694,0.6215924756498538,0.7545856809211063
CSF1,0.1383487264790276,0.1806944179430458,0.1742186933180274,0.006475724625018414,0.44983827740878773,0.7545856809211063
CSF1R,0.44268155548489774,0.6131484096126331,0.5335992048696283,0.07954920474300475,0.3065558411901268,0.7545856809211063
CTDSPL,0.3044759163247506,0.3462894738573864,0.37434587957067617,-0.028056405713289767,0.6003297882053896,0.7545856809211063
CTIF,0.29871135205550275,0.3724574594794049,0.3675651323976146,0.004892327081790271,0.4819963025095536,0.7545856809211063
CTSK,0.3331836319729558,0.4292374486190549,0.4079447186913061,0.021292729927748777,0.429742233549386,0.7545856809211063
CTU2,0.14143173695602465,0.1812526310062901,0.17802302788634525,0.003229603119944857,0.4754683350837118,0.7545856809211063
CUTC,0.07442847296185884,0.08348183767666813,0.09430838864949137,-0.010826550972823243,0.6514972012849759,0.7545856809211063
CUX1,0.31232529885146837,0.3479310984616747,0.3835605772800983,-0.0356294788184236,0.6236420043446239,0.7545856809211063
CX3CL1,0.36752268772630087,0.5512187324406205,0.4477697666972964,0.10344896574332407,0.21664012001291738,0.7545856809211063
CXCL10,0.2068643486950231,0.3117018566892783,0.2579536643091571,0.053748192380121185,0.23987392244684974,0.7545856809211063
CXXC5,0.9394999348929537,1.0681712659757552,1.0520722887317633,0.016098977243991897,0.4793040298259231,0.7545856809211063
CYP27A1,0.16857181852614023,0.23121875675039588,0.2113644084631784,0.019854348287217494,0.37501604971524144,0.7545856809211063
DAPK3,0.7400388788425559,0.7791079195128261,0.8532133569663533,-0.07410543745352716,0.6158444760519639,0.7545856809211063
DCAF6,0.1826671785490189,0.19201395040777933,0.22857533726700277,-0.036561386859223444,0.7062678957845193,0.7545856809211063
DCXR,0.6517367829265848,0.7070827007250285,0.7622104314680187,-0.055127730742990155,0.5968913431365218,0.7545856809211063
DDAH1,0.06826347278381278,0.07104211452245422,0.0865133397387481,-0.015471225216293877,0.727921950661305,0.7580844977323302
DDB2,0.11523112653179185,0.15455103499149153,0.1455830157294443,0.008968019262047239,0.4172508837685254,0.7545856809211063
DDIT3,0.10913501422581309,0.12184286046760862,0.1379996802228865,-0.016156819755277885,0.6543517477160052,0.7545856809211063
DDRGK1,0.49818918639141424,0.5723389536572592,0.5958526931068066,-0.023513739449547377,0.5532372581723188,0.7545856809211063
DDT,0.5393659788109785,0.6073730822774165,0.6414034074122474,-0.03403032513483095,0.5714042424116457,0.7545856809211063
DEAF1,0.2717101964609347,0.31887771293263173,0.33565062125421363,-0.016772908321581903,0.5672935824954922,0.7545856809211063
DENND1A,0.15926843141586683,0.19663882887940706,0.19996532588612942,-0.0033264970067223565,0.5224972837635592,0.7545856809211063
DERL3,0.4804724701115756,0.7185950498432152,0.5760863979744241,0.14250865186879114,0.20072944755609692,0.7545856809211063
DESI1,0.21368442796251486,0.23643150606570285,0.26619600217985184,-0.029764496114148997,0.6477454422444637,0.7545856809211063
DHX16,0.11975859130209002,0.14379130154211867,0.15120636466619933,-0.007415063124080662,0.5660501879233292,0.7545856809211063
DLG1,0.18014053290647183,0.2346544653717048,0.22549548364045055,0.009158981731254262,0.4452145266968493,0.7545856809211063
DMAP1,0.37380209182072327,0.4805523221614616,0.4550100541118242,0.025542268049637384,0.4244996560576235,0.7545856809211063
DNAJB2,0.7918039611980467,0.811940001735683,0.9052536393974313,-0.09331363766174827,0.6366870017072112,0.7545856809211063
DNAJC1,0.2959757139656296,0.3629039831924642,0.3643432249909302,-0.0014392417984659955,0.5053448816714821,0.7545856809211063
DNAJC7,0.5246586962179756,0.5711085158408084,0.6251987785557336,-0.05409026271492523,0.615406972669315,0.7545856809211063
DOCK6,0.24947842526933783,0.34340159652631497,0.3091814284285746,0.03422016809774037,0.35368393591868486,0.7545856809211063
DPH3,0.07524735285778049,0.08392580463099222,0.09534355796226059,-0.011417753331268363,0.6576909516405792,0.7545856809211063
DPM2,0.7316369115195256,0.7744368488056673,0.8447266380981256,-0.07028978929245833,0.6111141380794881,0.7545856809211063
DPP7,1.0318246468397465,1.0806802277375367,1.1422964058199252,-0.061616178082388506,0.5725816208556569,0.7545856809211063
DPP9,0.4770032417555185,0.5726358468799785,0.5722043681184374,4.314787615410376e-4,0.4989796813991984,0.7545856809211063
DPYSL3,0.41973921957319676,0.519877645281635,0.5075898082664149,0.012287837015220182,0.46728078919287824,0.7545856809211063
DVL1,0.23279047288002977,0.252012077103648,0.2891975745419818,-0.037185497438333825,0.6686218526185964,0.7545856809211063
EBAG9,0.08011113154453313,0.08585131667940259,0.10149090948116585,-0.01563959280176326,0.6993932999866587,0.7545856809211063
ECHDC2,0.2103258216275407,0.28012861970500835,0.26213905622190886,0.01798956348309949,0.40797419928008527,0.7545856809211063
ECM1,0.8799205894320006,1.151242577965082,0.9927662394629203,0.15847633850216158,0.2941085938063817,0.7545856809211063
EFEMP2,0.38862073218864557,0.5229014461085084,0.4720456560376743,0.05085579007083413,0.3574045950519247,0.7545856809211063
EFHD2,0.5793614263212203,0.6707491214243245,0.6850340283369051,-0.014284906912580553,0.5281923538205556,0.7545856809211063
EGFR,0.05744373157337076,0.07007877757231303,0.07282557089665063,-0.0027467933243376097,0.5508963748801669,0.7545856809211063
EIF1AD,0.11030012208509218,0.13113702871272068,0.13945007399244402,-0.008313045279723347,0.5801158468211125,0.7545856809211063
EIF3B,1.5889958072024801,1.2032525376234722,1.6414227091912845,-0.43817017156781235,0.8173731531777138,0.8249631891600488
EIF3F,0.25292467320692913,0.2971675421930299,0.31329597103168394,-0.016128428838654063,0.56930475857889,0.7545856809211063
EIF3G,0.8762781837802186,1.0797271395333208,0.989104062854702,0.0906230766786188,0.37799435247470503,0.7545856809211063
ELN,0.12469533171186908,0.1715840767175188,0.15732962886664878,0.014254447850870017,0.3793087892988826,0.7545856809211063
ELOF1,0.5066772800474569,0.5458138418262863,0.6052878598276732,-0.05947401800138685,0.630531008914783,0.7545856809211063
EMC3,0.2879910724770237,0.34481208141052294,0.35492448725632414,-0.010112405845801198,0.5384920493786882,0.7545856809211063
ENPP1,0.1295014890023169,0.155054784451346,0.1632824807956818,-0.008227696344335816,0.5678510541972004,0.7545856809211063
EPHB3,0.444401563628779,0.5385740266426396,0.5355426074366422,0.0030314192059974765,0.49234133076705355,0.7545856809211063
ERAL1,0.29814387349316857,0.3416082822451679,0.36689699685077937,-0.02528871460561144,0.5924206907547536,0.7545856809211063
ERBB2,4.400469398906374,2.7826428296204218,5.371602254040218,-2.5889594244197967,0.9489445333279153,0.9500850916612421
ERI3,0.7449874752353594,0.7589584658534042,0.8581931395634088,-0.0992346737100046,0.6525410333659523,0.7545856809211063
ERMP1,0.1633014126184962,0.1903269066974808,0.20491062395917484,-0.014583717261694024,0.5953740948049807,0.7545856809211063
ESR1,0.0606382063567302,0.09793299595259158,0.07686777774025719,0.021065218212334397,0.17632044530271637,0.7545856809211063
ETFB,1.0220769565115944,1.0600267164468051,1.132908775416437,-0.07288205896963196,0.5863611855888733,0.7545856809211063
EVA1B,0.8770451117262522,0.9570630328415822,0.9898754449244522,-0.03281241208287,0.544758082988116,0.7545856809211063
EXD3,0.12921002012203714,0.17045972279348945,0.16292171509831288,0.0075380076951765684,0.43765149103078543,0.7545856809211063
EXO1,0.044960484806399886,0.046134219379753184,0.05702186105673991,-0.010887641676986727,0.7413798631192573,0.761491277408559
EXOC5,0.13835510516506583,0.14355787456600633,0.17422656794279462,-0.030668693376788292,0.7247575608115625,0.7580844977323302
EXOSC1,0.153354953821895,0.1795184994299952,0.19270346595105733,-0.01318496652106213,0.5917557826689827,0.7545856809211063
EXOSC10,0.43521290480451014,0.5790234567072887,0.5251500655618192,0.05387339114546952,0.3639412720478414,0.7545856809211063
EXOSC2,0.10870476868533169,0.14259600418882948,0.13746396448210893,0.005132039706720548,0.44961864588673955,0.7545856809211063
EZH2,0.10494469262284237,0.1170919270960632,0.13277933234403166,-0.015687405247968467,0.6556860336182273,0.7545856809211063
FAAH,0.17725353209895106,0.2187393524517388,0.22197360405100433,-0.0032342515992655196,0.5197071466113976,0.7545856809211063
FADS2,1.2472093285692416,1.3430858429857495,1.3430858429857495,0,0.5,0.7545856809211063
FAH,0.27720209016116437,0.3767526071080642,0.34216247764368474,0.03459012946437945,0.3658456733320832,0.7545856809211063
FAIM2,0.13225873923985335,0.15225490198433855,0.1666937798350823,-0.014438877850743742,0.6155395180660259,0.7545856809211063
FAM102A,0.3024719628401727,0.342752525523049,0.37198995076937763,-0.029237425246328608,0.6051033225239146,0.7545856809211063
FAM117A,0.10936274525881785,0.12031305033661462,0.13828321068777702,-0.017970160351162404,0.6703059910695466,0.7545856809211063
FAM118A,0.11083206574906378,0.1459334647556811,0.1401121089585363,0.005821355797144823,0.44396736617338944,0.7545856809211063
FAM160B1,0.0818350673135145,0.08943706198630812,0.10366935215322676,-0.01423229016691864,0.6792603577815386,0.7545856809211063
FAM173A,0.5050610930779513,0.5415513916048474,0.6034931133209258,-0.06194172171607837,0.636124948429256,0.7545856809211063
FAM193B,0.39495530825836406,0.4804994093919264,0.479306211535601,0.0011931978563254342,0.4966316107717459,0.7545856809211063
FAM213B,0.163348941198932,0.18387567584251965,0.20496886978715717,-0.021093193944637517,0.6364695142184875,0.7545856809211063
FAM3A,0.3648284965250324,0.44522720015045814,0.4446591972718252,5.680028786329561e-4,0.49827157745988776,0.7545856809211063
FAM45A,0.107808018506508,0.12487451295608638,0.13634717526658313,-0.011472662310496748,0.6123266291812736,0.7545856809211063
FAP,0.11468235358618122,0.14203920262814368,0.14490090908110329,-0.002861706452959606,0.5267028319046869,0.7545856809211063
FARP1,0.4436274657093833,0.5799390855590864,0.5346680901077842,0.0452709954513022,0.3869873649440839,0.7545856809211063
FARSB,0.1901588626130998,0.23455416648079822,0.23769371791892885,-0.0031395514381306333,0.5178662198483331,0.7545856809211063
FASN,2.2687999609312497,2.0730605120382117,2.1244010350028906,-0.051340522964678836,0.5326637250118246,0.7545856809211063
FBF1,0.10192088997162596,0.12214940837187883,0.12900831055173523,-0.006858902179856394,0.571551111713648,0.7545856809211063
FBLN2,0.3058119193527927,0.3845397307275945,0.37591576296116813,0.008623967766426377,0.4689896579059537,0.7545856809211063
FCER1G,0.1607400651938182,0.19730060057133972,0.20177053224547906,-0.004469931674139338,0.5299476444361115,0.7545856809211063
FDPS,0.873445144109471,0.9169122446889539,0.9862532220985109,-0.06934097740955691,0.5942386711791423,0.7545856809211063
FGFR1,0.27127475652950056,0.36684518525527116,0.33513385841637205,0.0317113268388991,0.3741306698880489,0.7545856809211063
FGFR4,0.3293298809914776,0.3774871522212486,0.40345069265159694,-0.02596354043034832,0.5863901087020134,0.7545856809211063
FKBP10,0.3451784386374755,0.42932469625635933,0.42190052475299555,0.0074241715033637745,0.47620376892214017,0.7545856809211063
FKBP8,0.6578716293762922,0.7252240128624137,0.7686802275382871,-0.04345621467587346,0.576029038513965,0.7545856809211063
FLNA,2.0877008540743365,1.6765824296606744,1.924604824421898,-0.24802239476122367,0.6689756513145264,0.7545856809211063
FN1,1.9777231982966195,2.464227251298681,1.9027699320438274,0.5614573192548538,0.1584611262610506,0.7545856809211063
FNBP4,0.1680474254357578,0.2064142125312403,0.21072272014526988,-0.004308507614029594,0.5276436597362218,0.7545856809211063
FOXA1,0.43861457080702654,0.4421861333858575,0.529000516897241,-0.08681438351138354,0.7111041530889177,0.7545856809211063
FOXC1,0.02049149871687043,0.033517346855733654,0.026008533899093304,0.00750881295664035,0.1637394889979298,0.7545856809211063
FOXP4,0.6679066901005728,0.6808889467053496,0.7792017044323131,-0.09831275772696346,0.6656508257126802,0.7545856809211063
FSTL1,0.2885793462129865,0.3586483867517393,0.35561917296307055,0.003029213788668772,0.48847575807560734,0.7545856809211063
FSTL3,0.2855395883854052,0.3551287999596657,0.3520282560446598,0.00310054391500586,0.4880841837951206,0.7545856809211063
FUOM,0.19575479991322142,0.27322540201189105,0.24449151005045663,0.028733891961434416,0.34509014761400325,0.7545856809211063
FUS,0.8178233301671073,0.8520569668656162,0.9310853024276069,-0.07902833556199074,0.6132806577080984,0.7545856809211063
FZD2,0.20816354776117893,0.2549273965671209,0.2595250779180838,-0.0045976813509629455,0.5239566614143286,0.7545856809211063
GALK1,0.20180826819384373,0.25547640381406317,0.2518323979225998,0.0036440058914633533,0.4804286322402504,0.7545856809211063
GANAB,0.837119955279179,0.7908503605784435,0.9501724329190434,-0.15932207234059992,0.7152237921516318,0.7573434676069578
GAR1,0.1522913959554227,0.16010111712494557,0.19139603510692116,-0.03129491798197559,0.710406670189343,0.7545856809211063
GAS6,0.7596698931899931,0.9703586968993669,0.8729458902979345,0.09741280660143248,0.35253580944947416,0.7545856809211063
GATA3,0.4804839927176973,0.6375228518324974,0.5760992858489392,0.06142356598355814,0.3588170113894695,0.7545856809211063
GATC,0.3893863989992471,0.40136352211932314,0.4729239418484542,-0.07156041972913108,0.6960996130328894,0.7545856809211063
GBP1,0.2218932730893273,0.3025340168498971,0.276094552321558,0.02643946452833912,0.3726671409515058,0.7545856809211063
GBP2,0.22201975116893902,0.34295099405915624,0.27624687570367007,0.06670411835548617,0.20639894758651828,0.7545856809211063
GBP3,0.10013825961102318,0.12837926242962489,0.12678365815716874,0.0015956042724561414,0.4829761389210779,0.7545856809211063
GBP4,0.0852543432302736,0.11980659531849618,0.10798941017699135,0.01181718514150483,0.35526247217536144,0.7545856809211063
GBP5,0.11855823340447497,0.16084348143560248,0.14971619197741193,0.011127289458190553,0.40048957387038775,0.7545856809211063
GEMIN4,0.12223547474351314,0.13601490731335847,0.15427965730917756,-0.01826474999581909,0.6559867321426367,0.7545856809211063
GLCCI1,0.1031350455878757,0.12404420838999076,0.13052288672051648,-0.0064786783305257195,0.5668467284431183,0.7545856809211063
GLG1,0.45773136985965895,0.547904568694332,0.550572075163028,-0.002667506468695957,0.5065554087790004,0.7545856809211063
GLTSCR2,1.3062208890022275,1.5495121052698293,1.3942337984620725,0.15527830680775678,0.35281182281098833,0.7545856809211063
GMFG,0.29322937709986313,0.4964909911496607,0.36110612541631393,0.1353848657333468,0.10175623273895423,0.7545856809211063
GMPPA,0.38759536902282304,0.5311958471323702,0.47086916662768025,0.06032668050468998,0.33194913147455574,0.7545856809211063
GNAI2,1.775587572343534,1.2735043532689099,1.78949959372586,-0.5159952404569501,0.8359590476856769,0.8420240468224531
GNAS,1.9825849786692133,1.5461059101883035,1.9025904811820082,-0.3564845709937048,0.7374477769199623,0.761491277408559
GNL2,0.2511015064037848,0.31009533984907156,0.3111197776103164,-0.001024437761244834,0.5044553000094922,0.7545856809211063
GPR108,0.43930888708050175,0.5068242924175335,0.5297859663083149,-0.02296167389078141,0.5584344863692174,0.7545856809211063
GPR160,0.20555050057447935,0.20640334869455818,0.2563638928217503,-0.04996054412719214,0.7456874010172316,0.7630928808935552
GPRC5A,0.37930364157794244,0.4681033039001136,0.46134300071961076,0.006760303180502858,0.48018055470847215,0.7545856809211063
GPS1,0.7721037745368695,0.8402561596806256,0.8854752356275799,-0.04521907594695429,0.5687552913992127,0.7545856809211063
GPSM1,0.17274891682600924,0.20970661443859176,0.21647229291784967,-0.006765678479257908,0.5422108698597846,0.7545856809211063
GPX3,0.5233059448555765,0.8514439615460843,0.6237046782357959,0.22773928331028837,0.10777545625916089,0.7545856809211063
GRB7,1.9510214542946998,2.189557337862496,1.9028837957616511,0.28667354210084484,0.304686897297327,0.7545856809211063
GRK3,0.0938930324023696,0.12856619427514707,0.11889979531590897,0.009666398959238098,0.39137344772354105,0.7545856809211063
GSK3A,0.5166498004454528,0.5550690468330747,0.616343637853583,-0.06127459102050836,0.6320133890509614,0.7545856809211063
GSTM3,0.2169984290857406,0.3152039165944642,0.2701950510538004,0.0450088655406638,0.2860412243307422,0.7545856809211063
GYPC,0.3516453911684611,0.48247067016094325,0.42940469189806313,0.05306597826288012,0.33755400458763574,0.7545856809211063
HAGHL,0.40935151434626316,0.4837541485550721,0.4957589699785828,-0.012004821423510725,0.5327284259758149,0.7545856809211063
HCFC1R1,1.04937603710875,1.0208666114386822,1.1591849439712134,-0.13831833253253123,0.6571550090156772,0.7545856809211063
HCST,0.3748491642830892,0.5913183147715183,0.4562161509687622,0.13510216380275608,0.15759130837940838,0.7545856809211063
HDAC5,0.33442787283693604,0.41170888807387634,0.40939465239593253,0.00231423567794381,0.49235166617127163,0.7545856809211063
HDAC6,0.15574881605418933,0.2129788715736233,0.1956446695015125,0.01733420207211081,0.3818954401355255,0.7545856809211063
HELZ2,0.3134717891757948,0.4601154058204483,0.3849047134472914,0.07521069237315692,0.25374799067372833,0.7545856809211063
HES1,0.3033337609139126,0.3440178180888209,0.373003286626034,-0.028985468537213066,0.6039419400438342,0.7545856809211063
HLA-B,2.8149638042713465,2.2179106108631057,3.4202178045873133,-1.2023071937242076,0.8834250056807504,0.8887596977440401
HLA-DMA,0.7174965076377433,0.9392091359440193,0.8303747793762456,0.10883435656777374,0.32832648683456955,0.7545856809211063
HLA-DMB,0.3314591033797287,0.44500663465301593,0.40593430426764726,0.03907233038536867,0.37203773585487837,0.7545856809211063
HLA-DOA,0.11363319749289456,0.1465355622675136,0.14359654651506906,0.0029390157524445404,0.4723282104129209,0.7545856809211063
HLA-DPA1,1.0119694102660766,1.2633001120915517,1.1230392375904608,0.14026087450109093,0.3359274907538657,0.7545856809211063
HLA-DPB1,0.6942735162823206,1.0269509845473102,0.806574536823248,0.22037644772406217,0.17704145525642612,0.7545856809211063
HLA-DRA,1.8515368920454032,1.7961681527907642,1.8512173276214605,-0.05504917483069627,0.5401685011811249,0.7545856809211063
HLA-DRB1,0.9269772735836574,1.0981232402011063,1.0396373991865138,0.05848584101459253,0.4243396931399253,0.7545856809211063
HMGB2,0.2635099442323006,0.275812718785322,0.3259076903087496,-0.05009497152342762,0.6989335392925223,0.7545856809211063
HNRNPUL2,0.6560016458688882,0.6721240867188522,0.7667094687691589,-0.09458538205030675,0.6621795152143446,0.7545856809211063
HOOK3,0.1444708341563416,0.2179440110661562,0.18176976212476803,0.03617424894138818,0.24984179860533878,0.7545856809211063
HPS6,0.08294879551543131,0.09691119864041428,0.10507658465719846,-0.008165386016784182,0.6039426663634392,0.7545856809211063
HSD17B1,0.16818599728457442,0.24355896066077895,0.2108922969552547,0.03266666370552426,0.2996643676658962,0.7545856809211063
HSPA4,0.43682663605895194,0.4784626062883154,0.5269771736906659,-0.048514567402350495,0.622573603656316,0.7545856809211063
HSPB1,1.5032459073193005,1.5906395930045598,1.5636748443313102,0.026964748673249606,0.47667990065510374,0.7545856809211063
HSPB11,0.09872532077285961,0.12137448577071519,0.12500025802573578,-0.0036257722550205873,0.5391847898523492,0.7545856809211063
HYI,0.532244717999057,0.6552338202394085,0.6335666120824841,0.021667208156924356,0.45382937825530145,0.7545856809211063
IDH3G,0.31281851466635274,0.42327724914453585,0.38413887547676145,0.039138373667774395,0.3648340124892242,0.7545856809211063
IDUA,0.14438424740720796,0.19769913401742548,0.1816630594241603,0.01603607459326517,0.38231806095595927,0.7545856809211063
IER5L,0.9977734426137551,1.0482289189675342,1.109301512811779,-0.06107259384424468,0.5740639379272894,0.7545856809211063
IFI27,1.8380732566557214,2.3192154708059167,1.8404294597180249,0.47878601108789187,0.188794143258062,0.7545856809211063
IFI27L1,0.09239307517386568,0.12819803693850676,0.11700581922501634,0.011192217713490424,0.3728046609162013,0.7545856809211063
IFI44L,0.1954979495163746,0.3242023214867562,0.24417974630984543,0.08002257517691078,0.13317033304092402,0.7545856809211063
IGFBP2,1.5777651507482775,1.9180240742929646,1.6316847780481685,0.28633929624479615,0.2758550207871262,0.7545856809211063
IGFBP4,1.2781234553319383,1.5111579191557378,1.3701456048417975,0.14101231431394035,0.3635196614933003,0.7545856809211063
IGHA1,3.673996144028936,6.401274000797448,4.744567720659688,1.65670628013776,0.1181444146856162,0.7545856809211063
IGHG3,3.723633619759311,6.569525648619106,4.771828761267368,1.7976968873517372,0.10066688349074361,0.7545856809211063
IGHG4,2.155801674111789,5.8829565963646235,1.9822353455644846,3.9007212508001388,1.241823315503936e-11,1.0344388218147788e-8
IGHM,2.630600856606328,4.914705656606764,2.790427707623035,2.124277948983729,0.004911285964482098,0.5844430297733697
IGKC,4.9413415228473045,7.043300460232216,5.7247598288386525,1.3185406313935637,0.21734668477214372,0.7545856809211063
IGLC2,3.6862330169223947,5.545034216229441,4.751331305500046,0.7937029107293947,0.28550005993844496,0.7545856809211063
IGLC3,3.05830698582074,5.225085374351903,4.250789128245648,0.9742962461062552,0.21846410433286975,0.7545856809211063
IGLC7,0.7566216150813996,1.2780127816851539,0.8698741763223375,0.4081386053628163,0.055763978369262515,0.7545856809211063
IKZF3,0.19421005402725244,0.23690032307009223,0.24261612194385482,-0.005715798873762584,0.5318436873237218,0.7545856809211063
IL10RA,0.1590991308043098,0.20862711656628863,0.199757600931554,0.00886951563473462,0.440147056591189,0.7545856809211063
ILKAP,0.21280967070999254,0.279517817375451,0.26513974506409055,0.014378072311360457,0.42703564418418527,0.7545856809211063
INAFM1,0.17366177834879953,0.24920428136509576,0.2175877164639934,0.031616564901102345,0.3110659031905667,0.7545856809211063
INPP4B,0.07871030557402689,0.1064897046339179,0.09972059043507026,0.006769114198847639,0.40895589887032807,0.7545856809211063
INPP5D,0.1808939936582841,0.2450154012026912,0.226414151125382,0.0186012500773092,0.3902573406483544,0.7545856809211063
INPP5J,0.13084820259178553,0.15247371859145814,0.16494898531729973,-0.012475266725841594,0.6012246274930076,0.7545856809211063
INTS8,0.27884148019706373,0.3062309617711891,0.3441042898968795,-0.03787332812569044,0.6455384834314094,0.7545856809211063
ISG15,1.4045521787537203,1.9894769431586699,1.477329970547678,0.512146972610992,0.11983653608746803,0.7545856809211063
ISLR,0.38281122401143136,0.52251217793561755,0.46537550949785556,0.057136668437761995,0.33855213152489505,0.7545856809211063
ITGA5,0.24543187776861003,0.32271679259390207,0.3043447743002792,0.018372018293622894,0.41888647716784166,0.7545856809211063
ITGB4,0.6211888870750358,0.934737304210212,0.7296408444235357,0.20509645978667623,0.17019825925540633,0.7545856809211063
ITGB6,0.5415027242315102,0.7310403226080938,0.6437510811778507,0.08728924143024308,0.32279502804917237,0.7545856809211063
ITSN1,0.10111310618209017,0.14688355270884249,0.12800036723485944,0.018883185473983044,0.3084110432961801,0.7545856809211063
JAG2,0.1714405449554303,0.22395414063419503,0.21487308062102362,0.00908106001317141,0.44301016960965367,0.7545856809211063
JAK1,0.17181633165392995,0.225764104548192,0.21533246381837925,0.010431640729812758,0.4347439907533672,0.7545856809211063
JAK3,0.43270143044245196,0.6529479064123938,0.5223051095258058,0.13064279688658798,0.19811931685348552,0.7545856809211063
JCHAIN,0.5880335048465852,1.0636616048525636,0.6943853689263819,0.36927623592618164,0.03563772515564765,0.7545856809211063
JMJD6,0.1916156734418488,0.2205154638872965,0.23946448715636093,-0.01894902326906442,0.6057997992574927,0.7545856809211063
KAT6B,0.0970353373851071,0.13156016999902714,0.12286696826166447,0.008693201737362669,0.4051755528390902,0.7545856809211063
KATNA1,0.09265348305621351,0.09931408384216375,0.1173346455030698,-0.018020561660906043,0.6987841456982518,0.7545856809211063
KCNAB2,0.08882319520363072,0.11685124652386567,0.11249746697255152,0.004353779551314149,0.44778371108025294,0.7545856809211063
KCTD10,0.2090992967458547,0.24150367695889735,0.26065651040971133,-0.019152833450813977,0.5984045888065163,0.7545856809211063
KDM4B,0.37789667908029717,0.43348550423809157,0.45972439328356346,-0.02623888904547189,0.5767485567092725,0.7545856809211063
KIAA0895L,0.11185363430088238,0.13392482330339744,0.14138321626360095,-0.007458392960203508,0.5710007875673367,0.7545856809211063
KIAA1211L,0.07113301501743216,0.07451634573249431,0.0901419723186627,-0.01562562658616838,0.7217115968221668,0.7580844977323302
KIAA1217,0.1878783058451141,0.21115206309850426,0.23492011119865153,-0.023768048100147265,0.6342593529393151,0.7545856809211063
KIAA1468,0.0921208937297574,0.10511900644219002,0.11666212034873388,-0.011543113906543861,0.6314105677667627,0.7545856809211063
KIAA1715,0.08085115138375532,0.09222012575905637,0.10242606046972058,-0.010205934710664208,0.6323018600774841,0.7545856809211063
KIF13B,0.09331968692181285,0.10251202535496132,0.11817586048715106,-0.015663835132189746,0.6734859920139518,0.7545856809211063
KIF2C,0.09290725695386941,0.09637316733932505,0.11765508967900154,-0.02128192233967649,0.7302287543030976,0.7594014386198257
KLF9,0.09302892233477313,0.11011124804112796,0.11780871661619048,-0.007697468575062524,0.5876910732271213,0.7545856809211063
KMT2B,0.5607102948669036,0.5706479635239995,0.6647774020399972,-0.09412943851599775,0.68447510410311585,0.7545856809211063
KMT2E,0.20572710646031359,0.29369445331870664,0.2565776235468441,0.037116829771862536,0.31183770706078506,0.7545856809211063
KPNB1,0.30754892762830854,0.3480533102564669,0.37795592376402476,-0.02990261350755785,0.6057813170160294,0.7545856809211063
KRAS,0.18718755080043167,0.1973222930859067,0.23407964426023647,-0.036757351174329767,0.7028436254231477,0.7545856809211063
KRT10,0.2786734384836694,0.2953125847650121,0.34390529241154005,-0.048592707646527955,0.6841149260132404,0.7545856809211063
KRT14,0.07206857876152993,0.16551818718544625,0.09132488375085492,0.07419330343459134,0.0029305161244741083,0.4068533219478221
KRT17,0.30903275949814096,0.6251901404253498,0.37969789447557634,0.24549224594977348,0.014157525291305128,0.7545856809211063
KRT5,0.06831229911184256,0.14208122665930512,0.08657508770210591,0.055506138957199205,0.014832558800789777,0.7545856809211063
KRT8,1.15801345898158,1.1218642858928018,1.2620989109481664,-0.14023462505536455,0.6468611043002017,0.7545856809211063
KRT86,0.18338458260209162,0.32025770617146954,0.22944940417307033,0.0908083019983992,0.08974587187874579,0.7545856809211063
LAMB2,0.5985178315511943,0.7382244020120867,0.7056330976827224,0.0325913043293643,0.4377588752358107,0.7545856809211063
LAMTOR2,0.8635426740258929,0.8844771435268343,0.9764083157956618,-0.09193117226882752,0.6252645232707914,0.7545856809211063
LANCL1,0.09718355837828146,0.09916775786464982,0.12305407869019483,-0.02388632082554501,0.7448503667631,0.7630928808935552
LARP1B,0.07800016308117291,0.0903506705007191,0.09882307601241788,-0.008472405511698783,0.6143906674010459,0.7545856809211063
LARP7,0.10423405847020496,0.14220336422482346,0.1318933816647341,0.010309982560089359,0.3954560665901141,0.7545856809211063
LCK,0.15180698200425194,0.21464511846302736,0.19080041259420005,0.02384470586882731,0.33583104614588416,0.7545856809211063
LCP1,0.31865358315990894,0.38936267969987975,0.3909742272617514,-0.0016115475618716513,0.5055771056762675,0.7545856809211063
LGALS1,1.6632950595778624,1.7529097407457206,1.7025005816819834,0.05040915906373722,0.46000361750257546,0.7545856809211063
LIMCH1,0.17933022642169144,0.1909337678883557,0.2245072815384313,-0.033573513650075604,0.6939948319527516,0.7545856809211063
LIMK1,0.5445327668518882,0.575120941585213,0.6470777231134467,-0.0719567815282337,0.6469751038311824,0.7545856809211063
LINC00176,0.12987772948523735,0.16901354917049383,0.16374812808422878,0.005265421086265043,0.4565765314716806,0.7545856809211063
LINGO1,0.09458978153045855,0.11655534316257818,0.11977951097938523,-0.0032241678168070526,0.5363714112756583,0.7545856809211063
LLGL1,0.09947974579781192,0.10971487303713419,0.12595250680944609,-0.016237633772311896,0.6690364579086236,0.7545856809211063
LMF1,0.17176306202201128,0.23003006877057083,0.21526734701542916,0.014762721755141678,0.4080367368636417,0.7545856809211063
LMNA,2.3862707961291876,1.4774046187601995,2.292199486689688,-0.8147948679294887,0.886019791575896,0.8902949172288558
LRRC8A,0.14768250449423478,0.17306687699130982,0.18572569610495965,-0.012658819113649827,0.5914102209016748,0.7545856809211063
LRWD1,0.14175923978878277,0.15998234521844254,0.17842694532643016,-0.018444600107987624,0.6370602689164199,0.7545856809211063
LST1,0.2207108893065332,0.3286453745251532,0.27467027939603034,0.05397509512912285,0.25254600226581353,0.7545856809211063
LTB4R,0.17693057744205087,0.20666319735529995,0.22157943149597303,-0.014916234140673085,0.5903020274426103,0.7545856809211063
LTBP3,0.987674784165603,0.955289093905718,1.0994386108849687,-0.1441495169792507,0.6717291377520749,0.7545856809211063
LTF,0.7995977464936018,1.5543433966509135,0.9129822608702542,0.6413611357806592,0.008594519233986258,0.7545856809211063
LUC7L,0.21405144336106466,0.2508844190492945,0.2666390758967612,-0.01575465684746674,0.5794170932275694,0.7545856809211063
LUC7L3,0.6492954662281866,0.8154825627384125,0.7596112405410832,0.055871322197329265,0.4014992447900547,0.7545856809211063
LUM,0.9527954159231677,1.307703347332468,1.0651689015778607,0.24253444575460725,0.21997529480898506,0.7545856809211063
LYL1,0.17158470944842716,0.24958767015708944,0.21504932148398215,0.03453834867310729,0.292969547007098,0.7545856809211063
MAGEF1,0.14059538053134027,0.14362304246396726,0.17699134498200975,-0.033368302518042486,0.7387317485478871,0.761491277408559
MAGI1,0.0814890493967253,0.10607305210972552,0.10323212715127843,0.002840924958447094,0.4628171505687194,0.7545856809211063
MAGOHB,0.09012024944266547,0.09282453030001028,0.11413561492468877,-0.021311084624678484,0.7367277147358607,0.761491277408559
MAP1S,0.24197024618914847,0.328050862440619,0.3002026303637951,0.02784823207682391,0.3765210343126425,0.7545856809211063
MAP3K14,0.11897237143313737,0.16297395922139093,0.1502303772039529,0.012743582017438027,0.3867851887273003,0.7545856809211063
MAP3K6,0.22178532035594578,0.30024421264619694,0.27596453539372845,0.02427967725246849,0.3826966442529004,0.7545856809211063
MAP4K2,0.12372306720977153,0.15202157999726643,0.15612439671727218,-0.004102816720005759,0.5355111420241291,0.7545856809211063
MAPK9,0.08334321833475312,0.08826001548210623,0.10557492753794781,-0.017314912055841583,0.7109832714708937,0.7545856809211063
MAPKAPK5,0.10309837276605323,0.11814774017314023,0.13047714750048123,-0.012329407327341002,0.6257046832493154,0.7545856809211063
MAPT,0.058055644370630946,0.08704983621899517,0.07359993210631036,0.013449904112684818,0.2676909005421635,0.7545856809211063
MARS,0.38615739266853466,0.42343248982621795,0.46921865266664103,-0.045786162840423084,0.6296630615344647,0.7545856809211063
MAVS,0.25813430089161365,0.3243559714539841,0.31950787574380163,0.004848095710182465,0.4794777032883727,0.7545856809211063
MCTS1,0.17195088456628774,0.20048333917238176,0.21549693682726592,-0.015013597654884164,0.5933996147788453,0.7545856809211063
MDM2,0.17475683148159146,0.17679289385823896,0.21892536962907486,-0.0421324757708359,0.743037375095794,0.7622538589344785
MED13L,0.09448742338876834,0.12834141779536554,0.11965027595167861,0.008691141843686925,0.40269939183387815,0.7545856809211063
MED25,0.4892878903772571,0.5714285125222984,0.5859337838557375,-0.01450527133343904,0.5334576383627458,0.7545856809211063
MELK,0.039195759479099784,0.03720146389742961,0.049719599351367966,-0.012518135453938359,0.8034323131346914,0.812207666069415
MEN1,0.12262686666464179,0.1508641805160974,0.15476509413975661,-0.0039009136236592135,0.5340637611103302,0.7545856809211063
METTL12,0.1286402365193598,0.1596917107514581,0.16221635423627337,-0.0025246434848152643,0.5210490158029186,0.7545856809211063
METTL16,0.10088838387096365,0.12561306665161714,0.12771992036728397,-0.0021068537156668232,0.522308852603177,0.7545856809211063
MFAP4,0.16025782452389242,0.2688092939435189,0.20117906757508994,0.06763022636842894,0.12710424374179388,0.7545856809211063
MFSD3,0.1578223844155887,0.18385152210632427,0.1981907037902482,-0.014339181683923924,0.5969232421078813,0.7545856809211063
MFSD7,0.16355584145081425,0.23697033177270588,0.2052224147687798,0.03174791700392607,0.2998969976984245,0.7545856809211063
MGMT,0.3541779022174007,0.43905987040691163,0.43233958237789766,0.006720288029013977,0.47897723847018575,0.7545856809211063
MGP,2.2134602852487975,2.492003447587206,2.0539320807638424,0.43807136682336356,0.2347179848314513,0.7545856809211063
MIA,0.007868223752802387,0.015464275557723244,0.009990566010123832,0.005473709547599412,0.03156509909444961,0.7545856809211063
MIB2,0.18400153919169646,0.2458333006215859,0.23020091786923266,0.015632382752353235,0.40892064668212497,0.7545856809211063
MICAL1,0.31011778488992175,0.44859140809024334,0.3809712209484292,0.06762018714181411,0.2735844554523242,0.7545856809211063
MICALL2,0.268127471745071,0.35094502374722425,0.3313968026752019,0.019548221072022365,0.42071383419556985,0.7545856809211063
MID1IP1,0.31519114271071286,0.33538469005106575,0.3869196154157614,-0.05153492536469567,0.6742757154346357,0.7545856809211063
MIF,0.31366398147674907,0.4055049068745237,0.3851299935550786,0.020374913319445076,0.4287982012865472,0.7545856809211063
MIIP,0.4015551557728118,0.4756533452071863,0.4868571614439075,-0.011203816236721231,0.5311065364673557,0.7545856809211063
MKI67,0.26036333858018895,0.29842104124746005,0.32216282409379204,-0.023741782846331994,0.5986875976226548,0.7545856809211063
MKNK1,0.1371155100085078,0.16737231699355506,0.17269599044751763,-0.005323673453962563,0.541635758302153,0.7545856809211063
MLLT4,0.15936667416435074,0.18432507558146513,0.20008586107423115,-0.015760785492766022,0.605328903480687,0.7545856809211063
MLPH,0.5756003189628552,0.6398275575311845,0.6809656382736963,-0.041138080742511796,0.5811739189595072,0.7545856809211063
MLST8,0.8040652860583508,0.8396228379459633,0.9173938879661525,-0.07777105002018925,0.6131459503456135,0.7545856809211063
MMP11,0.5407656409711518,0.7153330096155143,0.6429414024021038,0.07239160721341042,0.351272621658251,0.7545856809211063
MMP9,0.8188310321578601,1.132950433590414,0.9320793487116682,0.20087108487874572,0.2324075066114576,0.7545856809211063
MORC2,0.26597414998477226,0.2909088360396467,0.32883796058666204,-0.03792912454701536,0.6521786192424022,0.7545856809211063
MPND,0.35914346752450105,0.5238779844351926,0.43808805946885837,0.08578992496633425,0.25328411366125514,0.7545856809211063
MPST,0.6949389510279366,0.6977279201322336,0.8072591198201183,-0.10953119968788472,0.6773122298249217,0.7545856809211063
MRPL2,0.21812727398847523,0.27509535170195615,0.2715563558792233,0.003538995822732871,0.4823718515246421,0.7545856809211063
MRPL21,0.26629543715242754,0.3436018528527299,0.3292198568751505,0.014381995977579443,0.44110553967815996,0.7545856809211063
MRPL23,0.29318385275348724,0.36763848166421975,0.3610524439961755,0.006586037668044276,0.47533364640980735,0.7545856809211063
MRPL51,0.6377682141727427,0.6675959438413951,0.747299548325661,-0.07970360448426594,0.6412282856617356,0.7545856809211063
MRPL54,0.4415655610375765,0.5408371414190776,0.5323377450552874,0.008499396363790157,0.47840681899479076,0.7545856809211063
MRPS22,0.13862555721771552,0.17218272638153503,0.17456043354891163,-0.0023777071673765915,0.5184240927848794,0.7545856809211063
MS4A6A,0.23833422426761547,0.31317205188044694,0.2958472318858985,0.017324819994548435,0.42128068350217573,0.7545856809211063
MST1R,0.1655124868631356,0.19655443459657895,0.20761939614425687,-0.011064961547677915,0.5717216289468661,0.7545856809211063
MTG2,0.18694250486275185,0.20222822151873956,0.23378144726076797,-0.0315532257420284,0.6764428020473349,0.7545856809211063
MTMR12,0.11939631637425804,0.12506861939146224,0.15075667565602321,-0.02568805626456097,0.7183431462509999,0.7574428364899785
MUC1,1.7581707028396616,1.6659653413438473,1.7754871084477797,-0.10952176710393235,0.5828613133852797,0.7545856809211063
MUCL1,1.8492181561941345,4.291742207594956,1.8493347162334994,2.442407491361456,3.74252857123603e-6,7.793815749599033e-4
MUS81,0.28309950685867274,0.3205154985574695,0.3491434101173227,-0.02862791155985317,0.6095328867648888,0.7545856809211063
MVP,1.0586020685337711,1.097580659805005,1.1680258391050664,-0.07044517930006133,0.5810413219800479,0.7545856809211063
MX2,0.09836175741820417,0.1496844945003178,0.12454134586204851,0.025143148638269275,0.2467548141900194,0.7545856809211063
MYBL2,0.44942703625958824,0.5615308188703554,0.5412152197082106,0.02031559916214476,0.44934577436296197,0.7545856809211063
MYC,0.26076273110826936,0.2888940707899981,0.32263834555065685,-0.03374427476065872,0.6386053343467455,0.7545856809211063
MYH10,0.07778918045243868,0.09185472545324247,0.09855641771262325,-0.006701692259380776,0.5911992272309707,0.7545856809211063
MYL12B,0.7409899355121261,0.7274203434715197,0.8541711442314898,-0.12675080075997003,0.6926220305957534,0.7545856809211063
MYL6B,0.35003539590868243,0.46790113961078617,0.427537750434487,0.04036338917629917,0.3744056267328429,0.7545856809211063
MYL9,1.5779108073009775,1.6355112424440268,1.6318112296104068,0.003700012833619981,0.49693198799324806,0.7545856809211063
MYO1G,0.15490032568217357,0.23241479542432794,0.1946024097293118,0.03781238569501613,0.25493891591761586,0.7545856809211063
MYO9B,0.6061352319919582,0.6744740043856412,0.7137479895635188,-0.03927398517787761,0.5740240512434758,0.7545856809211063
MZT2A,1.0014289368951845,1.11187506073145,1.112844121742578,-9.690610111279252e-4,0.5011782682521522,0.7545856809211063
NAA10,0.6479328067088369,0.7108085724573056,0.7581596633405806,-0.04735109088327505,0.5838801313831807,0.7545856809211063
NANS,0.44013609303268564,0.5135569153964858,0.5307215405911505,-0.017164625194664662,0.5436742402745512,0.7545856809211063
NAT1,0.05275139985898861,0.0768801197465176,0.06688655315133618,0.009993566595181413,0.3061627082834281,0.7545856809211063
NCKAP1L,0.12488548270611934,0.17688269148366606,0.1575653034815232,0.01931738800214286,0.33877072276650033,0.7545856809211063
NCKAP5L,0.08216797624696522,0.09760341251578382,0.10409000386441752,-0.006486591348633705,0.5836973235476527,0.7545856809211063
NDC80,0.03865782058918141,0.04166308858277234,0.049038050260180856,-0.0073749616774085175,0.695004857045152,0.7545856809211063
NDRG1,0.8689583661438077,1.0109431809136555,0.9817960846021324,0.029147096311523124,0.4598977580802358,0.7545856809211063
NDUFA1,0.7584944019830449,0.8777367903699413,0.8717617468544986,0.005975043515442757,0.490726745636552,0.7545856809211063
NDUFA12,0.22601825140067686,0.24208889911453163,0.2810595176994374,-0.03897061858490575,0.6809226818795198,0.7545856809211063
NDUFB2,0.7922036796188435,0.8559346049322926,0.9056512434739582,-0.049716638541665636,0.5738525163199859,0.7545856809211063
NDUFB3,0.27837840725224566,0.34774762691846833,0.3435558881419606,0.004191738776507747,0.4834955560799396,0.7545856809211063
NDUFB9,1.9835859978467438,1.9051371131839538,1.9025426400374712,0.0025944731464826454,0.4981548093071649,0.7545856809211063
NDUFC1,0.2895071391209913,0.342087478026277,0.3567145473228646,-0.014627069296587636,0.555305239858609,0.7545856809211063
NDUFS1,0.22745246471741784,0.23711208509925275,0.28278434857153295,-0.045672263472280206,0.7080823905270013,0.7545856809211063
NDUFV3,0.36875266729639133,0.44488855720174975,0.4491890147956097,-0.004300457593859941,0.5129520123736859,0.7545856809211063
NEBL,0.09898223243595215,0.11147860584132523,0.12532454155614559,-0.01384593571482036,0.6460647657533163,0.7545856809211063
NEK7,0.10648350892374862,0.11800205547108383,0.13469714613929254,-0.016695090668208706,0.6628982885574679,0.7545856809211063
NELFE,0.4967545690079646,0.6673584948552017,0.5942557220303439,0.07310277282485778,0.3382540705695184,0.7545856809211063
NFATC4,0.25479858529175503,0.35545041032696,0.3155315165237205,0.039918893803239486,0.33392695328741795,0.7545856809211063
NFIC,0.6218954244425765,0.7277890147564955,0.7303971514219241,-0.0026081366654285842,0.5048315744887002,0.7545856809211063
NINJ1,1.1377800200886838,1.0997382328354381,1.243066340880638,-0.1433281080451998,0.6521274245337593,0.7545856809211063
NIT2,0.29982293574616176,0.37986243480432613,0.36887355914307074,0.010988875661255393,0.4597593210413176,0.7545856809211063
NMRAL1,0.7343937146864389,0.7757136498650736,0.8475164711216507,-0.07180282125657711,0.6130778588126604,0.7545856809211063
NR1H2,0.32716832116893346,0.39415880735167236,0.40092776144780745,-0.006768954096135094,0.5228321163881253,0.7545856809211063
NR4A1,0.3317814247249977,0.4630290949584606,0.40631013673954536,0.05671895821891526,0.3179404743359324,0.7545856809211063
NRP1,0.1358893964481177,0.19209492033431377,0.1711815238038307,0.020913396530483075,0.3393025087618444,0.7545856809211063
NSMCE1,0.39758269785851447,0.5093053233162713,0.48231389558081306,0.026991427735458262,0.42472987433352305,0.7545856809211063
NTMT1,0.21951813268020737,0.31043365328352845,0.2732330105863885,0.03720064269713996,0.32211950414053636,0.7545856809211063
NUF2,0.05637469127854717,0.05405771851430508,0.07147265468295483,-0.017414936168649746,0.7957165798115899,0.8073470292120029
NUP214,0.16304521173244862,0.21745901834815037,0.20459663839278455,0.012862379955365821,0.4155752226096058,0.7545856809211063
NUP93,0.1408268338089276,0.1744677304057295,0.17727688571647804,-0.0028091553107485456,0.5214310089877728,0.7545856809211063
NXN,0.1123689975569946,0.15440978814277745,0.14202431404377655,0.012385474099000898,0.3836992861511466,0.7545856809211063
OASL,0.19477403693805623,0.32527612044003595,0.24330092872821352,0.08197519171182244,0.12656825058154855,0.7545856809211063
OGFRL1,0.08000530653045929,0.09464240390153512,0.10135717661267546,-0.006714772711140335,0.5888919966139001,0.7545856809211063
OPTN,0.24411191225613937,0.3924288480786148,0.30276583152473746,0.08966301655387732,0.15758304272324386,0.7545856809211063
ORC2,0.07398594273230326,0.08316476220007707,0.0937489516284306,-0.010584189428353527,0.6491108157598767,0.7545856809211063
ORC6,0.061004710307272,0.061059537209070446,0.07733149097349533,-0.016271953764424883,0.7622863177324609,0.7753168530783149
OSBPL8,0.10318447304976208,0.1283825857218727,0.13058453308168957,-0.0022019473598168804,0.5228037626077462,0.7545856809211063
P4HA2,0.08604321110993657,0.09507999268756906,0.10898596855268142,-0.013905975865112358,0.667406057785531,0.7545856809211063
PAF1,0.16118595343601058,0.20192246882807943,0.20231733753799758,-3.948687099181447e-4,0.502640854479857,0.7545856809211063
PAFAH1B3,0.38338203205718924,0.47714015469450977,0.46603136182314236,0.011108792871367401,0.4677813875223391,0.7545856809211063
PAQR4,0.3298454746016615,0.3718103953359566,0.4040522454999736,-0.03224185016401698,0.6066680499588641,0.7545856809211063
PARN,0.08731418576750999,0.09733919933161247,0.1105914580948893,-0.01325225876327682,0.6577868395121061,0.7545856809211063
PCCB,0.2168307383432508,0.24761851243581806,0.26999278976624647,-0.022374277330428405,0.6106717226302512,0.7545856809211063
PCIF1,0.13030132344006937,0.16528539055574445,0.16427232155697424,0.0010130689987702113,0.4916560635689159,0.7545856809211063
PDCD5,0.2451897103629218,0.31865994026002287,0.30405513964572445,0.014604800614298419,0.4352926554069977,0.7545856809211063
PDGFRA,0.09971000068853754,0.1385974337776396,0.12624312974272767,0.012354304034911945,0.3699762573010471,0.7545856809211063
PDGFRB,0.38581433492851347,0.4672789287072352,0.4688248178308784,-0.0015458891236432293,0.5044615597937038,0.7545856809211063
PER1,0.1789813066119024,0.25858909858322676,0.22408168774659143,0.03450741083663533,0.30072908577365787,0.7545856809211063
PEX11G,0.09743305924676222,0.11124726220305248,0.12336903836596343,-0.01212177616291095,0.6305294926375387,0.7545856809211063
PEX14,0.10472118290544932,0.12597496565406727,0.13250070101335842,-0.006525735359291157,0.5663320373561843,0.7545856809211063
PGLS,0.8572831357026078,0.8926856570868411,0.9702496617736364,-0.07756400468679525,0.6068585825550252,0.7545856809211063
PGR,0.020172650659302186,0.032304838744590704,0.025604095639197848,0.006700743105392856,0.18737017353853097,0.7545856809211063
PHF11,0.08624401119574979,0.10284829785273182,0.10923962678919202,-0.006391328936460203,0.5786495343743222,0.7545856809211063
PHF13,0.09453562264303811,0.10596459930530386,0.11971113132057747,-0.013746532015273608,0.6515365993538461,0.7545856809211063
PHF21A,0.10155505035073811,0.11899319559682547,0.1285518486186767,-0.009558653021851216,0.5995547963076802,0.7545856809211063
PHGDH,0.29683420871791205,0.34890896623393564,0.3653546009645295,-0.01644563473059385,0.5606707831017843,0.7545856809211063
PHKB,0.19288377135458207,0.23466373478730693,0.24100526134840325,-0.006341526561096322,0.5355565090613508,0.7545856809211063
PIGQ,0.5436138685558933,0.5875132763558107,0.6460691883726768,-0.05855591201686605,0.620732101834283,0.7545856809211063
PIH1D1,0.2983471911363182,0.390946761039547,0.3671363910262705,0.023810370013276516,0.4129485982899922,0.7545856809211063
PILRA,0.11713099016818825,0.14253015042027598,0.1479436617987314,-0.005413511378455416,0.5493852164088764,0.7545856809211063
PIM2,0.27575203710092233,0.3893865649124948,0.3404441453346073,0.048942419577887475,0.312919053216272,0.7545856809211063
PITX1,0.6717845576382518,0.8140612605235423,0.7832544654528122,0.030806795070730142,0.4469378222020012,0.7545856809211063
PKNOX1,0.07824661515493744,0.0949796287366616,0.09913455925737388,-0.00415493052071228,0.5565205016529978,0.7545856809211063
PLAC9,0.13873925581445082,0.2744634209180697,0.17470078360068006,0.09976263731738963,0.0263831939810924,0.7545856809211063
PLEKHO2,0.2526723298416249,0.3332465834502469,0.31299483524383154,0.020251748206415343,0.4131482432000719,0.7545856809211063
PLIN2,0.10069599975117333,0.12045883119505187,0.12747981645128387,-0.007020985256232001,0.5740908915123538,0.7545856809211063
PLK1,0.16482883085926162,0.17715472831274998,0.20678206005992966,-0.029627331747179686,0.6865010928774576,0.7545856809211063
PLK2,0.4362270431862084,0.5908650495013256,0.5262983994404887,0.06456665006083684,0.3386696606679286,0.7545856809211063
PLLP,0.12978624106167336,0.14656748384377893,0.16363490369004002,-0.01706741984626109,0.6382409772378088,0.7545856809211063
PLP2,0.4396826892894608,0.5257831472299296,0.5302087664943588,-0.0044256192644291925,0.5112926835431945,0.7545856809211063
PLPPR2,0.43194467013354776,0.47793544130328236,0.5214474554336141,-0.04351201413033179,0.6114191134236755,0.7545856809211063
PLSCR1,0.10541134359663565,0.13792885674202998,0.13336101124462935,0.0045678454974006355,0.45375821783660697,0.7545856809211063
PLTP,0.45157675139412495,0.5320132041044561,0.5436395240380232,-0.011626319933567109,0.5289120290955068,0.7545856809211063
PLVAP,0.7302023287401016,0.8612365406178651,0.8432737738843166,0.017962766733548574,0.47120248743600085,0.7545856809211063
PLXNA1,0.27066654285019426,0.3086969947917651,0.33441194323886214,-0.02571494844709704,0.6028799271996732,0.7545856809211063
PLXND1,1.0418411589485947,1.0834870265650904,1.1520275482719178,-0.06854052170682734,0.5799600693141328,0.7545856809211063
PMP22,0.17978786221704027,0.23310765305129535,0.2250654158407842,0.008042237210511144,0.45176814104934354,0.7545856809211063
PNISR,0.28708228671808006,0.4203831607774474,0.3538510749405676,0.0665320858368798,0.2618286801618594,0.7545856809211063
PNMT,0.907550570134944,1.3972829573537657,1.0204365829568132,0.37684637439695257,0.10518412659108256,0.7545856809211063
PNP,0.14293221109544327,0.15213029969375996,0.179873288257241,-0.027742988563481036,0.6995559674848016,0.7545856809211063
PNPLA6,0.39305861018114474,0.4819762080675276,0.47713353911453865,0.00484266895298896,0.4862694766493309,0.7545856809211063
PODNL1,0.10652845123383167,0.14950417876537378,0.1347531439020063,0.014751034863367485,0.3552145012778376,0.7545856809211063
PODXL,0.13504098315453528,0.1586576742141801,0.170133271868946,-0.011475597654765912,0.5904771696009798,0.7545856809211063
POLR2E,0.6981101519593327,0.7283543555306267,0.8105193841222108,-0.08216502859158414,0.6345122747358312,0.7545856809211063
POLR2J,0.787796544463995,0.8203891362482277,0.9012643295220704,-0.08087519327384263,0.6195714538368341,0.7545856809211063
POR,0.7366751044594774,0.7144094817265573,0.8498231058300737,-0.13541362410351643,0.7055550295485489,0.7545856809211063
POSTN,1.1433768203808186,1.345911430864343,1.248340926712819,0.09757050415152402,0.3954677256022382,0.7545856809211063
PPHLN1,0.15121929338622872,0.16275954080253444,0.1900776946739892,-0.027318153871454753,0.6870334761153026,0.7545856809211063
PPIB,0.892854612814883,0.941694898639416,1.005759870286463,-0.06406497164704694,0.5855236785915517,0.7545856809211063
PPIH,0.2756128637134574,0.3469360480601644,0.34027918426480874,0.006656863795355683,0.4735489000216795,0.7545856809211063
PPM1G,0.4454220500583823,0.4854266704136898,0.5366951750104724,-0.05126850459678256,0.6270298267119823,0.7545856809211063
PPP1R1A,0.5017248089415269,0.6264026524453927,0.5997856132694209,0.0266170391759718,0.4401789025077659,0.7545856809211063
PPP1R1B,0.8170163426840449,1.5272659148343002,0.9302889975334189,0.5969769173008813,0.014759145246112635,0.7545856809211063
PPP1R37,0.32307165535657983,0.3653072036437727,0.39614193685567956,-0.03083473321190683,0.6041108380194793,0.7545856809211063
PRKAB1,0.2505561321972041,0.276758522555122,0.31046857315508264,-0.03371005059996063,0.6436619456205581,0.7545856809211063
PRKCSH,1.2026496651070824,1.0391103407990558,1.3031670946237117,-0.2640567538246559,0.7540375904635939,0.7697467069315853
PROSER1,0.11207975696415874,0.11526778168729067,0.14166451822695036,-0.026396736539659696,0.736301819982408,0.761491277408559
PRPF6,0.47295815941518915,0.5932871954986882,0.5676732803470923,0.025613915151595945,0.43918468378008324,0.7545856809211063
PRPSAP1,0.2073005781594991,0.2553630549375738,0.2584813695330682,-0.0031183145954944425,0.5163191499256081,0.7545856809211063
PSCA,0.10579799451093125,0.13408194771529552,0.13384291215331284,2.3903556198268117e-4,0.4975834682447185,0.7545856809211063
PSMD4,0.3660677689824257,0.436009450474194,0.4460903017759758,-0.010080851301781824,0.530547620907627,0.7545856809211063
PSTPIP1,0.19424833577101094,0.2963554155290451,0.24266260847347107,0.05369280705557403,0.2264869513854806,0.7545856809211063
PTGDS,0.6383232944272713,1.0621820251435838,0.7478936328757019,0.31428839226788197,0.07703516600355653,0.7545856809211063
PTOV1,1.369748524870977,1.2194087752550937,1.4477359826643321,-0.2283272074092384,0.7036463112292728,0.7545856809211063
PTP4A3,0.29128093371747865,0.3752992548231995,0.3588079122231065,0.016491342600092995,0.43806075476635464,0.7545856809211063
PTPRC,0.1545932420553436,0.2205839576209994,0.19422513462255037,0.026358822998449022,0.32265137677797306,0.7545856809211063
PTPRJ,0.13462560211388536,0.15263686304567783,0.16961994110083475,-0.01698307805515692,0.6329180993643126,0.7545856809211063
PTRF,0.9800940834938532,1.2128649203543282,1.0920012711260525,0.12086364922827575,0.3536827084007338,0.7545856809211063
PTRH1,0.10608541268039365,0.14976085518307142,0.13420109021602752,0.015559764967043893,0.34706868755728304,0.7545856809211063
PTTG1,0.09146692156858231,0.10972770122763265,0.11583628894624062,-0.006108587718607977,0.5709763312875371,0.7545856809211063
PUS3,0.06982999472683914,0.08319610908100454,0.08849433986188268,-0.005298230780878141,0.580457568021496,0.7545856809211063
PWP1,0.1209010488180605,0.13374523155035414,0.15262418422005142,-0.018878952669697274,0.6625889273537005,0.7545856809211063
PWWP2B,0.5057256744858555,0.5465536396215298,0.6042312204605793,-0.0576775808390495,0.6269397455233375,0.7545856809211063
PXDN,0.5332028232126504,0.5672032254520106,0.6346219319639091,-0.06741870651189852,0.6406945042373866,0.7545856809211063
PYURF,0.11326411816186509,0.11594297344573548,0.14313759640749082,-0.027194622961755344,0.7403379883838496,0.761491277408559
QSOX1,0.7058310328740967,0.8453068302189822,0.8184422187491729,0.02686461146980934,0.45567750737000695,0.7545856809211063
R3HDM2,0.1178409125154688,0.1377584994162417,0.14882543762030898,-0.01106693820406729,0.5995619656878093,0.7545856809211063
RAB11FIP1,0.385574618198508,0.6375662543195891,0.46854959625606735,0.16901665806352179,0.11057687217133981,0.7545856809211063
RAB3A,0.08246139855417016,0.0915891233042686,0.10446075446190939,-0.012871631157640784,0.6619990352772921,0.7545856809211063
RAB3GAP1,0.30371091672980877,0.334411742108974,0.373446679910357,-0.03903493780138301,0.6385260347464438,0.7545856809211063
RAB3IL1,0.1180513733050481,0.1705763951144655,0.14908680237780028,0.02148959273666523,0.31246146645985085,0.7545856809211063
RABGAP1L,0.1107455422613398,0.12386661074179603,0.14000443222449366,-0.01613782148269763,0.652082856758888,0.7545856809211063
RALBP1,0.08257147157149468,0.10868574825891997,0.1045998342887837,0.0040859139701362734,0.4472992010688642,0.7545856809211063
RALGAPA2,0.12664416541703233,0.14715356758739734,0.15974442207572595,-0.012590854488328612,0.6053923981917215,0.7545856809211063
RAMP2,0.18682560579893115,0.2751883755928725,0.233639185005539,0.0415491905873335,0.27320006051065143,0.7545856809211063
RAP1B,0.08486169627776555,0.09981300596400718,0.10749337018267122,-0.00768036421866404,0.5957401237165135,0.7545856809211063
RARS2,0.09585815079574697,0.1203796218721953,0.12138085635310387,-0.0010012344809085805,0.5111598143774595,0.7545856809211063
RASA2,0.0873181554798205,0.11463551524039964,0.11059647241860282,0.004039042821796818,0.45071034509520436,0.7545856809211063
RASGRP2,0.11621728074267713,0.19043079814354763,0.146808505470164,0.043622292673383634,0.1567747567484521,0.7545856809211063
RASSF3,0.09182563141649826,0.10919087555276029,0.11628926936328687,-0.007098393810526585,0.582007738891306,0.7545856809211063
RBL1,0.08692369606338175,0.09366424261577136,0.11009820677054899,-0.01643396415477763,0.6936655618071977,0.7545856809211063
RBM42,0.4940836861002153,0.5520676882132043,0.5912809691500086,-0.03921328093680432,0.5889851197922568,0.7545856809211063
RECQL4,0.16353396061623188,0.18679330235535577,0.20519560171609674,-0.018402299360740976,0.6195023105016398,0.7545856809211063
RECQL5,0.30595680234595973,0.39430717787756314,0.37608597184146064,0.0182212060361025,0.4347370105490486,0.7545856809211063
REEP6,0.27602026037334126,0.3433371383837563,0.3407620490285313,0.002575089355224991,0.4897759831298963,0.7545856809211063
RGS1,0.08920083802294546,0.11046147065377955,0.11297443433246963,-0.0025129636786900833,0.5300692247043102,0.7545856809211063
RHOB,0.6979953911621161,0.704631086076625,0.8104014633678002,-0.10577037729117522,0.6709984056007559,0.7545856809211063
RIOK1,0.07415560848978134,0.09415690459703993,0.0939634411866352,1.9346341040472892e-4,0.49721410708423297,0.7545856809211063
RMND1,0.0875863126310006,0.11450477395256914,0.1109351910091429,0.0035695829434262416,0.4565475033970974,0.7545856809211063
RNASET2,0.7377285640812773,0.7858169672532466,0.8508853054801236,-0.06506833822687708,0.6023244002126751,0.7545856809211063
RND3,0.07866639598223528,0.10477858457099958,0.09966509639853877,0.005113488172460809,0.4309259810378854,0.7545856809211063
RNF135,0.1729310542264919,0.1817866405396859,0.21669486982392755,-0.03490822928424164,0.7075986398727738,0.7545856809211063
RNF170,0.10435759551684874,0.1431352837257097,0.13204740862888023,0.011087875096829458,0.38789958690540177,0.7545856809211063
RRAS,0.3492105045194146,0.468771531166214,0.4265808672025673,0.04219066396364668,0.36864132845246994,0.7545856809211063
RRM2,0.31893280815378344,0.33572115478977255,0.39130102639553965,-0.055579871605767106,0.6850093215970002,0.7545856809211063
RSL1D1,0.7488171677166066,0.7936116769639564,0.8620406386782393,-0.06842896171428292,0.6061252540971954,0.7545856809211063
RSRP1,0.2544609191776524,0.2960978120363555,0.3151287778139525,-0.019030965777596998,0.5811470021922628,0.7545856809211063
RUVBL1,0.19383302578358638,0.2055729565126865,0.24215825888050616,-0.03658530236781965,0.6958211413885694,0.7545856809211063
S100A14,1.6138393371795396,1.9503386156689122,1.6619546668095955,0.28838394885931673,0.27808772779057217,0.7545856809211063
S100A9,1.9736364720554627,4.6627913745931275,1.9029119249883595,2.7598794496047683,4.3462140418576594e-7,1.8101981484337152e-4
SAMM50,0.4565954862416928,0.5882052028736098,0.5492934264466122,0.03891177642699761,0.40506153345087725,0.7545856809211063
SASH1,0.13499774866093545,0.1497029765121429,0.17007984692086292,-0.02037687040872002,0.6577580713182607,0.7545856809211063
SAT1,0.8778823455399182,0.8931208484996727,0.9907173637838119,-0.09759651528413926,0.630855501736344,0.7545856809211063
SCAF1,0.30010562445088906,0.3413850853748283,0.3692062387047363,-0.027821153329907977,0.6008617798456923,0.7545856809211063
SCD,1.21875775759976,1.6062499976485995,1.3177433008445807,0.28850669680401886,0.22886810899299112,0.7545856809211063
SCNN1D,0.09729133487088272,0.12053716613002816,0.12319013192021293,-0.002652965790184772,0.5291137211479903,0.7545856809211063
SCX,0.13281600690179754,0.14295827167698505,0.16738291031936448,-0.024424638642379426,0.6896716978396906,0.7545856809211063
SDHB,0.2156316742651628,0.2766549244460232,0.26854624087738393,0.008108683568639252,0.4592149807085316,0.7545856809211063
SEC14L2,0.20032517297572616,0.40650169348473686,0.25003509684220643,0.15646659664253043,0.016899747598098383,0.7545856809211063
SEC23A,0.08803021557821251,0.10170783724035418,0.11149588776245113,-0.009788050522096955,0.6170539367350965,0.7545856809211063
SEMA3B,0.09451915550245173,0.139133423714532,0.11969034027433666,0.01944308344019534,0.29082884074086346,0.7545856809211063
SEMA4B,0.20511602648581442,0.2070787551031468,0.2558380396627769,-0.048759284559630106,0.7409940772722095,0.761491277408559
SF3B4,0.23766317833182182,0.2502609053286296,0.29504291159325857,-0.04478200626462897,0.6966526877756268,0.7545856809211063
SFRP1,0.06066009400797622,0.12206984007045463,0.07689547103690263,0.045174369033552,0.023155356729782247,0.7545856809211063
SFSWAP,0.21580776961568865,0.28096256524705765,0.2687587138806632,0.012203851366394458,0.43880045122892347,0.7545856809211063
SGTA,0.8334807130962397,0.8280305034395813,0.9465466827133168,-0.11851617927373548,0.6644620774314464,0.7545856809211063
SH3BP5L,0.15979595157177953,0.20033632677144472,0.20061250642403866,-2.761796525939386e-4,0.5018627737949205,0.7545856809211063
SIGLEC1,0.1702092151120394,0.24480134303390688,0.21336742723348462,0.03143391580042226,0.30865168531808895,0.7545856809211063
SIGMAR1,0.2852760283424245,0.31286358399078984,0.35171675602450386,-0.03885317203371402,0.6460478358110519,0.7545856809211063
SLC16A2,0.0915923279582121,0.10426358962032904,0.11599465385309998,-0.01173106423277094,0.6342076850561964,0.7545856809211063
SLC16A3,0.795909198915531,0.9012167449753755,0.9093345018839054,-0.008117756908529894,0.5120774164399788,0.7545856809211063
SLC22A18,0.2062417543777494,0.2767115022103689,0.2572003941311765,0.019511108079192374,0.39847623133965254,0.7545856809211063
SLC25A24,0.12308900405036419,0.13483433815677215,0.15533820568219156,-0.02050386752541941,0.6728108107445004,0.7545856809211063
SLC2A1,0.36605201557370637,0.4571618453550919,0.44607211311112416,0.011089732243967754,0.46640074740550763,0.7545856809211063
SLC2A8,0.18075255131488902,0.24154867293149185,0.2262417109307499,0.015306962000741942,0.4092500992636377,0.7545856809211063
SLC35A2,0.30893687062145275,0.31745190039399845,0.3795853448766654,-0.062133444482666944,0.7106142866010382,0.7545856809211063
SLC39A6,0.22469645188411858,0.23845275556624226,0.2794692235277773,-0.04101646796153505,0.6906823758832645,0.7545856809211063
SLC43A1,0.11620899564640542,0.17153186742052948,0.14679821104638077,0.024733656374148705,0.28384407641003256,0.7545856809211063
SLC4A5,0.09075436596979165,0.08640556030021346,0.11493644047780202,-0.028530880177588563,0.8000861054971342,0.8107928538675337
SLC8B1,0.2745397733820795,0.3499803976405622,0.3390070313418557,0.010973366298706488,0.45628933007894257,0.7545856809211063
SLC9A3R2,0.4281958382698877,0.4765099510744521,0.5171960242828213,-0.0406860732083692,0.6051937989878217,0.7545856809211063
SLC9A8,0.10324621149262389,0.12692810713850589,0.13066153259473148,-0.0037334254562255975,0.5386018726280233,0.7545856809211063
SLFN13,0.11478467181376309,0.14884156841633012,0.14502809532882663,0.0038134730875034883,0.4644678769473635,0.7545856809211063
SLPI,0.2779792534289561,0.46938859727330406,0.34308312340730024,0.12630547386600383,0.10589653022101554,0.7545856809211063
SMCHD1,0.17797618659227304,0.22217362828131132,0.2228554545237631,-6.818262424517774e-4,0.5041397171932095,0.7545856809211063
SMG9,0.25989549004850054,0.3017417408818355,0.3216057268070202,-0.019863985925184735,0.5829666184415685,0.7545856809211063
SMYD2,0.0841473980377512,0.09010633385681406,0.1065909495292617,-0.016484615672447633,0.7000475901007798,0.7545856809211063
SNAPC3,0.07305107533126448,0.08547086626165071,0.09256706198669207,-0.00709619572504136,0.602571279981141,0.7545856809211063
SNF8,1.3000406284704924,1.4001698578371833,1.3889326438627907,0.01123721397439259,0.4890541123153368,0.7545856809211063
SNRPD3,0.38030844097721644,0.4389182613631701,0.46249853861287926,-0.02358027724970918,0.5686446086420204,0.7545856809211063
SNTA1,0.12709343164380346,0.16575055236799702,0.16030091574631963,0.005449636621677384,0.45410154476785164,0.7545856809211063
SNX33,0.20491672084008958,0.24537085350856724,0.2555967934696653,-0.010225939961098052,0.55396904042854,0.7545856809211063
SNX8,0.2556161889340843,0.35099268542434825,0.3165065167370079,0.034486168687340335,0.35585667306287505,0.7545856809211063
SOD3,0.2648984372902798,0.40746930054771113,0.3275590565693721,0.07991024397833901,0.2039969400583434,0.7545856809211063
SOS2,0.06999464390023914,0.0789570466797738,0.08870254149432041,-0.009745494814546618,0.6452906249400574,0.7545856809211063
SOX4,0.9877434806592357,1.0842126836658863,1.0995057918261124,-0.01529310816022611,0.5188133093428998,0.7545856809211063
SP6,0.1215855278504428,0.1440468934604614,0.15347341947732626,-0.009426526016864861,0.5825114700102804,0.7545856809211063
SPAG9,0.2251750935719476,0.2872730031239744,0.2800451697379142,0.007227833386060201,0.4651218300298626,0.7545856809211063
SPARC,1.379420213479649,1.540972755729766,1.4559657606922591,0.08500699503750697,0.4215124955379046,0.7545856809211063
SPIN1,0.13719605287837133,0.14522374441588928,0.17279545646697875,-0.027571712051089464,0.7058115174940203,0.7545856809211063
SPSB1,0.19601766606361326,0.22723642877889833,0.24481055146678182,-0.017574122687883498,0.5961828177147293,0.7545856809211063
SRGN,0.21646442835593052,0.2680615650665007,0.26955092797569546,-0.001489362909194769,0.5074758797212443,0.7545856809211063
SRPX2,0.1153702637405752,0.1651025853093057,0.1457559417770066,0.01934664353229909,0.3262861719096384,0.7545856809211063
SRR,0.10884125929596056,0.11162562879750171,0.13763392141865236,-0.026008292621150647,0.739212905391959,0.761491277408559
SRRT,0.32558023705041067,0.35700542197651164,0.39907321124826434,-0.0420677892717527,0.6396532597783173,0.7545856809211063
SRSF1,0.3560268758227825,0.35770857256075766,0.4344810144540279,-0.07677244189327026,0.7255173620223899,0.7580844977323302
SRSF5,0.6644549994611337,0.6791711880058331,0.7755857473790624,-0.09641455937322929,0.6633521828598332,0.7545856809211063
SSSCA1,0.2123257357049409,0.29430329987350135,0.2645552840217908,0.029748015851710552,0.35146012628043216,0.7545856809211063
STAMBP,0.08399279528994101,0.09065418165763311,0.10639562426695036,-0.015741442609317244,0.6920991705597229,0.7545856809211063
STAT5A,0.13876452473621287,0.20918244709594322,0.17473197504803378,0.034450472047909436,0.25183880418429794,0.7545856809211063
STK17A,0.12489020532049314,0.15490180117301,0.15757115656350734,-0.002669355390497341,0.5229096676732207,0.7545856809211063
STK4,0.0909375715948115,0.1115716582507933,0.11516780490850127,-0.003596146657707966,0.5421718909041406,0.7545856809211063
STMN1,0.5281241114705754,0.5435721325447408,0.6290236221618972,-0.08545148961715643,0.6775130267544608,0.7545856809211063
STRN3,0.08510448257616547,0.08924642657185097,0.10780008917237248,-0.018553662600521506,0.7203064615290735,0.7580844977323302
STT3A,0.20539895845159772,0.22062051200262325,0.256180485782962,-0.03555997378033873,0.6811070138571813,0.7545856809211063
SUGP1,0.09992596206492961,0.14609286222669207,0.12651570791043198,0.019577154316260087,0.2998488307846781,0.7545856809211063
SURF1,0.22247926795155404,0.33432234062728233,0.2768002453455458,0.05752209528173652,0.24045710790991343,0.7545856809211063
SVIL,0.0864912497116862,0.11757196006863802,0.10955194343980504,0.008020016628832977,0.40195194128509193,0.7545856809211063
SYDE1,0.10201143969848193,0.14174333992946875,0.1291212831025441,0.01262205682692466,0.3701141874760461,0.7545856809211063
SYK,0.18547674452800456,0.234301536352956,0.2319973154333796,0.0023042209195764107,0.48656347249704124,0.7545856809211063
TACC3,0.16092312874512676,0.19309475705946108,0.20199503675927613,-0.00890027969981505,0.5593986826388107,0.7545856809211063
TANC2,0.2166862428989457,0.25779082598843933,0.2698184976606495,-0.012027671672210194,0.56008773084255,0.7545856809211063
TARBP1,0.15991291342692598,0.18291605968423313,0.20075598602768996,-0.017839926343456824,0.6184450576701854,0.7545856809211063
TAX1BP1,0.24786372387911249,0.28882554816570827,0.3072521409609414,-0.01842659279523312,0.5805919351080759,0.7545856809211063
TAX1BP3,0.3103935707389681,0.38919702799210776,0.38129480300332347,0.00790222498878429,0.47198058876382887,0.7545856809211063
TBC1D10A,0.24183820936190126,0.2926419348749799,0.3000445520130068,-0.007402617138026868,0.5333442509211727,0.7545856809211063
TBC1D23,0.12196085648710701,0.12887329073540935,0.15393902057340217,-0.025065729837992823,0.7096174991833659,0.7545856809211063
TBCA,0.11875841415451818,0.14117424006775461,0.1499647398387603,-0.008790499771005683,0.5787950546861189,0.7545856809211063
TBXAS1,0.13031899984942216,0.1671471410710597,0.16429419456363936,0.002852946507420351,0.4765172793283987,0.7545856809211063
TCEA2,0.14863102105295833,0.21292132857583285,0.1868932755142128,0.026028053061620038,0.3183376997477707,0.7545856809211063
TCEA3,0.2525202998496426,0.3110451847436083,0.3128133983291821,-0.0017682135855737746,0.5076480513447235,0.7545856809211063
TCF25,0.7842841075532935,0.8479329400837403,0.8977498835700272,-0.04981694348628685,0.5746434706576673,0.7545856809211063
TDRD3,0.08498991027229881,0.10980921434904353,0.1076553472281471,0.0021538671208964355,0.4729493238146268,0.7545856809211063
TESK1,0.2711733671631066,0.31283552848787516,0.3350135239941951,-0.022177995506319936,0.5888282474121983,0.7545856809211063
TESMIN,0.0887546454652521,0.10393527014477154,0.11241088663605005,-0.00847561649127851,0.6009201543699026,0.7545856809211063
TEX10,0.13423631752513093,0.15487438697199865,0.16913880333135656,-0.014264416359357907,0.6125767468906673,0.7545856809211063
TEX2,0.1764019191165275,0.18712717293133707,0.22093411375737412,-0.03380694082603705,0.6981170015942143,0.7545856809211063
TFF3,1.0661082476947656,2.3375995721796006,1.175229185242672,1.1623703869369286,3.974081602120311e-4,0.06620819949132438
TGFBR2,0.10456824358893048,0.13392454578958612,0.13231003389000257,0.0016145118995835595,0.48349359401933356,0.7545856809211063
THBS1,0.4119767175891934,0.5026247065191554,0.49875223707119687,0.003872469447958493,0.48949536487694006,0.7545856809211063
THOC5,0.13692832409012323,0.20147382765774877,0.17246481724643437,0.0290090104113144,0.28417166714418607,0.7545856809211063
THOC6,0.07940857126744409,0.09401858823403303,0.10060305560554007,-0.006584467371507044,0.5878379770647676,0.7545856809211063
TIGD5,0.1362622289369914,0.15202322799223567,0.17164209407814754,-0.019618866085911874,0.6508718064391033,0.7545856809211063
TIMP1,1.9132933829534366,1.618599629232271,1.896138528769931,-0.27753889953766,0.6902100065905968,0.7545856809211063
TJP3,0.27789321556312174,0.3643123345992131,0.34298121135304294,0.021331123246170147,0.41646658861678465,0.7545856809211063
TM7SF2,0.7460932060399894,0.8293401243842511,0.8593045651471047,-0.02996444076285365,0.5470733973209307,0.7545856809211063
TMBIM6,1.0146781111552958,1.040039362762037,1.1256866026450518,-0.08564723988301481,0.6018181259189646,0.7545856809211063
TMEM101,0.179299909013567,0.2845202641521326,0.22447030369243326,0.06004996045969935,0.18211255764261405,0.7545856809211063
TMEM123,0.7381848908290567,0.7585955073336759,0.8513452912768876,-0.09274978394321176,0.6441258500944191,0.7545856809211063
TMEM14B,0.1684264958515508,0.17265981452257595,0.2111865900620723,-0.03852677553949635,0.7319590306369329,0.7602517113722757
TMEM160,0.6566601210053388,0.7565076841979621,0.7674035619559265,-0.010895877757964412,0.5192043052701131,0.7545856809211063
TMEM184A,0.2598633869694977,0.28908629466002084,0.32156749678873014,-0.03248120212870931,0.634047493754679,0.7545856809211063
TMEM259,0.7798630576031044,0.7828297353526176,0.8933203037239351,-0.11049056837131754,0.6625760323078038,0.7545856809211063
TMEM45B,0.2072300053904475,0.22526560658373598,0.25839600446327404,-0.03313039787953806,0.6681713739913183,0.7545856809211063
TMEM86A,0.46429874852690467,0.5070469555780491,0.5579566286639683,-0.050909673085919205,0.6215177871806546,0.7545856809211063
TMX1,0.12978069768661596,0.13090321092169477,0.1636280432155466,-0.03272483229385184,0.751217088567815,0.7678083862294355
TNC,0.2141111707993103,0.2479169753977429,0.26671117642021697,-0.01879420102247406,0.5944477865946499,0.7545856809211063
TNFRSF14,0.32440091943188426,0.43950621658195516,0.39769545106037457,0.041810765521580584,0.3607035957244255,0.7545856809211063
TNFRSF21,0.07576942996971452,0.10172180519079893,0.0960035028630322,0.005718302327766725,0.4199498854974063,0.7545856809211063
TNFRSF4,0.19177760198920776,0.26962311377700543,0.2396612665843336,0.029961847192671837,0.33577477714092663,0.7545856809211063
TNNT1,0.15912415180659514,0.2371784422622685,0.19978830132264466,0.03739014093962384,0.26279464482358816,0.7545856809211063
TOM1L2,0.27641808374950694,0.33168709845613037,0.34123351099702537,-0.009546412540895,0.5377976883547645,0.7545856809211063
TP53I3,0.18972995887816618,0.24203891986418322,0.23717223742504673,0.004866682439136488,0.4722574295409635,0.7545856809211063
TPM2,0.8469063862035493,1.1191556726223542,0.9599199387954932,0.15923573382686096,0.2868431682257905,0.7545856809211063
TRAC,0.263423120645869,0.3723113114641612,0.32580440655276555,0.04650690491139564,0.3141403008497719,0.7545856809211063
TRAF5,0.08740909851790549,0.10508087775229595,0.1107113463560331,-0.005630468603737143,0.5684748447422967,0.7545856809211063
TRAP1,0.6422364153005489,0.7742840329860281,0.7520790680659797,0.02220496492004842,0.4601168680160103,0.7545856809211063
TRAPPC4,0.20746658035164153,0.22060105188262988,0.2586821594130837,-0.03808110753045382,0.6912157634920082,0.7545856809211063
TRIM14,0.17005917981893287,0.19452638678546383,0.2131839293899948,-0.01865754260453098,0.616704496571455,0.7545856809211063
TRIM22,0.10979968841427452,0.1539555126264735,0.13882716387481836,0.01512834875165514,0.3558393018391999,0.7545856809211063
TRIM25,0.21208669552016834,0.2767761926368314,0.2642665583251123,0.012509634311719087,0.43622245542998195,0.7545856809211063
TRIM47,0.1747723119990018,0.23659175946397057,0.21894427667981656,0.01764748278415401,0.3922804687596122,0.7545856809211063
TSPAN33,0.13280167654652217,0.18736513810576874,0.16736519043701273,0.019999947668756013,0.3426267622287455,0.7545856809211063
TSR2,0.09817393025075116,0.12085732582471702,0.12430425471572998,-0.0034469288910129597,0.5374657527442426,0.7545856809211063
TTC31,0.0882068009753347,0.10203725929029589,0.11171892963433103,-0.009681670344035137,0.6155936742058692,0.7545856809211063
TTI1,0.08312169385186587,0.09696573772516384,0.10529503867598825,-0.008329300950824403,0.6057653047580169,0.7545856809211063
TXN2,0.5718754773751685,0.6105238656342595,0.6769252834240074,-0.06640141778974784,0.6303201379465302,0.7545856809211063
TXNDC17,0.5360954616735918,0.6142113680088914,0.6378062894528825,-0.023594921443991113,0.5499251547168237,0.7545856809211063
TXNRD2,0.43762008842740246,0.49661370118252884,0.527875226033769,-0.031261524851240174,0.5795965876903341,0.7545856809211063
TYMS,0.17334540393672146,0.1787243790958577,0.2172011727143031,-0.03847679361844539,0.7260247978432484,0.7580844977323302
TYROBP,0.6280794287895365,0.8260849796115738,0.7370099652720148,0.089075014339559,0.3409318356259399,0.7545856809211063
UBA52,3.440264794893744,1.1814912292677617,5.405181639600909,-4.223690410333147,0.9959793254702228,0.9959793254702228
UBA6,0.2014147805726443,0.2140988910956483,0.2513556327924662,-0.03725674169681789,0.692422700023662,0.7545856809211063
UBAP2L,0.3865626523914773,0.3900637507231164,0.4696838816634655,-0.07962013094034909,0.7173397310226767,0.7573434676069578
UBE2C,0.15473085375067802,0.17937983047545028,0.19439420497466722,-0.015014374499216943,0.6033254651567906,0.7545856809211063
UBE2T,0.11670217034488428,0.11655344536002415,0.14741094978669714,-0.030857504426672983,0.7611431994642857,0.7751005930974938
UBE2W,0.10725219231461071,0.1057425710895108,0.13565482130003814,-0.029912250210527347,0.7727336712880049,0.7849843270523269
UBL7,0.2693358350221736,0.3555847638914504,0.33283201591918204,0.02275274797226834,0.4083231929037257,0.7545856809211063
UBR2,0.18449938192044602,0.21913831081879645,0.23080724075375492,-0.011668929934958466,0.5680746625480995,0.7545856809211063
UBXN1,0.4760578684579483,0.5899361592895153,0.5711458858144518,0.018790273475063457,0.45557641764256174,0.7545856809211063
UCK1,0.31606403104514785,0.4042288782382333,0.3879421828877873,0.016286695350445968,0.4433854061783798,0.7545856809211063
UFD1L,0.42091384395009335,0.5033854682772226,0.5089255313069393,-0.0055400630297166575,0.5147261706128858,0.7545856809211063
UQCRC1,1.4044619936757208,1.3001559843257575,1.4772506218791523,-0.17709463755339483,0.6578497245179218,0.7545856809211063
UXS1,0.23536631251707846,0.2695350867823429,0.29228861674655815,-0.022753529964215258,0.6041219647430041,0.7545856809211063
UXT,0.28365684725667684,0.40174362856376505,0.34980252284627666,0.05194110571748839,0.3072628967088603,0.7545856809211063
VARS,0.674904980226596,0.7836551081513797,0.7865008081225426,-0.002845699971162907,0.5048956127667866,0.7545856809211063
VAV1,0.13903407600815415,0.2006979591903159,0.17506468963286717,0.02563326955744874,0.30972884685583135,0.7545856809211063
VCAM1,0.1169353065038796,0.14452775043154395,0.14770057699150863,-0.0031728265599646754,0.5290407657700815,0.7545856809211063
VEGFB,0.4812493347538254,0.5641292413201588,0.5769552141428194,-0.012825972822660514,0.5300514129065415,0.7545856809211063
VIM,1.650075673275847,1.644420958781917,1.6917342041204908,-0.04731324533857384,0.5377857231344393,0.7545856809211063
VPS13D,0.18030838866781693,0.20454522064461844,0.22570016153570457,-0.021154940891086133,0.6247216513724927,0.7545856809211063
VPS45,0.09166455453961944,0.09753895870075942,0.1160858620078877,-0.018546903307128285,0.7060523831297739,0.7545856809211063
VWF,0.7424736015956983,1.0747456740939911,0.8556646456412226,0.21908102845276856,0.192588066707388,0.7545856809211063
WDFY3,0.10892082095075953,0.12502013073715046,0.1377329878734522,-0.012712857136301742,0.6228812489903974,0.7545856809211063
WDR13,0.5848319499904974,0.6946923982126004,0.6909430578067943,0.003749340405806101,0.4926579705971768,0.7545856809211063
WDR34,1.4782135159582692,1.266458427184895,1.5415359559562827,-0.2750775287713876,0.7274864284068935,0.7580844977323302
WDR46,0.6960675752981205,0.7335111747454903,0.8084198563983517,-0.07490868165286135,0.6233448157335986,0.7545856809211063
WDR73,0.1275834696477253,0.14681060309592048,0.16090783088631927,-0.014097227790398792,0.6168236795707143,0.7545856809211063
WDR74,0.40414180282392514,0.5064962391394631,0.48981282592976155,0.016683413209701514,0.4540148473761487,0.7545856809211063
WIPF1,0.29581043507955124,0.39512818492940016,0.3641484836639507,0.030979701265449466,0.3864640005613613,0.7545856809211063
XAB2,0.41866734214544593,0.47760836486930974,0.5063705239031752,-0.02876215903386542,0.5763838071172962,0.7545856809211063
XIAP,0.09759735953874946,0.1314816008002115,0.1235764416502687,0.007905159149942817,0.41411718601620007,0.7545856809211063
XPO6,0.3414076535911847,0.3627172653321425,0.417518424612384,-0.054801159280241485,0.6719038318796046,0.7545856809211063
YIPF4,0.24064534676294008,0.2777060825027658,0.2986161433793924,-0.020910060876626613,0.5938647679340331,0.7545856809211063
YTHDC1,0.157416955421909,0.18340581991777494,0.1976930170006291,-0.01428719708285417,0.5968171302751375,0.7545856809211063
ZDHHC12,0.7048775305248959,0.7146897984873399,0.817464731432954,-0.10277493294561402,0.6650985728311909,0.7545856809211063
ZFAND3,0.27757909414025606,0.28458671582667633,0.34260911178092,-0.05802239595424369,0.7171515466826428,0.7573434676069578
ZFP36,0.32145081248531154,0.40646651992730193,0.3942468272479745,0.012219692679327432,0.4581379245017393,0.7545856809211063
ZFPL1,0.3114653487863497,0.4008771083762397,0.3825520793391589,0.018325029037080776,0.4354680402497836,0.7545856809211063
ZFR,0.15933849422092014,0.17402946582370493,0.20005128711914688,-0.02602182129544195,0.6704580958807577,0.7545856809211063
ZG16B,0.19505684214677543,0.2837239342389969,0.24364427779059322,0.04007965644840367,0.2884434531049229,0.7545856809211063
ZMAT5,0.27036416949594017,0.33224968193874704,0.3340529949123099,-0.0018033129735628428,0.507303978662347,0.7545856809211063
ZMYND19,0.568738137792475,0.6250072888431488,0.6735186524724829,-0.04851136362933406,0.5964982196577756,0.7545856809211063
ZMYND8,0.16591638913078277,0.20418326765770625,0.2081140142882424,-0.003930746630536136,0.5255390528911306,0.7545856809211063
ZNF217,0.19922578265970395,0.20859450126047374,0.24870227871210931,-0.04010777745163557,0.7078017485391316,0.7545856809211063
ZNF337,0.11472910793090275,0.1295971057310509,0.14495902733402374,-0.015361921602972839,0.6403644932531624,0.7545856809211063
ZNF33B,0.07409769213063697,0.0848892181907853,0.09389022422648215,-0.00900100603569684,0.6274676069590173,0.7545856809211063
ZNF362,0.10306104852229975,0.1309219690457693,0.13043059532415044,4.913737216188652e-4,0.49490260069195724,0.7545856809211063
ZNF524,0.29825590813246433,0.36745414030606716,0.36702891261491677,4.2522769115038717e-4,0.4984323533941637,0.7545856809211063
ZNF592,0.09681783386942809,0.12536884150495395,0.12259239420252124,0.002776447302432705,0.46938551151487995,0.7545856809211063
ZNF644,0.20694201563527098,0.23716492207680184,0.25804762308023943,-0.020882701003437587,0.6081406718362555,0.7545856809211063
ZNF668,0.20469439422339847,0.22638618622720544,0.25532766532895373,-0.028941479101748296,0.6496778344954269,0.7545856809211063
ZNF771,0.13649113221803713,0.1629303487800837,0.17192484022707044,-0.008994491446986747,0.5704193127434685,0.7545856809211063
ZNF787,0.5455442195446123,0.5985815225674808,0.6481874497723241,-0.04960592720484336,0.6024014332692273,0.7545856809211063
ZNF791,0.11173119413358526,0.19000465467045077,0.14123089024310467,0.0487737644273461,0.12073564145920546,0.7545856809211063
ZNF83,0.10707373728615811,0.12394884350314228,0.13543250916182006,-0.011483665658677783,0.6131701537933718,0.7545856809211063
ZNF91,0.10968948502983711,0.1312312743686287,0.13868997736829242,-0.007458702999663724,0.5723674591036351,0.7545856809211063
ZNRF1,0.25962343769872187,0.31347003133977075,0.3212817412278824,-0.00781170988811164,0.5328621560297184,0.7545856809211063
ZSWIM8,0.4105352903529316,0.4594222133286394,0.49710900065499236,-0.037686787326352944,0.6014614067951687,0.7545856809211063
