section,gene,p_adj
A1,A2M,0.017704099362347556
A1,AAMDC,1
A1,ABCA3,1
A1,ABCA7,0.0721724228264842
A1,ABCF3,0.00866329164178947
A1,ABHD14A,1
A1,ABHD4,1
A1,ACAA1,1
A1,ACER3,1
A1,ACTR3B,1
A1,ADAM15,7.708084232863249e-13
A1,ADCY3,1
A1,ADI1,0.00421077024185571
A1,AEBP1,1
A1,AES,1.0107781321801037e-8
A1,AGAP2,1
A1,AGO2,1
A1,AGPAT2,3.1699496407650116e-12
A1,AGR2,9.5148361258433e-4
A1,AHCY,1
A1,AKAP9,1
A1,AKR1A1,0.316070632269066
A1,AKT1S1,3.658201704614737e-5
A1,ALDH16A1,1
A1,ALG3,1
A1,ANGPTL4,1
A1,ANKLE2,1
A1,ANKRD12,1
A1,ANKRD28,1
A1,ANLN,1
A1,ANO10,1
A1,AP5B1,1
A1,AP5Z1,1
A1,APBA2,1
A1,APBB2,1
A1,APOBEC3G,1
A1,APOC1,0.5433074686703644
A1,AQP1,0.026399520850107383
A1,ARF5,5.896975442670715e-4
A1,ARF6,1
A1,ARFGEF2,1
A1,ARHGAP10,1
A1,ARHGAP4,1
A1,ARHGAP45,0.023238264217921925
A1,ARHGAP5,1
A1,ARHGEF10L,1
A1,ARHGEF3,1
A1,ARHGEF40,1
A1,ARID1B,1
A1,ARID3A,1
A1,ARID4A,1
A1,ARID5A,0.0050405476027841865
A1,ARID5B,1
A1,ARNT,1
A1,ASCL2,1
A1,ASH2L,1
A1,ASL,1
A1,ASMTL,1
A1,ASNA1,2.826557797353697e-4
A1,ASNS,1
A1,ATAD1,1
A1,ATF6B,1
A1,ATG12,1
A1,ATG16L2,1
A1,ATL2,1
A1,ATP5H,1
A1,ATP5O,1
A1,ATP6AP1,5.700683100700103e-5
A1,ATP6V0D1,0.25880782900368754
A1,AURKAIP1,0.16703464040268468
A1,AVEN,0.4988030579605335
A1,BABAM1,1
A1,BAD,2.212337471765731e-9
A1,BAG1,0.6095203613546439
A1,BAIAP3,1
A1,BCAM,1
A1,BCL2,0.8214289180051814
A1,BCL2L12,1
A1,BGN,0.6317856577028741
A1,BICDL1,1
A1,BIN3,1
A1,BIRC2,1
A1,BIRC5,1
A1,BLVRA,1
A1,BOK,0.0012491506086645013
A1,BOLA3,1
A1,BRD9,0.1503789876658413
A1,BRF1,0.3750370231885057
A1,BRF2,1
A1,BRK1,1
A1,BRPF1,0.6230226937114023
A1,BSG,1.1588403909179637e-11
A1,BST2,0.08600869397818942
A1,BTG1,1
A1,C10orf10,1
A1,C10orf54,0.4988030579605335
A1,C12orf45,1
A1,C15orf61,1
A1,C19orf24,9.5148361258433e-4
A1,C19orf52,1
A1,C19orf60,2.826557797353697e-4
A1,C1QB,0.5720049571392068
A1,C1R,0.12729205191527415
A1,C1S,1
A1,C1orf216,1
A1,C2,1
A1,C2CD2L,1
A1,C3,0.007826320366700602
A1,C4orf48,7.200548538055169e-4
A1,C5orf38,0.01231926082144105
A1,C6orf136,1
A1,C6orf48,1
A1,CADM4,0.09833773699164369
A1,CALML5,7.900183036091222e-4
A1,CAMTA2,0.52388158021431
A1,CAPG,1
A1,CARS2,1
A1,CBLC,0.001004422718190606
A1,CCDC106,1
A1,CCDC167,1
A1,CCDC57,8.281389598342008e-4
A1,CCDC80,1
A1,CCDC88B,0.5312235756595001
A1,CCL19,1
A1,CCL2,1
A1,CCL21,1
A1,CCM2,0.025417304189277498
A1,CCNB1,0.3750370231885057
A1,CCNB1IP1,1
A1,CCNE1,1
A1,CCNE2,1
A1,CCS,1
A1,CCT4,1
A1,CD14,0.019008883882547598
A1,CD320,1
A1,CD3D,1
A1,CD4,1
A1,CD52,1
A1,CD68,0.15701567192210508
A1,CD74,0.4102493814845156
A1,CD79A,1
A1,CDC20,1
A1,CDC6,1
A1,CDH11,1
A1,CDH3,1
A1,CDK5RAP1,1
A1,CENPF,1
A1,CEP250,1
A1,CEP55,0.09395469955837894
A1,CERCAM,1
A1,CERS5,0.316070632269066
A1,CES2,1
A1,CFAP36,1
A1,CFDP1,1
A1,CGGBP1,1
A1,CHCHD6,1
A1,CHD1,1
A1,CHD6,1
A1,CHFR,1
A1,CHST11,1
A1,CIR1,1
A1,CLASRP,0.9562522055676602
A1,CLDN3,6.744573703755343e-13
A1,CLDN4,2.3456128547504693e-10
A1,CLU,3.712798868458737e-7
A1,CNN2,1.6395402385514555e-5
A1,COL14A1,0.5748654528697366
A1,COL3A1,1
A1,COL4A1,1
A1,COL6A2,0.6166075807421517
A1,COL8A2,1
A1,COMMD1,1
A1,COMP,2.620748639173505e-11
A1,COPS7A,1
A1,COQ4,1
A1,CORO1A,1
A1,CORO1B,3.658201704614737e-5
A1,CORO2A,1
A1,CORO7,1
A1,COX5A,1
A1,CPNE1,1
A1,CPSF1,1
A1,CPVL,1
A1,CRABP2,0.02002621817527087
A1,CRACR2B,8.376897117681638e-7
A1,CRELD2,1
A1,CROCC,1
A1,CSF1,1
A1,CSF1R,1
A1,CTDSPL,1
A1,CTIF,1
A1,CTSK,1
A1,CTU2,0.3880179993399466
A1,CUTC,1
A1,CUX1,1
A1,CX3CL1,2.6816581905645382e-5
A1,CXCL10,0.6576205640910404
A1,CXXC5,1.0530701275057595e-7
A1,CYP27A1,1
A1,DAPK3,0.03193443938329849
A1,DCAF6,1
A1,DCXR,1
A1,DDAH1,1
A1,DDB2,1
A1,DDIT3,1
A1,DDRGK1,0.3063445326046256
A1,DDT,0.52388158021431
A1,DEAF1,0.52388158021431
A1,DENND1A,0.4196952597491906
A1,DERL3,1
A1,DESI1,1
A1,DHX16,1
A1,DLG1,1
A1,DMAP1,9.130715313893415e-4
A1,DNAJB2,2.4833046273369765e-7
A1,DNAJC1,1
A1,DNAJC7,0.6818794373867585
A1,DOCK6,0.5484555713467122
A1,DPH3,1
A1,DPM2,4.0567139768193954e-4
A1,DPP7,1
A1,DPP9,1
A1,DPYSL3,1
A1,DVL1,1
A1,EBAG9,1
A1,ECHDC2,1
A1,ECM1,1
A1,EFEMP2,1
A1,EFHD2,0.28575393509585445
A1,EGFR,1
A1,EIF1AD,1
A1,EIF3B,3.1699496407650116e-12
A1,EIF3F,1
A1,EIF3G,1
A1,ELN,0.4712269463650953
A1,ELOF1,0.0047659835731157126
A1,EMC3,1
A1,ENPP1,2.2807375957848097e-4
A1,EPHB3,1
A1,ERAL1,0.52388158021431
A1,ERBB2,2.508715988164592e-6
A1,ERI3,0.002371343665225649
A1,ERMP1,1
A1,ESR1,0.0979187404518437
A1,ETFB,0.005577308423546669
A1,EVA1B,0.2249011915569064
A1,EXD3,0.4725158568945948
A1,EXO1,1
A1,EXOC5,1
A1,EXOSC1,1
A1,EXOSC10,1
A1,EXOSC2,1
A1,EZH2,1
A1,FAAH,1
A1,FADS2,1
A1,FAH,1
A1,FAIM2,1
A1,FAM102A,1
A1,FAM117A,1
A1,FAM118A,1
A1,FAM160B1,1
A1,FAM173A,1.4487420385893318e-4
A1,FAM193B,1
A1,FAM213B,1
A1,FAM3A,0.3781022395370313
A1,FAM45A,1
A1,FAP,1
A1,FARP1,0.013624704298614645
A1,FARSB,1
A1,FASN,1.837547704664517e-5
A1,FBF1,1
A1,FBLN2,0.30318684633481263
A1,FCER1G,1
A1,FDPS,1
A1,FGFR1,1
A1,FGFR4,1
A1,FKBP10,1
A1,FKBP8,1.6874423808743738e-8
A1,FLNA,0.09379663363870987
A1,FN1,1
A1,FNBP4,1
A1,FOXA1,1
A1,FOXC1,1
A1,FOXP4,9.524203235708681e-8
A1,FSTL1,1
A1,FSTL3,1
A1,FUOM,1
A1,FUS,1
A1,FZD2,0.6731277559463612
A1,GALK1,1
A1,GANAB,2.831576312294993e-4
A1,GAR1,1
A1,GAS6,4.565600614979583e-5
A1,GATA3,0.5836421938360148
A1,GATC,0.33282143373444856
A1,GBP1,1
A1,GBP2,1
A1,GBP3,1
A1,GBP4,1
A1,GBP5,1
A1,GEMIN4,1
A1,GLCCI1,1
A1,GLG1,1
A1,GLTSCR2,0.4088420717299596
A1,GMFG,0.7302105464962009
A1,GMPPA,1
A1,GNAI2,4.880405366425248e-6
A1,GNAS,0.046249199907703445
A1,GNL2,1
A1,GPR108,1
A1,GPR160,0.17471107913542341
A1,GPRC5A,1.274024340449071e-5
A1,GPS1,1.6620051955712404e-5
A1,GPSM1,1
A1,GPX3,0.021046682961001588
A1,GRB7,0.003456562946054821
A1,GRK3,0.9562522055676602
A1,GSK3A,0.00594536776331049
A1,GSTM3,1
A1,GYPC,0.9804906085053049
A1,HAGHL,2.831576312294993e-4
A1,HCFC1R1,1.8706595892614862e-13
A1,HCST,1
A1,HDAC5,0.03311290112673638
A1,HDAC6,1
A1,HELZ2,1
A1,HES1,1
A1,HLA-B,0.007826320366700602
A1,HLA-DMA,1
A1,HLA-DMB,1
A1,HLA-DOA,1
A1,HLA-DPA1,0.09863048342022282
A1,HLA-DPB1,1
A1,HLA-DRA,0.3444329144828078
A1,HLA-DRB1,1
A1,HMGB2,1
A1,HNRNPUL2,0.0013541524272896034
A1,HOOK3,1
A1,HPS6,1
A1,HSD17B1,1
A1,HSPA4,0.5720049571392068
A1,HSPB1,2.0537424245928494e-6
A1,HSPB11,1
A1,HYI,1.5661176346471585e-6
A1,IDH3G,1
A1,IDUA,0.6682013358873978
A1,IER5L,1
A1,IFI27,1
A1,IFI27L1,1
A1,IFI44L,1
A1,IGFBP2,2.620748639173505e-11
A1,IGFBP4,0.07685112495160144
A1,IGHA1,0.00608483265609174
A1,IGHG3,0.003456562946054821
A1,IGHG4,1
A1,IGHM,0.2258238007674807
A1,IGKC,0.032288889495987634
A1,IGLC2,0.2745936260316515
A1,IGLC3,0.043863012216106397
A1,IGLC7,1
A1,IKZF3,1
A1,IL10RA,1
A1,ILKAP,1
A1,INAFM1,1
A1,INPP4B,1
A1,INPP5D,1
A1,INPP5J,0.023238264217921925
A1,INTS8,1
A1,ISG15,0.023238264217921925
A1,ISLR,1
A1,ITGA5,1
A1,ITGB4,1.1357253196919804e-5
A1,ITGB6,0.016042042921925896
A1,ITSN1,1
A1,JAG2,1
A1,JAK1,1
A1,JAK3,1
A1,JCHAIN,0.6450449391368704
A1,JMJD6,1
A1,KAT6B,1
A1,KATNA1,1
A1,KCNAB2,1
A1,KCTD10,1
A1,KDM4B,1
A1,KIAA0895L,1
A1,KIAA1211L,1
A1,KIAA1217,1
A1,KIAA1468,1
A1,KIAA1715,1
A1,KIF13B,1
A1,KIF2C,1
A1,KLF9,1
A1,KMT2B,0.058799500236277925
A1,KMT2E,1
A1,KPNB1,1
A1,KRAS,1
A1,KRT10,1
A1,KRT14,0.029296591423909054
A1,KRT17,6.024514368253059e-7
A1,KRT5,0.8320360926364195
A1,KRT8,2.212337471765731e-9
A1,KRT86,1
A1,LAMB2,1
A1,LAMTOR2,1
A1,LANCL1,1
A1,LARP1B,1
A1,LARP7,1
A1,LCK,1
A1,LCP1,1
A1,LGALS1,2.0301249207042478e-5
A1,LIMCH1,1
A1,LIMK1,0.06695933480954931
A1,LINC00176,0.8466203572303067
A1,LINGO1,1
A1,LLGL1,1
A1,LMF1,1
A1,LMNA,6.635966162137747e-17
A1,LRRC8A,1
A1,LRWD1,1
A1,LST1,1
A1,LTB4R,1
A1,LTBP3,3.30695366520355e-7
A1,LTF,1
A1,LUC7L,1
A1,LUC7L3,1
A1,LUM,1
A1,LYL1,1
A1,MAGEF1,1
A1,MAGI1,1
A1,MAGOHB,1
A1,MAP1S,1
A1,MAP3K14,1
A1,MAP3K6,1
A1,MAP4K2,1
A1,MAPK9,1
A1,MAPKAPK5,1
A1,MAPT,1
A1,MARS,1
A1,MAVS,1
A1,MCTS1,1
A1,MDM2,0.5642729118354561
A1,MED13L,1
A1,MED25,1
A1,MELK,1
A1,MEN1,1
A1,METTL12,1
A1,METTL16,0.33282143373444856
A1,MFAP4,1
A1,MFSD3,1
A1,MFSD7,0.0075190495322225905
A1,MGMT,1
A1,MGP,1.0530701275057595e-7
A1,MIB2,1
A1,MICAL1,1
A1,MICALL2,0.5330027049097329
A1,MID1IP1,1
A1,MIF,2.527922428948367e-9
A1,MIIP,0.01687041299042105
A1,MKI67,1
A1,MKNK1,1
A1,MLLT4,1
A1,MLPH,1
A1,MLST8,1.708625338284687e-11
A1,MMP11,0.3521959948326652
A1,MMP9,1
A1,MORC2,1
A1,MPND,1
A1,MPST,9.59950229234782e-8
A1,MRPL2,1
A1,MRPL21,1
A1,MRPL23,0.08600869397818942
A1,MRPL51,1
A1,MRPL54,0.026649523948763475
A1,MRPS22,1
A1,MS4A6A,1
A1,MST1R,1
A1,MTG2,0.08821227265881992
A1,MTMR12,1
A1,MUC1,3.656268902562107e-10
A1,MUCL1,6.7914813341379575e-6
A1,MUS81,1
A1,MVP,0.21209258427311892
A1,MX2,1
A1,MYBL2,1
A1,MYC,1
A1,MYH10,1
A1,MYL12B,1
A1,MYL6B,1
A1,MYL9,1.7346492375691295e-5
A1,MYO1G,0.4196952597491906
A1,MYO9B,1
A1,MZT2A,0.026399520850107383
A1,NAA10,1
A1,NANS,1
A1,NAT1,1
A1,NCKAP1L,1
A1,NCKAP5L,1
A1,NDC80,1
A1,NDRG1,8.245241352840908e-11
A1,NDUFA1,1
A1,NDUFA12,1
A1,NDUFB2,1
A1,NDUFB3,1
A1,NDUFB9,3.345910010930605e-5
A1,NDUFC1,1
A1,NDUFS1,0.316070632269066
A1,NDUFV3,0.5642729118354561
A1,NEBL,1
A1,NEK7,1
A1,NELFE,1
A1,NFATC4,0.006630988052442555
A1,NFIC,1
A1,NINJ1,3.1699496407650116e-12
A1,NIT2,1
A1,NMRAL1,2.72959757985946e-7
A1,NR1H2,1
A1,NR4A1,0.006316358690660561
A1,NRP1,1
A1,NSMCE1,1
A1,NTMT1,1
A1,NUF2,1
A1,NUP214,1
A1,NUP93,1
A1,NXN,1
A1,OASL,1
A1,OGFRL1,0.4048505202877073
A1,OPTN,1
A1,ORC2,1
A1,ORC6,1
A1,OSBPL8,1
A1,P4HA2,1
A1,PAF1,1
A1,PAFAH1B3,1
A1,PAQR4,0.6818794373867585
A1,PARN,1
A1,PCCB,1
A1,PCIF1,1
A1,PDCD5,0.3627738324330445
A1,PDGFRA,1
A1,PDGFRB,1
A1,PER1,1
A1,PEX11G,1
A1,PEX14,1
A1,PGLS,7.900183036091222e-4
A1,PGR,1
A1,PHF11,1
A1,PHF13,1
A1,PHF21A,1
A1,PHGDH,1
A1,PHKB,1
A1,PIGQ,0.020850447479228436
A1,PIH1D1,1
A1,PILRA,1
A1,PIM2,1
A1,PITX1,4.437929497071016e-11
A1,PKNOX1,1
A1,PLAC9,1
A1,PLEKHO2,1
A1,PLIN2,1
A1,PLK1,0.52388158021431
A1,PLK2,1.4950729683963423e-4
A1,PLLP,1
A1,PLP2,1
A1,PLPPR2,0.23246164062359467
A1,PLSCR1,1
A1,PLTP,1
A1,PLVAP,4.918683692324917e-4
A1,PLXNA1,0.511198139684413
A1,PLXND1,4.3873664929466523e-7
A1,PMP22,1
A1,PNISR,1
A1,PNMT,2.6171146025987174e-5
A1,PNP,1
A1,PNPLA6,1
A1,PODNL1,1
A1,PODXL,1
A1,POLR2E,0.11488887455237183
A1,POLR2J,1
A1,POR,8.380787584028942e-4
A1,POSTN,1
A1,PPHLN1,0.6317856577028741
A1,PPIB,0.5335004102385056
A1,PPIH,0.10002479284427321
A1,PPM1G,1
A1,PPP1R1A,0.35149057266465633
A1,PPP1R1B,4.612888556499075e-8
A1,PPP1R37,5.559140877395801e-5
A1,PRKAB1,1
A1,PRKCSH,3.415452123581706e-9
A1,PROSER1,1
A1,PRPF6,1
A1,PRPSAP1,1
A1,PSCA,1
A1,PSMD4,1
A1,PSTPIP1,1
A1,PTGDS,1
A1,PTOV1,2.0185725719466855e-5
A1,PTP4A3,1
A1,PTPRC,1
A1,PTPRJ,1
A1,PTRF,1
A1,PTRH1,1
A1,PTTG1,1
A1,PUS3,1
A1,PWP1,1
A1,PWWP2B,1
A1,PXDN,1
A1,PYURF,1
A1,QSOX1,0.04810570769288359
A1,R3HDM2,1
A1,RAB11FIP1,1
A1,RAB3A,0.1796212513698267
A1,RAB3GAP1,1
A1,RAB3IL1,0.32506957334883657
A1,RABGAP1L,1
A1,RALBP1,1
A1,RALGAPA2,0.7154350799940506
A1,RAMP2,1
A1,RAP1B,1
A1,RARS2,1
A1,RASA2,1
A1,RASGRP2,1
A1,RASSF3,1
A1,RBL1,1
A1,RBM42,1
A1,RECQL4,1
A1,RECQL5,1
A1,REEP6,1
A1,RGS1,1
A1,RHOB,1
A1,RIOK1,1
A1,RMND1,0.7661799451533486
A1,RNASET2,1
A1,RND3,1
A1,RNF135,1
A1,RNF170,1
A1,RRAS,1
A1,RRM2,4.06386743656833e-4
A1,RSL1D1,0.0979187404518437
A1,RSRP1,0.08332314627560117
A1,RUVBL1,1
A1,S100A14,8.00162098403811e-15
A1,S100A9,1.4747684860631434e-9
A1,SAMM50,1
A1,SASH1,1
A1,SAT1,1
A1,SCAF1,1
A1,SCD,1.4124980852476048e-7
A1,SCNN1D,1
A1,SCX,1
A1,SDHB,1
A1,SEC14L2,8.144311977231599e-4
A1,SEC23A,1
A1,SEMA3B,0.4204415961618189
A1,SEMA4B,0.3272689670123473
A1,SF3B4,1
A1,SFRP1,1
A1,SFSWAP,1
A1,SGTA,1.4863345745557361e-6
A1,SH3BP5L,1
A1,SIGLEC1,1
A1,SIGMAR1,0.23197819110073165
A1,SLC16A2,1
A1,SLC16A3,0.0027063872011932975
A1,SLC22A18,1
A1,SLC25A24,0.35051553088839593
A1,SLC2A1,1
A1,SLC2A8,1
A1,SLC35A2,1
A1,SLC39A6,1
A1,SLC43A1,1
A1,SLC4A5,1
A1,SLC8B1,1
A1,SLC9A3R2,0.01687041299042105
A1,SLC9A8,1
A1,SLFN13,1
A1,SLPI,1
A1,SMCHD1,1
A1,SMG9,1
A1,SMYD2,1
A1,SNAPC3,1
A1,SNF8,1
A1,SNRPD3,0.9804906085053049
A1,SNTA1,1
A1,SNX33,1
A1,SNX8,1
A1,SOD3,1
A1,SOS2,1
A1,SOX4,0.3750370231885057
A1,SP6,1
A1,SPAG9,1
A1,SPARC,1
A1,SPIN1,1
A1,SPSB1,1
A1,SRGN,1
A1,SRPX2,1
A1,SRR,1
A1,SRRT,1
A1,SRSF1,1
A1,SRSF5,1
A1,SSSCA1,1
A1,STAMBP,1
A1,STAT5A,1
A1,STK17A,1
A1,STK4,1
A1,STMN1,0.28122256660160105
A1,STRN3,1
A1,STT3A,1
A1,SUGP1,1
A1,SURF1,1
A1,SVIL,1
A1,SYDE1,1
A1,SYK,1
A1,TACC3,1
A1,TANC2,1
A1,TARBP1,1
A1,TAX1BP1,0.5420850896286833
A1,TAX1BP3,1
A1,TBC1D10A,0.4196952597491906
A1,TBC1D23,1
A1,TBCA,1
A1,TBXAS1,1
A1,TCEA2,1
A1,TCEA3,1
A1,TCF25,2.826557797353697e-4
A1,TDRD3,1
A1,TESK1,1
A1,TESMIN,1
A1,TEX10,1
A1,TEX2,1
A1,TFF3,5.551018578398114e-14
A1,TGFBR2,1
A1,THBS1,1
A1,THOC5,1
A1,THOC6,1
A1,TIGD5,1
A1,TIMP1,0.046048845359053084
A1,TJP3,1
A1,TM7SF2,0.21209258427311892
A1,TMBIM6,1
A1,TMEM101,1
A1,TMEM123,1
A1,TMEM14B,1
A1,TMEM160,5.412534956313447e-4
A1,TMEM184A,0.2258238007674807
A1,TMEM259,3.1250777423647e-4
A1,TMEM45B,1
A1,TMEM86A,1
A1,TMX1,1
A1,TNC,1
A1,TNFRSF14,0.04212860865641634
A1,TNFRSF21,1
A1,TNFRSF4,1
A1,TNNT1,0.002500729054406387
A1,TOM1L2,1
A1,TP53I3,1
A1,TPM2,1
A1,TRAC,1
A1,TRAF5,1
A1,TRAP1,1
A1,TRAPPC4,1
A1,TRIM14,1
A1,TRIM22,1
A1,TRIM25,1
A1,TRIM47,1
A1,TSPAN33,1
A1,TSR2,1
A1,TTC31,1
A1,TTI1,1
A1,TXN2,1
A1,TXNDC17,0.6095203613546439
A1,TXNRD2,1.2144200063055946e-10
A1,TYMS,1
A1,TYROBP,1
A1,UBA52,0.007575711325991308
A1,UBA6,1
A1,UBAP2L,1
A1,UBE2C,1
A1,UBE2T,1
A1,UBE2W,1
A1,UBL7,0.8828741533190942
A1,UBR2,1
A1,UBXN1,1
A1,UCK1,0.25880782900368754
A1,UFD1L,1
A1,UQCRC1,2.8438141437133016e-4
A1,UXS1,1
A1,UXT,1
A1,VARS,1
A1,VAV1,1
A1,VCAM1,1
A1,VEGFB,1
A1,VIM,0.2772067631219886
A1,VPS13D,1
A1,VPS45,1
A1,VWF,1
A1,WDFY3,1
A1,WDR13,0.19465515025147656
A1,WDR34,2.6443868825896965e-13
A1,WDR46,0.0019990906335585687
A1,WDR73,1
A1,WDR74,1
A1,WIPF1,1
A1,XAB2,0.49242668771749903
A1,XIAP,1
A1,XPO6,1
A1,YIPF4,1
A1,YTHDC1,1
A1,ZDHHC12,6.178935631936096e-4
A1,ZFAND3,1
A1,ZFP36,1
A1,ZFPL1,1
A1,ZFR,1
A1,ZG16B,1
A1,ZMAT5,1
A1,ZMYND19,1.848077428864238e-9
A1,ZMYND8,1
A1,ZNF217,0.6283981857271297
A1,ZNF337,1
A1,ZNF33B,1
A1,ZNF362,1
A1,ZNF524,0.2258238007674807
A1,ZNF592,1
A1,ZNF644,1
A1,ZNF668,1
A1,ZNF771,1
A1,ZNF787,0.014456805268804848
A1,ZNF791,1
A1,ZNF83,1
A1,ZNF91,1
A1,ZNRF1,1
A1,ZSWIM8,0.040949397322010646
A2,A2M,0.007263349643083485
A2,AAMDC,1
A2,ABCA3,0.9610704113299122
A2,ABCA7,1
A2,ABCF3,0.08524142532994491
A2,ABHD14A,1
A2,ABHD4,1
A2,ACAA1,0.25849790268560996
A2,ACER3,1
A2,ACTR3B,0.7668445835237022
A2,ADAM15,2.181350182302971e-5
A2,ADCY3,1
A2,ADI1,0.5046474935653605
A2,AEBP1,0.5309925002218552
A2,AES,0.04767443128474058
A2,AGAP2,1
A2,AGO2,1
A2,AGPAT2,0.04613365076601723
A2,AGR2,2.9624063969730944e-6
A2,AHCY,1
A2,AKAP9,1
A2,AKR1A1,1
A2,AKT1S1,0.11611818582430487
A2,ALDH16A1,0.8810667563145872
A2,ALG3,1
A2,ANGPTL4,1
A2,ANKLE2,1
A2,ANKRD12,1
A2,ANKRD28,1
A2,ANLN,1
A2,ANO10,1
A2,AP5B1,1
A2,AP5Z1,0.7541701318646737
A2,APBA2,1
A2,APBB2,1
A2,APOBEC3G,1
A2,APOC1,0.010992692975144302
A2,AQP1,0.12475555813794761
A2,ARF5,1
A2,ARF6,1
A2,ARFGEF2,1
A2,ARHGAP10,1
A2,ARHGAP4,0.992323901456114
A2,ARHGAP45,1
A2,ARHGAP5,1
A2,ARHGEF10L,1
A2,ARHGEF3,1
A2,ARHGEF40,1
A2,ARID1B,1
A2,ARID3A,1
A2,ARID4A,1
A2,ARID5A,0.021048119392789687
A2,ARID5B,1
A2,ARNT,1
A2,ASCL2,1
A2,ASH2L,1
A2,ASL,1
A2,ASMTL,1
A2,ASNA1,0.007140623908743492
A2,ASNS,0.8860287643561202
A2,ATAD1,1
A2,ATF6B,1
A2,ATG12,1
A2,ATG16L2,1
A2,ATL2,1
A2,ATP5H,1
A2,ATP5O,0.6187633979936212
A2,ATP6AP1,1
A2,ATP6V0D1,1
A2,AURKAIP1,0.8932186248641985
A2,AVEN,1
A2,BABAM1,0.470905851337814
A2,BAD,0.05872558619971077
A2,BAG1,0.7337639182354485
A2,BAIAP3,1
A2,BCAM,1
A2,BCL2,0.5932021208390645
A2,BCL2L12,1
A2,BGN,0.7305292797155053
A2,BICDL1,1
A2,BIN3,1
A2,BIRC2,0.18575100574291997
A2,BIRC5,1
A2,BLVRA,1
A2,BOK,0.9081729765078472
A2,BOLA3,1
A2,BRD9,1
A2,BRF1,0.837312820072789
A2,BRF2,1
A2,BRK1,1
A2,BRPF1,1
A2,BSG,1.4960055468200143e-5
A2,BST2,0.066814480584386493
A2,BTG1,0.012434425642198108
A2,C10orf10,1
A2,C10orf54,0.15686121448405824
A2,C12orf45,1
A2,C15orf61,1
A2,C19orf24,1
A2,C19orf52,1
A2,C19orf60,1
A2,C1QB,0.18956971663539496
A2,C1R,0.01154602691271755
A2,C1S,1
A2,C1orf216,1
A2,C2,1
A2,C2CD2L,0.18956971663539496
A2,C3,2.8936244561221548e-8
A2,C4orf48,0.7305292797155053
A2,C5orf38,0.03283082491924042
A2,C6orf136,0.21043278547950559
A2,C6orf48,1
A2,CADM4,0.45009631892205654
A2,CALML5,0.08734659719659249
A2,CAMTA2,0.5272534151326946
A2,CAPG,1
A2,CARS2,1
A2,CBLC,1
A2,CCDC106,1
A2,CCDC167,0.8976361846001266
A2,CCDC57,0.6187633979936212
A2,CCDC80,0.7668445835237022
A2,CCDC88B,1
A2,CCL19,1
A2,CCL2,1
A2,CCL21,1
A2,CCM2,0.8634570560189831
A2,CCNB1,1
A2,CCNB1IP1,1
A2,CCNE1,0.23423488461854888
A2,CCNE2,1
A2,CCS,1
A2,CCT4,0.18575100574291997
A2,CD14,0.06148776340272763
A2,CD320,1
A2,CD3D,1
A2,CD4,1
A2,CD52,1
A2,CD68,1
A2,CD74,0.034679584512807865
A2,CD79A,1
A2,CDC20,8.191142308939802e-4
A2,CDC6,1
A2,CDH11,1
A2,CDH3,1
A2,CDK5RAP1,1
A2,CENPF,1
A2,CEP250,1
A2,CEP55,1
A2,CERCAM,1
A2,CERS5,1
A2,CES2,1
A2,CFAP36,1
A2,CFDP1,1
A2,CGGBP1,1
A2,CHCHD6,1
A2,CHD1,1
A2,CHD6,1
A2,CHFR,1
A2,CHST11,1
A2,CIR1,1
A2,CLASRP,0.3536343964978084
A2,CLDN3,0.490022654658249
A2,CLDN4,0.0034278296977971003
A2,CLU,0.04856314734813567
A2,CNN2,1.5292420714175042e-4
A2,COL14A1,0.2571146263996915
A2,COL3A1,0.6943438845222313
A2,COL4A1,1
A2,COL6A2,0.5436525899534629
A2,COL8A2,1
A2,COMMD1,1
A2,COMP,0.0015239381532104225
A2,COPS7A,1
A2,COQ4,1
A2,CORO1A,0.04767443128474058
A2,CORO1B,3.125798514722699e-4
A2,CORO2A,1
A2,CORO7,1
A2,COX5A,0.3238220287188421
A2,CPNE1,1
A2,CPSF1,1
A2,CPVL,1
A2,CRABP2,1.0220578610049366e-6
A2,CRACR2B,1
A2,CRELD2,1
A2,CROCC,1
A2,CSF1,0.5237584912794598
A2,CSF1R,0.31238268116825113
A2,CTDSPL,1
A2,CTIF,0.03918655168885536
A2,CTSK,1
A2,CTU2,1
A2,CUTC,1
A2,CUX1,1
A2,CX3CL1,4.5031313065686606e-4
A2,CXCL10,0.7668445835237022
A2,CXXC5,2.7572659591714173e-5
A2,CYP27A1,0.012656890824589413
A2,DAPK3,0.3090258723513148
A2,DCAF6,0.470905851337814
A2,DCXR,0.2764628171375855
A2,DDAH1,1
A2,DDB2,0.6478484977505191
A2,DDIT3,1
A2,DDRGK1,0.32376050399867623
A2,DDT,0.2575915792725325
A2,DEAF1,1
A2,DENND1A,1
A2,DERL3,1
A2,DESI1,1
A2,DHX16,1
A2,DLG1,0.3475155005299677
A2,DMAP1,0.3475155005299677
A2,DNAJB2,0.09090984158897893
A2,DNAJC1,1
A2,DNAJC7,1.519057458184568e-4
A2,DOCK6,0.1410186672965322
A2,DPH3,1
A2,DPM2,0.345857632034107
A2,DPP7,1
A2,DPP9,0.7913979004745756
A2,DPYSL3,1
A2,DVL1,1
A2,EBAG9,0.15187516500480347
A2,ECHDC2,1
A2,ECM1,1
A2,EFEMP2,0.16684426735837096
A2,EFHD2,1
A2,EGFR,1
A2,EIF1AD,1
A2,EIF3B,0.31558545193834964
A2,EIF3F,0.40055470439507973
A2,EIF3G,1
A2,ELN,1
A2,ELOF1,1
A2,EMC3,1
A2,ENPP1,9.25120945998677e-5
A2,EPHB3,0.966523313234411
A2,ERAL1,0.2703071155924618
A2,ERBB2,1.5292420714175042e-4
A2,ERI3,0.5042976266817523
A2,ERMP1,1
A2,ESR1,0.04767443128474058
A2,ETFB,1
A2,EVA1B,0.0018328798409705518
A2,EXD3,1
A2,EXO1,0.16690024727731279
A2,EXOC5,0.15187516500480347
A2,EXOSC1,0.4326500269191459
A2,EXOSC10,0.24618338168043097
A2,EXOSC2,1
A2,EZH2,0.2571146263996915
A2,FAAH,1
A2,FADS2,0.15187516500480347
A2,FAH,0.5043856044613179
A2,FAIM2,1
A2,FAM102A,1
A2,FAM117A,1
A2,FAM118A,1
A2,FAM160B1,1
A2,FAM173A,1
A2,FAM193B,0.6976355210957029
A2,FAM213B,1
A2,FAM3A,1
A2,FAM45A,1
A2,FAP,1
A2,FARP1,1
A2,FARSB,1
A2,FASN,0.024146981454312957
A2,FBF1,1
A2,FBLN2,0.03217675340564441
A2,FCER1G,0.6065834333410536
A2,FDPS,1
A2,FGFR1,1
A2,FGFR4,1
A2,FKBP10,1
A2,FKBP8,0.01154602691271755
A2,FLNA,1
A2,FN1,0.4011582407465472
A2,FNBP4,1
A2,FOXA1,1
A2,FOXC1,0.3338143096114353
A2,FOXP4,0.15686121448405824
A2,FSTL1,1
A2,FSTL3,0.625734807110401
A2,FUOM,1
A2,FUS,1
A2,FZD2,0.029968983862679942
A2,GALK1,1
A2,GANAB,0.12475555813794761
A2,GAR1,1
A2,GAS6,2.9495092215777828e-5
A2,GATA3,9.27908913335443e-5
A2,GATC,1
A2,GBP1,1
A2,GBP2,1
A2,GBP3,1
A2,GBP4,1
A2,GBP5,1
A2,GEMIN4,0.701416667535588
A2,GLCCI1,1
A2,GLG1,1
A2,GLTSCR2,1
A2,GMFG,0.41677144310332315
A2,GMPPA,0.36006515343669543
A2,GNAI2,0.09090984158897893
A2,GNAS,0.008387521437217582
A2,GNL2,0.3475155005299677
A2,GPR108,0.8184435181731409
A2,GPR160,0.31558545193834964
A2,GPRC5A,1.4758505045332895e-5
A2,GPS1,1
A2,GPSM1,1
A2,GPX3,1
A2,GRB7,0.0018328798409705518
A2,GRK3,1
A2,GSK3A,1
A2,GSTM3,1
A2,GYPC,0.15187516500480347
A2,HAGHL,1
A2,HCFC1R1,0.0015644568455029794
A2,HCST,1
A2,HDAC5,0.026845992506623652
A2,HDAC6,1
A2,HELZ2,1
A2,HES1,1
A2,HLA-B,0.008043738099920306
A2,HLA-DMA,0.966523313234411
A2,HLA-DMB,0.2719585961643543
A2,HLA-DOA,1
A2,HLA-DPA1,0.0037241583856763914
A2,HLA-DPB1,0.4964105700364756
A2,HLA-DRA,0.0034278296977971003
A2,HLA-DRB1,0.3889645564608481
A2,HMGB2,1
A2,HNRNPUL2,0.22545637587249492
A2,HOOK3,1
A2,HPS6,1
A2,HSD17B1,1
A2,HSPA4,0.8437567011793212
A2,HSPB1,0.003228478160642608
A2,HSPB11,1
A2,HYI,0.7558977248682461
A2,IDH3G,1
A2,IDUA,1
A2,IER5L,0.013498481137873304
A2,IFI27,1
A2,IFI27L1,1
A2,IFI44L,1
A2,IGFBP2,2.1670877562355586e-6
A2,IGFBP4,0.19711464928468014
A2,IGHA1,0.04767443128474058
A2,IGHG3,0.5518398734934175
A2,IGHG4,1
A2,IGHM,0.9081729765078472
A2,IGKC,0.2575915792725325
A2,IGLC2,0.11531837976666942
A2,IGLC3,0.15187516500480347
A2,IGLC7,1
A2,IKZF3,1
A2,IL10RA,0.901764008290622
A2,ILKAP,1
A2,INAFM1,0.470905851337814
A2,INPP4B,1
A2,INPP5D,0.3294427186401515
A2,INPP5J,1
A2,INTS8,0.7698806281454549
A2,ISG15,0.01797818383262276
A2,ISLR,1
A2,ITGA5,0.9081729765078472
A2,ITGB4,0.01721617031513514
A2,ITGB6,0.0018328798409705518
A2,ITSN1,1
A2,JAG2,1
A2,JAK1,1
A2,JAK3,1
A2,JCHAIN,0.8053997343948963
A2,JMJD6,1
A2,KAT6B,1
A2,KATNA1,1
A2,KCNAB2,1
A2,KCTD10,1
A2,KDM4B,0.7337639182354485
A2,KIAA0895L,1
A2,KIAA1211L,0.08173783295554583
A2,KIAA1217,1
A2,KIAA1468,0.632306298609234
A2,KIAA1715,1
A2,KIF13B,1
A2,KIF2C,1
A2,KLF9,0.8976361846001266
A2,KMT2B,0.1314158587751348
A2,KMT2E,1
A2,KPNB1,1
A2,KRAS,0.16684426735837096
A2,KRT10,1
A2,KRT14,0.1066477809782882
A2,KRT17,1.5061639615685326e-4
A2,KRT5,1
A2,KRT8,1.5292420714175042e-4
A2,KRT86,1
A2,LAMB2,1
A2,LAMTOR2,1
A2,LANCL1,1
A2,LARP1B,1
A2,LARP7,1
A2,LCK,1
A2,LCP1,1
A2,LGALS1,0.45009631892205654
A2,LIMCH1,0.7907370590889123
A2,LIMK1,0.2575915792725325
A2,LINC00176,1
A2,LINGO1,1
A2,LLGL1,1
A2,LMF1,1
A2,LMNA,2.9624063969730944e-6
A2,LRRC8A,1
A2,LRWD1,1
A2,LST1,1
A2,LTB4R,1
A2,LTBP3,1
A2,LTF,1
A2,LUC7L,1
A2,LUC7L3,1
A2,LUM,1
A2,LYL1,1
A2,MAGEF1,1
A2,MAGI1,1
A2,MAGOHB,1
A2,MAP1S,1
A2,MAP3K14,1
A2,MAP3K6,1
A2,MAP4K2,1
A2,MAPK9,1
A2,MAPKAPK5,0.16406083834845875
A2,MAPT,0.2123028322892876
A2,MARS,1
A2,MAVS,1
A2,MCTS1,1
A2,MDM2,0.701416667535588
A2,MED13L,1
A2,MED25,0.22077953143256562
A2,MELK,1
A2,MEN1,1
A2,METTL12,1
A2,METTL16,1
A2,MFAP4,1
A2,MFSD3,1
A2,MFSD7,1
A2,MGMT,1
A2,MGP,6.772855949486424e-8
A2,MIB2,1
A2,MICAL1,1
A2,MICALL2,1
A2,MID1IP1,1
A2,MIF,1
A2,MIIP,1
A2,MKI67,1
A2,MKNK1,1
A2,MLLT4,0.08864050514081147
A2,MLPH,0.490022654658249
A2,MLST8,0.2259409697233206
A2,MMP11,1
A2,MMP9,1
A2,MORC2,0.9099204717848158
A2,MPND,1
A2,MPST,0.01154602691271755
A2,MRPL2,1
A2,MRPL21,1
A2,MRPL23,1
A2,MRPL51,1.3384908511172264e-4
A2,MRPL54,0.10167128001474143
A2,MRPS22,1
A2,MS4A6A,0.010992692975144302
A2,MST1R,1
A2,MTG2,1
A2,MTMR12,1
A2,MUC1,2.8936244561221548e-8
A2,MUCL1,2.1670877562355586e-6
A2,MUS81,0.1896966965558771
A2,MVP,2.4865094468205296e-4
A2,MX2,1
A2,MYBL2,1
A2,MYC,1
A2,MYH10,1
A2,MYL12B,0.0019752302910746454
A2,MYL6B,1
A2,MYL9,1
A2,MYO1G,1
A2,MYO9B,1
A2,MZT2A,0.4397796111791563
A2,NAA10,1
A2,NANS,1
A2,NAT1,1
A2,NCKAP1L,1
A2,NCKAP5L,1
A2,NDC80,1
A2,NDRG1,0.030021789898309236
A2,NDUFA1,0.2380946367065244
A2,NDUFA12,1
A2,NDUFB2,0.04954757654752384
A2,NDUFB3,0.34605325801287196
A2,NDUFB9,4.814530379288993e-5
A2,NDUFC1,0.9081729765078472
A2,NDUFS1,0.36006515343669543
A2,NDUFV3,0.6158294998878986
A2,NEBL,1
A2,NEK7,1
A2,NELFE,1
A2,NFATC4,1
A2,NFIC,1
A2,NINJ1,0.27677510537886635
A2,NIT2,0.16354269436248886
A2,NMRAL1,1
A2,NR1H2,1
A2,NR4A1,0.08864050514081147
A2,NRP1,1
A2,NSMCE1,1
A2,NTMT1,1
A2,NUF2,0.7452133348620567
A2,NUP214,1
A2,NUP93,1
A2,NXN,1
A2,OASL,1
A2,OGFRL1,1
A2,OPTN,1
A2,ORC2,1
A2,ORC6,0.6289008238799745
A2,OSBPL8,1
A2,P4HA2,1
A2,PAF1,1
A2,PAFAH1B3,0.490022654658249
A2,PAQR4,1
A2,PARN,0.24618338168043097
A2,PCCB,1
A2,PCIF1,1
A2,PDCD5,0.2575915792725325
A2,PDGFRA,1
A2,PDGFRB,1
A2,PER1,0.4391249590085878
A2,PEX11G,1
A2,PEX14,1
A2,PGLS,0.7668445835237022
A2,PGR,1
A2,PHF11,1
A2,PHF13,1
A2,PHF21A,1
A2,PHGDH,1
A2,PHKB,1
A2,PIGQ,0.14806840585699885
A2,PIH1D1,1
A2,PILRA,0.21991567041078328
A2,PIM2,1
A2,PITX1,1.1334750871817552e-5
A2,PKNOX1,1
A2,PLAC9,0.4397796111791563
A2,PLEKHO2,1
A2,PLIN2,1
A2,PLK1,1
A2,PLK2,2.1564025787840104e-5
A2,PLLP,0.8053997343948963
A2,PLP2,0.7337639182354485
A2,PLPPR2,0.5824965580448065
A2,PLSCR1,1
A2,PLTP,1
A2,PLVAP,0.2783702859030576
A2,PLXNA1,1
A2,PLXND1,3.653322093508037e-5
A2,PMP22,0.08877242299952735
A2,PNISR,1
A2,PNMT,0.0027739669420686415
A2,PNP,1
A2,PNPLA6,1
A2,PODNL1,1
A2,PODXL,1
A2,POLR2E,0.36006515343669543
A2,POLR2J,0.15187516500480347
A2,POR,1
A2,POSTN,1
A2,PPHLN1,0.7668445835237022
A2,PPIB,1
A2,PPIH,0.1410267563296221
A2,PPM1G,1
A2,PPP1R1A,1
A2,PPP1R1B,2.8936244561221548e-8
A2,PPP1R37,0.2575915792725325
A2,PRKAB1,1
A2,PRKCSH,0.03217675340564441
A2,PROSER1,1
A2,PRPF6,1
A2,PRPSAP1,1
A2,PSCA,1
A2,PSMD4,1
A2,PSTPIP1,1
A2,PTGDS,1
A2,PTOV1,0.025159285688336676
A2,PTP4A3,0.5046474935653605
A2,PTPRC,1
A2,PTPRJ,1
A2,PTRF,1
A2,PTRH1,1
A2,PTTG1,1
A2,PUS3,1
A2,PWP1,1
A2,PWWP2B,1
A2,PXDN,1
A2,PYURF,1
A2,QSOX1,0.0045668974598847304
A2,R3HDM2,1
A2,RAB11FIP1,1
A2,RAB3A,1
A2,RAB3GAP1,1
A2,RAB3IL1,0.4397796111791563
A2,RABGAP1L,0.1410186672965322
A2,RALBP1,1
A2,RALGAPA2,1
A2,RAMP2,1
A2,RAP1B,1
A2,RARS2,1
A2,RASA2,1
A2,RASGRP2,1
A2,RASSF3,0.012656890824589413
A2,RBL1,1
A2,RBM42,1
A2,RECQL4,1
A2,RECQL5,0.7519765447662161
A2,REEP6,1
A2,RGS1,1
A2,RHOB,1
A2,RIOK1,1
A2,RMND1,1
A2,RNASET2,0.4397796111791563
A2,RND3,0.20154258582995024
A2,RNF135,1
A2,RNF170,1
A2,RRAS,1
A2,RRM2,0.008043738099920306
A2,RSL1D1,0.9081729765078472
A2,RSRP1,0.21587944363236158
A2,RUVBL1,1
A2,S100A14,1.0220578610049366e-6
A2,S100A9,0.00737520792853935
A2,SAMM50,1
A2,SASH1,1
A2,SAT1,6.841799947630968e-5
A2,SCAF1,1
A2,SCD,5.361936094485497e-10
A2,SCNN1D,1
A2,SCX,1
A2,SDHB,0.6712561851947065
A2,SEC14L2,0.11698503981851237
A2,SEC23A,1
A2,SEMA3B,0.6623768612853492
A2,SEMA4B,1
A2,SF3B4,1
A2,SFRP1,1
A2,SFSWAP,1
A2,SGTA,1
A2,SH3BP5L,1
A2,SIGLEC1,0.2833375031937105
A2,SIGMAR1,1
A2,SLC16A2,1
A2,SLC16A3,1
A2,SLC22A18,1
A2,SLC25A24,1
A2,SLC2A1,6.720057428073705e-4
A2,SLC2A8,0.34605325801287196
A2,SLC35A2,1
A2,SLC39A6,0.11698503981851237
A2,SLC43A1,1
A2,SLC4A5,1
A2,SLC8B1,1
A2,SLC9A3R2,0.134604306657202
A2,SLC9A8,1
A2,SLFN13,1
A2,SLPI,0.7337639182354485
A2,SMCHD1,1
A2,SMG9,1
A2,SMYD2,1
A2,SNAPC3,1
A2,SNF8,1
A2,SNRPD3,1
A2,SNTA1,0.3090258723513148
A2,SNX33,0.2833375031937105
A2,SNX8,1
A2,SOD3,0.03291355457843923
A2,SOS2,1
A2,SOX4,2.383761711055749e-4
A2,SP6,1
A2,SPAG9,1
A2,SPARC,0.18477261458375144
A2,SPIN1,1
A2,SPSB1,1
A2,SRGN,1
A2,SRPX2,1
A2,SRR,0.6187633979936212
A2,SRRT,1
A2,SRSF1,0.19924230911769858
A2,SRSF5,1
A2,SSSCA1,1
A2,STAMBP,1
A2,STAT5A,1
A2,STK17A,1
A2,STK4,1
A2,STMN1,0.9081729765078472
A2,STRN3,1
A2,STT3A,0.11654850469779786
A2,SUGP1,1
A2,SURF1,1
A2,SVIL,1
A2,SYDE1,1
A2,SYK,1
A2,TACC3,1
A2,TANC2,1
A2,TARBP1,1
A2,TAX1BP1,1
A2,TAX1BP3,1
A2,TBC1D10A,0.2600957593746468
A2,TBC1D23,1
A2,TBCA,1
A2,TBXAS1,1
A2,TCEA2,1
A2,TCEA3,1
A2,TCF25,1
A2,TDRD3,1
A2,TESK1,1
A2,TESMIN,1
A2,TEX10,1
A2,TEX2,1
A2,TFF3,6.656246766530964e-8
A2,TGFBR2,1
A2,THBS1,0.36006515343669543
A2,THOC5,1
A2,THOC6,1
A2,TIGD5,1
A2,TIMP1,1.862419415201354e-4
A2,TJP3,1
A2,TM7SF2,1
A2,TMBIM6,0.18575100574291997
A2,TMEM101,1
A2,TMEM123,0.4391249590085878
A2,TMEM14B,1
A2,TMEM160,0.36245485694248947
A2,TMEM184A,0.3090258723513148
A2,TMEM259,1
A2,TMEM45B,0.490022654658249
A2,TMEM86A,0.7216009470287611
A2,TMX1,1
A2,TNC,0.3894816555242084
A2,TNFRSF14,1
A2,TNFRSF21,1
A2,TNFRSF4,1
A2,TNNT1,1
A2,TOM1L2,1
A2,TP53I3,1
A2,TPM2,1
A2,TRAC,0.022899899623712843
A2,TRAF5,1
A2,TRAP1,0.4964105700364756
A2,TRAPPC4,1
A2,TRIM14,1
A2,TRIM22,1
A2,TRIM25,0.4003490747780503
A2,TRIM47,1
A2,TSPAN33,1
A2,TSR2,1
A2,TTC31,1
A2,TTI1,1
A2,TXN2,1
A2,TXNDC17,0.18956971663539496
A2,TXNRD2,0.2575915792725325
A2,TYMS,1
A2,TYROBP,0.2703071155924618
A2,UBA52,2.1670877562355586e-6
A2,UBA6,1
A2,UBAP2L,1
A2,UBE2C,0.5071919736845785
A2,UBE2T,0.12646251989893018
A2,UBE2W,1
A2,UBL7,1
A2,UBR2,1
A2,UBXN1,1
A2,UCK1,1
A2,UFD1L,1
A2,UQCRC1,0.7651735677464669
A2,UXS1,1
A2,UXT,1
A2,VARS,1
A2,VAV1,1
A2,VCAM1,1
A2,VEGFB,0.7668445835237022
A2,VIM,0.10167128001474143
A2,VPS13D,1
A2,VPS45,1
A2,VWF,1
A2,WDFY3,1
A2,WDR13,1
A2,WDR34,0.005820035753589677
A2,WDR46,0.7982455822267122
A2,WDR73,1
A2,WDR74,1
A2,WIPF1,1
A2,XAB2,1
A2,XIAP,1
A2,XPO6,0.7731284045719171
A2,YIPF4,1
A2,YTHDC1,1
A2,ZDHHC12,1
A2,ZFAND3,1
A2,ZFP36,0.1410186672965322
A2,ZFPL1,1
A2,ZFR,1
A2,ZG16B,1
A2,ZMAT5,1
A2,ZMYND19,0.030865329879933248
A2,ZMYND8,0.13474483397976672
A2,ZNF217,0.5518398734934175
A2,ZNF337,1
A2,ZNF33B,1
A2,ZNF362,1
A2,ZNF524,1
A2,ZNF592,1
A2,ZNF644,0.13878548913110722
A2,ZNF668,1
A2,ZNF771,1
A2,ZNF787,1
A2,ZNF791,1
A2,ZNF83,1
A2,ZNF91,0.5274336110122967
A2,ZNRF1,1
A2,ZSWIM8,1
A3,A2M,0.07231356360796613
A3,AAMDC,1
A3,ABCA3,0.04009464929113589
A3,ABCA7,1
A3,ABCF3,0.3369005355698349
A3,ABHD14A,1
A3,ABHD4,1
A3,ACAA1,1
A3,ACER3,1
A3,ACTR3B,1
A3,ADAM15,2.705531487361079e-19
A3,ADCY3,1
A3,ADI1,4.911271945998337e-11
A3,AEBP1,0.21069888587390637
A3,AES,1.8755005765288667e-19
A3,AGAP2,1
A3,AGO2,1
A3,AGPAT2,2.353471216992065e-6
A3,AGR2,1.7918784985568022e-4
A3,AHCY,1
A3,AKAP9,1
A3,AKR1A1,1
A3,AKT1S1,6.558374806576116e-5
A3,ALDH16A1,1
A3,ALG3,0.23336040756259635
A3,ANGPTL4,0.8797548325216937
A3,ANKLE2,1
A3,ANKRD12,1
A3,ANKRD28,1
A3,ANLN,1
A3,ANO10,0.5960561112081679
A3,AP5B1,1
A3,AP5Z1,1
A3,APBA2,1
A3,APBB2,1
A3,APOBEC3G,1
A3,APOC1,1
A3,AQP1,1
A3,ARF5,1.097447933781636e-5
A3,ARF6,0.4319393486803439
A3,ARFGEF2,0.6990982156874356
A3,ARHGAP10,1
A3,ARHGAP4,1
A3,ARHGAP45,1
A3,ARHGAP5,1
A3,ARHGEF10L,1
A3,ARHGEF3,0.7356636660338092
A3,ARHGEF40,1
A3,ARID1B,0.944215978084706
A3,ARID3A,1
A3,ARID4A,1
A3,ARID5A,0.031436431754746565
A3,ARID5B,1
A3,ARNT,1
A3,ASCL2,0.18609299008105692
A3,ASH2L,1
A3,ASL,1
A3,ASMTL,0.23228174347428526
A3,ASNA1,0.002844825535339842
A3,ASNS,0.8210517108355232
A3,ATAD1,0.6701915703893856
A3,ATF6B,1
A3,ATG12,1
A3,ATG16L2,1
A3,ATL2,1
A3,ATP5H,0.6189572194190455
A3,ATP5O,0.321631349502826
A3,ATP6AP1,2.23801750893e-14
A3,ATP6V0D1,1
A3,AURKAIP1,2.1799318402488822e-5
A3,AVEN,1
A3,BABAM1,0.17801824118107207
A3,BAD,3.0605646376441187e-15
A3,BAG1,0.23100414470861033
A3,BAIAP3,1
A3,BCAM,0.17437986253007343
A3,BCL2,1
A3,BCL2L12,0.17437986253007343
A3,BGN,0.002119916280700625
A3,BICDL1,1
A3,BIN3,0.321631349502826
A3,BIRC2,1
A3,BIRC5,0.10271196682951764
A3,BLVRA,1
A3,BOK,2.3276759992187795e-4
A3,BOLA3,1
A3,BRD9,0.29055318962272486
A3,BRF1,1
A3,BRF2,1
A3,BRK1,1
A3,BRPF1,1
A3,BSG,9.054010076091915e-17
A3,BST2,0.7833844124103877
A3,BTG1,0.0016355772679232698
A3,C10orf10,1
A3,C10orf54,1
A3,C12orf45,1
A3,C15orf61,1
A3,C19orf24,0.039579783760962176
A3,C19orf52,1
A3,C19orf60,9.160405946196733e-4
A3,C1QB,1
A3,C1R,1
A3,C1S,1
A3,C1orf216,1
A3,C2,1
A3,C2CD2L,1
A3,C3,0.012559991827372196
A3,C4orf48,1.066954449450083e-6
A3,C5orf38,0.8733222282358022
A3,C6orf136,1
A3,C6orf48,1
A3,CADM4,1.9853575899556254e-6
A3,CALML5,6.42428727886915e-11
A3,CAMTA2,1
A3,CAPG,1
A3,CARS2,1
A3,CBLC,0.022920226530113122
A3,CCDC106,0.2034025663400597
A3,CCDC167,2.4791008945634645e-5
A3,CCDC57,5.62662376690132e-7
A3,CCDC80,1
A3,CCDC88B,1
A3,CCL19,1
A3,CCL2,1
A3,CCL21,1
A3,CCM2,0.22435908785221834
A3,CCNB1,1
A3,CCNB1IP1,0.2034025663400597
A3,CCNE1,0.5337511384954342
A3,CCNE2,1
A3,CCS,1
A3,CCT4,0.031246242738122865
A3,CD14,0.02952476039541437
A3,CD320,1.6207715584061591e-7
A3,CD3D,1
A3,CD4,1
A3,CD52,1
A3,CD68,1
A3,CD74,1
A3,CD79A,1
A3,CDC20,0.04338816678142759
A3,CDC6,1
A3,CDH11,1
A3,CDH3,1
A3,CDK5RAP1,1
A3,CENPF,0.31974002425775155
A3,CEP250,1
A3,CEP55,1
A3,CERCAM,1
A3,CERS5,7.743350349818247e-8
A3,CES2,1
A3,CFAP36,0.3315015141439879
A3,CFDP1,1
A3,CGGBP1,0.3584742822860013
A3,CHCHD6,1
A3,CHD1,0.9086267113485765
A3,CHD6,1
A3,CHFR,1
A3,CHST11,1
A3,CIR1,1
A3,CLASRP,1
A3,CLDN3,2.6957401855989766e-16
A3,CLDN4,7.886738722735963e-10
A3,CLU,0.07186571030128336
A3,CNN2,3.5382204060674583e-4
A3,COL14A1,1
A3,COL3A1,0.012559991827372196
A3,COL4A1,1
A3,COL6A2,1
A3,COL8A2,1
A3,COMMD1,1
A3,COMP,7.880708552748857e-11
A3,COPS7A,0.8408437874599244
A3,COQ4,1
A3,CORO1A,1
A3,CORO1B,7.552515653023101e-14
A3,CORO2A,0.449407308249745
A3,CORO7,0.002374012986639495
A3,COX5A,1
A3,CPNE1,1
A3,CPSF1,1
A3,CPVL,1
A3,CRABP2,4.31964254122285e-6
A3,CRACR2B,2.0086385056284727e-20
A3,CRELD2,1
A3,CROCC,1
A3,CSF1,1
A3,CSF1R,0.2890817923480493
A3,CTDSPL,1
A3,CTIF,0.20014909740391734
A3,CTSK,1
A3,CTU2,1
A3,CUTC,1
A3,CUX1,1
A3,CX3CL1,0.0037451912493600054
A3,CXCL10,1
A3,CXXC5,0.02214173794482766
A3,CYP27A1,1
A3,DAPK3,0.005305862495153748
A3,DCAF6,0.4995359572520107
A3,DCXR,1
A3,DDAH1,1
A3,DDB2,1
A3,DDIT3,1
A3,DDRGK1,0.0058439895682025995
A3,DDT,0.6038352597830984
A3,DEAF1,0.01819280073285533
A3,DENND1A,1
A3,DERL3,1
A3,DESI1,0.41523866706235735
A3,DHX16,1
A3,DLG1,0.7985015465369496
A3,DMAP1,0.23207853438087334
A3,DNAJB2,0.0016077170768889375
A3,DNAJC1,1
A3,DNAJC7,0.03744666437584321
A3,DOCK6,1
A3,DPH3,1
A3,DPM2,1.3894157151848141e-5
A3,DPP7,0.015236831486922188
A3,DPP9,1
A3,DPYSL3,1
A3,DVL1,1
A3,EBAG9,1
A3,ECHDC2,1
A3,ECM1,0.0019462407767978425
A3,EFEMP2,1
A3,EFHD2,0.07891983029889703
A3,EGFR,1
A3,EIF1AD,1
A3,EIF3B,5.965971896944263e-21
A3,EIF3F,0.19894026154631292
A3,EIF3G,0.23228174347428526
A3,ELN,0.9507140652367355
A3,ELOF1,1.6959782577814815e-4
A3,EMC3,1
A3,ENPP1,4.31964254122285e-6
A3,EPHB3,0.13775633752451677
A3,ERAL1,0.08122672641466708
A3,ERBB2,3.591597710294068e-16
A3,ERI3,0.005409674334101527
A3,ERMP1,1
A3,ESR1,0.3913142946596193
A3,ETFB,3.6837839327878273e-14
A3,EVA1B,0.02002106432695183
A3,EXD3,0.0834096199420383
A3,EXO1,1
A3,EXOC5,1
A3,EXOSC1,1
A3,EXOSC10,0.20460409172782096
A3,EXOSC2,1
A3,EZH2,1
A3,FAAH,0.21069888587390637
A3,FADS2,1
A3,FAH,1
A3,FAIM2,0.30552623285448754
A3,FAM102A,1
A3,FAM117A,1
A3,FAM118A,1
A3,FAM160B1,0.8226596093734495
A3,FAM173A,2.8165196345660187e-6
A3,FAM193B,0.9202371979169649
A3,FAM213B,1
A3,FAM3A,0.002844825535339842
A3,FAM45A,1
A3,FAP,1
A3,FARP1,1
A3,FARSB,1
A3,FASN,6.386688109151488e-7
A3,FBF1,1
A3,FBLN2,1
A3,FCER1G,1
A3,FDPS,0.18060827394945292
A3,FGFR1,0.7327840434764344
A3,FGFR4,0.14159106062285748
A3,FKBP10,0.02357868008263241
A3,FKBP8,2.534092574851667e-4
A3,FLNA,4.417465661122891e-5
A3,FN1,0.12306195891632091
A3,FNBP4,1
A3,FOXA1,0.579776398485313
A3,FOXC1,0.38652177396613746
A3,FOXP4,5.596565924050766e-9
A3,FSTL1,1
A3,FSTL3,6.971431871689802e-5
A3,FUOM,0.6750130563691575
A3,FUS,1
A3,FZD2,1
A3,GALK1,9.235535326682499e-9
A3,GANAB,0.0018205271845921432
A3,GAR1,1
A3,GAS6,0.9335107802333654
A3,GATA3,1.099441591229324e-7
A3,GATC,1
A3,GBP1,1
A3,GBP2,1
A3,GBP3,1
A3,GBP4,1
A3,GBP5,1
A3,GEMIN4,1
A3,GLCCI1,1
A3,GLG1,1
A3,GLTSCR2,0.5960561112081679
A3,GMFG,1
A3,GMPPA,1
A3,GNAI2,5.210303346843202e-5
A3,GNAS,0.007011190190000477
A3,GNL2,0.2723667964621559
A3,GPR108,0.1378252045754608
A3,GPR160,0.5653803477773324
A3,GPRC5A,1.3006598309633676e-5
A3,GPS1,1.2611814888400858e-10
A3,GPSM1,0.04425789720778893
A3,GPX3,0.16923332989088036
A3,GRB7,7.976976866498565e-11
A3,GRK3,1
A3,GSK3A,1.466006834340224e-7
A3,GSTM3,0.3369005355698349
A3,GYPC,1
A3,HAGHL,3.6046133213911935e-15
A3,HCFC1R1,3.0034884165326105e-15
A3,HCST,1
A3,HDAC5,0.38652177396613746
A3,HDAC6,0.6236628400779152
A3,HELZ2,0.9904455666316627
A3,HES1,1
A3,HLA-B,1
A3,HLA-DMA,1
A3,HLA-DMB,1
A3,HLA-DOA,1
A3,HLA-DPA1,1
A3,HLA-DPB1,1
A3,HLA-DRA,0.47329059517374733
A3,HLA-DRB1,0.7661097009517176
A3,HMGB2,1
A3,HNRNPUL2,0.0046373266861330495
A3,HOOK3,1
A3,HPS6,1
A3,HSD17B1,1
A3,HSPA4,0.9088418803052627
A3,HSPB1,2.569119184127509e-4
A3,HSPB11,1
A3,HYI,2.0228245422879727e-9
A3,IDH3G,1
A3,IDUA,0.8408437874599244
A3,IER5L,0.0030189720694262893
A3,IFI27,1
A3,IFI27L1,1
A3,IFI44L,1
A3,IGFBP2,1.4018958171332995e-6
A3,IGFBP4,0.20306839452678044
A3,IGHA1,0.05347860300242358
A3,IGHG3,0.25661041947271096
A3,IGHG4,1
A3,IGHM,1
A3,IGKC,0.1755692855431061
A3,IGLC2,0.5653803477773324
A3,IGLC3,1
A3,IGLC7,1
A3,IKZF3,1
A3,IL10RA,1
A3,ILKAP,1
A3,INAFM1,1
A3,INPP4B,1
A3,INPP5D,1
A3,INPP5J,1
A3,INTS8,0.5000002942505318
A3,ISG15,0.20014909740391734
A3,ISLR,1
A3,ITGA5,0.8408437874599244
A3,ITGB4,0.004602776049966844
A3,ITGB6,0.005981300471339337
A3,ITSN1,1
A3,JAG2,1
A3,JAK1,1
A3,JAK3,1
A3,JCHAIN,0.3529022468752609
A3,JMJD6,0.029437614580407567
A3,KAT6B,1
A3,KATNA1,0.2254032916160307
A3,KCNAB2,1
A3,KCTD10,1
A3,KDM4B,1
A3,KIAA0895L,1
A3,KIAA1211L,1
A3,KIAA1217,1
A3,KIAA1468,1
A3,KIAA1715,0.45689997690251183
A3,KIF13B,0.9904455666316627
A3,KIF2C,1
A3,KLF9,1
A3,KMT2B,6.779630974859788e-9
A3,KMT2E,1
A3,KPNB1,0.944215978084706
A3,KRAS,1
A3,KRT10,0.0026689548842804747
A3,KRT14,1
A3,KRT17,6.490640719512694e-6
A3,KRT5,1
A3,KRT8,1.199254130624851e-10
A3,KRT86,0.34111536198103287
A3,LAMB2,0.6185219417976454
A3,LAMTOR2,0.004015940363114503
A3,LANCL1,0.018707313852616102
A3,LARP1B,1
A3,LARP7,1
A3,LCK,1
A3,LCP1,0.8225932202787665
A3,LGALS1,0.026213863479628997
A3,LIMCH1,0.3320020783755825
A3,LIMK1,1
A3,LINC00176,1
A3,LINGO1,1
A3,LLGL1,1
A3,LMF1,0.17403047947259528
A3,LMNA,2.0086385056284727e-20
A3,LRRC8A,1
A3,LRWD1,0.3154172841204466
A3,LST1,0.4517506266247521
A3,LTB4R,1
A3,LTBP3,5.030576949900493e-14
A3,LTF,1
A3,LUC7L,1
A3,LUC7L3,1
A3,LUM,1
A3,LYL1,1
A3,MAGEF1,1
A3,MAGI1,1
A3,MAGOHB,0.9565039835974881
A3,MAP1S,1
A3,MAP3K14,0.17403047947259528
A3,MAP3K6,1
A3,MAP4K2,1
A3,MAPK9,1
A3,MAPKAPK5,0.9281136783909527
A3,MAPT,1
A3,MARS,1
A3,MAVS,1
A3,MCTS1,1
A3,MDM2,1
A3,MED13L,1
A3,MED25,0.052922877143143206
A3,MELK,0.29055318962272486
A3,MEN1,1
A3,METTL12,1
A3,METTL16,1
A3,MFAP4,1
A3,MFSD3,0.24904221979621183
A3,MFSD7,0.4940641409608879
A3,MGMT,2.3749509619443138e-4
A3,MGP,3.612665303192328e-9
A3,MIA,1
A3,MIB2,1
A3,MICAL1,0.23416147383080774
A3,MICALL2,0.5222303707389045
A3,MID1IP1,0.17801824118107207
A3,MIF,8.849794298318062e-12
A3,MIIP,0.004191743737857123
A3,MKI67,1
A3,MKNK1,1
A3,MLLT4,0.9021185311606721
A3,MLPH,0.3369005355698349
A3,MLST8,2.5054383688362254e-11
A3,MMP11,1
A3,MMP9,0.5372120777644142
A3,MORC2,1
A3,MPND,1
A3,MPST,0.0032393485575645206
A3,MRPL2,1
A3,MRPL21,0.031246242738122865
A3,MRPL23,0.31974002425775155
A3,MRPL51,0.20306839452678044
A3,MRPL54,1.7125435294974666e-5
A3,MRPS22,1
A3,MS4A6A,1
A3,MST1R,1
A3,MTG2,0.002830900256733091
A3,MTMR12,1
A3,MUC1,5.234187548807854e-12
A3,MUCL1,3.2467381455918534e-7
A3,MUS81,1
A3,MVP,1
A3,MX2,1
A3,MYBL2,0.3558803258933754
A3,MYC,0.06706497835189494
A3,MYH10,0.6287076803712066
A3,MYL12B,0.4084946257522623
A3,MYL6B,0.8410196044714183
A3,MYL9,5.252398044679507e-6
A3,MYO1G,1
A3,MYO9B,1
A3,MZT2A,6.792647849528611e-6
A3,NAA10,1
A3,NANS,1
A3,NAT1,1
A3,NCKAP1L,1
A3,NCKAP5L,0.19065921043541598
A3,NDC80,1
A3,NDRG1,1.2436857905113861e-9
A3,NDUFA1,0.4846176594861898
A3,NDUFA12,0.014137484682320083
A3,NDUFB2,0.1479562757215837
A3,NDUFB3,0.3281352672863168
A3,NDUFB9,5.030576949900493e-14
A3,NDUFC1,0.003488428708811712
A3,NDUFS1,0.0027986613553438507
A3,NDUFV3,0.14653948708304596
A3,NEBL,1
A3,NEK7,0.8318573626640545
A3,NELFE,0.25872042864738287
A3,NFATC4,1
A3,NFIC,0.14681952547107296
A3,NINJ1,1.126085849558626e-20
A3,NIT2,1
A3,NMRAL1,4.777681346821027e-12
A3,NR1H2,0.029437614580407567
A3,NR4A1,0.7128346379306669
A3,NRP1,1
A3,NSMCE1,0.21069888587390637
A3,NTMT1,1
A3,NUF2,0.21532026069515897
A3,NUP214,1
A3,NUP93,1
A3,NXN,1
A3,OASL,1
A3,OGFRL1,1
A3,OPTN,1
A3,ORC2,1
A3,ORC6,0.40121282376814765
A3,OSBPL8,1
A3,P4HA2,0.4160887412682906
A3,PAF1,0.20276451924981218
A3,PAFAH1B3,0.8797548325216937
A3,PAQR4,1
A3,PARN,1
A3,PCCB,1
A3,PCIF1,1
A3,PDCD5,0.10253296960230068
A3,PDGFRA,1
A3,PDGFRB,1
A3,PER1,1
A3,PEX11G,0.015236831486922188
A3,PEX14,1
A3,PGLS,4.5830587928065766e-7
A3,PGR,1
A3,PHF11,1
A3,PHF13,1
A3,PHF21A,1
A3,PHGDH,1
A3,PHKB,1
A3,PIGQ,7.207565540576165e-5
A3,PIH1D1,0.2888960904693782
A3,PILRA,1
A3,PIM2,1
A3,PITX1,0.002006954045178504
A3,PKNOX1,1
A3,PLAC9,1
A3,PLEKHO2,1
A3,PLIN2,1
A3,PLK1,0.5999571573987228
A3,PLK2,9.75356941066724e-6
A3,PLLP,1
A3,PLP2,1
A3,PLPPR2,0.44395424756811847
A3,PLSCR1,1
A3,PLTP,1
A3,PLVAP,1
A3,PLXNA1,0.12128189529271223
A3,PLXND1,1.0369562799944955e-5
A3,PMP22,1
A3,PNISR,1
A3,PNMT,0.008710481909853459
A3,PNP,1
A3,PNPLA6,1
A3,PODNL1,0.9681909501794702
A3,PODXL,1
A3,POLR2E,0.08692433880611344
A3,POLR2J,1.3777732386539383e-12
A3,POR,0.012736687566236023
A3,POSTN,1
A3,PPHLN1,0.3020817409707852
A3,PPIB,0.012559991827372196
A3,PPIH,0.31974002425775155
A3,PPM1G,0.6082145803396458
A3,PPP1R1A,1.3299364826049856e-4
A3,PPP1R1B,2.620180903746042e-4
A3,PPP1R37,0.006619102824996539
A3,PRKAB1,1
A3,PRKCSH,8.649761810522478e-15
A3,PROSER1,1
A3,PRPF6,1
A3,PRPSAP1,0.1110450954469939
A3,PSCA,1
A3,PSMD4,1
A3,PSTPIP1,0.5912637804963488
A3,PTGDS,0.9904455666316627
A3,PTOV1,7.210664441052185e-11
A3,PTP4A3,1
A3,PTPRC,0.8570915739564544
A3,PTPRJ,1
A3,PTRF,1
A3,PTRH1,1
A3,PTTG1,1
A3,PUS3,1
A3,PWP1,1
A3,PWWP2B,0.6990318542675571
A3,PXDN,0.3555037960775894
A3,PYURF,1
A3,QSOX1,0.031436431754746565
A3,R3HDM2,0.5653803477773324
A3,RAB11FIP1,1
A3,RAB3A,0.6961061095207899
A3,RAB3GAP1,1
A3,RAB3IL1,1
A3,RABGAP1L,1
A3,RALBP1,1
A3,RALGAPA2,1
A3,RAMP2,1
A3,RAP1B,1
A3,RARS2,1
A3,RASA2,1
A3,RASGRP2,1
A3,RASSF3,0.10253296960230068
A3,RBL1,1
A3,RBM42,1.1594428940441225e-8
A3,RECQL4,1
A3,RECQL5,1
A3,REEP6,0.24904221979621183
A3,RGS1,1
A3,RHOB,0.0084520004005834
A3,RIOK1,1
A3,RMND1,1
A3,RNASET2,0.3643761697410671
A3,RND3,1
A3,RNF135,0.007152230619978725
A3,RNF170,1
A3,RRAS,0.004550477603667974
A3,RRM2,1
A3,RSL1D1,0.06610375405744374
A3,RSRP1,0.9202371979169649
A3,RUVBL1,1
A3,S100A14,6.847684095678137e-5
A3,S100A9,0.046271228972884784
A3,SAMM50,1
A3,SASH1,0.3341105192195734
A3,SAT1,0.059527800897297464
A3,SCAF1,0.013558257422282801
A3,SCD,4.777681346821027e-12
A3,SCNN1D,1
A3,SCX,0.5113022507508531
A3,SDHB,0.06461313179287358
A3,SEC14L2,1
A3,SEC23A,1
A3,SEMA3B,1
A3,SEMA4B,0.3315015141439879
A3,SF3B4,1
A3,SFRP1,1
A3,SFSWAP,1
A3,SGTA,1.6434223271525732e-11
A3,SH3BP5L,1
A3,SIGLEC1,1
A3,SIGMAR1,0.31400738349171153
A3,SLC16A2,1
A3,SLC16A3,0.0027986613553438507
A3,SLC22A18,1
A3,SLC25A24,1
A3,SLC2A1,7.323076945026961e-7
A3,SLC2A8,1
A3,SLC35A2,1
A3,SLC39A6,1
A3,SLC43A1,0.9404318754010149
A3,SLC4A5,1
A3,SLC8B1,1
A3,SLC9A3R2,4.038411319325589e-6
A3,SLC9A8,1
A3,SLFN13,0.12157058026696871
A3,SLPI,1
A3,SMCHD1,0.19805263486496463
A3,SMG9,0.971062113356034
A3,SMYD2,1
A3,SNAPC3,1
A3,SNF8,7.829030397970692e-5
A3,SNRPD3,0.504977387754142
A3,SNTA1,1
A3,SNX33,0.20460409172782096
A3,SNX8,0.15655394879031803
A3,SOD3,1
A3,SOS2,1
A3,SOX4,1
A3,SP6,0.08481136232096746
A3,SPAG9,1
A3,SPARC,0.4517506266247521
A3,SPIN1,0.9533331744478939
A3,SPSB1,0.2085199437418459
A3,SRGN,1
A3,SRPX2,1
A3,SRR,1
A3,SRRT,1
A3,SRSF1,0.41667980410111877
A3,SRSF5,0.4396308702631448
A3,SSSCA1,1
A3,STAMBP,0.09932785652122438
A3,STAT5A,1
A3,STK17A,1
A3,STK4,1
A3,STMN1,0.31400738349171153
A3,STRN3,1
A3,STT3A,0.6614422880320919
A3,SUGP1,1
A3,SURF1,1
A3,SVIL,1
A3,SYDE1,1
A3,SYK,1
A3,TACC3,1
A3,TANC2,1
A3,TARBP1,1
A3,TAX1BP1,0.8408437874599244
A3,TAX1BP3,0.4564683421572512
A3,TBC1D10A,1
A3,TBC1D23,1
A3,TBCA,1
A3,TBXAS1,1
A3,TCEA2,1
A3,TCEA3,0.12453081694498554
A3,TCF25,1.0707265992788697e-5
A3,TDRD3,1
A3,TESK1,1
A3,TESMIN,0.9507140652367355
A3,TEX10,1
A3,TEX2,0.8410196044714183
A3,TFF3,1.669630709380723e-8
A3,TGFBR2,0.4846176594861898
A3,THBS1,1
A3,THOC5,0.5653803477773324
A3,THOC6,1
A3,TIGD5,1
A3,TIMP1,0.18060827394945292
A3,TJP3,1
A3,TM7SF2,2.6680948495518318e-15
A3,TMBIM6,6.225651233653487e-4
A3,TMEM101,1
A3,TMEM123,0.021692551926078007
A3,TMEM14B,0.10269093797091955
A3,TMEM160,6.316909577113162e-7
A3,TMEM184A,1
A3,TMEM259,5.793366757909609e-10
A3,TMEM45B,0.007574997359163906
A3,TMEM86A,0.019530357112178397
A3,TMX1,0.7469824131393241
A3,TNC,0.0664715292029168
A3,TNFRSF14,1
A3,TNFRSF21,1
A3,TNFRSF4,0.13775633752451677
A3,TNNT1,4.31964254122285e-6
A3,TOM1L2,1
A3,TP53I3,1
A3,TPM2,1.5934179659236221e-4
A3,TRAC,1
A3,TRAF5,1
A3,TRAP1,1
A3,TRAPPC4,1
A3,TRIM14,1
A3,TRIM22,1
A3,TRIM25,1
A3,TRIM47,1
A3,TSPAN33,1
A3,TSR2,1
A3,TTC31,0.019530357112178397
A3,TTI1,1
A3,TXN2,6.971431871689802e-5
A3,TXNDC17,0.4849054018972178
A3,TXNRD2,6.334958723657158e-5
A3,TYMS,0.5416104175898542
A3,TYROBP,1
A3,UBA52,5.965971896944263e-21
A3,UBA6,1
A3,UBAP2L,0.18782042259336346
A3,UBE2C,1
A3,UBE2T,0.36998745152130935
A3,UBE2W,0.0060723919423045355
A3,UBL7,0.39854836946148026
A3,UBR2,1
A3,UBXN1,0.04113487479391962
A3,UCK1,0.5952330285094914
A3,UFD1L,1
A3,UQCRC1,1.407039663658025e-13
A3,UXS1,1
A3,UXT,1
A3,VARS,0.0027986613553438507
A3,VAV1,1
A3,VCAM1,1
A3,VEGFB,1
A3,VIM,0.23310784016157945
A3,VPS13D,1
A3,VPS45,1
A3,VWF,1
A3,WDFY3,0.864955037295856
A3,WDR13,0.005570520180949129
A3,WDR34,5.524569836339663e-9
A3,WDR46,3.800673244141091e-17
A3,WDR73,1
A3,WDR74,0.34673138766330525
A3,WIPF1,1
A3,XAB2,5.064541379577604e-7
A3,XIAP,0.4846176594861898
A3,XPO6,0.1258633917120518
A3,YIPF4,0.16393314255884667
A3,YTHDC1,1
A3,ZDHHC12,0.0018667703870468854
A3,ZFAND3,1
A3,ZFP36,1
A3,ZFPL1,1
A3,ZFR,1
A3,ZG16B,1
A3,ZMAT5,1
A3,ZMYND19,6.521669428454497e-15
A3,ZMYND8,1
A3,ZNF217,0.5960561112081679
A3,ZNF337,1
A3,ZNF33B,1
A3,ZNF362,1
A3,ZNF524,0.006132787981606938
A3,ZNF592,1
A3,ZNF644,0.059527800897297464
A3,ZNF668,0.6399945902893079
A3,ZNF771,0.5061057931681276
A3,ZNF787,3.0034884165326105e-15
A3,ZNF791,1
A3,ZNF83,1
A3,ZNF91,1
A3,ZNRF1,1
A3,ZSWIM8,0.04305803262756723
A4,A2M,1.0702931143030183e-4
A4,AAMDC,1
A4,ABCA3,1
A4,ABCA7,1
A4,ABCF3,0.4994606808705184
A4,ABHD14A,1
A4,ABHD4,1
A4,ACAA1,1
A4,ACER3,1
A4,ACTR3B,1
A4,ADAM15,2.9412196191508855e-19
A4,ADCY3,1
A4,ADI1,0.5110460024835862
A4,AEBP1,0.035712251213310585
A4,AES,7.194173265423993e-19
A4,AGAP2,1
A4,AGO2,0.6940562362626687
A4,AGPAT2,3.1737377564036636e-4
A4,AGR2,2.780099779638356e-5
A4,AHCY,0.8393604631929998
A4,AKAP9,0.06531207709764007
A4,AKR1A1,0.010439144081498706
A4,AKT1S1,1.8331904203810975e-7
A4,ALDH16A1,1
A4,ALG3,8.696568994871319e-4
A4,ANGPTL4,1
A4,ANKLE2,1
A4,ANKRD12,1
A4,ANKRD28,1
A4,ANLN,1
A4,ANO10,0.7889913322481407
A4,AP5B1,1
A4,AP5Z1,1
A4,APBA2,1
A4,APBB2,0.9257244916483253
A4,APOBEC3G,1
A4,APOC1,0.03693125081046728
A4,AQP1,1
A4,ARF5,0.04514378346492189
A4,ARF6,0.5961331175808852
A4,ARFGEF2,1
A4,ARHGAP10,1
A4,ARHGAP4,0.986178804727242
A4,ARHGAP45,0.05048154586655026
A4,ARHGAP5,1
A4,ARHGEF10L,0.5558587822763045
A4,ARHGEF3,1
A4,ARHGEF40,1
A4,ARID1B,1
A4,ARID3A,1
A4,ARID4A,1
A4,ARID5A,1.8808546244073314e-4
A4,ARID5B,0.23997313912374374
A4,ARNT,1
A4,ASCL2,1
A4,ASH2L,1
A4,ASL,1
A4,ASMTL,1
A4,ASNA1,2.780099779638356e-5
A4,ASNS,1
A4,ATAD1,1
A4,ATF6B,0.6275316443166638
A4,ATG12,1
A4,ATG16L2,1
A4,ATL2,1
A4,ATP5H,0.31096777734096404
A4,ATP5O,0.6052075345176935
A4,ATP6AP1,0.0403586137756736
A4,ATP6V0D1,1
A4,AURKAIP1,0.0012379567609306448
A4,AVEN,1
A4,BABAM1,0.00586555121705428
A4,BAD,8.733773308116253e-9
A4,BAG1,0.6275316443166638
A4,BAIAP3,0.8387770739260744
A4,BCAM,6.022913926696161e-5
A4,BCL2,1
A4,BCL2L12,0.3261226819391568
A4,BGN,1.1072204653810784e-5
A4,BICDL1,1
A4,BIN3,1
A4,BIRC2,1
A4,BIRC5,0.2531911217725453
A4,BLVRA,1
A4,BOK,0.0020522244092344875
A4,BOLA3,0.4394327874461967
A4,BRD9,0.5015833366177243
A4,BRF1,0.36455468776148
A4,BRF2,1
A4,BRK1,0.12937848164179208
A4,BRPF1,1
A4,BSG,8.274643717422237e-14
A4,BST2,0.024911164738211658
A4,BTG1,6.044843462712332e-5
A4,C10orf10,1
A4,C10orf54,0.3775411199914068
A4,C12orf45,1
A4,C15orf61,1
A4,C19orf24,0.3437881231455364
A4,C19orf52,1
A4,C19orf60,0.001854113410996476
A4,C1QB,0.005595016222675168
A4,C1R,1
A4,C1S,1
A4,C1orf216,1
A4,C2,0.5561116832354259
A4,C2CD2L,0.4807042816148041
A4,C3,0.00377747917900806
A4,C4orf48,9.413876176279346e-6
A4,C5orf38,0.0262238439378145
A4,C6orf136,1
A4,C6orf48,0.5588225846423189
A4,CADM4,5.8262688214686715e-5
A4,CALML5,3.018659287024813e-5
A4,CAMTA2,1
A4,CAPG,1
A4,CARS2,1
A4,CBLC,0.9399062905662935
A4,CCDC106,1
A4,CCDC167,1
A4,CCDC57,0.5546496147971368
A4,CCDC80,1
A4,CCDC88B,1
A4,CCL2,1
A4,CCL21,1
A4,CCM2,0.10322567243261124
A4,CCNB1,0.09572660419761353
A4,CCNB1IP1,0.14756833640905292
A4,CCNE1,1
A4,CCNE2,1
A4,CCS,1
A4,CCT4,1
A4,CD14,0.29300201096186723
A4,CD320,3.2428523125091816e-4
A4,CD3D,1
A4,CD4,1
A4,CD52,0.6990285334891241
A4,CD68,0.37855285063487404
A4,CD74,0.07856090109535745
A4,CD79A,1
A4,CDC20,2.918860174783331e-4
A4,CDC6,1
A4,CDH11,1
A4,CDH3,0.9944397876544798
A4,CDK5RAP1,1
A4,CENPF,1
A4,CEP250,1
A4,CEP55,1
A4,CERCAM,1
A4,CERS5,0.012499516495546833
A4,CES2,1
A4,CFAP36,1
A4,CFDP1,1
A4,CGGBP1,1
A4,CHCHD6,1
A4,CHD1,1
A4,CHD6,1
A4,CHFR,1
A4,CHST11,0.6095028598964536
A4,CIR1,1
A4,CLASRP,0.01014754499048466
A4,CLDN3,1.6218749634627909e-6
A4,CLDN4,3.6073352454535455e-9
A4,CLU,0.007876610601998048
A4,CNN2,4.291033206381179e-6
A4,COL14A1,1
A4,COL3A1,0.6515004543190372
A4,COL4A1,0.03034357693981429
A4,COL6A2,0.005793250181660993
A4,COL8A2,1
A4,COMMD1,0.2603823142981856
A4,COMP,4.3636485156531204e-4
A4,COPS7A,1
A4,COQ4,0.9468014904504635
A4,CORO1A,1
A4,CORO1B,1.7308112420428994e-6
A4,CORO2A,1
A4,CORO7,0.06281258935082001
A4,COX5A,0.9036625548107733
A4,CPNE1,0.0035961237987443113
A4,CPSF1,1
A4,CPVL,1
A4,CRABP2,2.8792174602062638e-8
A4,CRACR2B,1.7236132798485877e-12
A4,CRELD2,1
A4,CROCC,1
A4,CSF1,1
A4,CSF1R,1
A4,CTDSPL,1
A4,CTIF,0.3775411199914068
A4,CTSK,0.671013336726681
A4,CTU2,1
A4,CUTC,1
A4,CUX1,1
A4,CX3CL1,2.020687858322087e-4
A4,CXCL10,1
A4,CXXC5,1.6892274347226733e-6
A4,CYP27A1,1
A4,DAPK3,0.011951761081494539
A4,DCAF6,0.15661755600831015
A4,DCXR,0.04514378346492189
A4,DDAH1,1
A4,DDB2,1
A4,DDIT3,0.4144935925455256
A4,DDRGK1,1
A4,DDT,0.004441005537238118
A4,DEAF1,1
A4,DENND1A,1
A4,DERL3,1
A4,DESI1,1
A4,DHX16,1
A4,DLG1,1
A4,DMAP1,0.028267925650948197
A4,DNAJB2,0.00454503633110115
A4,DNAJC1,0.3241836634580671
A4,DNAJC7,6.1971954849057584e-6
A4,DOCK6,1
A4,DPH3,1
A4,DPM2,0.05654820485469508
A4,DPP7,0.12179606940030646
A4,DPP9,1
A4,DPYSL3,0.0896511387705275
A4,DVL1,0.047162066201858116
A4,EBAG9,1
A4,ECHDC2,1
A4,ECM1,0.0016933770539439535
A4,EFEMP2,1
A4,EFHD2,6.748144062515774e-5
A4,EGFR,1
A4,EIF1AD,1
A4,EIF3B,8.31522753006121e-18
A4,EIF3F,1
A4,EIF3G,1
A4,ELN,1
A4,ELOF1,0.0406004849745964
A4,EMC3,0.4617909139100871
A4,ENPP1,0.012043370583169078
A4,EPHB3,0.004870775063048297
A4,ERAL1,1.746141188843352e-4
A4,ERBB2,8.274643717422237e-14
A4,ERI3,0.005216644015525687
A4,ERMP1,1
A4,ESR1,0.16005268377015436
A4,ETFB,0.16933593893071786
A4,EVA1B,0.1491700511836295
A4,EXD3,0.4882744489680657
A4,EXO1,1
A4,EXOC5,1
A4,EXOSC1,1
A4,EXOSC10,0.4617909139100871
A4,EXOSC2,1
A4,EZH2,1
A4,FAAH,0.009532168346144601
A4,FADS2,1
A4,FAH,0.04807503849306685
A4,FAIM2,0.07115378475152878
A4,FAM102A,0.5804528293203106
A4,FAM117A,0.6895821741727441
A4,FAM118A,1
A4,FAM160B1,1
A4,FAM173A,0.002228663405773487
A4,FAM193B,1
A4,FAM213B,1
A4,FAM3A,3.120634810259461e-6
A4,FAM45A,1
A4,FAP,1
A4,FARP1,0.5384754204757418
A4,FARSB,1
A4,FASN,1.0184999355761505e-7
A4,FBF1,1
A4,FBLN2,0.3043506262891617
A4,FCER1G,1
A4,FDPS,0.12505232004498287
A4,FGFR1,0.5392431390253385
A4,FGFR4,0.03262702822675853
A4,FKBP10,1
A4,FKBP8,1.6892274347226733e-6
A4,FLNA,7.813973785844776e-6
A4,FN1,0.011600230331966083
A4,FNBP4,1
A4,FOXA1,1
A4,FOXC1,0.728777392682558
A4,FOXP4,2.1120956892365303e-5
A4,FSTL1,1
A4,FSTL3,0.009095072475787894
A4,FUOM,1
A4,FUS,0.5300587448814125
A4,FZD2,0.6050251122372552
A4,GALK1,1
A4,GANAB,2.6338534311359847e-5
A4,GAR1,1
A4,GAS6,1
A4,GATA3,1.3460727870295266e-4
A4,GATC,1
A4,GBP1,1
A4,GBP2,1
A4,GBP3,1
A4,GBP4,1
A4,GBP5,1
A4,GEMIN4,1
A4,GLCCI1,0.6621267587995748
A4,GLG1,1
A4,GLTSCR2,0.5472609913984197
A4,GMFG,1
A4,GMPPA,1
A4,GNAI2,5.803477127644376e-5
A4,GNAS,0.27178344968396984
A4,GNL2,1
A4,GPR108,0.5498469660329823
A4,GPR160,1
A4,GPRC5A,1.0267377609580688e-6
A4,GPS1,1.8793509368288676e-8
A4,GPSM1,1
A4,GPX3,0.32801718410103736
A4,GRB7,5.058430277816508e-13
A4,GRK3,1
A4,GSK3A,2.0090548834529313e-5
A4,GSTM3,0.4882120761044409
A4,GYPC,0.6069898628148671
A4,HAGHL,3.119365337986846e-11
A4,HCFC1R1,3.8809357148926645e-6
A4,HCST,1
A4,HDAC5,0.010060373409303406
A4,HDAC6,1
A4,HELZ2,1
A4,HES1,1
A4,HLA-B,0.07668274151865181
A4,HLA-DMA,1
A4,HLA-DMB,1
A4,HLA-DOA,1
A4,HLA-DPA1,0.039233226896773325
A4,HLA-DPB1,1
A4,HLA-DRA,0.13201722170506386
A4,HLA-DRB1,1
A4,HMGB2,0.11882823294896655
A4,HNRNPUL2,9.721543105326038e-7
A4,HOOK3,1
A4,HPS6,1
A4,HSD17B1,1
A4,HSPA4,0.021131757120674787
A4,HSPB1,1.0093877611388624e-5
A4,HSPB11,1
A4,HYI,1.214023266675962e-11
A4,IDH3G,1
A4,IDUA,1
A4,IER5L,0.012325268570411328
A4,IFI27,0.18506347487605074
A4,IFI27L1,1
A4,IFI44L,1
A4,IGFBP2,3.006643839723792e-8
A4,IGFBP4,0.0026715894657187425
A4,IGHA1,2.2181308336351812e-5
A4,IGHG3,1
A4,IGHG4,1
A4,IGHM,0.9350972134293646
A4,IGKC,0.01021255961090206
A4,IGLC2,0.4008327128697821
A4,IGLC3,1
A4,IGLC7,1
A4,IKZF3,1
A4,IL10RA,0.8421193309166682
A4,ILKAP,1
A4,INAFM1,0.8083122293422795
A4,INPP4B,1
A4,INPP5D,1
A4,INPP5J,0.7997029054979543
A4,INTS8,1
A4,ISG15,0.20518808287166354
A4,ISLR,1
A4,ITGA5,0.05684318757931294
A4,ITGB4,0.005163515661328816
A4,ITGB6,0.06281258935082001
A4,ITSN1,1
A4,JAG2,1
A4,JAK1,1
A4,JAK3,1
A4,JCHAIN,1
A4,JMJD6,0.5110460024835862
A4,KAT6B,1
A4,KATNA1,1
A4,KCNAB2,1
A4,KCTD10,1
A4,KDM4B,0.5561116832354259
A4,KIAA0895L,1
A4,KIAA1211L,1
A4,KIAA1217,0.45794001867110457
A4,KIAA1468,1
A4,KIAA1715,1
A4,KIF13B,1
A4,KIF2C,1
A4,KLF9,1
A4,KMT2B,3.8809357148926645e-6
A4,KMT2E,1
A4,KPNB1,0.3626259407742813
A4,KRAS,1
A4,KRT10,1
A4,KRT14,0.8786122512809192
A4,KRT17,4.150278062412967e-5
A4,KRT5,1
A4,KRT8,3.8809357148926645e-6
A4,KRT86,1
A4,LAMB2,0.21580848524976398
A4,LAMTOR2,0.008475011867244165
A4,LANCL1,1
A4,LARP1B,1
A4,LARP7,1
A4,LCK,1
A4,LCP1,0.6435280181550629
A4,LGALS1,4.5876852514687897e-4
A4,LIMCH1,0.45490818188343063
A4,LIMK1,7.959093616313127e-7
A4,LINC00176,1
A4,LINGO1,1
A4,LLGL1,1
A4,LMF1,0.012945524477336124
A4,LMNA,3.4575598993104853e-16
A4,LRRC8A,1
A4,LRWD1,1
A4,LST1,1
A4,LTB4R,1
A4,LTBP3,6.917957213663894e-5
A4,LTF,1
A4,LUC7L,1
A4,LUC7L3,1
A4,LUM,1
A4,LYL1,1
A4,MAGEF1,0.38557857123027556
A4,MAGI1,1
A4,MAGOHB,1
A4,MAP1S,0.20785111348979965
A4,MAP3K14,1
A4,MAP3K6,1
A4,MAP4K2,1
A4,MAPK9,1
A4,MAPKAPK5,1
A4,MAPT,1
A4,MARS,0.06281258935082001
A4,MAVS,1
A4,MCTS1,1
A4,MDM2,1
A4,MED13L,1
A4,MED25,0.0031529453693039536
A4,MELK,1
A4,MEN1,1
A4,METTL12,0.23173133918195252
A4,METTL16,1
A4,MFAP4,1
A4,MFSD3,1
A4,MFSD7,1
A4,MGMT,0.017554116340987632
A4,MGP,8.223321488303703e-10
A4,MIA,1
A4,MIB2,1
A4,MICAL1,1
A4,MICALL2,1
A4,MID1IP1,0.0029820234962936584
A4,MIF,4.163998165245394e-6
A4,MIIP,1
A4,MKI67,1
A4,MKNK1,1
A4,MLLT4,1
A4,MLPH,0.00803978507141569
A4,MLST8,4.198400008726367e-8
A4,MMP11,0.9036625548107733
A4,MMP9,0.08212933754633667
A4,MORC2,1
A4,MPND,1
A4,MPST,6.384157366999698e-5
A4,MRPL2,1
A4,MRPL21,1
A4,MRPL23,0.25145410054100226
A4,MRPL51,0.3437881231455364
A4,MRPL54,1.1273273785676927e-4
A4,MRPS22,1
A4,MS4A6A,1
A4,MST1R,1
A4,MTG2,0.07578553657689857
A4,MTMR12,1
A4,MUC1,3.6576370630030847e-6
A4,MUCL1,1.0489002328228456e-9
A4,MUS81,1
A4,MVP,0.020913868759122746
A4,MX2,1
A4,MYBL2,1
A4,MYC,0.17742905271219706
A4,MYH10,1
A4,MYL12B,0.5558587822763045
A4,MYL6B,0.4445213709787891
A4,MYL9,0.2679852439074478
A4,MYO1G,1
A4,MYO9B,1
A4,MZT2A,0.0031371341336220286
A4,NAA10,0.009172733188853276
A4,NANS,0.8909978452748261
A4,NAT1,1
A4,NCKAP1L,1
A4,NCKAP5L,1
A4,NDC80,1
A4,NDRG1,6.803091623601332e-8
A4,NDUFA1,0.0018394440774599102
A4,NDUFA12,1
A4,NDUFB2,1
A4,NDUFB3,1
A4,NDUFB9,4.383972907440973e-12
A4,NDUFC1,1
A4,NDUFS1,1
A4,NDUFV3,0.9754637782805948
A4,NEBL,0.023618326211014822
A4,NEK7,0.9257244916483253
A4,NELFE,1
A4,NFATC4,0.138077124444366
A4,NFIC,0.16933593893071786
A4,NINJ1,4.167124380058071e-15
A4,NIT2,1
A4,NMRAL1,1.1918625245064798e-10
A4,NR1H2,0.06531207709764007
A4,NR4A1,0.37855285063487404
A4,NRP1,1
A4,NSMCE1,0.25025840347986494
A4,NTMT1,0.9715165154428794
A4,NUF2,1
A4,NUP214,1
A4,NUP93,1
A4,NXN,1
A4,OASL,1
A4,OGFRL1,1
A4,OPTN,1
A4,ORC2,1
A4,ORC6,1
A4,OSBPL8,1
A4,P4HA2,1
A4,PAF1,1
A4,PAFAH1B3,0.01707565833648969
A4,PAQR4,1
A4,PARN,1
A4,PCCB,1
A4,PCIF1,0.13201722170506386
A4,PDCD5,1
A4,PDGFRA,1
A4,PDGFRB,0.40511006879957495
A4,PER1,1
A4,PEX11G,0.4882744489680657
A4,PEX14,1
A4,PGLS,4.2111688791756955e-7
A4,PGR,1
A4,PHF11,1
A4,PHF13,1
A4,PHF21A,0.7670304571930519
A4,PHGDH,0.06281258935082001
A4,PHKB,1
A4,PIGQ,0.003260872022132197
A4,PIH1D1,1
A4,PILRA,1
A4,PIM2,1
A4,PITX1,3.6073352454535455e-9
A4,PKNOX1,0.4092602885390641
A4,PLAC9,1
A4,PLEKHO2,1
A4,PLIN2,1
A4,PLK1,0.5588225846423189
A4,PLK2,9.450086888391688e-5
A4,PLLP,1
A4,PLP2,1
A4,PLPPR2,0.006612299161774948
A4,PLSCR1,1
A4,PLTP,1
A4,PLVAP,1
A4,PLXNA1,1
A4,PLXND1,1.8808546244073314e-4
A4,PMP22,0.25164525052426695
A4,PNISR,1
A4,PNMT,4.6306691798032323e-7
A4,PNP,1
A4,PNPLA6,0.2031425762115824
A4,PODNL1,1
A4,PODXL,0.37855285063487404
A4,POLR2E,0.013794552270975263
A4,POLR2J,2.0628978002959822e-4
A4,POR,0.05654820485469508
A4,POSTN,0.24242688703885154
A4,PPHLN1,0.671013336726681
A4,PPIB,1
A4,PPIH,1
A4,PPM1G,0.013335129584201362
A4,PPP1R1A,0.12454911136318844
A4,PPP1R1B,0.007140927509117425
A4,PPP1R37,0.025997085310206735
A4,PRKAB1,1
A4,PRKCSH,2.39387402658623e-10
A4,PROSER1,1
A4,PRPF6,1
A4,PRPSAP1,1
A4,PSCA,1
A4,PSMD4,0.2232427297241879
A4,PSTPIP1,1
A4,PTGDS,1
A4,PTOV1,1.0070288909637033e-6
A4,PTP4A3,1
A4,PTPRC,1
A4,PTPRJ,1
A4,PTRF,1
A4,PTRH1,1
A4,PTTG1,1
A4,PUS3,1
A4,PWP1,1
A4,PWWP2B,0.003051585757602956
A4,PXDN,0.644890509524506
A4,PYURF,1
A4,QSOX1,0.027092016512065324
A4,R3HDM2,1
A4,RAB11FIP1,0.1152253932123401
A4,RAB3A,1
A4,RAB3GAP1,1
A4,RAB3IL1,1
A4,RABGAP1L,1
A4,RALBP1,1
A4,RALGAPA2,0.20448484781801862
A4,RAMP2,0.1016218798625112
A4,RAP1B,1
A4,RARS2,1
A4,RASA2,1
A4,RASGRP2,1
A4,RASSF3,4.3072562516963467e-4
A4,RBL1,1
A4,RBM42,0.05839557852304358
A4,RECQL4,1
A4,RECQL5,1
A4,REEP6,1
A4,RGS1,0.6940562362626687
A4,RHOB,0.0031371341336220286
A4,RIOK1,1
A4,RMND1,1
A4,RNASET2,1
A4,RND3,1
A4,RNF135,0.7792693864123043
A4,RNF170,1
A4,RRAS,1
A4,RRM2,0.2914649629687556
A4,RSL1D1,0.11207631263786116
A4,RSRP1,0.43487885839964924
A4,RUVBL1,0.14677261684735393
A4,S100A14,8.4904974603476e-7
A4,S100A9,9.721543105326038e-7
A4,SAMM50,0.31291829799090004
A4,SASH1,1
A4,SAT1,1.489455732641965e-4
A4,SCAF1,0.31168577818217397
A4,SCD,4.3324881853384296e-5
A4,SCNN1D,1
A4,SCX,1
A4,SDHB,1
A4,SEC14L2,0.2914649629687556
A4,SEC23A,0.47437179188116424
A4,SEMA3B,0.3775411199914068
A4,SEMA4B,0.3044600685255673
A4,SF3B4,0.06281258935082001
A4,SFRP1,1
A4,SFSWAP,1
A4,SGTA,4.9175797067868416e-5
A4,SH3BP5L,1
A4,SIGLEC1,0.16883599205135208
A4,SIGMAR1,1
A4,SLC16A2,1
A4,SLC16A3,0.08597296394694816
A4,SLC22A18,0.013849665709794049
A4,SLC25A24,1
A4,SLC2A1,3.743855270076224e-5
A4,SLC2A8,1
A4,SLC35A2,1
A4,SLC39A6,0.5795115739048652
A4,SLC43A1,0.7565864261615913
A4,SLC4A5,1
A4,SLC8B1,1
A4,SLC9A3R2,3.9271805701399255e-6
A4,SLC9A8,0.39283106813870594
A4,SLFN13,1
A4,SLPI,0.10060427124975675
A4,SMCHD1,1
A4,SMG9,0.007440811716115553
A4,SMYD2,1
A4,SNAPC3,0.690103727815394
A4,SNF8,1
A4,SNRPD3,1
A4,SNTA1,1
A4,SNX33,0.007268276563810598
A4,SNX8,0.16933593893071786
A4,SOD3,1
A4,SOS2,1
A4,SOX4,0.026783366138725357
A4,SP6,0.8747031161201941
A4,SPAG9,1
A4,SPARC,0.038085652522526416
A4,SPIN1,0.11758896812958776
A4,SPSB1,1
A4,SRGN,1
A4,SRPX2,1
A4,SRR,1
A4,SRRT,0.0896511387705275
A4,SRSF1,0.8909978452748261
A4,SRSF5,0.08514064365013405
A4,SSSCA1,1
A4,STAMBP,1
A4,STAT5A,1
A4,STK17A,1
A4,STK4,1
A4,STMN1,1
A4,STRN3,1
A4,STT3A,1
A4,SUGP1,0.8133384535032652
A4,SURF1,1
A4,SVIL,1
A4,SYDE1,1
A4,SYK,1
A4,TACC3,1
A4,TANC2,1
A4,TARBP1,1
A4,TAX1BP1,1
A4,TAX1BP3,1
A4,TBC1D10A,0.019340257258694416
A4,TBC1D23,0.013516372770903127
A4,TBCA,1
A4,TBXAS1,1
A4,TCEA2,1
A4,TCEA3,0.13219750757688725
A4,TCF25,1.453964334601628e-6
A4,TDRD3,1
A4,TESK1,1
A4,TESMIN,1
A4,TEX10,1
A4,TEX2,1
A4,TFF3,9.836701340246254e-11
A4,TGFBR2,1
A4,THBS1,0.28602326703992487
A4,THOC5,1
A4,THOC6,1
A4,TIGD5,1
A4,TIMP1,1.044756083935112e-6
A4,TJP3,0.02175700659432301
A4,TM7SF2,2.28455515088407e-5
A4,TMBIM6,0.3825785316369358
A4,TMEM101,1
A4,TMEM123,0.16160341131373537
A4,TMEM14B,1
A4,TMEM160,0.005793250181660993
A4,TMEM184A,1
A4,TMEM259,0.07434367932453123
A4,TMEM45B,0.16160341131373537
A4,TMEM86A,0.03420995959451392
A4,TMX1,1
A4,TNC,0.008465789919513887
A4,TNFRSF14,0.5137943624139302
A4,TNFRSF21,1
A4,TNFRSF4,1
A4,TNNT1,1
A4,TOM1L2,1
A4,TP53I3,1
A4,TPM2,0.06978892201553603
A4,TRAC,1
A4,TRAF5,1
A4,TRAP1,0.597283186037529
A4,TRAPPC4,1
A4,TRIM14,1
A4,TRIM22,1
A4,TRIM25,1
A4,TRIM47,1
A4,TSPAN33,1
A4,TSR2,1
A4,TTC31,1
A4,TTI1,1
A4,TXN2,1.3460727870295266e-4
A4,TXNDC17,1
A4,TXNRD2,5.160179922265985e-6
A4,TYMS,0.42057566956424336
A4,TYROBP,0.9284563223138338
A4,UBA52,5.07984689339274e-8
A4,UBA6,1
A4,UBAP2L,0.544094077857723
A4,UBE2C,1
A4,UBE2T,0.7188854219363816
A4,UBE2W,1
A4,UBL7,1
A4,UBR2,1
A4,UBXN1,0.5558587822763045
A4,UCK1,1
A4,UFD1L,0.6232572786897573
A4,UQCRC1,2.700115142590632e-9
A4,UXS1,0.20377372901538401
A4,UXT,0.37855285063487404
A4,VARS,0.015982535600058228
A4,VAV1,1
A4,VCAM1,1
A4,VEGFB,1
A4,VIM,0.618946353377808
A4,VPS13D,1
A4,VPS45,1
A4,VWF,1
A4,WDFY3,1
A4,WDR13,0.0016933770539439535
A4,WDR34,1.2857788706173863e-6
A4,WDR46,8.234194704624685e-8
A4,WDR73,1
A4,WDR74,1
A4,WIPF1,1
A4,XAB2,0.010722566456659368
A4,XIAP,1
A4,XPO6,0.826010836667152
A4,YIPF4,1
A4,YTHDC1,1
A4,ZDHHC12,0.04514378346492189
A4,ZFAND3,0.05684318757931294
A4,ZFP36,0.027431441003813537
A4,ZFPL1,1
A4,ZFR,0.5460232649913078
A4,ZG16B,1
A4,ZMAT5,0.04325011971191284
A4,ZMYND19,1.3512405658673594e-6
A4,ZMYND8,0.9795014119216829
A4,ZNF217,1
A4,ZNF337,1
A4,ZNF33B,1
A4,ZNF362,1
A4,ZNF524,0.40511006879957495
A4,ZNF592,1
A4,ZNF644,0.4008327128697821
A4,ZNF668,1
A4,ZNF771,0.0406004849745964
A4,ZNF787,6.1971954849057584e-6
A4,ZNF791,1
A4,ZNF83,1
A4,ZNF91,1
A4,ZNRF1,0.20448484781801862
A4,ZSWIM8,0.45538740958447466
A4,A2M,1.0702931143030183e-4
A4,AAMDC,1
A4,ABCA3,1
A4,ABCA7,1
A4,ABCF3,0.4994606808705184
A4,ABHD14A,1
A4,ABHD4,1
A4,ACAA1,1
A4,ACER3,1
A4,ACTR3B,1
A4,ADAM15,2.9412196191508855e-19
A4,ADCY3,1
A4,ADI1,0.5110460024835862
A4,AEBP1,0.035712251213310585
A4,AES,7.194173265423993e-19
A4,AGAP2,1
A4,AGO2,0.6940562362626687
A4,AGPAT2,3.1737377564036636e-4
A4,AGR2,2.780099779638356e-5
A4,AHCY,0.8393604631929998
A4,AKAP9,0.06531207709764007
A4,AKR1A1,0.010439144081498706
A4,AKT1S1,1.8331904203810975e-7
A4,ALDH16A1,1
A4,ALG3,8.696568994871319e-4
A4,ANGPTL4,1
A4,ANKLE2,1
A4,ANKRD12,1
A4,ANKRD28,1
A4,ANLN,1
A4,ANO10,0.7889913322481407
A4,AP5B1,1
A4,AP5Z1,1
A4,APBA2,1
A4,APBB2,0.9257244916483253
A4,APOBEC3G,1
A4,APOC1,0.03693125081046728
A4,AQP1,1
A4,ARF5,0.04514378346492189
A4,ARF6,0.5961331175808852
A4,ARFGEF2,1
A4,ARHGAP10,1
A4,ARHGAP4,0.986178804727242
A4,ARHGAP45,0.05048154586655026
A4,ARHGAP5,1
A4,ARHGEF10L,0.5558587822763045
A4,ARHGEF3,1
A4,ARHGEF40,1
A4,ARID1B,1
A4,ARID3A,1
A4,ARID4A,1
A4,ARID5A,1.8808546244073314e-4
A4,ARID5B,0.23997313912374374
A4,ARNT,1
A4,ASCL2,1
A4,ASH2L,1
A4,ASL,1
A4,ASMTL,1
A4,ASNA1,2.780099779638356e-5
A4,ASNS,1
A4,ATAD1,1
A4,ATF6B,0.6275316443166638
A4,ATG12,1
A4,ATG16L2,1
A4,ATL2,1
A4,ATP5H,0.31096777734096404
A4,ATP5O,0.6052075345176935
A4,ATP6AP1,0.0403586137756736
A4,ATP6V0D1,1
A4,AURKAIP1,0.0012379567609306448
A4,AVEN,1
A4,BABAM1,0.00586555121705428
A4,BAD,8.733773308116253e-9
A4,BAG1,0.6275316443166638
A4,BAIAP3,0.8387770739260744
A4,BCAM,6.022913926696161e-5
A4,BCL2,1
A4,BCL2L12,0.3261226819391568
A4,BGN,1.1072204653810784e-5
A4,BICDL1,1
A4,BIN3,1
A4,BIRC2,1
A4,BIRC5,0.2531911217725453
A4,BLVRA,1
A4,BOK,0.0020522244092344875
A4,BOLA3,0.4394327874461967
A4,BRD9,0.5015833366177243
A4,BRF1,0.36455468776148
A4,BRF2,1
A4,BRK1,0.12937848164179208
A4,BRPF1,1
A4,BSG,8.274643717422237e-14
A4,BST2,0.024911164738211658
A4,BTG1,6.044843462712332e-5
A4,C10orf10,1
A4,C10orf54,0.3775411199914068
A4,C12orf45,1
A4,C15orf61,1
A4,C19orf24,0.3437881231455364
A4,C19orf52,1
A4,C19orf60,0.001854113410996476
A4,C1QB,0.005595016222675168
A4,C1R,1
A4,C1S,1
A4,C1orf216,1
A4,C2,0.5561116832354259
A4,C2CD2L,0.4807042816148041
A4,C3,0.00377747917900806
A4,C4orf48,9.413876176279346e-6
A4,C5orf38,0.0262238439378145
A4,C6orf136,1
A4,C6orf48,0.5588225846423189
A4,CADM4,5.8262688214686715e-5
A4,CALML5,3.018659287024813e-5
A4,CAMTA2,1
A4,CAPG,1
A4,CARS2,1
A4,CBLC,0.9399062905662935
A4,CCDC106,1
A4,CCDC167,1
A4,CCDC57,0.5546496147971368
A4,CCDC80,1
A4,CCDC88B,1
A4,CCL2,1
A4,CCL21,1
A4,CCM2,0.10322567243261124
A4,CCNB1,0.09572660419761353
A4,CCNB1IP1,0.14756833640905292
A4,CCNE1,1
A4,CCNE2,1
A4,CCS,1
A4,CCT4,1
A4,CD14,0.29300201096186723
A4,CD320,3.2428523125091816e-4
A4,CD3D,1
A4,CD4,1
A4,CD52,0.6990285334891241
A4,CD68,0.37855285063487404
A4,CD74,0.07856090109535745
A4,CD79A,1
A4,CDC20,2.918860174783331e-4
A4,CDC6,1
A4,CDH11,1
A4,CDH3,0.9944397876544798
A4,CDK5RAP1,1
A4,CENPF,1
A4,CEP250,1
A4,CEP55,1
A4,CERCAM,1
A4,CERS5,0.012499516495546833
A4,CES2,1
A4,CFAP36,1
A4,CFDP1,1
A4,CGGBP1,1
A4,CHCHD6,1
A4,CHD1,1
A4,CHD6,1
A4,CHFR,1
A4,CHST11,0.6095028598964536
A4,CIR1,1
A4,CLASRP,0.01014754499048466
A4,CLDN3,1.6218749634627909e-6
A4,CLDN4,3.6073352454535455e-9
A4,CLU,0.007876610601998048
A4,CNN2,4.291033206381179e-6
A4,COL14A1,1
A4,COL3A1,0.6515004543190372
A4,COL4A1,0.03034357693981429
A4,COL6A2,0.005793250181660993
A4,COL8A2,1
A4,COMMD1,0.2603823142981856
A4,COMP,4.3636485156531204e-4
A4,COPS7A,1
A4,COQ4,0.9468014904504635
A4,CORO1A,1
A4,CORO1B,1.7308112420428994e-6
A4,CORO2A,1
A4,CORO7,0.06281258935082001
A4,COX5A,0.9036625548107733
A4,CPNE1,0.0035961237987443113
A4,CPSF1,1
A4,CPVL,1
A4,CRABP2,2.8792174602062638e-8
A4,CRACR2B,1.7236132798485877e-12
A4,CRELD2,1
A4,CROCC,1
A4,CSF1,1
A4,CSF1R,1
A4,CTDSPL,1
A4,CTIF,0.3775411199914068
A4,CTSK,0.671013336726681
A4,CTU2,1
A4,CUTC,1
A4,CUX1,1
A4,CX3CL1,2.020687858322087e-4
A4,CXCL10,1
A4,CXXC5,1.6892274347226733e-6
A4,CYP27A1,1
A4,DAPK3,0.011951761081494539
A4,DCAF6,0.15661755600831015
A4,DCXR,0.04514378346492189
A4,DDAH1,1
A4,DDB2,1
A4,DDIT3,0.4144935925455256
A4,DDRGK1,1
A4,DDT,0.004441005537238118
A4,DEAF1,1
A4,DENND1A,1
A4,DERL3,1
A4,DESI1,1
A4,DHX16,1
A4,DLG1,1
A4,DMAP1,0.028267925650948197
A4,DNAJB2,0.00454503633110115
A4,DNAJC1,0.3241836634580671
A4,DNAJC7,6.1971954849057584e-6
A4,DOCK6,1
A4,DPH3,1
A4,DPM2,0.05654820485469508
A4,DPP7,0.12179606940030646
A4,DPP9,1
A4,DPYSL3,0.0896511387705275
A4,DVL1,0.047162066201858116
A4,EBAG9,1
A4,ECHDC2,1
A4,ECM1,0.0016933770539439535
A4,EFEMP2,1
A4,EFHD2,6.748144062515774e-5
A4,EGFR,1
A4,EIF1AD,1
A4,EIF3B,8.31522753006121e-18
A4,EIF3F,1
A4,EIF3G,1
A4,ELN,1
A4,ELOF1,0.0406004849745964
A4,EMC3,0.4617909139100871
A4,ENPP1,0.012043370583169078
A4,EPHB3,0.004870775063048297
A4,ERAL1,1.746141188843352e-4
A4,ERBB2,8.274643717422237e-14
A4,ERI3,0.005216644015525687
A4,ERMP1,1
A4,ESR1,0.16005268377015436
A4,ETFB,0.16933593893071786
A4,EVA1B,0.1491700511836295
A4,EXD3,0.4882744489680657
A4,EXO1,1
A4,EXOC5,1
A4,EXOSC1,1
A4,EXOSC10,0.4617909139100871
A4,EXOSC2,1
A4,EZH2,1
A4,FAAH,0.009532168346144601
A4,FADS2,1
A4,FAH,0.04807503849306685
A4,FAIM2,0.07115378475152878
A4,FAM102A,0.5804528293203106
A4,FAM117A,0.6895821741727441
A4,FAM118A,1
A4,FAM160B1,1
A4,FAM173A,0.002228663405773487
A4,FAM193B,1
A4,FAM213B,1
A4,FAM3A,3.120634810259461e-6
A4,FAM45A,1
A4,FAP,1
A4,FARP1,0.5384754204757418
A4,FARSB,1
A4,FASN,1.0184999355761505e-7
A4,FBF1,1
A4,FBLN2,0.3043506262891617
A4,FCER1G,1
A4,FDPS,0.12505232004498287
A4,FGFR1,0.5392431390253385
A4,FGFR4,0.03262702822675853
A4,FKBP10,1
A4,FKBP8,1.6892274347226733e-6
A4,FLNA,7.813973785844776e-6
A4,FN1,0.011600230331966083
A4,FNBP4,1
A4,FOXA1,1
A4,FOXC1,0.728777392682558
A4,FOXP4,2.1120956892365303e-5
A4,FSTL1,1
A4,FSTL3,0.009095072475787894
A4,FUOM,1
A4,FUS,0.5300587448814125
A4,FZD2,0.6050251122372552
A4,GALK1,1
A4,GANAB,2.6338534311359847e-5
A4,GAR1,1
A4,GAS6,1
A4,GATA3,1.3460727870295266e-4
A4,GATC,1
A4,GBP1,1
A4,GBP2,1
A4,GBP3,1
A4,GBP4,1
A4,GBP5,1
A4,GEMIN4,1
A4,GLCCI1,0.6621267587995748
A4,GLG1,1
A4,GLTSCR2,0.5472609913984197
A4,GMFG,1
A4,GMPPA,1
A4,GNAI2,5.803477127644376e-5
A4,GNAS,0.27178344968396984
A4,GNL2,1
A4,GPR108,0.5498469660329823
A4,GPR160,1
A4,GPRC5A,1.0267377609580688e-6
A4,GPS1,1.8793509368288676e-8
A4,GPSM1,1
A4,GPX3,0.32801718410103736
A4,GRB7,5.058430277816508e-13
A4,GRK3,1
A4,GSK3A,2.0090548834529313e-5
A4,GSTM3,0.4882120761044409
A4,GYPC,0.6069898628148671
A4,HAGHL,3.119365337986846e-11
A4,HCFC1R1,3.8809357148926645e-6
A4,HCST,1
A4,HDAC5,0.010060373409303406
A4,HDAC6,1
A4,HELZ2,1
A4,HES1,1
A4,HLA-B,0.07668274151865181
A4,HLA-DMA,1
A4,HLA-DMB,1
A4,HLA-DOA,1
A4,HLA-DPA1,0.039233226896773325
A4,HLA-DPB1,1
A4,HLA-DRA,0.13201722170506386
A4,HLA-DRB1,1
A4,HMGB2,0.11882823294896655
A4,HNRNPUL2,9.721543105326038e-7
A4,HOOK3,1
A4,HPS6,1
A4,HSD17B1,1
A4,HSPA4,0.021131757120674787
A4,HSPB1,1.0093877611388624e-5
A4,HSPB11,1
A4,HYI,1.214023266675962e-11
A4,IDH3G,1
A4,IDUA,1
A4,IER5L,0.012325268570411328
A4,IFI27,0.18506347487605074
A4,IFI27L1,1
A4,IFI44L,1
A4,IGFBP2,3.006643839723792e-8
A4,IGFBP4,0.0026715894657187425
A4,IGHA1,2.2181308336351812e-5
A4,IGHG3,1
A4,IGHG4,1
A4,IGHM,0.9350972134293646
A4,IGKC,0.01021255961090206
A4,IGLC2,0.4008327128697821
A4,IGLC3,1
A4,IGLC7,1
A4,IKZF3,1
A4,IL10RA,0.8421193309166682
A4,ILKAP,1
A4,INAFM1,0.8083122293422795
A4,INPP4B,1
A4,INPP5D,1
A4,INPP5J,0.7997029054979543
A4,INTS8,1
A4,ISG15,0.20518808287166354
A4,ISLR,1
A4,ITGA5,0.05684318757931294
A4,ITGB4,0.005163515661328816
A4,ITGB6,0.06281258935082001
A4,ITSN1,1
A4,JAG2,1
A4,JAK1,1
A4,JAK3,1
A4,JCHAIN,1
A4,JMJD6,0.5110460024835862
A4,KAT6B,1
A4,KATNA1,1
A4,KCNAB2,1
A4,KCTD10,1
A4,KDM4B,0.5561116832354259
A4,KIAA0895L,1
A4,KIAA1211L,1
A4,KIAA1217,0.45794001867110457
A4,KIAA1468,1
A4,KIAA1715,1
A4,KIF13B,1
A4,KIF2C,1
A4,KLF9,1
A4,KMT2B,3.8809357148926645e-6
A4,KMT2E,1
A4,KPNB1,0.3626259407742813
A4,KRAS,1
A4,KRT10,1
A4,KRT14,0.8786122512809192
A4,KRT17,4.150278062412967e-5
A4,KRT5,1
A4,KRT8,3.8809357148926645e-6
A4,KRT86,1
A4,LAMB2,0.21580848524976398
A4,LAMTOR2,0.008475011867244165
A4,LANCL1,1
A4,LARP1B,1
A4,LARP7,1
A4,LCK,1
A4,LCP1,0.6435280181550629
A4,LGALS1,4.5876852514687897e-4
A4,LIMCH1,0.45490818188343063
A4,LIMK1,7.959093616313127e-7
A4,LINC00176,1
A4,LINGO1,1
A4,LLGL1,1
A4,LMF1,0.012945524477336124
A4,LMNA,3.4575598993104853e-16
A4,LRRC8A,1
A4,LRWD1,1
A4,LST1,1
A4,LTB4R,1
A4,LTBP3,6.917957213663894e-5
A4,LTF,1
A4,LUC7L,1
A4,LUC7L3,1
A4,LUM,1
A4,LYL1,1
A4,MAGEF1,0.38557857123027556
A4,MAGI1,1
A4,MAGOHB,1
A4,MAP1S,0.20785111348979965
A4,MAP3K14,1
A4,MAP3K6,1
A4,MAP4K2,1
A4,MAPK9,1
A4,MAPKAPK5,1
A4,MAPT,1
A4,MARS,0.06281258935082001
A4,MAVS,1
A4,MCTS1,1
A4,MDM2,1
A4,MED13L,1
A4,MED25,0.0031529453693039536
A4,MELK,1
A4,MEN1,1
A4,METTL12,0.23173133918195252
A4,METTL16,1
A4,MFAP4,1
A4,MFSD3,1
A4,MFSD7,1
A4,MGMT,0.017554116340987632
A4,MGP,8.223321488303703e-10
A4,MIA,1
A4,MIB2,1
A4,MICAL1,1
A4,MICALL2,1
A4,MID1IP1,0.0029820234962936584
A4,MIF,4.163998165245394e-6
A4,MIIP,1
A4,MKI67,1
A4,MKNK1,1
A4,MLLT4,1
A4,MLPH,0.00803978507141569
A4,MLST8,4.198400008726367e-8
A4,MMP11,0.9036625548107733
A4,MMP9,0.08212933754633667
A4,MORC2,1
A4,MPND,1
A4,MPST,6.384157366999698e-5
A4,MRPL2,1
A4,MRPL21,1
A4,MRPL23,0.25145410054100226
A4,MRPL51,0.3437881231455364
A4,MRPL54,1.1273273785676927e-4
A4,MRPS22,1
A4,MS4A6A,1
A4,MST1R,1
A4,MTG2,0.07578553657689857
A4,MTMR12,1
A4,MUC1,3.6576370630030847e-6
A4,MUCL1,1.0489002328228456e-9
A4,MUS81,1
A4,MVP,0.020913868759122746
A4,MX2,1
A4,MYBL2,1
A4,MYC,0.17742905271219706
A4,MYH10,1
A4,MYL12B,0.5558587822763045
A4,MYL6B,0.4445213709787891
A4,MYL9,0.2679852439074478
A4,MYO1G,1
A4,MYO9B,1
A4,MZT2A,0.0031371341336220286
A4,NAA10,0.009172733188853276
A4,NANS,0.8909978452748261
A4,NAT1,1
A4,NCKAP1L,1
A4,NCKAP5L,1
A4,NDC80,1
A4,NDRG1,6.803091623601332e-8
A4,NDUFA1,0.0018394440774599102
A4,NDUFA12,1
A4,NDUFB2,1
A4,NDUFB3,1
A4,NDUFB9,4.383972907440973e-12
A4,NDUFC1,1
A4,NDUFS1,1
A4,NDUFV3,0.9754637782805948
A4,NEBL,0.023618326211014822
A4,NEK7,0.9257244916483253
A4,NELFE,1
A4,NFATC4,0.138077124444366
A4,NFIC,0.16933593893071786
A4,NINJ1,4.167124380058071e-15
A4,NIT2,1
A4,NMRAL1,1.1918625245064798e-10
A4,NR1H2,0.06531207709764007
A4,NR4A1,0.37855285063487404
A4,NRP1,1
A4,NSMCE1,0.25025840347986494
A4,NTMT1,0.9715165154428794
A4,NUF2,1
A4,NUP214,1
A4,NUP93,1
A4,NXN,1
A4,OASL,1
A4,OGFRL1,1
A4,OPTN,1
A4,ORC2,1
A4,ORC6,1
A4,OSBPL8,1
A4,P4HA2,1
A4,PAF1,1
A4,PAFAH1B3,0.01707565833648969
A4,PAQR4,1
A4,PARN,1
A4,PCCB,1
A4,PCIF1,0.13201722170506386
A4,PDCD5,1
A4,PDGFRA,1
A4,PDGFRB,0.40511006879957495
A4,PER1,1
A4,PEX11G,0.4882744489680657
A4,PEX14,1
A4,PGLS,4.2111688791756955e-7
A4,PGR,1
A4,PHF11,1
A4,PHF13,1
A4,PHF21A,0.7670304571930519
A4,PHGDH,0.06281258935082001
A4,PHKB,1
A4,PIGQ,0.003260872022132197
A4,PIH1D1,1
A4,PILRA,1
A4,PIM2,1
A4,PITX1,3.6073352454535455e-9
A4,PKNOX1,0.4092602885390641
A4,PLAC9,1
A4,PLEKHO2,1
A4,PLIN2,1
A4,PLK1,0.5588225846423189
A4,PLK2,9.450086888391688e-5
A4,PLLP,1
A4,PLP2,1
A4,PLPPR2,0.006612299161774948
A4,PLSCR1,1
A4,PLTP,1
A4,PLVAP,1
A4,PLXNA1,1
A4,PLXND1,1.8808546244073314e-4
A4,PMP22,0.25164525052426695
A4,PNISR,1
A4,PNMT,4.6306691798032323e-7
A4,PNP,1
A4,PNPLA6,0.2031425762115824
A4,PODNL1,1
A4,PODXL,0.37855285063487404
A4,POLR2E,0.013794552270975263
A4,POLR2J,2.0628978002959822e-4
A4,POR,0.05654820485469508
A4,POSTN,0.24242688703885154
A4,PPHLN1,0.671013336726681
A4,PPIB,1
A4,PPIH,1
A4,PPM1G,0.013335129584201362
A4,PPP1R1A,0.12454911136318844
A4,PPP1R1B,0.007140927509117425
A4,PPP1R37,0.025997085310206735
A4,PRKAB1,1
A4,PRKCSH,2.39387402658623e-10
A4,PROSER1,1
A4,PRPF6,1
A4,PRPSAP1,1
A4,PSCA,1
A4,PSMD4,0.2232427297241879
A4,PSTPIP1,1
A4,PTGDS,1
A4,PTOV1,1.0070288909637033e-6
A4,PTP4A3,1
A4,PTPRC,1
A4,PTPRJ,1
A4,PTRF,1
A4,PTRH1,1
A4,PTTG1,1
A4,PUS3,1
A4,PWP1,1
A4,PWWP2B,0.003051585757602956
A4,PXDN,0.644890509524506
A4,PYURF,1
A4,QSOX1,0.027092016512065324
A4,R3HDM2,1
A4,RAB11FIP1,0.1152253932123401
A4,RAB3A,1
A4,RAB3GAP1,1
A4,RAB3IL1,1
A4,RABGAP1L,1
A4,RALBP1,1
A4,RALGAPA2,0.20448484781801862
A4,RAMP2,0.1016218798625112
A4,RAP1B,1
A4,RARS2,1
A4,RASA2,1
A4,RASGRP2,1
A4,RASSF3,4.3072562516963467e-4
A4,RBL1,1
A4,RBM42,0.05839557852304358
A4,RECQL4,1
A4,RECQL5,1
A4,REEP6,1
A4,RGS1,0.6940562362626687
A4,RHOB,0.0031371341336220286
A4,RIOK1,1
A4,RMND1,1
A4,RNASET2,1
A4,RND3,1
A4,RNF135,0.7792693864123043
A4,RNF170,1
A4,RRAS,1
A4,RRM2,0.2914649629687556
A4,RSL1D1,0.11207631263786116
A4,RSRP1,0.43487885839964924
A4,RUVBL1,0.14677261684735393
A4,S100A14,8.4904974603476e-7
A4,S100A9,9.721543105326038e-7
A4,SAMM50,0.31291829799090004
A4,SASH1,1
A4,SAT1,1.489455732641965e-4
A4,SCAF1,0.31168577818217397
A4,SCD,4.3324881853384296e-5
A4,SCNN1D,1
A4,SCX,1
A4,SDHB,1
A4,SEC14L2,0.2914649629687556
A4,SEC23A,0.47437179188116424
A4,SEMA3B,0.3775411199914068
A4,SEMA4B,0.3044600685255673
A4,SF3B4,0.06281258935082001
A4,SFRP1,1
A4,SFSWAP,1
A4,SGTA,4.9175797067868416e-5
A4,SH3BP5L,1
A4,SIGLEC1,0.16883599205135208
A4,SIGMAR1,1
A4,SLC16A2,1
A4,SLC16A3,0.08597296394694816
A4,SLC22A18,0.013849665709794049
A4,SLC25A24,1
A4,SLC2A1,3.743855270076224e-5
A4,SLC2A8,1
A4,SLC35A2,1
A4,SLC39A6,0.5795115739048652
A4,SLC43A1,0.7565864261615913
A4,SLC4A5,1
A4,SLC8B1,1
A4,SLC9A3R2,3.9271805701399255e-6
A4,SLC9A8,0.39283106813870594
A4,SLFN13,1
A4,SLPI,0.10060427124975675
A4,SMCHD1,1
A4,SMG9,0.007440811716115553
A4,SMYD2,1
A4,SNAPC3,0.690103727815394
A4,SNF8,1
A4,SNRPD3,1
A4,SNTA1,1
A4,SNX33,0.007268276563810598
A4,SNX8,0.16933593893071786
A4,SOD3,1
A4,SOS2,1
A4,SOX4,0.026783366138725357
A4,SP6,0.8747031161201941
A4,SPAG9,1
A4,SPARC,0.038085652522526416
A4,SPIN1,0.11758896812958776
A4,SPSB1,1
A4,SRGN,1
A4,SRPX2,1
A4,SRR,1
A4,SRRT,0.0896511387705275
A4,SRSF1,0.8909978452748261
A4,SRSF5,0.08514064365013405
A4,SSSCA1,1
A4,STAMBP,1
A4,STAT5A,1
A4,STK17A,1
A4,STK4,1
A4,STMN1,1
A4,STRN3,1
A4,STT3A,1
A4,SUGP1,0.8133384535032652
A4,SURF1,1
A4,SVIL,1
A4,SYDE1,1
A4,SYK,1
A4,TACC3,1
A4,TANC2,1
A4,TARBP1,1
A4,TAX1BP1,1
A4,TAX1BP3,1
A4,TBC1D10A,0.019340257258694416
A4,TBC1D23,0.013516372770903127
A4,TBCA,1
A4,TBXAS1,1
A4,TCEA2,1
A4,TCEA3,0.13219750757688725
A4,TCF25,1.453964334601628e-6
A4,TDRD3,1
A4,TESK1,1
A4,TESMIN,1
A4,TEX10,1
A4,TEX2,1
A4,TFF3,9.836701340246254e-11
A4,TGFBR2,1
A4,THBS1,0.28602326703992487
A4,THOC5,1
A4,THOC6,1
A4,TIGD5,1
A4,TIMP1,1.044756083935112e-6
A4,TJP3,0.02175700659432301
A4,TM7SF2,2.28455515088407e-5
A4,TMBIM6,0.3825785316369358
A4,TMEM101,1
A4,TMEM123,0.16160341131373537
A4,TMEM14B,1
A4,TMEM160,0.005793250181660993
A4,TMEM184A,1
A4,TMEM259,0.07434367932453123
A4,TMEM45B,0.16160341131373537
A4,TMEM86A,0.03420995959451392
A4,TMX1,1
A4,TNC,0.008465789919513887
A4,TNFRSF14,0.5137943624139302
A4,TNFRSF21,1
A4,TNFRSF4,1
A4,TNNT1,1
A4,TOM1L2,1
A4,TP53I3,1
A4,TPM2,0.06978892201553603
A4,TRAC,1
A4,TRAF5,1
A4,TRAP1,0.597283186037529
A4,TRAPPC4,1
A4,TRIM14,1
A4,TRIM22,1
A4,TRIM25,1
A4,TRIM47,1
A4,TSPAN33,1
A4,TSR2,1
A4,TTC31,1
A4,TTI1,1
A4,TXN2,1.3460727870295266e-4
A4,TXNDC17,1
A4,TXNRD2,5.160179922265985e-6
A4,TYMS,0.42057566956424336
A4,TYROBP,0.9284563223138338
A4,UBA52,5.07984689339274e-8
A4,UBA6,1
A4,UBAP2L,0.544094077857723
A4,UBE2C,1
A4,UBE2T,0.7188854219363816
A4,UBE2W,1
A4,UBL7,1
A4,UBR2,1
A4,UBXN1,0.5558587822763045
A4,UCK1,1
A4,UFD1L,0.6232572786897573
A4,UQCRC1,2.700115142590632e-9
A4,UXS1,0.20377372901538401
A4,UXT,0.37855285063487404
A4,VARS,0.015982535600058228
A4,VAV1,1
A4,VCAM1,1
A4,VEGFB,1
A4,VIM,0.618946353377808
A4,VPS13D,1
A4,VPS45,1
A4,VWF,1
A4,WDFY3,1
A4,WDR13,0.0016933770539439535
A4,WDR34,1.2857788706173863e-6
A4,WDR46,8.234194704624685e-8
A4,WDR73,1
A4,WDR74,1
A4,WIPF1,1
A4,XAB2,0.010722566456659368
A4,XIAP,1
A4,XPO6,0.826010836667152
A4,YIPF4,1
A4,YTHDC1,1
A4,ZDHHC12,0.04514378346492189
A4,ZFAND3,0.05684318757931294
A4,ZFP36,0.027431441003813537
A4,ZFPL1,1
A4,ZFR,0.5460232649913078
A4,ZG16B,1
A4,ZMAT5,0.04325011971191284
A4,ZMYND19,1.3512405658673594e-6
A4,ZMYND8,0.9795014119216829
A4,ZNF217,1
A4,ZNF337,1
A4,ZNF33B,1
A4,ZNF362,1
A4,ZNF524,0.40511006879957495
A4,ZNF592,1
A4,ZNF644,0.4008327128697821
A4,ZNF668,1
A4,ZNF771,0.0406004849745964
A4,ZNF787,6.1971954849057584e-6
A4,ZNF791,1
A4,ZNF83,1
A4,ZNF91,1
A4,ZNRF1,0.20448484781801862
A4,ZSWIM8,0.45538740958447466
A5,A2M,3.093472665736846e-6
A5,AAMDC,1
A5,ABCA3,1
A5,ABCA7,1
A5,ABCF3,0.31999240123798633
A5,ABHD14A,1
A5,ABHD4,1
A5,ACAA1,1
A5,ACER3,1
A5,ACTR3B,1
A5,ADAM15,8.149647984365602e-21
A5,ADCY3,1
A5,ADI1,1.2901378795235106e-6
A5,AEBP1,1
A5,AES,3.648319109692204e-12
A5,AGAP2,0.989151765033827
A5,AGO2,1
A5,AGPAT2,0.04437918602406889
A5,AGR2,0.0037724239140659132
A5,AHCY,1
A5,AKAP9,1
A5,AKR1A1,1
A5,AKT1S1,3.547288734346882e-10
A5,ALDH16A1,1
A5,ALG3,0.2062449853782696
A5,ANGPTL4,1
A5,ANKLE2,1
A5,ANKRD12,1
A5,ANKRD28,0.5611482008372054
A5,ANLN,1
A5,ANO10,1
A5,AP5B1,1
A5,AP5Z1,1
A5,APBA2,1
A5,APBB2,1
A5,APOBEC3G,1
A5,APOC1,0.5374561221854133
A5,AQP1,1
A5,ARF5,1
A5,ARF6,1
A5,ARFGEF2,1
A5,ARHGAP10,1
A5,ARHGAP4,1
A5,ARHGAP45,1
A5,ARHGAP5,1
A5,ARHGEF10L,1
A5,ARHGEF3,0.31438216579693834
A5,ARHGEF40,1
A5,ARID1B,1
A5,ARID3A,1
A5,ARID4A,1
A5,ARID5A,1
A5,ARID5B,0.49661185841143035
A5,ARNT,1
A5,ASCL2,1
A5,ASH2L,1
A5,ASL,1
A5,ASMTL,1
A5,ASNA1,9.61043369328688e-5
A5,ASNS,0.664533581647543
A5,ATAD1,0.5615253985275547
A5,ATF6B,0.10720796603772845
A5,ATG12,0.34195442221705724
A5,ATG16L2,1
A5,ATL2,1
A5,ATP5H,1
A5,ATP5O,1
A5,ATP6AP1,7.300285157753777e-15
A5,ATP6V0D1,1
A5,AURKAIP1,0.01711731799960183
A5,AVEN,1
A5,BABAM1,1
A5,BAD,8.533392884849019e-10
A5,BAG1,1
A5,BAIAP3,1
A5,BCAM,1
A5,BCL2,1
A5,BCL2L12,1
A5,BGN,0.49661185841143035
A5,BICDL1,1
A5,BIN3,1
A5,BIRC2,1
A5,BIRC5,0.5215903330047352
A5,BLVRA,1
A5,BOK,0.028361951461635716
A5,BOLA3,1
A5,BRD9,1
A5,BRF1,1
A5,BRF2,1
A5,BRK1,1
A5,BRPF1,1
A5,BSG,1.4469166235455718e-9
A5,BST2,0.004216218683214773
A5,BTG1,1
A5,C10orf10,1
A5,C10orf54,0.19272942921895198
A5,C12orf45,1
A5,C15orf61,1
A5,C19orf24,1
A5,C19orf52,1
A5,C19orf60,0.1615591557434789
A5,C1QB,7.768246911387843e-6
A5,C1R,1
A5,C1S,0.4340430119470523
A5,C1orf216,1
A5,C2,1
A5,C2CD2L,0.9577241354021078
A5,C3,0.011506861064566797
A5,C4orf48,0.0060848059030604576
A5,C5orf38,1
A5,C6orf136,1
A5,C6orf48,1
A5,CADM4,8.158874160529886e-7
A5,CALML5,2.473847232745752e-9
A5,CAMTA2,0.27573061153458855
A5,CAPG,1
A5,CARS2,1
A5,CBLC,0.2891595562533057
A5,CCDC106,1
A5,CCDC167,0.02489724395093743
A5,CCDC57,0.763498956385633
A5,CCDC80,0.6337883612074754
A5,CCDC88B,1
A5,CCL19,1
A5,CCL2,0.1283426426959592
A5,CCL21,1
A5,CCM2,0.3272969322808238
A5,CCNB1,1
A5,CCNB1IP1,1
A5,CCNE1,1
A5,CCNE2,0.31352693511378965
A5,CCS,1
A5,CCT4,0.015495072997609412
A5,CD14,0.44122687023981794
A5,CD320,6.437584618494941e-11
A5,CD3D,1
A5,CD4,1
A5,CD52,0.5032943587691954
A5,CD68,1
A5,CD74,1.663002339857719e-4
A5,CD79A,1
A5,CDC20,0.01767589307056428
A5,CDC6,1
A5,CDH11,1
A5,CDH3,1
A5,CDK5RAP1,1
A5,CENPF,1
A5,CEP250,1
A5,CEP55,1
A5,CERCAM,1
A5,CERS5,0.2062449853782696
A5,CES2,1
A5,CFAP36,1
A5,CFDP1,1
A5,CGGBP1,1
A5,CHCHD6,1
A5,CHD1,0.4775719614938434
A5,CHD6,1
A5,CHFR,1
A5,CHST11,1
A5,CIR1,1
A5,CLASRP,1
A5,CLDN3,5.0719289441035684e-8
A5,CLDN4,0.01803309989986855
A5,CLU,1
A5,CNN2,3.0131704298848995e-5
A5,COL14A1,0.1745371537015897
A5,COL3A1,1
A5,COL4A1,0.2119075537926766
A5,COL6A2,0.6337883612074754
A5,COL8A2,1
A5,COMMD1,1
A5,COMP,4.428834546908281e-5
A5,COPS7A,1
A5,COQ4,1
A5,CORO1A,1
A5,CORO1B,0.00550182198635404
A5,CORO2A,1
A5,CORO7,0.8298344125075547
A5,COX5A,1
A5,CPNE1,1
A5,CPSF1,1
A5,CPVL,1
A5,CRABP2,2.612780213597169e-8
A5,CRACR2B,2.2655296289557184e-12
A5,CRELD2,1
A5,CROCC,1
A5,CSF1,1
A5,CSF1R,1
A5,CTDSPL,0.8103224526837771
A5,CTIF,0.6723754300422434
A5,CTSK,1
A5,CTU2,1
A5,CUTC,1
A5,CUX1,1
A5,CX3CL1,4.416394594353639e-6
A5,CXCL10,1
A5,CXXC5,0.05699301455962998
A5,CYP27A1,1
A5,DAPK3,0.10280251734059369
A5,DCAF6,1
A5,DCXR,0.3625242002119644
A5,DDAH1,1
A5,DDB2,1
A5,DDIT3,1
A5,DDRGK1,0.06803159696849373
A5,DDT,0.08246893855946855
A5,DEAF1,1
A5,DENND1A,1
A5,DERL3,1
A5,DESI1,0.2776362790606558
A5,DHX16,1
A5,DLG1,1
A5,DMAP1,1
A5,DNAJB2,0.01348081632821694
A5,DNAJC1,1
A5,DNAJC7,1.3868054748170276e-4
A5,DOCK6,0.3943881996713344
A5,DPH3,1
A5,DPM2,0.17805565962490041
A5,DPP7,0.03805083904545687
A5,DPP9,1
A5,DPYSL3,1
A5,DVL1,1
A5,EBAG9,1
A5,ECHDC2,1
A5,ECM1,1
A5,EFEMP2,1
A5,EFHD2,1
A5,EGFR,1
A5,EIF1AD,1
A5,EIF3B,5.75922287017938e-16
A5,EIF3F,1
A5,EIF3G,1
A5,ELN,1
A5,ELOF1,0.06803159696849373
A5,EMC3,1
A5,ENPP1,0.0044030820300433576
A5,EPHB3,1
A5,ERAL1,0.0036202564727724844
A5,ERBB2,1.9364155274520164e-12
A5,ERI3,1
A5,ERMP1,1
A5,ESR1,0.038253497074063704
A5,ETFB,1.2976790433243657e-11
A5,EVA1B,0.09967581085205025
A5,EXD3,0.5337330489160164
A5,EXO1,0.8469094431569634
A5,EXOC5,1
A5,EXOSC1,1
A5,EXOSC10,1
A5,EXOSC2,1
A5,EZH2,1
A5,FAAH,1
A5,FADS2,1
A5,FAH,0.6113427331238585
A5,FAIM2,1
A5,FAM102A,1
A5,FAM117A,1
A5,FAM118A,1
A5,FAM160B1,1
A5,FAM173A,1.0866639149645673e-4
A5,FAM193B,1
A5,FAM213B,1
A5,FAM3A,0.49661185841143035
A5,FAM45A,1
A5,FAP,1
A5,FARP1,1
A5,FARSB,1
A5,FASN,1.0754256770557714e-6
A5,FBF1,1
A5,FBLN2,0.4623317166839548
A5,FCER1G,1
A5,FDPS,0.6501772353391632
A5,FGFR1,1
A5,FGFR4,1
A5,FKBP10,0.23178886513764901
A5,FKBP8,0.06426766194767038
A5,FLNA,0.002206395967001773
A5,FN1,0.1381495680714546
A5,FNBP4,0.13962473172010992
A5,FOXA1,1
A5,FOXC1,1
A5,FOXP4,0.053161340002858944
A5,FSTL1,1
A5,FSTL3,0.028361951461635716
A5,FUOM,1
A5,FUS,1
A5,FZD2,0.9185795124950337
A5,GALK1,0.015930035552569694
A5,GANAB,1
A5,GAR1,1
A5,GAS6,0.4775719614938434
A5,GATA3,9.61043369328688e-5
A5,GATC,0.49661185841143035
A5,GBP1,0.01790049594182906
A5,GBP2,1
A5,GBP3,0.8046164042288972
A5,GBP4,0.8410891930227837
A5,GBP5,1
A5,GEMIN4,1
A5,GLCCI1,1
A5,GLG1,0.9174818118923451
A5,GLTSCR2,1
A5,GMFG,1
A5,GMPPA,1
A5,GNAI2,0.02489724395093743
A5,GNAS,1.6250504992476132e-6
A5,GNL2,1
A5,GPR108,1
A5,GPR160,1
A5,GPRC5A,1.0359800102569276e-6
A5,GPS1,2.6335356321076614e-4
A5,GPSM1,1
A5,GPX3,1
A5,GRB7,0.022965480618519173
A5,GRK3,1
A5,GSK3A,2.0060046621767815e-5
A5,GSTM3,0.02310168313987415
A5,GYPC,1
A5,HAGHL,8.852185268352075e-12
A5,HCFC1R1,9.974136710815813e-9
A5,HCST,1
A5,HDAC5,1
A5,HDAC6,1
A5,HELZ2,1
A5,HES1,0.0785233688955129
A5,HLA-B,1.7803830982935091e-4
A5,HLA-DMA,1
A5,HLA-DMB,1
A5,HLA-DOA,1
A5,HLA-DPA1,0.03895670583532778
A5,HLA-DPB1,1
A5,HLA-DRA,1.3287605955762829e-4
A5,HLA-DRB1,0.19739093709664862
A5,HMGB2,0.11242492986949058
A5,HNRNPUL2,1
A5,HOOK3,1
A5,HPS6,1
A5,HSD17B1,1
A5,HSPA4,0.17805565962490041
A5,HSPB1,8.131537913980357e-6
A5,HSPB11,1
A5,HYI,8.946110802825493e-8
A5,IDH3G,1
A5,IDUA,1
A5,IER5L,0.0026458068568965126
A5,IFI27,0.7746722668388255
A5,IFI27L1,1
A5,IFI44L,1
A5,IGFBP2,8.690024046258488e-7
A5,IGFBP4,2.1634729074579486e-6
A5,IGHA1,0.036098130912145206
A5,IGHG3,0.11385388589766264
A5,IGHG4,1
A5,IGHM,0.017177081811834964
A5,IGKC,0.18139734068382343
A5,IGLC2,0.07143907728926033
A5,IGLC3,0.6931062660112041
A5,IKZF3,1
A5,IL10RA,1
A5,ILKAP,1
A5,INAFM1,1
A5,INPP4B,1
A5,INPP5D,1
A5,INPP5J,1
A5,INTS8,1
A5,ISG15,0.6374171786895743
A5,ISLR,1
A5,ITGA5,1
A5,ITGB4,0.05699301455962998
A5,ITGB6,0.27573061153458855
A5,ITSN1,1
A5,JAG2,1
A5,JAK1,1
A5,JAK3,1
A5,JCHAIN,0.35634656845574336
A5,JMJD6,0.5615253985275547
A5,KAT6B,1
A5,KATNA1,1
A5,KCNAB2,1
A5,KCTD10,1
A5,KDM4B,1
A5,KIAA0895L,1
A5,KIAA1211L,1
A5,KIAA1217,1
A5,KIAA1468,1
A5,KIAA1715,1
A5,KIF13B,1
A5,KIF2C,1
A5,KLF9,1
A5,KMT2B,2.453179161984985e-8
A5,KMT2E,0.951272860964581
A5,KPNB1,1
A5,KRAS,1
A5,KRT10,0.5337330489160164
A5,KRT14,0.03220942275045282
A5,KRT17,0.0015690904882961867
A5,KRT5,1
A5,KRT8,3.166436292430046e-9
A5,KRT86,1
A5,LAMB2,1
A5,LAMTOR2,0.21982678614965703
A5,LANCL1,1
A5,LARP1B,1
A5,LARP7,1
A5,LCK,1
A5,LCP1,0.7045274173123546
A5,LGALS1,0.5721460887455841
A5,LIMCH1,1
A5,LIMK1,9.175260373284632e-6
A5,LINC00176,1
A5,LINGO1,1
A5,LLGL1,1
A5,LMF1,1
A5,LMNA,2.2655296289557184e-12
A5,LRRC8A,1
A5,LRWD1,1
A5,LST1,0.5373553086123333
A5,LTB4R,1
A5,LTBP3,0.029803064828963197
A5,LTF,1
A5,LUC7L,1
A5,LUC7L3,1
A5,LUM,0.10159124841416235
A5,LYL1,1
A5,MAGEF1,1
A5,MAGI1,1
A5,MAGOHB,1
A5,MAP1S,1
A5,MAP3K14,1
A5,MAP3K6,1
A5,MAP4K2,1
A5,MAPK9,1
A5,MAPKAPK5,0.9341760519466524
A5,MAPT,1
A5,MARS,1
A5,MAVS,1
A5,MCTS1,1
A5,MDM2,1
A5,MED13L,1
A5,MED25,0.36591305775168237
A5,MELK,1
A5,MEN1,1
A5,METTL12,1
A5,METTL16,1
A5,MFAP4,0.02508209919704681
A5,MFSD3,1
A5,MFSD7,0.20045743281725775
A5,MGMT,0.02818928075074023
A5,MGP,2.674378433445212e-7
A5,MIB2,1
A5,MICAL1,1
A5,MICALL2,1
A5,MID1IP1,1
A5,MIF,1.7803830982935091e-4
A5,MIIP,0.29123535547059254
A5,MKI67,1
A5,MKNK1,1
A5,MLLT4,1
A5,MLPH,1
A5,MLST8,1.5395104814525347e-12
A5,MMP11,1
A5,MMP9,0.0020971791430514763
A5,MORC2,1
A5,MPND,1
A5,MPST,4.2453343408382015e-4
A5,MRPL2,1
A5,MRPL21,1
A5,MRPL23,0.3050664332414362
A5,MRPL51,0.028361951461635716
A5,MRPL54,0.5653930478444459
A5,MRPS22,1
A5,MS4A6A,1
A5,MST1R,1
A5,MTG2,0.8993971528343757
A5,MTMR12,1
A5,MUC1,4.611129951658313e-12
A5,MUCL1,2.484158640843814e-11
A5,MUS81,1
A5,MVP,0.0017472662709655507
A5,MX2,1
A5,MYBL2,1
A5,MYC,0.028361951461635716
A5,MYH10,1
A5,MYL12B,0.008598146827009339
A5,MYL6B,0.31199619286986
A5,MYL9,0.014767468157076883
A5,MYO1G,0.5611482008372054
A5,MYO9B,1
A5,MZT2A,0.30939890556383054
A5,NAA10,1
A5,NANS,1
A5,NAT1,1
A5,NCKAP1L,1
A5,NCKAP5L,0.9822941083506179
A5,NDC80,1
A5,NDRG1,1.7803830982935091e-4
A5,NDUFA1,0.3024662356955029
A5,NDUFA12,0.12649754088119594
A5,NDUFB2,0.7045274173123546
A5,NDUFB3,0.06719523611014275
A5,NDUFB9,2.335889674302158e-15
A5,NDUFC1,0.15127321447099892
A5,NDUFS1,0.04541357962740514
A5,NDUFV3,1
A5,NEBL,1
A5,NEK7,1
A5,NELFE,1
A5,NFATC4,1
A5,NFIC,0.08626335171567635
A5,NINJ1,2.2451194521182796e-12
A5,NIT2,1
A5,NMRAL1,3.098178547144285e-8
A5,NR1H2,0.3899819470973055
A5,NR4A1,0.724240279750027
A5,NRP1,1
A5,NSMCE1,1
A5,NTMT1,1
A5,NUF2,1
A5,NUP214,1
A5,NUP93,1
A5,NXN,1
A5,OASL,1
A5,OGFRL1,1
A5,OPTN,1
A5,ORC2,1
A5,ORC6,1
A5,OSBPL8,1
A5,P4HA2,1
A5,PAF1,1
A5,PAFAH1B3,1
A5,PAQR4,1
A5,PARN,1
A5,PCCB,1
A5,PCIF1,1
A5,PDCD5,0.16497019338627864
A5,PDGFRA,1
A5,PDGFRB,1
A5,PER1,1
A5,PEX11G,0.5215903330047352
A5,PEX14,1
A5,PGLS,0.0012417572552163867
A5,PGR,1
A5,PHF11,1
A5,PHF13,1
A5,PHF21A,1
A5,PHGDH,1
A5,PHKB,1
A5,PIGQ,0.016166129522697407
A5,PIH1D1,1
A5,PILRA,1
A5,PIM2,1
A5,PITX1,0.0010422677259583402
A5,PKNOX1,1
A5,PLAC9,1
A5,PLEKHO2,1
A5,PLIN2,1
A5,PLK1,0.01191300060115118
A5,PLK2,8.109197503913443e-6
A5,PLLP,1
A5,PLP2,1
A5,PLPPR2,0.04406169599350289
A5,PLSCR1,1
A5,PLTP,1
A5,PLVAP,0.40081374424520827
A5,PLXNA1,1
A5,PLXND1,8.547677755608927e-4
A5,PMP22,0.08841582987246493
A5,PNISR,1
A5,PNMT,0.019126986031883432
A5,PNP,0.06426766194767038
A5,PNPLA6,1
A5,PODNL1,1
A5,PODXL,1
A5,POLR2E,1
A5,POLR2J,7.393369823277873e-6
A5,POR,1
A5,POSTN,0.8307410711507057
A5,PPHLN1,0.9931077475675069
A5,PPIB,0.08626335171567635
A5,PPIH,0.2623800609945526
A5,PPM1G,0.07685162787326337
A5,PPP1R1A,1
A5,PPP1R1B,0.01191300060115118
A5,PPP1R37,0.03220942275045282
A5,PRKAB1,1
A5,PRKCSH,1.020904621822793e-9
A5,PROSER1,1
A5,PRPF6,1
A5,PRPSAP1,1
A5,PSCA,1
A5,PSMD4,1
A5,PSTPIP1,1
A5,PTGDS,1
A5,PTOV1,0.0037281328697778247
A5,PTP4A3,1
A5,PTPRC,1
A5,PTPRJ,1
A5,PTRF,1
A5,PTRH1,1
A5,PTTG1,1
A5,PUS3,1
A5,PWP1,1
A5,PWWP2B,0.8491651746370111
A5,PXDN,0.021240204851881613
A5,PYURF,1
A5,QSOX1,0.7278801535337727
A5,R3HDM2,0.49039016028031296
A5,RAB11FIP1,1
A5,RAB3A,1
A5,RAB3GAP1,1
A5,RAB3IL1,1
A5,RABGAP1L,1
A5,RALBP1,1
A5,RALGAPA2,1
A5,RAMP2,1
A5,RAP1B,0.8491651746370111
A5,RARS2,1
A5,RASA2,1
A5,RASGRP2,1
A5,RASSF3,0.03220942275045282
A5,RBL1,1
A5,RBM42,0.0060848059030604576
A5,RECQL4,1
A5,RECQL5,1
A5,REEP6,0.5475736383952492
A5,RGS1,0.21057008884615783
A5,RHOB,0.08093808465423236
A5,RIOK1,1
A5,RMND1,1
A5,RNASET2,0.6717320477516506
A5,RND3,1
A5,RNF135,0.4775719614938434
A5,RNF170,1
A5,RRAS,1
A5,RRM2,0.7176634341837214
A5,RSL1D1,1
A5,RSRP1,0.2119075537926766
A5,RUVBL1,0.5721460887455841
A5,S100A14,1.5413730171949985e-4
A5,S100A9,0.0012417572552163867
A5,SAMM50,1
A5,SASH1,0.07143907728926033
A5,SAT1,0.05289984080520624
A5,SCAF1,0.31999240123798633
A5,SCD,1.700677984979597e-11
A5,SCNN1D,1
A5,SCX,1
A5,SDHB,0.5374561221854133
A5,SEC14L2,1
A5,SEC23A,1
A5,SEMA3B,1
A5,SEMA4B,1
A5,SF3B4,0.951272860964581
A5,SFRP1,1
A5,SFSWAP,0.7985993243042181
A5,SGTA,1.1108593024621287e-6
A5,SH3BP5L,1
A5,SIGLEC1,1
A5,SIGMAR1,0.7746722668388255
A5,SLC16A2,1
A5,SLC16A3,1
A5,SLC22A18,1
A5,SLC25A24,1
A5,SLC2A1,6.31205229919087e-5
A5,SLC2A8,1
A5,SLC35A2,1
A5,SLC39A6,1
A5,SLC43A1,1
A5,SLC4A5,1
A5,SLC8B1,1
A5,SLC9A3R2,9.932773941988449e-4
A5,SLC9A8,1
A5,SLFN13,1
A5,SLPI,1
A5,SMCHD1,1
A5,SMG9,1
A5,SMYD2,1
A5,SNAPC3,1
A5,SNF8,0.03032575971883428
A5,SNRPD3,0.49661185841143035
A5,SNTA1,1
A5,SNX33,0.020423417122809092
A5,SNX8,1
A5,SOD3,1
A5,SOS2,1
A5,SOX4,2.965488299530517e-4
A5,SP6,1
A5,SPAG9,1
A5,SPARC,0.724240279750027
A5,SPIN1,1
A5,SPSB1,1
A5,SRGN,0.028276188752446352
A5,SRPX2,1
A5,SRR,1
A5,SRRT,1
A5,SRSF1,1
A5,SRSF5,1
A5,SSSCA1,1
A5,STAMBP,1
A5,STAT5A,1
A5,STK17A,1
A5,STK4,1
A5,STMN1,0.08083975493041781
A5,STRN3,0.5784652033771557
A5,STT3A,0.34195442221705724
A5,SUGP1,1
A5,SURF1,1
A5,SVIL,1
A5,SYDE1,1
A5,SYK,1
A5,TACC3,1
A5,TANC2,1
A5,TARBP1,0.763498956385633
A5,TAX1BP1,0.5206954809666781
A5,TAX1BP3,1
A5,TBC1D10A,1
A5,TBC1D23,1
A5,TBCA,1
A5,TBXAS1,1
A5,TCEA2,1
A5,TCEA3,0.9617220568984785
A5,TCF25,0.23030723390651037
A5,TDRD3,1
A5,TESK1,1
A5,TESMIN,1
A5,TEX10,1
A5,TEX2,1
A5,TFF3,2.3577121926420114e-10
A5,TGFBR2,1
A5,THBS1,1
A5,THOC5,1
A5,THOC6,1
A5,TIGD5,1
A5,TIMP1,4.281789488406288e-4
A5,TJP3,1
A5,TM7SF2,6.268324005430318e-6
A5,TMBIM6,0.021231807747946693
A5,TMEM101,1
A5,TMEM123,0.05201188335743244
A5,TMEM14B,1
A5,TMEM160,6.344632294151687e-8
A5,TMEM184A,1
A5,TMEM259,0.03186077114246757
A5,TMEM45B,1
A5,TMEM86A,1
A5,TMX1,0.024611813207786052
A5,TNC,0.017177081811834964
A5,TNFRSF14,0.5309284662025096
A5,TNFRSF21,1
A5,TNFRSF4,1
A5,TNNT1,0.2500866050146134
A5,TOM1L2,1
A5,TP53I3,1
A5,TPM2,0.001988438078279999
A5,TRAC,0.39181160827801625
A5,TRAF5,1
A5,TRAP1,0.4675566768030011
A5,TRAPPC4,0.8087008851908711
A5,TRIM14,1
A5,TRIM22,1
A5,TRIM25,0.5506024003709856
A5,TRIM47,1
A5,TSPAN33,1
A5,TSR2,1
A5,TTC31,1
A5,TTI1,1
A5,TXN2,0.1615591557434789
A5,TXNDC17,0.36591305775168237
A5,TXNRD2,0.20110383671483759
A5,TYMS,1
A5,TYROBP,1
A5,UBA52,1.6750871299064088e-25
A5,UBA6,1
A5,UBAP2L,0.524224516422755
A5,UBE2C,0.9775235934363807
A5,UBE2T,0.5722991527688006
A5,UBE2W,1
A5,UBL7,1
A5,UBR2,1
A5,UBXN1,0.5615253985275547
A5,UCK1,1
A5,UFD1L,1
A5,UQCRC1,1.0508842875502637e-09
A5,UXS1,0.7672893277677237
A5,UXT,1
A5,VARS,1
A5,VAV1,1
A5,VCAM1,1
A5,VEGFB,1
A5,VIM,1.6548282328603294e-5
A5,VPS13D,0.4219952894581396
A5,VPS45,1
A5,VWF,1
A5,WDFY3,1
A5,WDR13,0.189648523847792
A5,WDR34,3.093472665736846e-6
A5,WDR46,2.5482105781542472e-11
A5,WDR73,0.8469094431569634
A5,WDR74,1
A5,WIPF1,1
A5,XAB2,0.0012417572552163867
A5,XIAP,1
A5,XPO6,1
A5,YIPF4,0.26776734163589855
A5,YTHDC1,1
A5,ZDHHC12,0.05699301455962998
A5,ZFAND3,1
A5,ZFP36,1
A5,ZFPL1,1
A5,ZFR,1
A5,ZG16B,1
A5,ZMAT5,1
A5,ZMYND19,2.3652506129562396e-9
A5,ZMYND8,1
A5,ZNF217,0.9775235934363807
A5,ZNF337,1
A5,ZNF33B,1
A5,ZNF362,1
A5,ZNF524,0.03186077114246757
A5,ZNF592,1
A5,ZNF644,0.1389183581305397
A5,ZNF668,1
A5,ZNF771,1
A5,ZNF787,2.15692455582062e-14
A5,ZNF791,1
A5,ZNF83,1
A5,ZNF91,1
A5,ZNRF1,1
A5,ZSWIM8,0.7498307926572594
A5,A2M,3.093472665736846e-6
A5,AAMDC,1
A5,ABCA3,1
A5,ABCA7,1
A5,ABCF3,0.31999240123798633
A5,ABHD14A,1
A5,ABHD4,1
A5,ACAA1,1
A5,ACER3,1
A5,ACTR3B,1
A5,ADAM15,8.149647984365602e-21
A5,ADCY3,1
A5,ADI1,1.2901378795235106e-6
A5,AEBP1,1
A5,AES,3.648319109692204e-12
A5,AGAP2,0.989151765033827
A5,AGO2,1
A5,AGPAT2,0.04437918602406889
A5,AGR2,0.0037724239140659132
A5,AHCY,1
A5,AKAP9,1
A5,AKR1A1,1
A5,AKT1S1,3.547288734346882e-10
A5,ALDH16A1,1
A5,ALG3,0.2062449853782696
A5,ANGPTL4,1
A5,ANKLE2,1
A5,ANKRD12,1
A5,ANKRD28,0.5611482008372054
A5,ANLN,1
A5,ANO10,1
A5,AP5B1,1
A5,AP5Z1,1
A5,APBA2,1
A5,APBB2,1
A5,APOBEC3G,1
A5,APOC1,0.5374561221854133
A5,AQP1,1
A5,ARF5,1
A5,ARF6,1
A5,ARFGEF2,1
A5,ARHGAP10,1
A5,ARHGAP4,1
A5,ARHGAP45,1
A5,ARHGAP5,1
A5,ARHGEF10L,1
A5,ARHGEF3,0.31438216579693834
A5,ARHGEF40,1
A5,ARID1B,1
A5,ARID3A,1
A5,ARID4A,1
A5,ARID5A,1
A5,ARID5B,0.49661185841143035
A5,ARNT,1
A5,ASCL2,1
A5,ASH2L,1
A5,ASL,1
A5,ASMTL,1
A5,ASNA1,9.61043369328688e-5
A5,ASNS,0.664533581647543
A5,ATAD1,0.5615253985275547
A5,ATF6B,0.10720796603772845
A5,ATG12,0.34195442221705724
A5,ATG16L2,1
A5,ATL2,1
A5,ATP5H,1
A5,ATP5O,1
A5,ATP6AP1,7.300285157753777e-15
A5,ATP6V0D1,1
A5,AURKAIP1,0.01711731799960183
A5,AVEN,1
A5,BABAM1,1
A5,BAD,8.533392884849019e-10
A5,BAG1,1
A5,BAIAP3,1
A5,BCAM,1
A5,BCL2,1
A5,BCL2L12,1
A5,BGN,0.49661185841143035
A5,BICDL1,1
A5,BIN3,1
A5,BIRC2,1
A5,BIRC5,0.5215903330047352
A5,BLVRA,1
A5,BOK,0.028361951461635716
A5,BOLA3,1
A5,BRD9,1
A5,BRF1,1
A5,BRF2,1
A5,BRK1,1
A5,BRPF1,1
A5,BSG,1.4469166235455718e-9
A5,BST2,0.004216218683214773
A5,BTG1,1
A5,C10orf10,1
A5,C10orf54,0.19272942921895198
A5,C12orf45,1
A5,C15orf61,1
A5,C19orf24,1
A5,C19orf52,1
A5,C19orf60,0.1615591557434789
A5,C1QB,7.768246911387843e-6
A5,C1R,1
A5,C1S,0.4340430119470523
A5,C1orf216,1
A5,C2,1
A5,C2CD2L,0.9577241354021078
A5,C3,0.011506861064566797
A5,C4orf48,0.0060848059030604576
A5,C5orf38,1
A5,C6orf136,1
A5,C6orf48,1
A5,CADM4,8.158874160529886e-7
A5,CALML5,2.473847232745752e-9
A5,CAMTA2,0.27573061153458855
A5,CAPG,1
A5,CARS2,1
A5,CBLC,0.2891595562533057
A5,CCDC106,1
A5,CCDC167,0.02489724395093743
A5,CCDC57,0.763498956385633
A5,CCDC80,0.6337883612074754
A5,CCDC88B,1
A5,CCL19,1
A5,CCL2,0.1283426426959592
A5,CCL21,1
A5,CCM2,0.3272969322808238
A5,CCNB1,1
A5,CCNB1IP1,1
A5,CCNE1,1
A5,CCNE2,0.31352693511378965
A5,CCS,1
A5,CCT4,0.015495072997609412
A5,CD14,0.44122687023981794
A5,CD320,6.437584618494941e-11
A5,CD3D,1
A5,CD4,1
A5,CD52,0.5032943587691954
A5,CD68,1
A5,CD74,1.663002339857719e-4
A5,CD79A,1
A5,CDC20,0.01767589307056428
A5,CDC6,1
A5,CDH11,1
A5,CDH3,1
A5,CDK5RAP1,1
A5,CENPF,1
A5,CEP250,1
A5,CEP55,1
A5,CERCAM,1
A5,CERS5,0.2062449853782696
A5,CES2,1
A5,CFAP36,1
A5,CFDP1,1
A5,CGGBP1,1
A5,CHCHD6,1
A5,CHD1,0.4775719614938434
A5,CHD6,1
A5,CHFR,1
A5,CHST11,1
A5,CIR1,1
A5,CLASRP,1
A5,CLDN3,5.0719289441035684e-8
A5,CLDN4,0.01803309989986855
A5,CLU,1
A5,CNN2,3.0131704298848995e-5
A5,COL14A1,0.1745371537015897
A5,COL3A1,1
A5,COL4A1,0.2119075537926766
A5,COL6A2,0.6337883612074754
A5,COL8A2,1
A5,COMMD1,1
A5,COMP,4.428834546908281e-5
A5,COPS7A,1
A5,COQ4,1
A5,CORO1A,1
A5,CORO1B,0.00550182198635404
A5,CORO2A,1
A5,CORO7,0.8298344125075547
A5,COX5A,1
A5,CPNE1,1
A5,CPSF1,1
A5,CPVL,1
A5,CRABP2,2.612780213597169e-8
A5,CRACR2B,2.2655296289557184e-12
A5,CRELD2,1
A5,CROCC,1
A5,CSF1,1
A5,CSF1R,1
A5,CTDSPL,0.8103224526837771
A5,CTIF,0.6723754300422434
A5,CTSK,1
A5,CTU2,1
A5,CUTC,1
A5,CUX1,1
A5,CX3CL1,4.416394594353639e-6
A5,CXCL10,1
A5,CXXC5,0.05699301455962998
A5,CYP27A1,1
A5,DAPK3,0.10280251734059369
A5,DCAF6,1
A5,DCXR,0.3625242002119644
A5,DDAH1,1
A5,DDB2,1
A5,DDIT3,1
A5,DDRGK1,0.06803159696849373
A5,DDT,0.08246893855946855
A5,DEAF1,1
A5,DENND1A,1
A5,DERL3,1
A5,DESI1,0.2776362790606558
A5,DHX16,1
A5,DLG1,1
A5,DMAP1,1
A5,DNAJB2,0.01348081632821694
A5,DNAJC1,1
A5,DNAJC7,1.3868054748170276e-4
A5,DOCK6,0.3943881996713344
A5,DPH3,1
A5,DPM2,0.17805565962490041
A5,DPP7,0.03805083904545687
A5,DPP9,1
A5,DPYSL3,1
A5,DVL1,1
A5,EBAG9,1
A5,ECHDC2,1
A5,ECM1,1
A5,EFEMP2,1
A5,EFHD2,1
A5,EGFR,1
A5,EIF1AD,1
A5,EIF3B,5.75922287017938e-16
A5,EIF3F,1
A5,EIF3G,1
A5,ELN,1
A5,ELOF1,0.06803159696849373
A5,EMC3,1
A5,ENPP1,0.0044030820300433576
A5,EPHB3,1
A5,ERAL1,0.0036202564727724844
A5,ERBB2,1.9364155274520164e-12
A5,ERI3,1
A5,ERMP1,1
A5,ESR1,0.038253497074063704
A5,ETFB,1.2976790433243657e-11
A5,EVA1B,0.09967581085205025
A5,EXD3,0.5337330489160164
A5,EXO1,0.8469094431569634
A5,EXOC5,1
A5,EXOSC1,1
A5,EXOSC10,1
A5,EXOSC2,1
A5,EZH2,1
A5,FAAH,1
A5,FADS2,1
A5,FAH,0.6113427331238585
A5,FAIM2,1
A5,FAM102A,1
A5,FAM117A,1
A5,FAM118A,1
A5,FAM160B1,1
A5,FAM173A,1.0866639149645673e-4
A5,FAM193B,1
A5,FAM213B,1
A5,FAM3A,0.49661185841143035
A5,FAM45A,1
A5,FAP,1
A5,FARP1,1
A5,FARSB,1
A5,FASN,1.0754256770557714e-6
A5,FBF1,1
A5,FBLN2,0.4623317166839548
A5,FCER1G,1
A5,FDPS,0.6501772353391632
A5,FGFR1,1
A5,FGFR4,1
A5,FKBP10,0.23178886513764901
A5,FKBP8,0.06426766194767038
A5,FLNA,0.002206395967001773
A5,FN1,0.1381495680714546
A5,FNBP4,0.13962473172010992
A5,FOXA1,1
A5,FOXC1,1
A5,FOXP4,0.053161340002858944
A5,FSTL1,1
A5,FSTL3,0.028361951461635716
A5,FUOM,1
A5,FUS,1
A5,FZD2,0.9185795124950337
A5,GALK1,0.015930035552569694
A5,GANAB,1
A5,GAR1,1
A5,GAS6,0.4775719614938434
A5,GATA3,9.61043369328688e-5
A5,GATC,0.49661185841143035
A5,GBP1,0.01790049594182906
A5,GBP2,1
A5,GBP3,0.8046164042288972
A5,GBP4,0.8410891930227837
A5,GBP5,1
A5,GEMIN4,1
A5,GLCCI1,1
A5,GLG1,0.9174818118923451
A5,GLTSCR2,1
A5,GMFG,1
A5,GMPPA,1
A5,GNAI2,0.02489724395093743
A5,GNAS,1.6250504992476132e-6
A5,GNL2,1
A5,GPR108,1
A5,GPR160,1
A5,GPRC5A,1.0359800102569276e-6
A5,GPS1,2.6335356321076614e-4
A5,GPSM1,1
A5,GPX3,1
A5,GRB7,0.022965480618519173
A5,GRK3,1
A5,GSK3A,2.0060046621767815e-5
A5,GSTM3,0.02310168313987415
A5,GYPC,1
A5,HAGHL,8.852185268352075e-12
A5,HCFC1R1,9.974136710815813e-9
A5,HCST,1
A5,HDAC5,1
A5,HDAC6,1
A5,HELZ2,1
A5,HES1,0.0785233688955129
A5,HLA-B,1.7803830982935091e-4
A5,HLA-DMA,1
A5,HLA-DMB,1
A5,HLA-DOA,1
A5,HLA-DPA1,0.03895670583532778
A5,HLA-DPB1,1
A5,HLA-DRA,1.3287605955762829e-4
A5,HLA-DRB1,0.19739093709664862
A5,HMGB2,0.11242492986949058
A5,HNRNPUL2,1
A5,HOOK3,1
A5,HPS6,1
A5,HSD17B1,1
A5,HSPA4,0.17805565962490041
A5,HSPB1,8.131537913980357e-6
A5,HSPB11,1
A5,HYI,8.946110802825493e-8
A5,IDH3G,1
A5,IDUA,1
A5,IER5L,0.0026458068568965126
A5,IFI27,0.7746722668388255
A5,IFI27L1,1
A5,IFI44L,1
A5,IGFBP2,8.690024046258488e-7
A5,IGFBP4,2.1634729074579486e-6
A5,IGHA1,0.036098130912145206
A5,IGHG3,0.11385388589766264
A5,IGHG4,1
A5,IGHM,0.017177081811834964
A5,IGKC,0.18139734068382343
A5,IGLC2,0.07143907728926033
A5,IGLC3,0.6931062660112041
A5,IKZF3,1
A5,IL10RA,1
A5,ILKAP,1
A5,INAFM1,1
A5,INPP4B,1
A5,INPP5D,1
A5,INPP5J,1
A5,INTS8,1
A5,ISG15,0.6374171786895743
A5,ISLR,1
A5,ITGA5,1
A5,ITGB4,0.05699301455962998
A5,ITGB6,0.27573061153458855
A5,ITSN1,1
A5,JAG2,1
A5,JAK1,1
A5,JAK3,1
A5,JCHAIN,0.35634656845574336
A5,JMJD6,0.5615253985275547
A5,KAT6B,1
A5,KATNA1,1
A5,KCNAB2,1
A5,KCTD10,1
A5,KDM4B,1
A5,KIAA0895L,1
A5,KIAA1211L,1
A5,KIAA1217,1
A5,KIAA1468,1
A5,KIAA1715,1
A5,KIF13B,1
A5,KIF2C,1
A5,KLF9,1
A5,KMT2B,2.453179161984985e-8
A5,KMT2E,0.951272860964581
A5,KPNB1,1
A5,KRAS,1
A5,KRT10,0.5337330489160164
A5,KRT14,0.03220942275045282
A5,KRT17,0.0015690904882961867
A5,KRT5,1
A5,KRT8,3.166436292430046e-9
A5,KRT86,1
A5,LAMB2,1
A5,LAMTOR2,0.21982678614965703
A5,LANCL1,1
A5,LARP1B,1
A5,LARP7,1
A5,LCK,1
A5,LCP1,0.7045274173123546
A5,LGALS1,0.5721460887455841
A5,LIMCH1,1
A5,LIMK1,9.175260373284632e-6
A5,LINC00176,1
A5,LINGO1,1
A5,LLGL1,1
A5,LMF1,1
A5,LMNA,2.2655296289557184e-12
A5,LRRC8A,1
A5,LRWD1,1
A5,LST1,0.5373553086123333
A5,LTB4R,1
A5,LTBP3,0.029803064828963197
A5,LTF,1
A5,LUC7L,1
A5,LUC7L3,1
A5,LUM,0.10159124841416235
A5,LYL1,1
A5,MAGEF1,1
A5,MAGI1,1
A5,MAGOHB,1
A5,MAP1S,1
A5,MAP3K14,1
A5,MAP3K6,1
A5,MAP4K2,1
A5,MAPK9,1
A5,MAPKAPK5,0.9341760519466524
A5,MAPT,1
A5,MARS,1
A5,MAVS,1
A5,MCTS1,1
A5,MDM2,1
A5,MED13L,1
A5,MED25,0.36591305775168237
A5,MELK,1
A5,MEN1,1
A5,METTL12,1
A5,METTL16,1
A5,MFAP4,0.02508209919704681
A5,MFSD3,1
A5,MFSD7,0.20045743281725775
A5,MGMT,0.02818928075074023
A5,MGP,2.674378433445212e-7
A5,MIB2,1
A5,MICAL1,1
A5,MICALL2,1
A5,MID1IP1,1
A5,MIF,1.7803830982935091e-4
A5,MIIP,0.29123535547059254
A5,MKI67,1
A5,MKNK1,1
A5,MLLT4,1
A5,MLPH,1
A5,MLST8,1.5395104814525347e-12
A5,MMP11,1
A5,MMP9,0.0020971791430514763
A5,MORC2,1
A5,MPND,1
A5,MPST,4.2453343408382015e-4
A5,MRPL2,1
A5,MRPL21,1
A5,MRPL23,0.3050664332414362
A5,MRPL51,0.028361951461635716
A5,MRPL54,0.5653930478444459
A5,MRPS22,1
A5,MS4A6A,1
A5,MST1R,1
A5,MTG2,0.8993971528343757
A5,MTMR12,1
A5,MUC1,4.611129951658313e-12
A5,MUCL1,2.484158640843814e-11
A5,MUS81,1
A5,MVP,0.0017472662709655507
A5,MX2,1
A5,MYBL2,1
A5,MYC,0.028361951461635716
A5,MYH10,1
A5,MYL12B,0.008598146827009339
A5,MYL6B,0.31199619286986
A5,MYL9,0.014767468157076883
A5,MYO1G,0.5611482008372054
A5,MYO9B,1
A5,MZT2A,0.30939890556383054
A5,NAA10,1
A5,NANS,1
A5,NAT1,1
A5,NCKAP1L,1
A5,NCKAP5L,0.9822941083506179
A5,NDC80,1
A5,NDRG1,1.7803830982935091e-4
A5,NDUFA1,0.3024662356955029
A5,NDUFA12,0.12649754088119594
A5,NDUFB2,0.7045274173123546
A5,NDUFB3,0.06719523611014275
A5,NDUFB9,2.335889674302158e-15
A5,NDUFC1,0.15127321447099892
A5,NDUFS1,0.04541357962740514
A5,NDUFV3,1
A5,NEBL,1
A5,NEK7,1
A5,NELFE,1
A5,NFATC4,1
A5,NFIC,0.08626335171567635
A5,NINJ1,2.2451194521182796e-12
A5,NIT2,1
A5,NMRAL1,3.098178547144285e-8
A5,NR1H2,0.3899819470973055
A5,NR4A1,0.724240279750027
A5,NRP1,1
A5,NSMCE1,1
A5,NTMT1,1
A5,NUF2,1
A5,NUP214,1
A5,NUP93,1
A5,NXN,1
A5,OASL,1
A5,OGFRL1,1
A5,OPTN,1
A5,ORC2,1
A5,ORC6,1
A5,OSBPL8,1
A5,P4HA2,1
A5,PAF1,1
A5,PAFAH1B3,1
A5,PAQR4,1
A5,PARN,1
A5,PCCB,1
A5,PCIF1,1
A5,PDCD5,0.16497019338627864
A5,PDGFRA,1
A5,PDGFRB,1
A5,PER1,1
A5,PEX11G,0.5215903330047352
A5,PEX14,1
A5,PGLS,0.0012417572552163867
A5,PGR,1
A5,PHF11,1
A5,PHF13,1
A5,PHF21A,1
A5,PHGDH,1
A5,PHKB,1
A5,PIGQ,0.016166129522697407
A5,PIH1D1,1
A5,PILRA,1
A5,PIM2,1
A5,PITX1,0.0010422677259583402
A5,PKNOX1,1
A5,PLAC9,1
A5,PLEKHO2,1
A5,PLIN2,1
A5,PLK1,0.01191300060115118
A5,PLK2,8.109197503913443e-6
A5,PLLP,1
A5,PLP2,1
A5,PLPPR2,0.04406169599350289
A5,PLSCR1,1
A5,PLTP,1
A5,PLVAP,0.40081374424520827
A5,PLXNA1,1
A5,PLXND1,8.547677755608927e-4
A5,PMP22,0.08841582987246493
A5,PNISR,1
A5,PNMT,0.019126986031883432
A5,PNP,0.06426766194767038
A5,PNPLA6,1
A5,PODNL1,1
A5,PODXL,1
A5,POLR2E,1
A5,POLR2J,7.393369823277873e-6
A5,POR,1
A5,POSTN,0.8307410711507057
A5,PPHLN1,0.9931077475675069
A5,PPIB,0.08626335171567635
A5,PPIH,0.2623800609945526
A5,PPM1G,0.07685162787326337
A5,PPP1R1A,1
A5,PPP1R1B,0.01191300060115118
A5,PPP1R37,0.03220942275045282
A5,PRKAB1,1
A5,PRKCSH,1.020904621822793e-9
A5,PROSER1,1
A5,PRPF6,1
A5,PRPSAP1,1
A5,PSCA,1
A5,PSMD4,1
A5,PSTPIP1,1
A5,PTGDS,1
A5,PTOV1,0.0037281328697778247
A5,PTP4A3,1
A5,PTPRC,1
A5,PTPRJ,1
A5,PTRF,1
A5,PTRH1,1
A5,PTTG1,1
A5,PUS3,1
A5,PWP1,1
A5,PWWP2B,0.8491651746370111
A5,PXDN,0.021240204851881613
A5,PYURF,1
A5,QSOX1,0.7278801535337727
A5,R3HDM2,0.49039016028031296
A5,RAB11FIP1,1
A5,RAB3A,1
A5,RAB3GAP1,1
A5,RAB3IL1,1
A5,RABGAP1L,1
A5,RALBP1,1
A5,RALGAPA2,1
A5,RAMP2,1
A5,RAP1B,0.8491651746370111
A5,RARS2,1
A5,RASA2,1
A5,RASGRP2,1
A5,RASSF3,0.03220942275045282
A5,RBL1,1
A5,RBM42,0.0060848059030604576
A5,RECQL4,1
A5,RECQL5,1
A5,REEP6,0.5475736383952492
A5,RGS1,0.21057008884615783
A5,RHOB,0.08093808465423236
A5,RIOK1,1
A5,RMND1,1
A5,RNASET2,0.6717320477516506
A5,RND3,1
A5,RNF135,0.4775719614938434
A5,RNF170,1
A5,RRAS,1
A5,RRM2,0.7176634341837214
A5,RSL1D1,1
A5,RSRP1,0.2119075537926766
A5,RUVBL1,0.5721460887455841
A5,S100A14,1.5413730171949985e-4
A5,S100A9,0.0012417572552163867
A5,SAMM50,1
A5,SASH1,0.07143907728926033
A5,SAT1,0.05289984080520624
A5,SCAF1,0.31999240123798633
A5,SCD,1.700677984979597e-11
A5,SCNN1D,1
A5,SCX,1
A5,SDHB,0.5374561221854133
A5,SEC14L2,1
A5,SEC23A,1
A5,SEMA3B,1
A5,SEMA4B,1
A5,SF3B4,0.951272860964581
A5,SFRP1,1
A5,SFSWAP,0.7985993243042181
A5,SGTA,1.1108593024621287e-6
A5,SH3BP5L,1
A5,SIGLEC1,1
A5,SIGMAR1,0.7746722668388255
A5,SLC16A2,1
A5,SLC16A3,1
A5,SLC22A18,1
A5,SLC25A24,1
A5,SLC2A1,6.31205229919087e-5
A5,SLC2A8,1
A5,SLC35A2,1
A5,SLC39A6,1
A5,SLC43A1,1
A5,SLC4A5,1
A5,SLC8B1,1
A5,SLC9A3R2,9.932773941988449e-4
A5,SLC9A8,1
A5,SLFN13,1
A5,SLPI,1
A5,SMCHD1,1
A5,SMG9,1
A5,SMYD2,1
A5,SNAPC3,1
A5,SNF8,0.03032575971883428
A5,SNRPD3,0.49661185841143035
A5,SNTA1,1
A5,SNX33,0.020423417122809092
A5,SNX8,1
A5,SOD3,1
A5,SOS2,1
A5,SOX4,2.965488299530517e-4
A5,SP6,1
A5,SPAG9,1
A5,SPARC,0.724240279750027
A5,SPIN1,1
A5,SPSB1,1
A5,SRGN,0.028276188752446352
A5,SRPX2,1
A5,SRR,1
A5,SRRT,1
A5,SRSF1,1
A5,SRSF5,1
A5,SSSCA1,1
A5,STAMBP,1
A5,STAT5A,1
A5,STK17A,1
A5,STK4,1
A5,STMN1,0.08083975493041781
A5,STRN3,0.5784652033771557
A5,STT3A,0.34195442221705724
A5,SUGP1,1
A5,SURF1,1
A5,SVIL,1
A5,SYDE1,1
A5,SYK,1
A5,TACC3,1
A5,TANC2,1
A5,TARBP1,0.763498956385633
A5,TAX1BP1,0.5206954809666781
A5,TAX1BP3,1
A5,TBC1D10A,1
A5,TBC1D23,1
A5,TBCA,1
A5,TBXAS1,1
A5,TCEA2,1
A5,TCEA3,0.9617220568984785
A5,TCF25,0.23030723390651037
A5,TDRD3,1
A5,TESK1,1
A5,TESMIN,1
A5,TEX10,1
A5,TEX2,1
A5,TFF3,2.3577121926420114e-10
A5,TGFBR2,1
A5,THBS1,1
A5,THOC5,1
A5,THOC6,1
A5,TIGD5,1
A5,TIMP1,4.281789488406288e-4
A5,TJP3,1
A5,TM7SF2,6.268324005430318e-6
A5,TMBIM6,0.021231807747946693
A5,TMEM101,1
A5,TMEM123,0.05201188335743244
A5,TMEM14B,1
A5,TMEM160,6.344632294151687e-8
A5,TMEM184A,1
A5,TMEM259,0.03186077114246757
A5,TMEM45B,1
A5,TMEM86A,1
A5,TMX1,0.024611813207786052
A5,TNC,0.017177081811834964
A5,TNFRSF14,0.5309284662025096
A5,TNFRSF21,1
A5,TNFRSF4,1
A5,TNNT1,0.2500866050146134
A5,TOM1L2,1
A5,TP53I3,1
A5,TPM2,0.001988438078279999
A5,TRAC,0.39181160827801625
A5,TRAF5,1
A5,TRAP1,0.4675566768030011
A5,TRAPPC4,0.8087008851908711
A5,TRIM14,1
A5,TRIM22,1
A5,TRIM25,0.5506024003709856
A5,TRIM47,1
A5,TSPAN33,1
A5,TSR2,1
A5,TTC31,1
A5,TTI1,1
A5,TXN2,0.1615591557434789
A5,TXNDC17,0.36591305775168237
A5,TXNRD2,0.20110383671483759
A5,TYMS,1
A5,TYROBP,1
A5,UBA52,1.6750871299064088e-25
A5,UBA6,1
A5,UBAP2L,0.524224516422755
A5,UBE2C,0.9775235934363807
A5,UBE2T,0.5722991527688006
A5,UBE2W,1
A5,UBL7,1
A5,UBR2,1
A5,UBXN1,0.5615253985275547
A5,UCK1,1
A5,UFD1L,1
A5,UQCRC1,1.0508842875502637e-09
A5,UXS1,0.7672893277677237
A5,UXT,1
A5,VARS,1
A5,VAV1,1
A5,VCAM1,1
A5,VEGFB,1
A5,VIM,1.6548282328603294e-5
A5,VPS13D,0.4219952894581396
A5,VPS45,1
A5,VWF,1
A5,WDFY3,1
A5,WDR13,0.189648523847792
A5,WDR34,3.093472665736846e-6
A5,WDR46,2.5482105781542472e-11
A5,WDR73,0.8469094431569634
A5,WDR74,1
A5,WIPF1,1
A5,XAB2,0.0012417572552163867
A5,XIAP,1
A5,XPO6,1
A5,YIPF4,0.26776734163589855
A5,YTHDC1,1
A5,ZDHHC12,0.05699301455962998
A5,ZFAND3,1
A5,ZFP36,1
A5,ZFPL1,1
A5,ZFR,1
A5,ZG16B,1
A5,ZMAT5,1
A5,ZMYND19,2.3652506129562396e-9
A5,ZMYND8,1
A5,ZNF217,0.9775235934363807
A5,ZNF337,1
A5,ZNF33B,1
A5,ZNF362,1
A5,ZNF524,0.03186077114246757
A5,ZNF592,1
A5,ZNF644,0.1389183581305397
A5,ZNF668,1
A5,ZNF771,1
A5,ZNF787,2.15692455582062e-14
A5,ZNF791,1
A5,ZNF83,1
A5,ZNF91,1
A5,ZNRF1,1
A5,ZSWIM8,0.7498307926572594
A6,A2M,0.0032975351843965825
A6,AAMDC,0.07985160783371886
A6,ABCA3,0.04768979063396245
A6,ABCA7,0.1681482372243511
A6,ABCF3,1.6135438165427524e-10
A6,ABHD14A,0.05412481104017696
A6,ABHD4,1
A6,ACAA1,6.121831903919083e-8
A6,ACER3,1
A6,ACTR3B,0.6318148780695325
A6,ADAM15,1.9300200637914025e-32
A6,ADCY3,0.2668067773948513
A6,ADI1,4.5574240115208814e-8
A6,AEBP1,1.6435239057919254e-5
A6,AES,1.4053195520269998e-22
A6,AGAP2,0.12311966084282722
A6,AGO2,1.4051738361173712e-5
A6,AGPAT2,2.315301420692133e-13
A6,AGR2,0.14725793440182913
A6,AHCY,1.0496574744466485e-9
A6,AKAP9,0.026016556526486084
A6,AKR1A1,6.230742589431003e-7
A6,AKT1S1,1.0070346074437185e-19
A6,ALDH16A1,0.0030730718992420403
A6,ALG3,3.128784484021401e-10
A6,ANGPTL4,1
A6,ANKLE2,1.3913257064657584e-6
A6,ANKRD12,1
A6,ANKRD28,1
A6,ANLN,0.04731843543671954
A6,ANO10,0.03576365019244042
A6,AP5B1,1
A6,AP5Z1,0.001774710034941503
A6,APBA2,1
A6,APBB2,1
A6,APOBEC3G,1
A6,APOC1,0.21516166795979624
A6,AQP1,0.13226313366589598
A6,ARF5,6.651762702208874e-5
A6,ARF6,0.12120713463233165
A6,ARFGEF2,1
A6,ARHGAP10,1
A6,ARHGAP4,0.6529066255147848
A6,ARHGAP45,0.683840875953316
A6,ARHGAP5,1
A6,ARHGEF10L,3.486513701662946e-5
A6,ARHGEF3,0.001220696335978802
A6,ARHGEF40,0.1383772596493075
A6,ARID1B,0.18772233189352375
A6,ARID3A,1
A6,ARID4A,0.501963675714662
A6,ARID5A,0.002246761845464204
A6,ARID5B,1
A6,ARNT,0.02227980306710221
A6,ASCL2,7.255116890299765e-4
A6,ASH2L,0.018585085403401893
A6,ASL,0.010605679458710163
A6,ASMTL,8.443182969626822e-7
A6,ASNA1,9.250428548083278e-15
A6,ASNS,0.07501751392383423
A6,ATAD1,1
A6,ATF6B,5.513344608439778e-4
A6,ATG12,0.008952146180352628
A6,ATG16L2,0.41607399356558455
A6,ATL2,1
A6,ATP5H,9.493940608144676e-7
A6,ATP5O,1.4159607364554423e-14
A6,ATP6AP1,1.7593211768856146e-19
A6,ATP6V0D1,0.008287223535251322
A6,AURKAIP1,6.005442338960238e-13
A6,AVEN,0.6875513800988949
A6,BABAM1,3.6571064103009096e-7
A6,BAD,2.823471521524589e-15
A6,BAG1,6.005442338960238e-13
A6,BAIAP3,0.5569310016260266
A6,BCAM,4.895123140760006e-10
A6,BCL2,1
A6,BCL2L12,4.931745486909564e-4
A6,BGN,7.627089522184575e-4
A6,BICDL1,1
A6,BIN3,4.895987569831249e-4
A6,BIRC2,0.004576599949242854
A6,BIRC5,0.007779323923964786
A6,BLVRA,3.761881462318511e-7
A6,BOK,4.219471109788404e-12
A6,BOLA3,1
A6,BRD9,0.004869369302553601
A6,BRF1,4.029882787993818e-12
A6,BRF2,1
A6,BRK1,5.0774423402946405e-8
A6,BRPF1,0.14846062610668156
A6,BSG,1.621074732979255e-24
A6,BST2,0.034639264065332874
A6,BTG1,7.786350550427275e-6
A6,C10orf10,0.8780201727687835
A6,C10orf54,1
A6,C12orf45,9.000855146261019e-7
A6,C15orf61,0.5363097578476446
A6,C19orf24,0.5220825294604637
A6,C19orf52,0.008992018832280247
A6,C19orf60,0.0021253935336541818
A6,C1QB,1
A6,C1R,1
A6,C1S,1
A6,C1orf216,1
A6,C2,0.6809787941634554
A6,C2CD2L,0.001318540091816702
A6,C3,0.02010207706873996
A6,C4orf48,1.5919763302273565e-10
A6,C5orf38,0.09851420027170195
A6,C6orf136,1
A6,C6orf48,1.1816804084484258e-5
A6,CADM4,6.2390688229385936e-18
A6,CALML5,2.0110547813372475e-14
A6,CAMTA2,1
A6,CAPG,0.03424679969635645
A6,CARS2,0.04401204653581063
A6,CBLC,5.614585082412273e-4
A6,CCDC106,0.1027325104707995
A6,CCDC167,8.358787028922128e-6
A6,CCDC57,4.931745486909564e-4
A6,CCDC80,0.18880054828461432
A6,CCDC88B,1
A6,CCL19,1
A6,CCL2,1
A6,CCL21,0.6467159861032635
A6,CCM2,1.8754865042277472e-10
A6,CCNB1,0.004740642781732248
A6,CCNB1IP1,0.010523959783206
A6,CCNE1,0.35826692618424155
A6,CCNE2,0.0039025036632023254
A6,CCS,0.018484710930026915
A6,CCT4,3.157542104046183e-14
A6,CD14,0.11783301082051921
A6,CD320,1.8344401286554476e-15
A6,CD3D,1
A6,CD4,1
A6,CD52,0.16388274233409822
A6,CD68,0.16388274233409822
A6,CD74,0.006605276169303799
A6,CD79A,1
A6,CDC20,3.0825117025083656e-15
A6,CDC6,1.1193367462266914e-4
A6,CDH11,1
A6,CDH3,0.11786377245152421
A6,CDK5RAP1,0.5959634623062281
A6,CENPF,0.005634959690004005
A6,CEP250,0.13655632874538734
A6,CEP55,1
A6,CERCAM,0.0033923463062239018
A6,CERS5,0.014366171846552846
A6,CES2,1
A6,CFAP36,0.15022035498284425
A6,CFDP1,0.3104389275130826
A6,CGGBP1,0.038180492224121586
A6,CHCHD6,5.522824945772057e-5
A6,CHD1,0.032214967917712896
A6,CHD6,0.08355775195442693
A6,CHFR,0.02740235475383778
A6,CHST11,1
A6,CIR1,1
A6,CLASRP,0.003019088149658168
A6,CLDN3,1.0875631534191311e-16
A6,CLDN4,1.5410469893217457e-21
A6,CLU,1
A6,CNN2,0.0027528994434517506
A6,COL14A1,1
A6,COL3A1,0.001850752451201919
A6,COL4A1,0.00560515645371675
A6,COL6A2,3.4832735077622535e-12
A6,COL8A2,0.7286406213406346
A6,COMMD1,5.803606223489473e-6
A6,COMP,4.1084570716425674e-10
A6,COPS7A,2.586317483981531e-7
A6,COQ4,0.03690803951597116
A6,CORO1A,1
A6,CORO1B,4.0560718241839313e-11
A6,CORO2A,0.010523959783206
A6,CORO7,1.0248047853625238e-5
A6,COX5A,1.0288332768440355e-13
A6,CPNE1,5.609081661359634e-4
A6,CPSF1,0.7128929687755768
A6,CPVL,1
A6,CRABP2,0.0017976593554055063
A6,CRACR2B,4.849969303099456e-22
A6,CRELD2,1
A6,CROCC,1
A6,CSF1,1
A6,CSF1R,1
A6,CTDSPL,6.113271196791091e-8
A6,CTIF,2.8713991123559752e-6
A6,CTSK,0.25899430004619267
A6,CTU2,1
A6,CUTC,0.6809787941634554
A6,CUX1,0.051744759086755764
A6,CX3CL1,0.0027528994434517506
A6,CXCL10,1
A6,CXXC5,0.002597784682307357
A6,CYP27A1,1
A6,DAPK3,3.5416505915497503e-10
A6,DCAF6,4.904785738702804e-5
A6,DCXR,4.098120279335725e-9
A6,DDAH1,1
A6,DDB2,1
A6,DDIT3,0.4973961393214574
A6,DDRGK1,3.785603867730364e-7
A6,DDT,1.5573833825035068e-11
A6,DEAF1,2.9756882015746905e-5
A6,DENND1A,0.002577531259979831
A6,DERL3,0.5591369005393997
A6,DESI1,0.001994298326127867
A6,DHX16,0.001994298326127867
A6,DLG1,0.5569310016260266
A6,DMAP1,0.002216254071445716
A6,DNAJB2,5.1422049827684154e-11
A6,DNAJC1,1
A6,DNAJC7,7.62320971489722e-18
A6,DOCK6,0.04650059100041364
A6,DPH3,0.2506525297085794
A6,DPM2,3.6698415741021723e-13
A6,DPP7,8.63305434080684e-12
A6,DPP9,4.965753376822889e-5
A6,DPYSL3,0.15022035498284425
A6,DVL1,9.576667366813287e-9
A6,EBAG9,1
A6,ECHDC2,3.144099031980169e-5
A6,ECM1,5.365775530136777e-4
A6,EFEMP2,0.061751974370748385
A6,EFHD2,0.00789030599211379
A6,EGFR,0.19336273030338544
A6,EIF1AD,1
A6,EIF3B,4.781295118211827e-26
A6,EIF3F,3.83322804502611e-6
A6,EIF3G,9.493940608144676e-7
A6,ELN,1
A6,ELOF1,1.819260012197165e-12
A6,EMC3,5.434343072912714e-8
A6,ENPP1,0.028345621733128417
A6,EPHB3,8.194983104084576e-6
A6,ERAL1,2.3191334616737755e-15
A6,ERBB2,2.021702910301325e-29
A6,ERI3,9.486028800880979e-10
A6,ERMP1,0.6982144278229926
A6,ESR1,1
A6,ETFB,1.3077343780972589e-15
A6,EVA1B,4.282398002263935e-12
A6,EXD3,1
A6,EXO1,1
A6,EXOC5,1
A6,EXOSC1,1.2006142904291092e-6
A6,EXOSC10,2.2817466863759643e-6
A6,EXOSC2,0.21534004126139275
A6,EZH2,0.25121681003546786
A6,FAAH,1
A6,FADS2,1.5065215694947413e-8
A6,FAH,1.3483277970916258e-5
A6,FAIM2,1
A6,FAM102A,0.11218317581840083
A6,FAM117A,1
A6,FAM118A,0.16359331599917967
A6,FAM160B1,0.004933558263038069
A6,FAM173A,2.907497750988445e-11
A6,FAM193B,0.011124823312587493
A6,FAM213B,1.2219549818210955e-5
A6,FAM3A,1.7996434938865585e-5
A6,FAM45A,0.0015853152224975342
A6,FAP,1
A6,FARP1,0.02740235475383778
A6,FARSB,0.0015218626952555596
A6,FASN,2.9529105631181768e-30
A6,FBF1,0.1772097964467208
A6,FBLN2,1
A6,FCER1G,1
A6,FDPS,0.0013543840080623602
A6,FGFR1,0.16403267176090713
A6,FGFR4,2.0922022606612432e-9
A6,FKBP10,1
A6,FKBP8,6.470327291501778e-16
A6,FLNA,4.456289569558433e-6
A6,FN1,5.7961614839695403e-11
A6,FNBP4,1
A6,FOXA1,3.6474257850279263e-9
A6,FOXC1,1
A6,FOXP4,2.315301420692133e-13
A6,FSTL1,0.8239767704801259
A6,FSTL3,1.3267256161008844e-9
A6,FUOM,1
A6,FUS,6.310951077688112e-8
A6,FZD2,0.14007127040217165
A6,GALK1,3.8477920813468464e-4
A6,GANAB,1.2550978790988664e-15
A6,GAR1,3.228461678228111e-4
A6,GAS6,0.23023493531693212
A6,GATA3,0.06612603193888397
A6,GATC,3.1401386249944127e-9
A6,GBP1,1
A6,GBP2,1
A6,GBP3,1
A6,GBP4,1
A6,GBP5,1
A6,GEMIN4,1
A6,GLCCI1,1
A6,GLG1,2.4578590350200776e-5
A6,GLTSCR2,7.810714468915389e-7
A6,GMFG,1
A6,GMPPA,0.054585425597103054
A6,GNAI2,3.592958860253651e-8
A6,GNAS,1.3423391050211708e-18
A6,GNL2,9.501655211200013e-6
A6,GPR108,5.513344608439778e-4
A6,GPR160,6.193981999861949e-4
A6,GPRC5A,9.703471006543506e-8
A6,GPS1,6.393362452347001e-7
A6,GPSM1,0.0024991461130501294
A6,GPX3,1
A6,GRB7,5.316681989529227e-30
A6,GRK3,1
A6,GSK3A,1.7498701924294587e-10
A6,GSTM3,0.011646858397059187
A6,GYPC,1
A6,HAGHL,9.804288761302083e-23
A6,HCFC1R1,1.2192996364702715e-16
A6,HCST,0.2914804918762059
A6,HDAC5,0.03824305941457041
A6,HDAC6,0.13965510970049247
A6,HELZ2,0.10657851732329222
A6,HES1,0.2638819558154286
A6,HLA-B,0.0729679769090767
A6,HLA-DMA,1
A6,HLA-DMB,1
A6,HLA-DOA,1
A6,HLA-DPA1,0.6475664632074131
A6,HLA-DPB1,0.466875665627549
A6,HLA-DRA,0.07885032914619046
A6,HLA-DRB1,1
A6,HMGB2,1.9654080636641235e-4
A6,HNRNPUL2,1.5251815804319053e-10
A6,HOOK3,1
A6,HPS6,1
A6,HSD17B1,0.6711417849439192
A6,HSPA4,8.622196527083752e-9
A6,HSPB1,0.02657927490751168
A6,HSPB11,0.17999833386671996
A6,HYI,1.327129091535449e-22
A6,IDH3G,0.20487608370676808
A6,IDUA,0.9631299313687292
A6,IER5L,5.751888703437654e-19
A6,IFI27,0.06930141887914139
A6,IFI27L1,1
A6,IFI44L,1
A6,IGFBP2,1.187567218567581e-4
A6,IGFBP4,0.017108498456503564
A6,IGHA1,0.3029840056991589
A6,IGHG3,0.5011692934217082
A6,IGHG4,1
A6,IGHM,1
A6,IGKC,0.3792505041066911
A6,IGLC2,1
A6,IGLC3,0.6982144278229926
A6,IKZF3,1
A6,IL10RA,1
A6,ILKAP,0.036144414889993585
A6,INAFM1,0.019310876475212884
A6,INPP4B,1
A6,INPP5D,1
A6,INPP5J,0.9240219543537459
A6,INTS8,0.0020878138567812367
A6,ISG15,0.21101259773039296
A6,ISLR,1
A6,ITGA5,1
A6,ITGB4,0.6627291015745869
A6,ITGB6,0.23023493531693212
A6,ITSN1,1
A6,JAG2,1
A6,JAK1,0.045338550296818665
A6,JAK3,0.03130253272701785
A6,JCHAIN,0.7684862421731696
A6,JMJD6,0.001269618590237436
A6,KAT6B,1
A6,KATNA1,0.023700005086994037
A6,KCNAB2,1
A6,KCTD10,0.5348208143488512
A6,KDM4B,1.3537516316196984e-7
A6,KIAA0895L,0.5896005986074051
A6,KIAA1211L,1
A6,KIAA1217,5.794438829839119e-4
A6,KIAA1468,1
A6,KIAA1715,1
A6,KIF13B,0.17719837121376011
A6,KIF2C,0.8770849497200379
A6,KLF9,4.6508083232944797e-4
A6,KMT2B,9.475792163988942e-11
A6,KMT2E,0.6540560520953798
A6,KPNB1,4.3430464034055727e-4
A6,KRAS,9.249396360597462e-5
A6,KRT10,2.078136005790883e-9
A6,KRT14,1
A6,KRT17,0.27504673913959954
A6,KRT5,1
A6,KRT8,2.371346529215178e-21
A6,KRT86,8.278689432130021e-7
A6,LAMB2,3.186548870617774e-5
A6,LAMTOR2,1.3700356327110594e-9
A6,LANCL1,7.25320357534019e-7
A6,LARP1B,0.8577348065231863
A6,LARP7,1
A6,LCK,1
A6,LCP1,1
A6,LGALS1,8.51314980807945e-4
A6,LIMCH1,0.0012055859767414888
A6,LIMK1,1.276972621244345e-12
A6,LINC00176,0.5569310016260266
A6,LINGO1,0.08632379699251544
A6,LLGL1,0.013162256622239937
A6,LMF1,0.627636574183962
A6,LMNA,7.2541859276865495e-25
A6,LRRC8A,0.03690803951597116
A6,LRWD1,5.878950748283886e-4
A6,LST1,0.481177045754011
A6,LTB4R,0.021921149209979587
A6,LTBP3,2.315301420692133e-13
A6,LTF,0.5836886780508723
A6,LUC7L,0.48697499797795796
A6,LUC7L3,0.019135241391198096
A6,LUM,0.5633530256978836
A6,LYL1,1
A6,MAGEF1,0.2509281440471318
A6,MAGI1,0.36812553886142346
A6,MAGOHB,0.07985160783371886
A6,MAP1S,0.09789983576402324
A6,MAP3K14,1
A6,MAP3K6,0.3544521226005133
A6,MAP4K2,1
A6,MAPK9,0.5059002565379759
A6,MAPKAPK5,0.012792485519000345
A6,MAPT,1
A6,MARS,1.027801132625514e-6
A6,MAVS,9.876651146813291e-7
A6,MCTS1,4.7083009803806935e-4
A6,MDM2,2.632808194942517e-6
A6,MED13L,1
A6,MED25,4.213276906296548e-12
A6,MELK,1
A6,MEN1,0.30051165947268005
A6,METTL12,0.7886045466456413
A6,METTL16,1
A6,MFAP4,0.32055183917082636
A6,MFSD3,2.6376048048531567e-5
A6,MFSD7,0.902053063350465
A6,MGMT,7.025770877727409e-6
A6,MGP,3.5048640114465885e-8
A6,MIA,1
A6,MIB2,0.003211611713420864
A6,MICAL1,1
A6,MICALL2,0.0010522507955280367
A6,MID1IP1,2.2393083549236083e-7
A6,MIF,2.960605080349748e-12
A6,MIIP,1.852197328515553e-10
A6,MKI67,6.404571065914817e-6
A6,MKNK1,1
A6,MLLT4,0.466875665627549
A6,MLPH,3.044408173114018e-7
A6,MLST8,1.60383971293877e-17
A6,MMP11,9.163691927925743e-7
A6,MMP9,1.8677983022261757e-6
A6,MORC2,3.0111756622858915e-6
A6,MPND,0.06080932050228851
A6,MPST,1.4351825439386371e-11
A6,MRPL2,1.7848480225075775e-6
A6,MRPL21,1.3972151913302381e-8
A6,MRPL23,2.0084854394381342e-10
A6,MRPL51,1.1290901807984553e-16
A6,MRPL54,0.012137903749120937
A6,MRPS22,0.011102630519688789
A6,MS4A6A,1
A6,MST1R,5.208971657779732e-6
A6,MTG2,0.021921149209979587
A6,MTMR12,1
A6,MUC1,7.831393375851487e-17
A6,MUCL1,1.75249962334308e-26
A6,MUS81,0.0017684407987256716
A6,MVP,0.16051261194691202
A6,MX2,1
A6,MYBL2,0.0018888720177970616
A6,MYC,3.0985779578401974e-9
A6,MYH10,1
A6,MYL12B,1.0595593042056434e-10
A6,MYL6B,0.35868870597575253
A6,MYL9,0.02271582499806949
A6,MYO1G,1
A6,MYO9B,5.149404682641766e-5
A6,MZT2A,4.999833312033389e-17
A6,NAA10,6.024829691882678e-5
A6,NANS,3.779842106350989e-7
A6,NAT1,1
A6,NCKAP1L,0.30051165947268005
A6,NCKAP5L,0.0019150456831953425
A6,NDC80,1
A6,NDRG1,2.5782646815251486e-16
A6,NDUFA1,1.692625835723715e-16
A6,NDUFA12,2.9213695024740242e-8
A6,NDUFB2,5.749177328942068e-17
A6,NDUFB3,0.0011663082710846242
A6,NDUFB9,9.72851585721411e-32
A6,NDUFC1,3.4934582677474778e-6
A6,NDUFS1,6.560072824373796e-8
A6,NDUFV3,1.807008902645851e-8
A6,NEBL,0.12251125086604212
A6,NEK7,1
A6,NELFE,9.390033394373252e-5
A6,NFATC4,2.9227475255149966e-4
A6,NFIC,1.7405351493562176e-13
A6,NINJ1,1.1058563704449687e-22
A6,NIT2,3.7358726198537605e-6
A6,NMRAL1,7.501500506786967e-20
A6,NR1H2,1.3417342477019812e-5
A6,NR4A1,1
A6,NRP1,0.8685675226084668
A6,NSMCE1,3.811128694796713e-7
A6,NTMT1,0.2487706955197135
A6,NUF2,0.019776287417029245
A6,NUP214,1
A6,NUP93,0.5633631944128122
A6,NXN,0.3451940242240971
A6,OASL,1
A6,OGFRL1,1
A6,OPTN,1
A6,ORC2,1
A6,ORC6,1
A6,OSBPL8,0.779424771737674
A6,P4HA2,0.26306101795916165
A6,PAF1,1
A6,PAFAH1B3,2.169870433969078e-5
A6,PAQR4,2.3492105729690787e-6
A6,PARN,4.2307476100228653e-4
A6,PCCB,7.06763136866534e-7
A6,PCIF1,0.009162408890746902
A6,PDCD5,0.0015315555486781845
A6,PDGFRA,1
A6,PDGFRB,0.14041008347756173
A6,PER1,1
A6,PEX11G,0.08466913326764548
A6,PEX14,0.0020779035994711627
A6,PGLS,6.005442338960238e-13
A6,PGR,1
A6,PHF11,0.16874408186200188
A6,PHF13,0.03963848566041858
A6,PHF21A,0.09811576467597458
A6,PHGDH,3.1219581934381792e-6
A6,PHKB,0.0676264120342232
A6,PIGQ,3.5497756335554444e-14
A6,PIH1D1,0.07835588959457782
A6,PILRA,0.6032417563064422
A6,PIM2,0.9058953665745052
A6,PITX1,3.486513701662946e-5
A6,PKNOX1,0.48434871702304644
A6,PLAC9,1
A6,PLEKHO2,0.6373539180402321
A6,PLIN2,1
A6,PLK1,1.1969838966845447e-5
A6,PLK2,0.011708515012629886
A6,PLLP,0.10705120750308643
A6,PLP2,9.738040424924765e-5
A6,PLPPR2,2.1735276204259984e-10
A6,PLSCR1,1
A6,PLTP,3.890949492742957e-9
A6,PLVAP,0.02945452610240525
A6,PLXNA1,0.1189371607751487
A6,PLXND1,4.1084570716425674e-10
A6,PMP22,1
A6,PNISR,1
A6,PNMT,0.12120713463233165
A6,PNP,1.2777707291326227e-8
A6,PNPLA6,1.2049520944054518e-7
A6,PODNL1,1
A6,PODXL,1
A6,POLR2E,6.713916550556455e-11
A6,POLR2J,3.3982639255633155e-14
A6,POR,2.545150120735808e-11
A6,POSTN,3.1418292137075657e-7
A6,PPHLN1,0.13655632874538734
A6,PPIB,5.297419413999045e-7
A6,PPIH,5.730252897457409e-9
A6,PPM1G,1.321143267777245e-6
A6,PPP1R1A,1.1013712635479153e-6
A6,PPP1R1B,0.6809787941634554
A6,PPP1R37,6.005442338960238e-13
A6,PRKAB1,0.0020536698907908327
A6,PRKCSH,1.948891035574268e-24
A6,PROSER1,2.2418823551814043e-5
A6,PRPF6,0.0012847964451276415
A6,PRPSAP1,5.206185904269231e-5
A6,PSCA,0.4007195371001713
A6,PSMD4,1.027801132625514e-6
A6,PSTPIP1,0.8675138643429189
A6,PTGDS,1
A6,PTOV1,7.860978551553259e-17
A6,PTP4A3,0.5591369005393997
A6,PTPRC,0.08355775195442693
A6,PTPRJ,0.06571676406691268
A6,PTRF,1.88026747939994e-4
A6,PTRH1,0.27020031968986363
A6,PTTG1,0.23853881046061134
A6,PUS3,0.28931834473843715
A6,PWP1,1.9514260997707225e-5
A6,PWWP2B,4.785637354624948e-10
A6,PXDN,9.475792163988942e-11
A6,PYURF,0.27020031968986363
A6,QSOX1,0.00437877994669891
A6,R3HDM2,6.109591386057745e-4
A6,RAB11FIP1,0.9038255929878717
A6,RAB3A,0.0025867711908002275
A6,RAB3GAP1,3.811128694796713e-7
A6,RAB3IL1,1
A6,RABGAP1L,0.3087692496242973
A6,RALBP1,1
A6,RALGAPA2,1
A6,RAMP2,1
A6,RAP1B,0.002353480073076695
A6,RARS2,1
A6,RASA2,1
A6,RASGRP2,0.6453392918636351
A6,RASSF3,1
A6,RBL1,0.007613690295637954
A6,RBM42,5.639447200004598e-11
A6,RECQL4,5.149404682641766e-5
A6,RECQL5,5.434343072912714e-8
A6,REEP6,2.7599135397766327e-5
A6,RGS1,0.09145571059493182
A6,RHOB,6.066058622371046e-10
A6,RIOK1,1
A6,RMND1,1
A6,RNASET2,3.1056094698226947e-7
A6,RND3,1
A6,RNF135,2.4082387494856158e-6
A6,RNF170,1
A6,RRAS,0.09093674347273897
A6,RRM2,1.3567539707331226e-5
A6,RSL1D1,4.1728348696312816e-20
A6,RSRP1,0.0019413562857277186
A6,RUVBL1,5.037918884104653e-6
A6,S100A14,2.315301420692133e-13
A6,S100A9,0.13461789436271307
A6,SAMM50,4.561073418497542e-7
A6,SASH1,6.294393500008484e-7
A6,SAT1,0.02187450456696007
A6,SCAF1,6.093515874801001e-11
A6,SCD,4.1359843873551916e-19
A6,SCNN1D,0.07580162870858786
A6,SCX,4.5654894744855454e-7
A6,SDHB,1.006644937019224e-5
A6,SEC14L2,0.7684862421731696
A6,SEC23A,1
A6,SEMA3B,1
A6,SEMA4B,6.170079525763553e-9
A6,SF3B4,0.00775818241894395
A6,SFRP1,1
A6,SFSWAP,1
A6,SGTA,5.669351808953767e-13
A6,SH3BP5L,0.06429122948816168
A6,SIGLEC1,0.08249878139239078
A6,SIGMAR1,1.1240956172925572e-13
A6,SLC16A2,0.5896005986074051
A6,SLC16A3,1.2323553192167401e-6
A6,SLC22A18,5.462996656140467e-5
A6,SLC25A24,1
A6,SLC2A1,4.234149699230878e-19
A6,SLC2A8,1
A6,SLC35A2,3.8185649175879264e-8
A6,SLC39A6,4.7461526734868546e-8
A6,SLC43A1,0.28561237776822096
A6,SLC4A5,0.0021253935336541818
A6,SLC8B1,0.19020495803501694
A6,SLC9A3R2,4.108696833906678e-7
A6,SLC9A8,1
A6,SLFN13,0.29595597435487797
A6,SLPI,3.7385514984341486e-10
A6,SMCHD1,1
A6,SMG9,0.0010272140582054594
A6,SMYD2,1
A6,SNAPC3,1
A6,SNF8,4.651430140520926e-14
A6,SNRPD3,1.721727887942737e-8
A6,SNTA1,1
A6,SNX33,1.1263878525524327e-5
A6,SNX8,0.03266340590456432
A6,SOD3,1
A6,SOS2,0.19011039076088207
A6,SOX4,0.06473004654779468
A6,SP6,0.027490990609226575
A6,SPAG9,1
A6,SPARC,6.170079525763553e-9
A6,SPIN1,1
A6,SPSB1,0.09539843576390204
A6,SRGN,1
A6,SRPX2,1
A6,SRR,0.06473004654779468
A6,SRRT,2.01241082994326e-8
A6,SRSF1,7.885059360371005e-10
A6,SRSF5,1.2288297378990024e-6
A6,SSSCA1,0.2759389153550566
A6,STAMBP,0.6384754076103591
A6,STAT5A,1
A6,STK17A,1
A6,STK4,0.5024588225375692
A6,STMN1,0.005036018343232158
A6,STRN3,1
A6,STT3A,9.715539034658506e-8
A6,SUGP1,1
A6,SURF1,0.17999833386671996
A6,SVIL,1
A6,SYDE1,0.045737322044602555
A6,SYK,0.16758836842129013
A6,TACC3,1
A6,TANC2,1
A6,TARBP1,1
A6,TAX1BP1,5.1773691254686785e-5
A6,TAX1BP3,0.004866418080889602
A6,TBC1D10A,0.0017760816693159433
A6,TBC1D23,1
A6,TBCA,0.05412481104017696
A6,TBXAS1,1
A6,TCEA2,0.5569310016260266
A6,TCEA3,9.448985889192346e-10
A6,TCF25,1.907365443422011e-10
A6,TDRD3,1
A6,TESK1,0.001220696335978802
A6,TESMIN,1
A6,TEX10,3.1259871989896146e-7
A6,TEX2,0.2914804918762059
A6,TFF3,0.0029593285575304534
A6,TGFBR2,1
A6,THBS1,9.882605455479638e-5
A6,THOC5,0.029455226132128524
A6,THOC6,0.004866418080889602
A6,TIGD5,3.377763140885632e-7
A6,TIMP1,5.695314432704232e-6
A6,TJP3,1.648626817413017e-5
A6,TM7SF2,2.6810609465939986e-14
A6,TMBIM6,3.2858179582397826e-12
A6,TMEM101,1
A6,TMEM123,1.2772747219414924e-9
A6,TMEM14B,2.8713991123559752e-6
A6,TMEM160,3.353431054426313e-11
A6,TMEM184A,1.4010433975970035e-5
A6,TMEM259,3.3982639255633155e-14
A6,TMEM45B,1.706994970595484e-9
A6,TMEM86A,1.5573833825035068e-11
A6,TMX1,0.002589784113917748
A6,TNC,0.09789983576402324
A6,TNFRSF14,0.8087442984520421
A6,TNFRSF21,1
A6,TNFRSF4,1
A6,TNNT1,4.183642845005395e-6
A6,TOM1L2,1.0248047853625238e-5
A6,TP53I3,1
A6,TPM2,0.09013684065591811
A6,TRAC,1
A6,TRAF5,0.6521628299202324
A6,TRAP1,1.1223196305130968e-17
A6,TRAPPC4,9.671575034834918e-4
A6,TRIM14,0.2805353586776017
A6,TRIM22,1
A6,TRIM25,0.03851255031892712
A6,TRIM47,1
A6,TSPAN33,0.10244171374685541
A6,TSR2,0.18512384750234465
A6,TTC31,0.02740235475383778
A6,TTI1,0.005563048436980406
A6,TXN2,1.085025109429379e-10
A6,TXNDC17,8.476288573638471e-13
A6,TXNRD2,5.973765280469019e-12
A6,TYMS,0.03690803951597116
A6,TYROBP,1
A6,UBA52,1.1669737554928558e-24
A6,UBA6,0.005861928468626489
A6,UBAP2L,2.5040797653582455e-8
A6,UBE2C,0.7097246380518388
A6,UBE2T,2.1850335485657395e-5
A6,UBE2W,0.302699261268392
A6,UBL7,0.029973202563784437
A6,UBR2,9.405935237798091e-5
A6,UBXN1,4.758464881916944e-5
A6,UCK1,0.03822574306152575
A6,UFD1L,2.545150120735808e-11
A6,UQCRC1,3.671221046424649e-18
A6,UXS1,6.031139653080288e-6
A6,UXT,9.637691300894942e-6
A6,VARS,2.1735276204259984e-10
A6,VAV1,1
A6,VCAM1,1
A6,VEGFB,4.7141229818684245e-6
A6,VIM,0.0035974695398112333
A6,VPS13D,1.2655035703792136e-5
A6,VPS45,0.10903517673286013
A6,VWF,0.7739342827238335
A6,WDFY3,0.06931592935098341
A6,WDR13,2.376846421670372e-10
A6,WDR34,6.864645317737597e-16
A6,WDR46,1.742895486648003e-17
A6,WDR73,4.608800631620288e-5
A6,WDR74,1.7131822842728296e-8
A6,WIPF1,0.9116983520456878
A6,XAB2,2.545150120735808e-11
A6,XIAP,1
A6,XPO6,3.571558347670443e-8
A6,YIPF4,5.889354953946354e-4
A6,YTHDC1,0.011108528244281584
A6,ZDHHC12,2.1735276204259984e-10
A6,ZFAND3,4.2995285616571136e-5
A6,ZFP36,0.24980912678794606
A6,ZFPL1,0.16403267176090713
A6,ZFR,0.13145850576771492
A6,ZG16B,0.04200217269789938
A6,ZMAT5,0.03826763944406303
A6,ZMYND19,1.7405351493562176e-13
A6,ZMYND8,0.779424771737674
A6,ZNF217,2.867494838791272e-4
A6,ZNF337,0.002597784682307357
A6,ZNF33B,0.7436166573449593
A6,ZNF362,1
A6,ZNF524,5.4062779377594965e-6
A6,ZNF592,1
A6,ZNF644,1.1257566291521952e-7
A6,ZNF668,0.001628343955627784
A6,ZNF771,0.570900095641942
A6,ZNF787,2.315301420692133e-13
A6,ZNF791,1
A6,ZNF83,0.03662843046739084
A6,ZNF91,1
A6,ZNRF1,0.15022035498284425
A6,ZSWIM8,0.0025383412604031916
B1,A2M,1.0349664694078507e-19
B1,AAMDC,0.9215594768930743
B1,ABCA3,3.7981412012435373e-5
B1,ABCA7,2.1177928568424884e-6
B1,ABCF3,8.651549667450997e-13
B1,ABHD14A,0.014404940916233679
B1,ABHD4,3.1201565964504234e-5
B1,ACAA1,2.5885045222738234e-12
B1,ACER3,1
B1,ACTR3B,0.006017419081962783
B1,ADAM15,2.1327759112290067e-14
B1,ADCY3,0.001661731687248386
B1,ADI1,4.288301432177789e-10
B1,AEBP1,6.082695538814075e-17
B1,AES,1.129946972577326e-27
B1,AGAP2,2.6239287873269855e-4
B1,AGO2,0.0026653662395816854
B1,AGPAT2,5.775664695969226e-16
B1,AGR2,9.066292812001549e-20
B1,AHCY,9.694435960131848e-14
B1,AKAP9,0.010820142008563507
B1,AKR1A1,4.962443299083511e-16
B1,AKT1S1,8.818820682958691e-18
B1,ALDH16A1,5.4301832245696646e-14
B1,ALG3,2.250261187023933e-11
B1,ANGPTL4,0.5560446941046525
B1,ANKLE2,7.038760444020905e-13
B1,ANKRD12,4.928728643209788e-4
B1,ANKRD28,1.6058088312128802e-7
B1,ANLN,0.0021250015515717
B1,ANO10,0.04788650648989866
B1,AP5B1,0.049174956908444076
B1,AP5Z1,2.7012934090212692e-8
B1,APBA2,0.014682946471089713
B1,APBB2,0.0195406844894001
B1,APOBEC3G,1.2249366720490997e-10
B1,APOC1,2.697727196439326e-21
B1,AQP1,5.95357803508514e-4
B1,ARF5,1
B1,ARF6,2.732782948869804e-10
B1,ARFGEF2,7.086384490161286e-6
B1,ARHGAP10,0.3923924005841732
B1,ARHGAP4,6.907737078170516e-12
B1,ARHGAP45,5.161772779418048e-17
B1,ARHGAP5,5.4553553819751155e-6
B1,ARHGEF10L,0.015110836154764851
B1,ARHGEF3,3.876660602439812e-6
B1,ARHGEF40,0.0013828378241120753
B1,ARID1B,0.0020755892856001933
B1,ARID3A,0.7351129285567994
B1,ARID4A,0.002665620702944272
B1,ARID5A,1.7783165813587558e-12
B1,ARID5B,0.010310062876267467
B1,ARNT,8.681645048057486e-6
B1,ASCL2,3.021070650499431e-5
B1,ASH2L,7.551656013486456e-10
B1,ASL,9.644802503133196e-7
B1,ASMTL,6.272044373425474e-6
B1,ASNA1,4.217979780920711e-24
B1,ASNS,0.014826511286902646
B1,ATAD1,0.10597658085252155
B1,ATF6B,0.7895848701720991
B1,ATG12,3.927922347546957e-11
B1,ATG16L2,4.5030190448250204e-4
B1,ATL2,0.03233044413349091
B1,ATP5H,9.694435960131848e-14
B1,ATP5O,1.2359350270653916e-21
B1,ATP6AP1,1.356663639980233e-25
B1,ATP6V0D1,7.614567591561078e-14
B1,AURKAIP1,3.1806989913846965e-17
B1,AVEN,0.5634025570546264
B1,BABAM1,6.213088066786213e-17
B1,BAD,1.0729147247483188e-16
B1,BAG1,4.892154812188081e-21
B1,BAIAP3,0.0012338730828069101
B1,BCAM,8.190556639258359e-18
B1,BCL2,1.998089021478119e-9
B1,BCL2L12,2.644834057227606e-6
B1,BGN,1.8160315959531728e-19
B1,BICDL1,5.66602374495037e-10
B1,BIN3,2.0563413153598882e-7
B1,BIRC2,6.545789942614934e-4
B1,BIRC5,5.5588955537637174e-9
B1,BLVRA,3.651888951955969e-15
B1,BOK,8.024396978648961e-8
B1,BOLA3,1.2199532807516453e-4
B1,BRD9,2.300139005074106e-19
B1,BRF1,7.292788525271937e-4
B1,BRF2,6.649817559886106e-11
B1,BRK1,1.4453043860705928e-6
B1,BRPF1,0.006022304811977176
B1,BSG,1.3160672321737631e-17
B1,BST2,7.311762717407894e-27
B1,BTG1,5.105184780630726e-17
B1,C10orf10,2.4814864022234523e-6
B1,C10orf54,1.446848590727374e-12
B1,C12orf45,1.2506378154906207e-8
B1,C15orf61,0.7751695159002553
B1,C19orf24,3.0432498593609504e-10
B1,C19orf52,3.41220883305095e-8
B1,C19orf60,2.7204175471113196e-11
B1,C1QB,8.30242924190745e-25
B1,C1R,3.7848512610184977e-17
B1,C1S,4.760289035512456e-11
B1,C1orf216,1
B1,C2,5.956360706463647e-9
B1,C2CD2L,5.145550237879993e-4
B1,C3,4.5633713058922314e-21
B1,C4orf48,2.1801443173517844e-10
B1,C5orf38,8.533492453985716e-6
B1,C6orf136,1.5987075036244712e-4
B1,C6orf48,4.5070749306993226e-11
B1,CADM4,2.133383329679036e-16
B1,CALML5,1
B1,CAMTA2,9.809918056081449e-10
B1,CAPG,4.7831186661185804e-18
B1,CARS2,5.199144296807315e-12
B1,CBLC,1
B1,CCDC106,6.276700786481944e-15
B1,CCDC167,5.28117720621991e-6
B1,CCDC57,1.5987075036244712e-4
B1,CCDC80,1.388056148257565e-4
B1,CCDC88B,3.656668743690528e-9
B1,CCL19,4.243532012165088e-13
B1,CCL2,1.5143710272970654e-11
B1,CCL21,0.11291502351341903
B1,CCM2,6.138820691929875e-24
B1,CCNB1,9.005990739440545e-6
B1,CCNB1IP1,3.155070553652518e-4
B1,CCNE1,0.0051110139029594305
B1,CCNE2,1.2338729729554832e-9
B1,CCS,2.200329899367482e-13
B1,CCT4,7.385606762707045e-20
B1,CD14,3.4103058230009584e-18
B1,CD320,5.158409617192571e-6
B1,CD3D,1.3246749719125804e-8
B1,CD4,3.578549786184753e-10
B1,CD52,1.262823671179954e-16
B1,CD68,2.570336082929274e-19
B1,CD74,3.8855342635792556e-25
B1,CD79A,5.671717386528294e-10
B1,CDC20,1.265915087570702e-11
B1,CDC6,0.0012404076249199032
B1,CDH11,0.031121296217848246
B1,CDH3,0.025153536217414906
B1,CDK5RAP1,0.003664528962053076
B1,CENPF,1.796753062204175e-6
B1,CEP250,0.004450641314308662
B1,CEP55,0.001132810331640558
B1,CERCAM,1
B1,CERS5,0.010752510153329639
B1,CES2,0.0013653410894717238
B1,CFAP36,3.4258700765634983e-4
B1,CFDP1,5.215466291421779e-8
B1,CGGBP1,1.055304944704259e-5
B1,CHCHD6,0.01303165715674707
B1,CHD1,3.4879273372407052e-6
B1,CHD6,2.8221399825950898e-5
B1,CHFR,5.140468672506752e-9
B1,CHST11,3.4258700765634983e-4
B1,CIR1,1
B1,CLASRP,1.0211282057509486e-9
B1,CLDN3,7.939538999455161e-16
B1,CLDN4,1.468215301208374e-14
B1,CLU,1.026554422237096e-10
B1,CNN2,8.938158092926363e-22
B1,COL14A1,1
B1,COL3A1,5.650096751951528e-17
B1,COL4A1,1.3644368887746826e-15
B1,COL6A2,4.711442339466444e-22
B1,COL8A2,0.022835994111089847
B1,COMMD1,6.545789942614934e-4
B1,COMP,4.0607956152981414e-9
B1,COPS7A,1.6100088378766523e-11
B1,COQ4,5.428120596075015e-10
B1,CORO1A,1.1150738093045382e-8
B1,CORO1B,4.717908766011401e-19
B1,CORO2A,0.015368353167865518
B1,CORO7,2.8459424836494935e-17
B1,COX5A,7.151078693983756e-9
B1,CPNE1,3.789611374674651e-17
B1,CPSF1,0.0010810119645706618
B1,CPVL,7.170952063293786e-10
B1,CRABP2,9.558080952132262e-15
B1,CRACR2B,3.467237776926826e-21
B1,CRELD2,4.4331047024150643e-13
B1,CROCC,0.0010699046175690204
B1,CSF1,5.055109773433196e-12
B1,CSF1R,7.576557746340755e-18
B1,CTDSPL,2.1604407345603098e-8
B1,CTIF,1.468215301208374e-14
B1,CTSK,1.0990539095928601e-8
B1,CTU2,1.759866774422258e-5
B1,CUTC,1.053225710364306e-5
B1,CUX1,9.959393793196804e-12
B1,CX3CL1,2.0432531904689524e-6
B1,CXCL10,7.605108501385225e-13
B1,CXXC5,2.079693039026448e-26
B1,CYP27A1,1.052046169767864e-7
B1,DAPK3,8.721809983367599e-19
B1,DCAF6,2.445695752546033e-10
B1,DCXR,9.403421403173952e-16
B1,DDAH1,4.529574575252768e-4
B1,DDB2,2.736069375750846e-7
B1,DDIT3,1.5129920763439185e-6
B1,DDRGK1,7.24465410508408e-11
B1,DDT,7.179949571134366e-16
B1,DEAF1,1.3134578829740932e-7
B1,DENND1A,1.2614986746677717e-5
B1,DERL3,0.0016302912267161381
B1,DESI1,1.7044496084529746e-11
B1,DHX16,0.0025044723504814748
B1,DLG1,1.2057339105493846e-4
B1,DMAP1,2.4173502111614345e-5
B1,DNAJB2,1.3082566720178185e-15
B1,DNAJC1,1.6740426588539984e-11
B1,DNAJC7,4.750765100107705e-12
B1,DOCK6,1.1362828698857238e-11
B1,DPH3,0.00239795441337889
B1,DPM2,2.0837858437580374e-19
B1,DPP7,6.6003803787107186e-18
B1,DPP9,1.162280205886815e-13
B1,DPYSL3,3.874954638200758e-12
B1,DVL1,8.928652174157461e-8
B1,EBAG9,0.03559878970317008
B1,ECHDC2,1
B1,ECM1,4.154369363514333e-21
B1,EFEMP2,1.3202260045694619e-7
B1,EFHD2,1.8155350498813228e-14
B1,EGFR,1
B1,EIF1AD,0.003664528962053076
B1,EIF3B,7.995020114305061e-26
B1,EIF3F,0.0135826449417829
B1,EIF3G,7.619785988941425e-20
B1,ELN,1
B1,ELOF1,9.694435960131848e-14
B1,EMC3,1.9610403408669923e-12
B1,ENPP1,4.717342139531334e-12
B1,EPHB3,8.657375528907734e-10
B1,ERAL1,5.803805898651501e-7
B1,ERBB2,1.5571151114046078e-27
B1,ERI3,4.655580603802802e-18
B1,ERMP1,7.958198901247148e-4
B1,ESR1,2.1327759112290067e-14
B1,ETFB,2.0947025101829594e-18
B1,EVA1B,5.982377578855422e-19
B1,EXD3,0.04306128210442493
B1,EXO1,0.0013653410894717238
B1,EXOC5,2.0092109496395515e-10
B1,EXOSC1,3.330243104093961e-4
B1,EXOSC10,1.8856863190682252e-11
B1,EXOSC2,5.95862178991794e-6
B1,EZH2,6.853725512591444e-8
B1,FAAH,1.3731515534187855e-6
B1,FADS2,3.0688921884212897e-19
B1,FAH,8.153846202710798e-12
B1,FAIM2,4.3932353797928466e-5
B1,FAM102A,1.162280205886815e-13
B1,FAM117A,2.0699203085118664e-11
B1,FAM118A,5.689490625906239e-4
B1,FAM160B1,6.912685555119219e-7
B1,FAM173A,6.531986937471912e-12
B1,FAM193B,1.3557542950836946e-18
B1,FAM213B,1.1943419987841344e-7
B1,FAM3A,3.379102266984833e-9
B1,FAM45A,0.03354898364080114
B1,FAP,0.630592267014609
B1,FARP1,7.49875640297335e-19
B1,FARSB,1.395345796710407e-10
B1,FASN,1.66928562900384e-24
B1,FBF1,0.0017790588983423593
B1,FBLN2,8.441511694941864e-9
B1,FCER1G,2.4030396284245365e-15
B1,FDPS,3.7848512610184977e-17
B1,FGFR1,0.0813887306737604
B1,FGFR4,8.317231748905539e-7
B1,FKBP10,0.004619387833049536
B1,FKBP8,3.4475108320441577e-19
B1,FLNA,3.945431552999641e-30
B1,FN1,5.8143311289478606e-21
B1,FNBP4,2.263512239454778e-5
B1,FOXA1,7.614567591561078e-14
B1,FOXC1,1
B1,FOXP4,6.199788726793763e-15
B1,FSTL1,3.787270014099148e-8
B1,FSTL3,2.2238769578839088e-11
B1,FUOM,1.6399297128098858e-10
B1,FUS,5.804188763146246e-16
B1,FZD2,6.237408318923117e-6
B1,GALK1,4.507678835873003e-5
B1,GANAB,1.4547932752413875e-18
B1,GAR1,1.1071887836267772e-9
B1,GAS6,3.028605554062117e-13
B1,GATA3,1.0259340107507488e-15
B1,GATC,1.3757721155767358e-13
B1,GBP1,1.162280205886815e-13
B1,GBP2,1.0372046997565273e-10
B1,GBP3,1.0927535666993607e-11
B1,GBP4,3.391253807774517e-7
B1,GBP5,5.2515010550280425e-15
B1,GEMIN4,0.0011123494624558504
B1,GLCCI1,9.87647883562766e-6
B1,GLG1,9.255089334481016e-11
B1,GLTSCR2,7.372703499045745e-16
B1,GMFG,3.972738417500476e-10
B1,GMPPA,4.300689509884391e-12
B1,GNAI2,2.6405366815039714e-24
B1,GNAS,2.8028911533834125e-27
B1,GNL2,2.466817957899852e-7
B1,GPR108,6.1275631707375686e-9
B1,GPR160,3.754155280644049e-8
B1,GPRC5A,4.9854851392983546e-21
B1,GPS1,5.301851928138824e-12
B1,GPSM1,1.2384144651883682e-6
B1,GPX3,1.943731975538792e-5
B1,GRB7,4.214115341921651e-23
B1,GRK3,3.204916771114387e-8
B1,GSK3A,3.4789036745590905e-8
B1,GSTM3,2.4721533463974493e-16
B1,GYPC,2.4033758579239784e-13
B1,HAGHL,1.0349664694078507e-19
B1,HCFC1R1,4.0789731144162685e-23
B1,HCST,6.522891568958229e-13
B1,HDAC5,4.408910696060791e-5
B1,HDAC6,0.01069344410319579
B1,HELZ2,2.9505334595957024e-11
B1,HES1,0.0016689400729692216
B1,HLA-B,1.6497542273721864e-30
B1,HLA-DMA,3.1989172836606835e-17
B1,HLA-DMB,5.4301832245696646e-14
B1,HLA-DOA,5.22504546153233e-10
B1,HLA-DPA1,1.0856891812263483e-23
B1,HLA-DPB1,3.4215887265672296e-19
B1,HLA-DRA,5.632069202732956e-23
B1,HLA-DRB1,1.273521578853476e-21
B1,HMGB2,2.1327759112290067e-14
B1,HNRNPUL2,1.1516663394109087e-24
B1,HOOK3,0.35970641747926474
B1,HPS6,0.017262792392165074
B1,HSD17B1,0.3871432572172548
B1,HSPA4,3.2424834781875277e-20
B1,HSPB1,1.6067438468641804e-24
B1,HSPB11,1.8250078737894727e-5
B1,HYI,6.973324893203573e-6
B1,IDH3G,4.9572160154003554e-8
B1,IDUA,0.024700361590818436
B1,IER5L,1.0183043030989077e-16
B1,IFI27,1.0713127500578186e-21
B1,IFI27L1,0.010135707187529505
B1,IFI44L,0.005735762912561838
B1,IGFBP2,2.549419917480448e-17
B1,IGFBP4,1.6497542273721864e-30
B1,IGHA1,4.374518617325729e-8
B1,IGHG3,1.2970620186006386e-6
B1,IGHG4,0.17002785834375014
B1,IGHM,7.614567591561078e-14
B1,IGKC,1.3948762744822403e-16
B1,IGLC2,7.83936989842183e-8
B1,IGLC3,1.0240363257851569e-7
B1,IGLC7,0.22796620857789757
B1,IKZF3,5.2336011828591716e-8
B1,IL10RA,1.1099466986102324e-12
B1,ILKAP,0.053101102512653486
B1,INAFM1,1.4136472874526414e-8
B1,INPP4B,1.1735533109551555e-5
B1,INPP5D,7.614567591561078e-14
B1,INPP5J,6.256880938223024e-6
B1,INTS8,7.004664467854155e-8
B1,ISG15,1.3024196276855056e-10
B1,ISLR,2.466817957899852e-7
B1,ITGA5,0.020805393003360432
B1,ITGB4,4.460846970275371e-4
B1,ITGB6,0.006171922794803434
B1,ITSN1,5.1990137139268e-4
B1,JAG2,0.001084650746631459
B1,JAK1,4.315935311704316e-5
B1,JAK3,7.741203311083521e-11
B1,JCHAIN,9.109980585022803e-6
B1,JMJD6,5.2182053383449575e-6
B1,KAT6B,1.8689508246811746e-7
B1,KATNA1,9.022568830537277e-7
B1,KCNAB2,1.3587447102366217e-5
B1,KCTD10,1.8196427126522339e-9
B1,KDM4B,3.3028355351545397e-20
B1,KIAA0895L,9.354807611543044e-6
B1,KIAA1211L,0.002435848290613284
B1,KIAA1217,1.3539597649358708e-5
B1,KIAA1468,2.8833503802191642e-5
B1,KIAA1715,0.001661731687248386
B1,KIF13B,0.6121199234137189
B1,KIF2C,0.010754248291802205
B1,KLF9,0.0013349552650753936
B1,KMT2B,2.8459424836494935e-17
B1,KMT2E,0.07644137829852418
B1,KPNB1,1.1081808542826309e-10
B1,KRAS,4.1765657662852694e-7
B1,KRT10,5.2882178718923214e-11
B1,KRT14,0.045151733973660374
B1,KRT17,0.001031620686090339
B1,KRT5,0.05324580942943332
B1,KRT8,8.329674808855508e-13
B1,KRT86,0.2681964158256165
B1,LAMB2,2.727161122320515e-8
B1,LAMTOR2,5.4301832245696646e-14
B1,LANCL1,0.004044973247993902
B1,LARP1B,0.0016965256651387754
B1,LARP7,0.0024631710727441238
B1,LCK,2.6097990298197754e-8
B1,LCP1,2.3025134523797742e-15
B1,LGALS1,1.8751852807471193e-24
B1,LIMCH1,1
B1,LIMK1,1.942934775401595e-9
B1,LINC00176,1.12563173092642e-14
B1,LINGO1,1
B1,LLGL1,0.09444167019971193
B1,LMF1,0.040862425785746545
B1,LMNA,4.836454224882199e-23
B1,LRRC8A,1.4723244431247784e-6
B1,LRWD1,0.007325015554364959
B1,LST1,1.408015826257468e-9
B1,LTB4R,4.202463215528349e-4
B1,LTBP3,1.357440272546179e-11
B1,LTF,3.4258700765634983e-4
B1,LUC7L,4.389338744736282e-4
B1,LUC7L3,6.3243748750285744e-18
B1,LUM,1.8155350498813228e-14
B1,LYL1,2.4008909306940635e-6
B1,MAGEF1,7.669299096005714e-7
B1,MAGI1,1
B1,MAGOHB,4.086500578411109e-6
B1,MAP1S,3.8498195433911434e-7
B1,MAP3K14,7.718299198119453e-4
B1,MAP3K6,7.226835388385808e-7
B1,MAP4K2,0.009538057043664953
B1,MAPK9,1.4251614860325047e-5
B1,MAPKAPK5,2.8570706758137684e-9
B1,MAPT,2.818176221183566e-10
B1,MARS,8.810500214905561e-13
B1,MAVS,1.763009075192371e-9
B1,MCTS1,2.4849123622861224e-5
B1,MDM2,2.712738464531738e-10
B1,MED13L,2.528929240051732e-8
B1,MED25,1.4698626531003816e-8
B1,MELK,0.0028557205957707825
B1,MEN1,5.152622350444888e-4
B1,METTL12,3.0739268411908765e-6
B1,METTL16,1.2723435387994012e-5
B1,MFAP4,1.958571957023297e-4
B1,MFSD3,0.0011465638489686703
B1,MFSD7,1
B1,MGMT,0.4914957436671489
B1,MGP,0.05107000705740708
B1,MIA,1
B1,MIB2,1.2374428783461963e-7
B1,MICAL1,1.4788952903373506e-17
B1,MICALL2,1.1141181263643727e-10
B1,MID1IP1,1.468215301208374e-14
B1,MIF,0.06873299701363988
B1,MIIP,6.3119830658405436e-9
B1,MKI67,4.232610992547035e-17
B1,MKNK1,3.3057267385021803e-5
B1,MLLT4,0.029000712203384776
B1,MLPH,2.4187370572480185e-19
B1,MLST8,1.12563173092642e-14
B1,MMP11,3.5848070751721607e-9
B1,MMP9,2.4622439735029035e-16
B1,MORC2,2.1133764768713216e-7
B1,MPND,0.0010699046175690204
B1,MPST,1.162280205886815e-13
B1,MRPL2,2.4287415306174923e-6
B1,MRPL21,2.1327759112290067e-14
B1,MRPL23,2.3571102501682128e-7
B1,MRPL51,1.1256432785407717e-20
B1,MRPL54,2.3101704828749708e-5
B1,MRPS22,4.507678835873003e-5
B1,MS4A6A,4.621014474329514e-13
B1,MST1R,1.6763872564154185e-10
B1,MTG2,5.944279338204352e-9
B1,MTMR12,0.09279561003737383
B1,MUC1,2.4954969704584032e-26
B1,MUCL1,7.962208754758493e-7
B1,MUS81,7.038760444020905e-13
B1,MVP,6.181615257583509e-29
B1,MX2,9.440580984979032e-6
B1,MYBL2,1.262823671179954e-16
B1,MYC,1.818364258667388e-11
B1,MYH10,1
B1,MYL12B,3.404691246173418e-26
B1,MYL6B,0.0010909965570806688
B1,MYL9,9.599581800135267e-10
B1,MYO1G,1.426108505617933e-6
B1,MYO9B,5.8072554504821036e-12
B1,MZT2A,5.0839204220290594e-26
B1,NAA10,1.028303938429316e-19
B1,NANS,3.188313236759814e-10
B1,NAT1,1.054475406382506e-15
B1,NCKAP1L,1.2893356053800498e-8
B1,NCKAP5L,0.5933824735556246
B1,NDC80,0.05278924023188022
B1,NDRG1,9.558080952132262e-15
B1,NDUFA1,1.0349664694078507e-19
B1,NDUFA12,3.313578407914649e-12
B1,NDUFB2,2.970364244263173e-20
B1,NDUFB3,5.174982243479906e-13
B1,NDUFB9,8.30242924190745e-25
B1,NDUFC1,7.323404750915852e-4
B1,NDUFS1,1.0600519760299545e-8
B1,NDUFV3,3.4992261168921416e-9
B1,NEBL,1.964215902904733e-9
B1,NEK7,7.718299198119453e-4
B1,NELFE,1.8196427126522339e-9
B1,NFATC4,7.142195180625439e-12
B1,NFIC,1.0729147247483188e-16
B1,NINJ1,1.0183043030989077e-16
B1,NIT2,5.092051501514704e-6
B1,NMRAL1,5.560232601903782e-13
B1,NR1H2,3.5757011293511905e-10
B1,NR4A1,5.782165161236749e-8
B1,NRP1,1.001037496407307e-7
B1,NSMCE1,7.771097723969009e-13
B1,NTMT1,9.019441560825954e-4
B1,NUF2,6.546929200589139e-6
B1,NUP214,1.7444938683901573e-8
B1,NUP93,7.225437653248335e-8
B1,NXN,0.1985554510144709
B1,OASL,9.564727249250285e-8
B1,OGFRL1,0.01721928564456748
B1,OPTN,3.005782166641588e-8
B1,ORC2,0.022872752725672883
B1,ORC6,3.483823952625586e-4
B1,OSBPL8,0.03437650854069828
B1,P4HA2,0.0046706988564580755
B1,PAF1,0.025807446272611632
B1,PAFAH1B3,7.631058152532396e-10
B1,PAQR4,1.1992428129421441e-15
B1,PARN,0.0011010329417669301
B1,PCCB,9.124785848287557e-10
B1,PCIF1,3.595679294406647e-8
B1,PDCD5,1.2349481503579134e-9
B1,PDGFRA,0.4060336312278485
B1,PDGFRB,4.243532012165088e-13
B1,PER1,1.2149657530718043e-5
B1,PEX11G,0.04307324286173585
B1,PEX14,0.0065829608386329674
B1,PGLS,2.2404656538373278e-20
B1,PGR,3.3456158603169455e-6
B1,PHF11,3.0674625768952683e-4
B1,PHF13,0.001661731687248386
B1,PHF21A,2.7467695511075005e-4
B1,PHGDH,2.8816586773932023e-4
B1,PHKB,1.0916110402728611e-10
B1,PIGQ,5.4301832245696646e-14
B1,PIH1D1,6.1275631707375686e-9
B1,PILRA,0.002408915262878806
B1,PIM2,3.521128682369154e-11
B1,PITX1,9.036499011953697e-8
B1,PKNOX1,2.7577423598028453e-5
B1,PLAC9,1
B1,PLEKHO2,3.481335250287897e-14
B1,PLIN2,7.859520421123583e-4
B1,PLK1,2.545831052820549e-10
B1,PLK2,5.026468315652644e-8
B1,PLLP,5.06572404194196e-4
B1,PLP2,7.267925467134664e-15
B1,PLPPR2,8.651549667450997e-13
B1,PLSCR1,3.6018997058830795e-8
B1,PLTP,5.849891874225395e-22
B1,PLVAP,4.201293348229372e-10
B1,PLXNA1,3.045827036624431e-12
B1,PLXND1,7.223742281504998e-23
B1,PMP22,2.6532747943265617e-12
B1,PNISR,0.039276358532763234
B1,PNMT,5.837298668559851e-19
B1,PNP,7.776981246172264e-4
B1,PNPLA6,8.370943756473632e-10
B1,PODNL1,1
B1,PODXL,2.8105178087447878e-5
B1,POLR2E,1.1998506659235772e-18
B1,POLR2J,2.133383329679036e-16
B1,POR,1.12563173092642e-14
B1,POSTN,3.1494359310894656e-14
B1,PPHLN1,3.577320069537609e-8
B1,PPIB,5.512684364993959e-10
B1,PPIH,1.59157026017908e-7
B1,PPM1G,1.4164613889028811e-16
B1,PPP1R1A,1
B1,PPP1R1B,3.369127931688262e-21
B1,PPP1R37,1.7003872672401762e-9
B1,PRKAB1,3.702978180593891e-8
B1,PRKCSH,1.3735682029386437e-24
B1,PROSER1,1.2970108060509868e-6
B1,PRPF6,7.72870518147697e-17
B1,PRPSAP1,6.54205562471713e-7
B1,PSCA,1
B1,PSMD4,3.4992261168921416e-9
B1,PSTPIP1,1.2964294793729842e-10
B1,PTGDS,1.917493983625639e-15
B1,PTOV1,2.3492767118323384e-19
B1,PTP4A3,0.034234420148994464
B1,PTPRC,4.6113337029076875e-9
B1,PTPRJ,2.556754788363922e-6
B1,PTRF,3.020592865352157e-12
B1,PTRH1,0.0038136952338756365
B1,PTTG1,6.383584374963275e-7
B1,PUS3,0.2257892236669953
B1,PWP1,1.2226956533669168e-8
B1,PWWP2B,7.275064077951067e-15
B1,PXDN,2.0803674296323734e-8
B1,PYURF,2.149575876772385e-5
B1,QSOX1,4.836454224882199e-23
B1,R3HDM2,1.346478641072308e-6
B1,RAB11FIP1,1.468215301208374e-14
B1,RAB3A,1.7663759469922286e-12
B1,RAB3GAP1,5.386036014761305e-11
B1,RAB3IL1,0.018410992366826168
B1,RABGAP1L,5.3429806154590355e-5
B1,RALBP1,0.0014028243054391109
B1,RALGAPA2,0.002769843721897797
B1,RAMP2,0.22274538185517362
B1,RAP1B,4.985362753428769e-7
B1,RARS2,0.14968737623574419
B1,RASA2,0.025265323786947822
B1,RASGRP2,5.195767914493986e-7
B1,RASSF3,0.002896619259169321
B1,RBL1,5.3034082907993755e-11
B1,RBM42,8.647839202691301e-19
B1,RECQL4,6.833373511013421e-10
B1,RECQL5,5.152622350444888e-4
B1,REEP6,1.162280205886815e-13
B1,RGS1,1.8005719470883482e-6
B1,RHOB,2.193973091815752e-16
B1,RIOK1,1
B1,RMND1,4.773899064883335e-7
B1,RNASET2,2.3904438296886464e-25
B1,RND3,0.001330576890371823
B1,RNF135,0.31757619641397694
B1,RNF170,2.952288801793236e-4
B1,RRAS,2.570336082929274e-19
B1,RRM2,4.775691407881229e-15
B1,RSL1D1,2.0277056952337183e-20
B1,RSRP1,0.008911292370778163
B1,RUVBL1,9.963017107579818e-4
B1,S100A14,7.311762717407894e-27
B1,S100A9,1.0604735126761365e-5
B1,SAMM50,9.694435960131848e-14
B1,SASH1,1
B1,SAT1,3.899739272613221e-19
B1,SCAF1,2.4552000428964977e-6
B1,SCD,3.3503588878110425e-19
B1,SCNN1D,8.125639554030792e-7
B1,SCX,3.140523866004288e-7
B1,SDHB,1.2983817435094136e-12
B1,SEC14L2,2.286928009816276e-23
B1,SEC23A,0.0032730787504254002
B1,SEMA3B,1.5800151819425895e-13
B1,SEMA4B,9.796389475476924e-7
B1,SF3B4,2.5196359632931695e-10
B1,SFRP1,0.4133804281121922
B1,SFSWAP,2.1177928568424884e-6
B1,SGTA,5.446720920788535e-18
B1,SH3BP5L,1.6100852710916344e-5
B1,SIGLEC1,8.064177776342032e-7
B1,SIGMAR1,1.8511975608235123e-9
B1,SLC16A2,1
B1,SLC16A3,2.8288127269355062e-14
B1,SLC22A18,3.687052850335163e-6
B1,SLC25A24,0.0010734192425849495
B1,SLC2A1,2.7157467627917273e-6
B1,SLC2A8,0.0013606017618252165
B1,SLC35A2,9.253067603279873e-8
B1,SLC39A6,2.5406765758282688e-15
B1,SLC43A1,3.6067327127975044e-7
B1,SLC4A5,2.503710022949068e-7
B1,SLC8B1,2.88304095510008e-12
B1,SLC9A3R2,3.941951153556601e-9
B1,SLC9A8,5.956360706463647e-9
B1,SLFN13,0.013255808579522646
B1,SLPI,0.0050202352545409565
B1,SMCHD1,7.392210571190145e-11
B1,SMG9,1.5800151819425895e-13
B1,SMYD2,0.011444007635521223
B1,SNAPC3,3.8106166868216564e-6
B1,SNF8,2.3095352441105996e-20
B1,SNRPD3,6.522891568958229e-13
B1,SNTA1,3.902074788385158e-6
B1,SNX33,0.0013767203153417945
B1,SNX8,3.160942435228068e-5
B1,SOD3,3.5404535033961937e-10
B1,SOS2,0.12535097396870315
B1,SOX4,1.0713127500578186e-21
B1,SP6,0.6874369902559265
B1,SPAG9,7.017464675431272e-6
B1,SPARC,2.2800367693221556e-18
B1,SPIN1,1.04519209556082e-5
B1,SPSB1,5.579209052555047e-7
B1,SRGN,3.1494359310894656e-14
B1,SRPX2,0.8486178057391176
B1,SRR,0.002943826551179215
B1,SRRT,4.07036474129643e-13
B1,SRSF1,3.939942746443169e-15
B1,SRSF5,1.0789816640129929e-19
B1,SSSCA1,2.0662616187104582e-5
B1,STAMBP,1.908431433803968e-6
B1,STAT5A,5.46305400949703e-9
B1,STK17A,1.390201076958623e-5
B1,STK4,1.1869777299877523e-9
B1,STMN1,1.0349664694078507e-19
B1,STRN3,6.0439005902320105e-6
B1,STT3A,1.4566076412937792e-8
B1,SUGP1,0.011280577652403834
B1,SURF1,1.3616952349572119e-8
B1,SVIL,0.001661731687248386
B1,SYDE1,0.05324580942943332
B1,SYK,0.0071297597599695745
B1,TACC3,3.0723113861150615e-7
B1,TANC2,5.301851928138824e-12
B1,TARBP1,4.480068489293402e-6
B1,TAX1BP1,7.491792453028096e-7
B1,TAX1BP3,3.140523866004288e-7
B1,TBC1D10A,3.5886339846204934e-6
B1,TBC1D23,2.7590134563559254e-7
B1,TBCA,3.8290194981734317e-7
B1,TBXAS1,7.695777426092604e-9
B1,TCEA2,3.715740227816367e-10
B1,TCEA3,2.977980868461418e-16
B1,TCF25,6.531451782697817e-16
B1,TDRD3,3.3057267385021803e-5
B1,TESK1,1.8614115408767514e-10
B1,TESMIN,5.092711346719672e-10
B1,TEX10,0.031989211943780876
B1,TEX2,1.162280205886815e-13
B1,TFF3,2.2404656538373278e-20
B1,TGFBR2,6.57148262746638e-6
B1,THBS1,9.542526918475428e-9
B1,THOC5,0.011154181197094262
B1,THOC6,5.613441291454449e-8
B1,TIGD5,7.700298424802942e-8
B1,TIMP1,8.061353939316582e-24
B1,TJP3,9.694435960131848e-14
B1,TM7SF2,5.430671582631941e-11
B1,TMBIM6,1.273521578853476e-21
B1,TMEM101,7.966276136622997e-6
B1,TMEM123,2.795651118058865e-17
B1,TMEM14B,7.614567591561078e-14
B1,TMEM160,2.4187370572480185e-19
B1,TMEM184A,4.707969295321656e-9
B1,TMEM259,3.338157335992963e-22
B1,TMEM45B,0.001031620686090339
B1,TMEM86A,1.0511267198495692e-6
B1,TMX1,2.296288731089897e-12
B1,TNC,8.242080194157962e-12
B1,TNFRSF14,1.1710590114959507e-11
B1,TNFRSF21,0.0931509885677416
B1,TNFRSF4,5.123845521940117e-11
B1,TNNT1,1.414475868280458e-10
B1,TOM1L2,3.429671011331304e-8
B1,TP53I3,0.002642165529511541
B1,TPM2,2.0918762079647866e-6
B1,TRAC,5.013730853908073e-13
B1,TRAF5,8.31130460018717e-8
B1,TRAP1,4.0262981144675796e-12
B1,TRAPPC4,1.2937922400688897e-15
B1,TRIM14,6.887094707266921e-11
B1,TRIM22,2.334946930045272e-10
B1,TRIM25,1.0162382067511883e-11
B1,TRIM47,9.300917471515989e-7
B1,TSPAN33,0.0013780209909036896
B1,TSR2,0.10020173053067717
B1,TTC31,5.488130225080606e-4
B1,TTI1,0.013430164518689827
B1,TXN2,5.567801553996787e-17
B1,TXNDC17,1.995438068460472e-13
B1,TXNRD2,6.241002597025374e-12
B1,TYMS,7.038760444020905e-13
B1,TYROBP,1.8370709085192128e-17
B1,UBA52,1.1085990111794556e-31
B1,UBA6,1.0211760050471891e-7
B1,UBAP2L,6.531451782697817e-16
B1,UBE2C,4.329573444162578e-10
B1,UBE2T,6.796845876540946e-8
B1,UBE2W,9.564727249250285e-8
B1,UBL7,3.1278413914882423e-6
B1,UBR2,7.698435335507678e-4
B1,UBXN1,8.923746079662889e-11
B1,UCK1,2.0572447988143028e-7
B1,UFD1L,7.856685237290942e-15
B1,UQCRC1,4.908434384638577e-21
B1,UXS1,8.542785681796139e-7
B1,UXT,2.4189103014845784e-10
B1,VARS,5.79364331955188e-12
B1,VAV1,1.7777812217161357e-7
B1,VCAM1,5.264325850412774e-10
B1,VEGFB,5.174982243479906e-13
B1,VIM,1.2110803924601894e-19
B1,VPS13D,5.432254380098857e-4
B1,VPS45,8.035355404551136e-10
B1,VWF,4.411254785982597e-15
B1,WDFY3,0.0017506892270682864
B1,WDR13,2.061901587527935e-9
B1,WDR34,4.6710879967812523e-20
B1,WDR46,8.324347344707836e-18
B1,WDR73,8.174983651333778e-8
B1,WDR74,1.995438068460472e-13
B1,WIPF1,3.537199166911194e-12
B1,XAB2,2.048047819804489e-6
B1,XIAP,0.03014706657940465
B1,XPO6,4.2698028218544504e-19
B1,YIPF4,8.639568778317795e-7
B1,YTHDC1,1.6432206336943165e-6
B1,ZDHHC12,8.443654852337973e-20
B1,ZFAND3,3.0739268411908765e-6
B1,ZFP36,1.1499515377326956e-15
B1,ZFPL1,1.3406441362249978e-7
B1,ZFR,3.637843867875881e-6
B1,ZG16B,3.864462282362047e-9
B1,ZMAT5,6.787441288822747e-17
B1,ZMYND19,1.2834596693690819e-11
B1,ZMYND8,0.001085843884839976
B1,ZNF217,4.569618650013673e-4
B1,ZNF337,2.772772882741499e-6
B1,ZNF33B,6.692735407438008e-6
B1,ZNF362,0.31587182955820886
B1,ZNF524,4.2203493107597397e-8
B1,ZNF592,0.03453931859678817
B1,ZNF644,0.008096888714066655
B1,ZNF668,8.730944639580957e-6
B1,ZNF771,6.643978542116325e-4
B1,ZNF787,3.7800284173436065e-12
B1,ZNF791,0.1969529677644779
B1,ZNF83,1.4563800323474862e-7
B1,ZNF91,1
B1,ZNRF1,6.4023182291522496e-6
B1,ZSWIM8,5.4301832245696646e-14
B2,A2M,1.5683484878147007e-18
B2,AAMDC,0.06297558769639196
B2,ABCA3,9.946768586371052e-7
B2,ABCA7,4.149210105782051e-6
B2,ABCF3,7.805888385318893e-14
B2,ABHD14A,0.01349889953857925
B2,ABHD4,9.39251055927127e-4
B2,ACAA1,1.8102718800782142e-8
B2,ACER3,1
B2,ACTR3B,1
B2,ADAM15,4.511791679475859e-16
B2,ADCY3,2.9837971908913083e-7
B2,ADI1,1.2071992476602186e-13
B2,AEBP1,1.6678581216435084e-17
B2,AES,3.302316484669415e-22
B2,AGAP2,3.5984595876526245e-6
B2,AGO2,1.865703646735517e-5
B2,AGPAT2,3.269934711560008e-13
B2,AGR2,9.503669916624377e-15
B2,AHCY,2.041843604936297e-13
B2,AKAP9,0.10201967552051211
B2,AKR1A1,2.60109511541914e-16
B2,AKT1S1,5.9091294362850535e-18
B2,ALDH16A1,3.522165401072406e-12
B2,ALG3,5.48531198827088e-14
B2,ANGPTL4,1
B2,ANKLE2,7.300123786390308e-11
B2,ANKRD12,3.694263095821954e-9
B2,ANKRD28,0.019618939243813336
B2,ANLN,5.566502825275783e-4
B2,ANO10,0.266011708934541
B2,AP5B1,0.023680967555800167
B2,AP5Z1,1.1078545125552372e-11
B2,APBA2,1.506805629164684e-5
B2,APBB2,4.015995238145447e-8
B2,APOBEC3G,7.020731154588319e-6
B2,APOC1,1.5599639868154073e-20
B2,AQP1,2.6488789342289583e-6
B2,ARF5,1
B2,ARF6,1.7876103917331482e-12
B2,ARFGEF2,8.999481456533454e-4
B2,ARHGAP10,0.0013401026291328746
B2,ARHGAP4,5.451796137945435e-12
B2,ARHGAP45,1.2723864480642675e-11
B2,ARHGAP5,2.3745830010391962e-4
B2,ARHGEF10L,0.0013064609406278872
B2,ARHGEF3,2.961665552906267e-10
B2,ARHGEF40,0.7791363379459705
B2,ARID1B,1.1166181190770053e-5
B2,ARID3A,0.011270383885792707
B2,ARID4A,1.2908703074313786e-4
B2,ARID5A,2.4511826109749075e-12
B2,ARID5B,3.3054243234377105e-4
B2,ARNT,1.1469607571585164e-7
B2,ASCL2,3.3029204920693517e-4
B2,ASH2L,3.522165401072406e-12
B2,ASL,2.1457225917256823e-8
B2,ASMTL,2.555573392824321e-6
B2,ASNA1,1.62941524046734e-20
B2,ASNS,1.2420592308858377e-4
B2,ATAD1,0.008057714761601907
B2,ATF6B,0.005766169882835655
B2,ATG12,2.047923536266132e-11
B2,ATG16L2,2.4257755361697018e-5
B2,ATL2,0.013453694616699525
B2,ATP5H,1.5891271495431814e-14
B2,ATP5O,5.873071039603106e-20
B2,ATP6AP1,1.0407663639736322e-20
B2,ATP6V0D1,1.2071992476602186e-13
B2,AURKAIP1,7.128679468772363e-20
B2,AVEN,0.3469931201274226
B2,BABAM1,5.631417396990325e-18
B2,BAD,3.369612607725012e-21
B2,BAG1,4.693543454175373e-17
B2,BAIAP3,0.055686332958071585
B2,BCAM,1.0886769683922491e-16
B2,BCL2,1.4262567533245902e-8
B2,BCL2L12,1.4084630740477803e-6
B2,BGN,2.857293416170576e-19
B2,BICDL1,1.1809429452909081e-10
B2,BIN3,4.628502637423292e-10
B2,BIRC2,8.58107574258449e-9
B2,BIRC5,4.050459544666095e-9
B2,BLVRA,2.6016406846617483e-17
B2,BOK,2.995809367257e-10
B2,BOLA3,6.418960263249025e-10
B2,BRD9,2.0318543017472203e-16
B2,BRF1,3.723437995334136e-12
B2,BRF2,3.216387996473413e-10
B2,BRK1,4.677941818026735e-10
B2,BRPF1,1.3848409183864912e-6
B2,BSG,9.031198249612645e-19
B2,BST2,4.122860209382413e-20
B2,BTG1,8.739301867229637e-18
B2,C10orf10,5.578328153419133e-4
B2,C10orf54,1.8848534627887264e-9
B2,C12orf45,8.813339121136658e-8
B2,C15orf61,0.12507698849800875
B2,C19orf24,1.3712107737750526e-10
B2,C19orf52,4.706471642139965e-8
B2,C19orf60,1.3857777309627483e-11
B2,C1QB,3.080098843665773e-20
B2,C1R,1.7861283060660927e-19
B2,C1S,1.6893457679074234e-16
B2,C1orf216,0.046943459845951975
B2,C2,2.6890091349908925e-13
B2,C2CD2L,3.042897820206291e-7
B2,C3,3.4611446528661245e-21
B2,C4orf48,4.970321928766011e-13
B2,C5orf38,1.2334582243899913e-5
B2,C6orf136,2.4025453355557618e-5
B2,C6orf48,3.6905958391030165e-14
B2,CADM4,9.379498688515456e-11
B2,CALML5,1
B2,CAMTA2,1.4194253773528343e-11
B2,CAPG,4.391849658713339e-17
B2,CARS2,1.4150798903074995e-13
B2,CBLC,1
B2,CCDC106,2.2736086471229664e-10
B2,CCDC167,8.941165719168174e-10
B2,CCDC57,4.8816298289179105e-5
B2,CCDC80,0.6640183275055066
B2,CCDC88B,7.367038629301873e-8
B2,CCL19,3.901193181110289e-5
B2,CCL2,1.0736989447342213e-6
B2,CCL21,0.3079293233934522
B2,CCM2,9.161277467674777e-17
B2,CCNB1,8.109321459409135e-12
B2,CCNB1IP1,1.978067049065894e-8
B2,CCNE1,0.05793868714360229
B2,CCNE2,3.0437532256942772e-9
B2,CCS,1.3618298646290132e-12
B2,CCT4,2.6709905479609967e-14
B2,CD14,7.635801804817679e-17
B2,CD320,2.065506290863958e-9
B2,CD3D,4.055822726330228e-9
B2,CD4,2.132841206514415e-8
B2,CD52,3.4611446528661245e-21
B2,CD68,1.5919417215199574e-19
B2,CD74,2.254508100892733e-24
B2,CD79A,6.551516301525407e-4
B2,CDC20,1.632432747220306e-13
B2,CDC6,0.001776762638714295
B2,CDH11,1
B2,CDH3,0.053702833669667376
B2,CDK5RAP1,2.523448802061299e-4
B2,CENPF,1.4555401289213343e-7
B2,CEP250,3.4176964826448934e-7
B2,CEP55,1.0507828345646732e-5
B2,CERCAM,7.479822926199559e-6
B2,CERS5,1.840622747812607e-7
B2,CES2,8.846973204493996e-4
B2,CFAP36,8.846973204493996e-4
B2,CFDP1,8.599694385365132e-11
B2,CGGBP1,6.370479012226147e-9
B2,CHCHD6,2.6619961806242975e-7
B2,CHD1,1.1367839435669281e-10
B2,CHD6,1.7819952431540007e-11
B2,CHFR,5.429869453415308e-8
B2,CHST11,2.56727668668016e-4
B2,CIR1,0.01286407579939286
B2,CLASRP,3.978243363392122e-8
B2,CLDN3,1.0828425835287615e-17
B2,CLDN4,7.267733165433277e-18
B2,CLU,1.804785868657858e-10
B2,CNN2,5.836440061619794e-21
B2,COL14A1,1
B2,COL3A1,4.2413841560857687e-16
B2,COL4A1,3.201605976665528e-12
B2,COL6A2,6.138336482919603e-20
B2,COL8A2,1
B2,COMMD1,4.832483702567214e-8
B2,COMP,4.2513981423986914e-11
B2,COPS7A,1.68981476043529e-12
B2,COQ4,6.440323321249897e-13
B2,CORO1A,4.5685005055182865e-11
B2,CORO1B,8.945827165832009e-19
B2,CORO2A,0.22271066588483765
B2,CORO7,1.6678581216435084e-17
B2,COX5A,2.8680479719495087e-13
B2,CPNE1,5.48531198827088e-14
B2,CPSF1,3.953660604846589e-11
B2,CPVL,1.64877186409163e-11
B2,CRABP2,1.016455192212893e-15
B2,CRACR2B,5.905856203473035e-16
B2,CRELD2,1.5429391043430441e-12
B2,CROCC,3.6521238568090976e-6
B2,CSF1,2.587647572245692e-9
B2,CSF1R,6.611904032920737e-13
B2,CTDSPL,7.709970643598783e-8
B2,CTIF,1.8390602927811933e-13
B2,CTSK,7.835599302509407e-11
B2,CTU2,1.3639747508198968e-5
B2,CUTC,6.587793206286453e-7
B2,CUX1,4.642470557645333e-16
B2,CX3CL1,0.002074611139686581
B2,CXCL10,9.398838574154466e-6
B2,CXXC5,1.2210337826887913e-21
B2,CYP27A1,1.5754956563546925e-7
B2,DAPK3,3.805395836703639e-17
B2,DCAF6,2.4511826109749075e-12
B2,DCXR,7.453103668939388e-15
B2,DDAH1,4.5341299852219645e-5
B2,DDB2,1.1750010163279191e-6
B2,DDIT3,6.980970875962832e-4
B2,DDRGK1,1.2071992476602186e-13
B2,DDT,1.9975163375406862e-17
B2,DEAF1,2.442041078670841e-10
B2,DENND1A,1.3452315469219215e-8
B2,DERL3,0.004753544947219021
B2,DESI1,7.724015667972115e-10
B2,DHX16,8.428415224292375e-8
B2,DLG1,9.533642176997629e-4
B2,DMAP1,2.399858140935637e-6
B2,DNAJB2,3.603564917387267e-18
B2,DNAJC1,9.66828914115224e-13
B2,DNAJC7,4.963664708879332e-9
B2,DOCK6,9.969377657245022e-11
B2,DPH3,0.012931016330583205
B2,DPM2,1.043593609731275e-18
B2,DPP7,1.155686777656895e-18
B2,DPP9,3.734021937008258e-16
B2,DPYSL3,2.3012834956837187e-11
B2,DVL1,2.7277217131326733e-11
B2,EBAG9,4.7438865833631255e-5
B2,ECHDC2,1
B2,ECM1,1.4753827253299784e-21
B2,EFEMP2,3.9006600081673946e-5
B2,EFHD2,4.807283112864798e-13
B2,EGFR,1
B2,EIF1AD,4.871693173552795e-4
B2,EIF3B,1.5268971936690673e-20
B2,EIF3F,2.2791595444803769e-7
B2,EIF3G,1.2489125861866645e-19
B2,ELN,0.2389795715459371
B2,ELOF1,1.4150798903074995e-13
B2,EMC3,5.753904902050908e-11
B2,ENPP1,1.8574424402593833e-10
B2,EPHB3,2.6959592380833922e-11
B2,ERAL1,6.897060974559375e-8
B2,ERBB2,1.3770672869509194e-21
B2,ERI3,8.672324468919309e-19
B2,ERMP1,7.170134512763352e-10
B2,ESR1,2.3181519627867372e-11
B2,ETFB,5.4105127398425464e-17
B2,EVA1B,2.3224165279024295e-21
B2,EXD3,0.023324343951441406
B2,EXO1,0.023730778590474177
B2,EXOC5,1.109266536080924e-7
B2,EXOSC1,8.913150380362283e-8
B2,EXOSC10,4.966701267357689e-16
B2,EXOSC2,5.08154110902621e-7
B2,EZH2,4.2513981423986914e-11
B2,FAAH,7.65595094086544e-10
B2,FADS2,3.864432362058821e-20
B2,FAH,1.4619704921272343e-11
B2,FAIM2,2.917210891379035e-9
B2,FAM102A,4.2948090946352327e-16
B2,FAM117A,5.483203201512799e-12
B2,FAM118A,2.063574836424967e-6
B2,FAM160B1,1.4485292639008443e-6
B2,FAM173A,1.8130935363895945e-19
B2,FAM193B,1.2421404173027217e-11
B2,FAM213B,5.72522381953425e-9
B2,FAM3A,5.319530900043548e-12
B2,FAM45A,7.53690109557057e-4
B2,FAP,4.588691771801663e-6
B2,FARP1,4.91581075634297e-16
B2,FARSB,1.2239889803192884e-8
B2,FASN,1.5573813941656537e-17
B2,FBF1,5.030996029437217e-6
B2,FBLN2,3.6537918389210296e-6
B2,FCER1G,1.5110358294053563e-16
B2,FDPS,4.130712638627174e-16
B2,FGFR1,0.1311249097644202
B2,FGFR4,3.7326227857577466e-11
B2,FKBP10,0.005418481149795053
B2,FKBP8,4.3010426624126637e-16
B2,FLNA,1.5469361833844223e-26
B2,FN1,5.48531198827088e-14
B2,FNBP4,2.710608212599802e-4
B2,FOXA1,9.629446082824205e-12
B2,FOXC1,1
B2,FOXP4,2.3182978882568928e-11
B2,FSTL1,1.3712932505813078e-11
B2,FSTL3,1.2949416276442784e-12
B2,FUOM,2.5748699036525165e-5
B2,FUS,2.0871570471076402e-19
B2,FZD2,8.687351957501904e-7
B2,GALK1,0.006051262499914878
B2,GANAB,5.446360072299333e-17
B2,GAR1,1.7442281526966008e-7
B2,GAS6,3.770831449323913e-11
B2,GATA3,5.9041199822140615e-12
B2,GATC,3.452610331630813e-13
B2,GBP1,9.313121479033329e-12
B2,GBP2,5.48531198827088e-14
B2,GBP3,1.6338805482414092e-11
B2,GBP4,5.48531198827088e-14
B2,GBP5,4.406776757895606e-10
B2,GEMIN4,1.176369739836183e-6
B2,GLCCI1,2.6886752937852245e-8
B2,GLG1,3.804406512532502e-10
B2,GLTSCR2,1.2122128802335329e-17
B2,GMFG,3.66634335216034e-12
B2,GMPPA,3.3667068435143264e-17
B2,GNAI2,1.5076003646628491e-24
B2,GNAS,1.7471199217703394e-20
B2,GNL2,8.719297271587619e-10
B2,GPR108,1.8876414340975167e-8
B2,GPR160,4.409035765179775e-9
B2,GPRC5A,4.5825123203919814e-17
B2,GPS1,3.269934711560008e-13
B2,GPSM1,4.1605214509634495e-8
B2,GPX3,1.2249325924777365e-7
B2,GRB7,5.663418448203852e-17
B2,GRK3,6.3549497660270605e-9
B2,GSK3A,4.5257872103964105e-12
B2,GSTM3,2.6709905479609967e-14
B2,GYPC,1.3599157589904275e-11
B2,HAGHL,1.8802483795992324e-17
B2,HCFC1R1,6.138336482919603e-20
B2,HCST,9.932044684644884e-14
B2,HDAC5,3.5137249438609784e-7
B2,HDAC6,1.2014301592360718e-7
B2,HELZ2,1.1036533991239187e-7
B2,HES1,0.08913388255755465
B2,HLA-B,1.5478694212950978e-25
B2,HLA-DMA,5.899616172909385e-17
B2,HLA-DMB,6.448802750051706e-18
B2,HLA-DOA,1.83235656344743e-9
B2,HLA-DPA1,6.7440644802413e-23
B2,HLA-DPB1,1.7670658998035854e-19
B2,HLA-DRA,6.7440644802413e-23
B2,HLA-DRB1,4.501665929653853e-21
B2,HMGB2,5.690427644002498e-13
B2,HNRNPUL2,7.058066231661192e-19
B2,HOOK3,1
B2,HPS6,0.004547478227009763
B2,HSD17B1,0.00962953720382787
B2,HSPA4,1.3090680130033183e-12
B2,HSPB1,1.088814969122192e-17
B2,HSPB11,6.007413922545466e-6
B2,HYI,2.3981160696127037e-4
B2,IDH3G,9.305464258381427e-10
B2,IDUA,0.07821175462110633
B2,IER5L,2.4930431221588002e-17
B2,IFI27,8.283397920518234e-18
B2,IFI27L1,8.257524882645942e-7
B2,IFI44L,1.3677336673105937e-4
B2,IGFBP2,5.643276570191615e-16
B2,IGFBP4,3.075442615260632e-24
B2,IGHA1,1.0308294744624446e-5
B2,IGHG3,2.396675809972518e-12
B2,IGHG4,0.792410414713601
B2,IGHM,0.23341478065144985
B2,IGKC,2.779908311473874e-17
B2,IGLC2,1.2953475410933767e-8
B2,IGLC3,9.932044684644884e-14
B2,IGLC7,0.115413747147486
B2,IKZF3,8.666033149554412e-6
B2,IL10RA,3.522165401072406e-12
B2,ILKAP,0.1057346769224711
B2,INAFM1,2.5972387981471614e-7
B2,INPP4B,3.2137786662834246e-5
B2,INPP5D,6.817900992800538e-11
B2,INPP5J,4.025557750982154e-7
B2,INTS8,1.9384815031891694e-9
B2,ISG15,4.994869035670767e-7
B2,ISLR,0.003036242481648069
B2,ITGA5,4.994869035670767e-7
B2,ITGB4,3.091755922391787e-5
B2,ITGB6,0.07467573113472391
B2,ITSN1,1.640181636770863e-5
B2,JAG2,2.2994096386912026e-7
B2,JAK1,2.855440296880375e-6
B2,JAK3,1.3948644633031067e-12
B2,JCHAIN,0.03820568356012739
B2,JMJD6,3.484147104812856e-8
B2,KAT6B,9.520095808015485e-11
B2,KATNA1,2.4978833681243935e-4
B2,KCNAB2,1.4064673085406048e-10
B2,KCTD10,6.418960263249025e-10
B2,KDM4B,4.888015661021052e-16
B2,KIAA0895L,9.034694650842233e-8
B2,KIAA1211L,0.1610387069644771
B2,KIAA1217,0.0011726305634527294
B2,KIAA1468,3.5714989081187846e-5
B2,KIAA1715,8.202673751985007e-6
B2,KIF13B,1
B2,KIF2C,1.4612661923139866e-4
B2,KLF9,0.003035943477601957
B2,KMT2B,1.0999923085831926e-14
B2,KMT2E,1
B2,KPNB1,3.471727172465794e-7
B2,KRAS,2.041843604936297e-13
B2,KRT10,1.7451794356283218e-12
B2,KRT14,1
B2,KRT17,0.1349111001635846
B2,KRT5,0.6384696498680679
B2,KRT8,5.48531198827088e-14
B2,KRT86,0.1949185502963306
B2,LAMB2,3.953660604846589e-11
B2,LAMTOR2,2.9916833296983805e-16
B2,LANCL1,4.335422233233462e-4
B2,LARP1B,0.24602500137386854
B2,LARP7,2.4412503703427434e-4
B2,LCK,5.895276912858972e-7
B2,LCP1,1.7566454797617196e-11
B2,LGALS1,3.0330974155937542e-21
B2,LIMCH1,1
B2,LIMK1,1.4150798903074995e-13
B2,LINC00176,9.165178924627655e-12
B2,LINGO1,1
B2,LLGL1,0.0018854543867466553
B2,LMF1,1
B2,LMNA,2.092991577588718e-21
B2,LRRC8A,1.6206826743698243e-10
B2,LRWD1,0.00976205098363662
B2,LST1,4.607970893398555e-6
B2,LTB4R,1.311823900737399e-5
B2,LTBP3,8.27787582654739e-11
B2,LTF,0.10690438912974347
B2,LUC7L,3.6790594124956156e-10
B2,LUC7L3,2.7137543533393455e-18
B2,LUM,7.401209024652437e-15
B2,LYL1,3.614234217542224e-5
B2,MAGEF1,1.7442281526966008e-7
B2,MAGI1,0.06432717513744567
B2,MAGOHB,5.847895346918855e-8
B2,MAP1S,3.78837612552903e-11
B2,MAP3K14,0.4161407304284157
B2,MAP3K6,7.709970643598783e-8
B2,MAP4K2,6.813570675020673e-7
B2,MAPK9,2.7886981077803905e-7
B2,MAPKAPK5,8.202673751985007e-6
B2,MAPT,1.284493033246065e-7
B2,MARS,4.034343814382302e-13
B2,MAVS,1.757061801501878e-12
B2,MCTS1,5.48531198827088e-14
B2,MDM2,2.4783369056375765e-9
B2,MED13L,1.2303794177848938e-8
B2,MED25,5.690427644002498e-13
B2,MELK,0.026810329690716544
B2,MEN1,5.720207640885185e-7
B2,METTL12,1.4168199919421036e-6
B2,METTL16,7.832425313214909e-7
B2,MFAP4,0.04091371400924296
B2,MFSD3,5.643278381686242e-4
B2,MFSD7,7.563565662984563e-4
B2,MGMT,1
B2,MGP,0.35015224818251073
B2,MIA,1
B2,MIB2,9.469128897805138e-8
B2,MICAL1,3.1978649870993745e-10
B2,MICALL2,3.6091874429908843e-9
B2,MID1IP1,1.9747925103972283e-14
B2,MIF,9.326585491230634e-6
B2,MIIP,4.278237478435584e-12
B2,MKI67,2.396675809972518e-12
B2,MKNK1,2.56727668668016e-4
B2,MLLT4,0.02685663086167892
B2,MLPH,2.516624740157133e-15
B2,MLST8,5.48531198827088e-14
B2,MMP11,2.2973906360216412e-7
B2,MMP9,1.5891271495431814e-14
B2,MORC2,4.932408937706033e-8
B2,MPND,3.399669230027246e-9
B2,MPST,2.5075678073455365e-15
B2,MRPL2,3.636128386990032e-5
B2,MRPL21,2.6709905479609967e-14
B2,MRPL23,5.334005379939297e-10
B2,MRPL51,1.8130935363895945e-19
B2,MRPL54,1.2418869760965008e-10
B2,MRPS22,4.455178727814734e-7
B2,MS4A6A,5.283238639949879e-16
B2,MST1R,2.2095768544867188e-7
B2,MTG2,2.429745088027872e-7
B2,MTMR12,1.313301391073519e-4
B2,MUC1,5.44372270409511e-23
B2,MUCL1,3.107632619506754e-7
B2,MUS81,1.2420004594609966e-15
B2,MVP,1.0953540895671286e-22
B2,MX2,4.6642470552754297e-4
B2,MYBL2,7.453103668939388e-15
B2,MYC,4.977518774997708e-12
B2,MYH10,0.30183423817649374
B2,MYL12B,3.56443964103355e-20
B2,MYL6B,5.07773768902577e-7
B2,MYL9,3.8593087917477263e-13
B2,MYO1G,3.0900199153851027e-6
B2,MYO9B,5.933687267312129e-12
B2,MZT2A,1.3578843662060035e-19
B2,NAA10,7.095198950001993e-19
B2,NANS,2.3481312098017395e-15
B2,NAT1,2.968699070575174e-14
B2,NCKAP1L,3.175186303240031e-7
B2,NCKAP5L,1
B2,NDC80,9.729980234840547e-7
B2,NDRG1,7.805888385318893e-14
B2,NDUFA1,1.5891271495431814e-14
B2,NDUFA12,2.8380806759005894e-8
B2,NDUFB2,1.8131485007201504e-17
B2,NDUFB3,2.968699070575174e-14
B2,NDUFB9,4.8071972868341776e-20
B2,NDUFC1,4.542846426956503e-9
B2,NDUFS1,1.3635414359711528e-9
B2,NDUFV3,2.021572226875101e-10
B2,NEBL,3.520817607362836e-8
B2,NEK7,7.753116904489108e-7
B2,NELFE,5.690427644002498e-13
B2,NFATC4,1.0223626661306441e-5
B2,NFIC,5.48531198827088e-14
B2,NINJ1,2.2164546819838285e-22
B2,NIT2,1.6822269999818788e-11
B2,NMRAL1,1.293005494553377e-10
B2,NR1H2,5.477893599467465e-11
B2,NR4A1,2.83168351681189e-7
B2,NRP1,2.961665552906267e-10
B2,NSMCE1,6.020933408407248e-10
B2,NTMT1,7.411677513554615e-6
B2,NUF2,1.3236401119903285e-6
B2,NUP214,7.997589291817927e-7
B2,NUP93,1.5543385010857776e-7
B2,NXN,1
B2,OASL,4.5567007525764865e-6
B2,OGFRL1,2.587647572245692e-9
B2,OPTN,6.327427174863425e-8
B2,ORC2,0.051072204290277916
B2,ORC6,3.7443070770969286e-6
B2,OSBPL8,0.23805344094028322
B2,P4HA2,3.6710723488605064e-8
B2,PAF1,2.710269472151252e-4
B2,PAFAH1B3,2.6549900426784495e-11
B2,PAQR4,5.48531198827088e-14
B2,PARN,6.960747713561144e-4
B2,PCCB,1.123563276828387e-9
B2,PCIF1,1.2195399632373818e-7
B2,PDCD5,1.3768481471024427e-8
B2,PDGFRA,0.04954693796720264
B2,PDGFRB,4.153202874856899e-10
B2,PER1,9.946016354678844e-9
B2,PEX11G,0.07997618445031163
B2,PEX14,3.609596676455532e-4
B2,PGLS,3.3060558822670947e-18
B2,PGR,1.1849694076222064e-9
B2,PHF11,6.679486130807213e-6
B2,PHF13,3.6881306707039914e-5
B2,PHF21A,5.65719964747189e-6
B2,PHGDH,0.03884108732544706
B2,PHKB,3.826158278236972e-9
B2,PIGQ,8.458585074368948e-16
B2,PIH1D1,7.668704202856677e-15
B2,PILRA,2.977578545145473e-9
B2,PIM2,4.327337694310587e-11
B2,PITX1,2.0742740667373056e-8
B2,PKNOX1,1.5754956563546925e-7
B2,PLAC9,0.6575943131654315
B2,PLEKHO2,1.2953475410933767e-8
B2,PLIN2,0.020685485815913767
B2,PLK1,2.423015072665075e-10
B2,PLK2,5.957164708633898e-6
B2,PLLP,9.753303501766931e-9
B2,PLP2,1.5110358294053563e-16
B2,PLPPR2,3.1649223545229565e-16
B2,PLSCR1,1.240745271043297e-8
B2,PLTP,7.058066231661192e-19
B2,PLVAP,2.9483056016453893e-11
B2,PLXNA1,7.679131772903727e-12
B2,PLXND1,3.2292890853808126e-18
B2,PMP22,1.821591282053669e-17
B2,PNISR,0.006120589133889228
B2,PNMT,3.0468014762089334e-18
B2,PNP,3.897774753931445e-4
B2,PNPLA6,2.0514347184479457e-8
B2,PODNL1,0.12952702151397738
B2,PODXL,1.5651930773676e-5
B2,POLR2E,7.286898223926174e-22
B2,POLR2J,9.429132898150351e-18
B2,POR,5.560232601903782e-13
B2,POSTN,9.497812912837892e-12
B2,PPHLN1,4.970321928766011e-13
B2,PPIB,1.780359514709298e-10
B2,PPIH,3.39526032951194e-8
B2,PPM1G,9.932044684644884e-14
B2,PPP1R1A,1
B2,PPP1R1B,4.122860209382413e-20
B2,PPP1R37,8.623453002351995e-9
B2,PRKAB1,4.621014474329514e-13
B2,PRKCSH,1.9161698810120587e-21
B2,PROSER1,3.2885126426171086e-7
B2,PRPF6,5.1733879814940543e-17
B2,PRPSAP1,0.002132958403952187
B2,PSCA,1
B2,PSMD4,3.675442444498643e-8
B2,PSTPIP1,6.938277343655228e-10
B2,PTGDS,5.48531198827088e-14
B2,PTOV1,2.60109511541914e-16
B2,PTP4A3,2.099425477003422e-7
B2,PTPRC,2.184907160366736e-10
B2,PTPRJ,4.105147941998812e-11
B2,PTRF,1.1660701319573386e-10
B2,PTRH1,0.024934628267796088
B2,PTTG1,9.310159290267733e-11
B2,PUS3,0.19127465946694133
B2,PWP1,2.1156756556310495e-9
B2,PWWP2B,2.4702298496315554e-16
B2,PXDN,6.370479012226147e-9
B2,PYURF,6.460285206251351e-8
B2,QSOX1,3.753419662479352e-18
B2,R3HDM2,4.7528475883458547e-4
B2,RAB11FIP1,1.4294933010484023e-15
B2,RAB3A,7.992008261653724e-10
B2,RAB3GAP1,7.573287963722525e-13
B2,RAB3IL1,0.12082243131852394
B2,RABGAP1L,9.39251055927127e-4
B2,RALBP1,4.3389264294736223e-7
B2,RALGAPA2,0.07793228299278981
B2,RAMP2,0.029433796004705123
B2,RAP1B,3.5838584921758455e-7
B2,RARS2,1.5160550019501144e-9
B2,RASA2,1
B2,RASGRP2,0.037536218360789665
B2,RASSF3,1.0873273141262853e-8
B2,RBL1,3.414518435485005e-9
B2,RBM42,5.385903129932718e-12
B2,RECQL4,1.3676223925072853e-9
B2,RECQL5,9.456207755574983e-4
B2,REEP6,5.269928410337269e-12
B2,RGS1,7.825328458622774e-10
B2,RHOB,3.452610331630813e-13
B2,RIOK1,1
B2,RMND1,1.123977102533375e-8
B2,RNASET2,2.2164546819838285e-22
B2,RND3,4.206946808489486e-10
B2,RNF135,0.014377445105734674
B2,RNF170,1.8094098276329635e-7
B2,RRAS,1.3740337794726969e-17
B2,RRM2,2.8680479719495087e-13
B2,RSL1D1,2.1233197482775415e-16
B2,RSRP1,1.516798766887051e-7
B2,RUVBL1,6.180060302943944e-8
B2,S100A14,3.4611446528661245e-21
B2,S100A9,8.001443260334479e-11
B2,SAMM50,3.0236200033808148e-12
B2,SASH1,1
B2,SAT1,4.6912184432962424e-18
B2,SCAF1,6.398149538310625e-10
B2,SCD,2.2883430953421812e-12
B2,SCNN1D,3.215136933843144e-4
B2,SCX,2.0359676852712374e-7
B2,SDHB,2.8680479719495087e-13
B2,SEC14L2,1.609308490824664e-19
B2,SEC23A,8.073046684101033e-6
B2,SEMA3B,3.1414182099877567e-12
B2,SEMA4B,2.542556339837911e-9
B2,SF3B4,2.9492257075495356e-11
B2,SFRP1,1
B2,SFSWAP,9.017522795364948e-7
B2,SGTA,7.058066231661192e-19
B2,SH3BP5L,1.4303726003869852e-6
B2,SIGLEC1,1.4361844226922285e-5
B2,SIGMAR1,8.672624374789575e-9
B2,SLC16A2,1
B2,SLC16A3,1.6893457679074234e-16
B2,SLC22A18,1.6267971933024392e-7
B2,SLC25A24,1.2702676985440887e-11
B2,SLC2A1,3.7630840064703454e-8
B2,SLC2A8,1.9132014908992402e-9
B2,SLC35A2,5.8180217469495455e-9
B2,SLC39A6,4.332431462143466e-12
B2,SLC43A1,1.3929256672626626e-7
B2,SLC4A5,1.0263581348411257e-5
B2,SLC8B1,1.7819952431540007e-11
B2,SLC9A3R2,7.508822374640959e-10
B2,SLC9A8,4.965943915766327e-6
B2,SLFN13,0.10687779812903561
B2,SLPI,0.18587897826617017
B2,SMCHD1,4.153077072910613e-12
B2,SMG9,1.5891271495431814e-14
B2,SMYD2,6.99709214390492e-8
B2,SNAPC3,1
B2,SNF8,4.501665929653853e-21
B2,SNRPD3,3.522532209506801e-7
B2,SNTA1,1.2455802823272051e-5
B2,SNX33,0.09091594529668802
B2,SNX8,9.716769862044957e-10
B2,SOD3,2.997838707389789e-11
B2,SOS2,9.506001881248856e-7
B2,SOX4,3.1649223545229565e-16
B2,SP6,1
B2,SPAG9,1.5822067985996358e-6
B2,SPARC,3.1649223545229565e-16
B2,SPIN1,4.832483702567214e-8
B2,SPSB1,4.2202411773695865e-10
B2,SRGN,4.7846528112795226e-15
B2,SRPX2,2.3835367413478273e-4
B2,SRR,6.774262476697932e-4
B2,SRRT,2.136214506979326e-16
B2,SRSF1,2.0021148386734122e-16
B2,SRSF5,8.18943866141077e-19
B2,SSSCA1,1.675421952759606e-9
B2,STAMBP,7.874604175119763e-4
B2,STAT5A,7.834794928363939e-4
B2,STK17A,8.215393114036262e-10
B2,STK4,4.5567007525764865e-6
B2,STMN1,2.342355047014516e-14
B2,STRN3,2.036698066564049e-5
B2,STT3A,6.004106117557889e-8
B2,SUGP1,0.004733022727215406
B2,SURF1,4.170664415727931e-6
B2,SVIL,0.11046855538852705
B2,SYDE1,0.008063257236158892
B2,SYK,1.1902760967039483e-6
B2,TACC3,3.503975859224038e-11
B2,TANC2,7.70219499289227e-12
B2,TARBP1,7.147020058012032e-6
B2,TAX1BP1,1.417839386687702e-10
B2,TAX1BP3,1.5761507856570786e-9
B2,TBC1D10A,9.00057108179422e-16
B2,TBC1D23,3.6710723488605064e-8
B2,TBCA,3.6421517524112556e-6
B2,TBXAS1,1.074938880205601e-5
B2,TCEA2,2.3261568398551112e-7
B2,TCEA3,5.48531198827088e-14
B2,TCF25,1.5891271495431814e-14
B2,TDRD3,0.006304946658750756
B2,TESK1,1.5369921641553445e-11
B2,TESMIN,1.8876414340975167e-8
B2,TEX10,0.0011592765390199729
B2,TEX2,1.7206715635887e-11
B2,TFF3,7.267733165433277e-18
B2,TGFBR2,9.469128897805138e-8
B2,THBS1,1.0184435467219388e-11
B2,THOC5,0.0024815762109043414
B2,THOC6,1.187863297344436e-6
B2,TIGD5,0.0031109065126537776
B2,TIMP1,4.501665929653853e-21
B2,TJP3,1.855290244254218e-12
B2,TM7SF2,9.932044684644884e-14
B2,TMBIM6,3.0468014762089334e-18
B2,TMEM101,1.54297418859556e-8
B2,TMEM123,1.579891886250849e-15
B2,TMEM14B,1.721127227287494e-12
B2,TMEM160,4.7842818111698936e-21
B2,TMEM184A,3.5084826040412863e-9
B2,TMEM259,6.585143793207738e-23
B2,TMEM45B,4.74623896618403e-4
B2,TMEM86A,1.2789873994941255e-8
B2,TMX1,2.6709905479609967e-14
B2,TNC,2.5156825121991295e-9
B2,TNFRSF14,2.968699070575174e-14
B2,TNFRSF21,0.18909298901133612
B2,TNFRSF4,3.657940018500889e-10
B2,TNNT1,8.624144640759184e-10
B2,TOM1L2,2.404972055217313e-4
B2,TP53I3,0.011747566440905364
B2,TPM2,8.987179083531804e-8
B2,TRAC,5.48531198827088e-14
B2,TRAF5,5.252738100437488e-7
B2,TRAP1,7.35629466197522e-15
B2,TRAPPC4,1.5963004090539337e-16
B2,TRIM14,9.891488835515918e-12
B2,TRIM22,4.226641392600965e-9
B2,TRIM25,3.7630840064703454e-8
B2,TRIM47,1.8390602927811933e-13
B2,TSPAN33,0.004547478227009763
B2,TSR2,0.21600647764739372
B2,TTC31,8.567330951555575e-7
B2,TTI1,3.5163326753780936e-6
B2,TXN2,1.088814969122192e-17
B2,TXNDC17,4.034343814382302e-13
B2,TXNRD2,1.2921792829512476e-11
B2,TYMS,4.856769850791348e-12
B2,TYROBP,8.129762085144715e-17
B2,UBA52,6.863170425556186e-27
B2,UBA6,1.7451794356283218e-12
B2,UBAP2L,2.8736964209648226e-18
B2,UBE2C,6.99709214390492e-8
B2,UBE2T,1.7206715635887e-11
B2,UBE2W,0.0010845409399111348
B2,UBL7,3.172221655356197e-9
B2,UBR2,9.634561947383845e-6
B2,UBXN1,1.3310628323954853e-15
B2,UCK1,8.005146757734838e-9
B2,UFD1L,9.932044684644884e-14
B2,UQCRC1,2.342355047014516e-14
B2,UXS1,1.7552997717066886e-5
B2,UXT,1.4194253773528343e-11
B2,VARS,5.86663995355719e-13
B2,VAV1,1.230571880663388e-7
B2,VCAM1,2.0527268415949516e-12
B2,VEGFB,7.186803915552452e-17
B2,VIM,6.613761983991998e-21
B2,VPS13D,5.557874624332495e-9
B2,VPS45,7.857225199054303e-8
B2,VWF,1.9386475266534627e-9
B2,WDFY3,3.409739546647091e-5
B2,WDR13,1.3831532164481585e-8
B2,WDR34,1.0953369383778913e-19
B2,WDR46,2.524713106550507e-11
B2,WDR73,8.170937852387521e-6
B2,WDR74,2.968699070575174e-14
B2,WIPF1,4.7055402084100724e-15
B2,XAB2,4.304512009275507e-6
B2,XIAP,0.4041945899392214
B2,XPO6,1.4784350695128526e-10
B2,YIPF4,6.276252586095602e-9
B2,YTHDC1,9.067122164998464e-7
B2,ZDHHC12,6.592367378161337e-17
B2,ZFAND3,4.4331047024150643e-13
B2,ZFP36,1.2873955935229743e-10
B2,ZFPL1,7.738718150119138e-13
B2,ZFR,1.3185640410403703e-7
B2,ZG16B,6.699598295039668e-11
B2,ZMAT5,5.48531198827088e-14
B2,ZMYND19,2.9150540294739087e-10
B2,ZMYND8,0.0018653854509512258
B2,ZNF217,1.3585124996751215e-7
B2,ZNF337,1.1924242553751268e-6
B2,ZNF33B,6.800327152170574e-8
B2,ZNF362,9.5669052072857e-7
B2,ZNF524,5.611102167347022e-8
B2,ZNF592,7.122280252320947e-6
B2,ZNF644,0.01471726558117872
B2,ZNF668,8.367549005919622e-11
B2,ZNF771,1.2214491162053945e-10
B2,ZNF787,2.2872594835518487e-7
B2,ZNF791,0.009958566167527385
B2,ZNF83,5.375332994901196e-8
B2,ZNF91,0.1469809988861315
B2,ZNRF1,3.58352756897075e-7
B2,ZSWIM8,2.968699070575174e-14
B3,A2M,2.0547418270103564e-17
B3,AAMDC,0.5524900543824834
B3,ABCA3,7.796244388117191e-4
B3,ABCA7,0.02265247179516582
B3,ABCF3,1.0289124559322005e-11
B3,ABHD14A,0.06140892974715388
B3,ABHD4,0.1698522476619337
B3,ACAA1,2.1880889591684288e-8
B3,ACER3,1
B3,ACTR3B,0.10761907791156416
B3,ADAM15,2.6556412015444906e-11
B3,ADCY3,0.12952043943466865
B3,ADI1,6.957362323545358e-16
B3,AEBP1,3.9410794383366988e-16
B3,AES,1.1791241388562614e-27
B3,AGAP2,0.390248545162001
B3,AGO2,1.8256956084323263e-5
B3,AGPAT2,7.142474824898147e-6
B3,AGR2,7.544989493875128e-22
B3,AHCY,9.365522034230217e-13
B3,AKAP9,9.29226611762612e-6
B3,AKR1A1,3.007666226114228e-20
B3,AKT1S1,1.298356601143121e-17
B3,ALDH16A1,1.0068939958005114e-8
B3,ALG3,9.803169352252114e-18
B3,ANGPTL4,1
B3,ANKLE2,9.430673491859646e-12
B3,ANKRD12,4.985766077581078e-6
B3,ANKRD28,0.011792089600603855
B3,ANLN,8.087251137251472e-4
B3,ANO10,0.001044550081682774
B3,AP5B1,1
B3,AP5Z1,6.834997534265384e-6
B3,APBA2,0.04054800359236185
B3,APBB2,0.009293764077038141
B3,APOBEC3G,2.425116777044984e-7
B3,APOC1,3.668284453521644e-24
B3,AQP1,0.011153771641750757
B3,ARF6,3.670516301363452e-14
B3,ARFGEF2,3.115131353052565e-7
B3,ARHGAP10,1
B3,ARHGAP4,3.367850143357036e-6
B3,ARHGAP45,1.699978448920898e-11
B3,ARHGAP5,0.01471803416158496
B3,ARHGEF10L,0.0025666570731308117
B3,ARHGEF3,3.218972329308264e-8
B3,ARHGEF40,0.0052583966707362454
B3,ARID1B,3.073586910525526e-8
B3,ARID3A,0.014852897515470385
B3,ARID4A,0.003605599969753028
B3,ARID5A,3.5021307871443307e-7
B3,ARID5B,3.8616993641724643e-4
B3,ARNT,5.121695715956472e-6
B3,ASCL2,2.754345770023675e-4
B3,ASH2L,3.8293352020335977e-10
B3,ASL,6.777287134409791e-8
B3,ASMTL,9.694052550367231e-4
B3,ASNA1,5.295655460930708e-22
B3,ASNS,0.11282366289078685
B3,ATAD1,2.951222526992728e-7
B3,ATF6B,0.17858362567541064
B3,ATG12,2.0308406786177673e-8
B3,ATG16L2,0.02817785860391714
B3,ATL2,0.003443085396103509
B3,ATP5H,6.197716376423828e-13
B3,ATP5O,3.8519365610192193e-19
B3,ATP6AP1,1.1550622999489395e-19
B3,ATP6V0D1,9.943922768357237e-14
B3,AURKAIP1,4.016235009042297e-15
B3,AVEN,0.10660840172058036
B3,BABAM1,7.429753206924282e-18
B3,BAD,2.9677571299707397e-16
B3,BAG1,7.987494818610977e-16
B3,BAIAP3,1
B3,BCAM,5.149723656091202e-15
B3,BCL2,3.8321441498609907e-13
B3,BCL2L12,4.1636432822782e-5
B3,BGN,2.4920377110003945e-22
B3,BICDL1,4.239426581581211e-6
B3,BIN3,3.629854087433573e-4
B3,BIRC2,4.304061613068654e-7
B3,BIRC5,1.4883248837128017e-8
B3,BLVRA,1.298356601143121e-17
B3,BOK,7.72868223799787e-6
B3,BOLA3,5.497029437852331e-5
B3,BRD9,1.0126194885530437e-8
B3,BRF1,3.3915356511147383e-9
B3,BRF2,2.8724304185851788e-8
B3,BRK1,8.312391275242331e-12
B3,BRPF1,0.54748777283999694
B3,BSG,5.969517563759086e-20
B3,BST2,2.4921701442413183e-23
B3,BTG1,6.075136899138886e-20
B3,C10orf10,0.06689364159487594
B3,C10orf54,6.712384228805615e-8
B3,C12orf45,1.4733462813794997e-7
B3,C15orf61,0.1343767788555125
B3,C19orf24,1.0274148133228226e-10
B3,C19orf52,6.505377161527406e-10
B3,C19orf60,3.5867599545288123e-6
B3,C1QB,1.1519013487252246e-20
B3,C1R,1.0700043818068048e-14
B3,C1S,1.0571921034295225e-14
B3,C1orf216,0.11316094607437423
B3,C2,5.718225531444748e-13
B3,C2CD2L,4.831725507707439e-4
B3,C3,3.7977754663184246e-18
B3,C4orf48,1.3097066314559502e-5
B3,C5orf38,0.00983299624616745
B3,C6orf136,1.186411983411538e-5
B3,C6orf48,6.4927762854818106e-12
B3,CADM4,5.718225531444748e-13
B3,CALML5,0.7669031109469286
B3,CAMTA2,1.7398158907111286e-8
B3,CAPG,6.496686378237071e-18
B3,CARS2,6.461088621659606e-10
B3,CBLC,1
B3,CCDC106,1.7576540211965897e-8
B3,CCDC167,6.882505397660689e-8
B3,CCDC57,0.10099033132615447
B3,CCDC80,0.04076287563565213
B3,CCDC88B,1.1222438462525524e-5
B3,CCL19,1.8456742268940505e-6
B3,CCL2,4.926215221877812e-11
B3,CCL21,0.10589304902086104
B3,CCM2,3.9290881053336366e-15
B3,CCNB1,4.3451434331179246e-10
B3,CCNB1IP1,1.6017765656736403e-5
B3,CCNE1,5.291542246741692e-4
B3,CCNE2,2.3881283453636093e-8
B3,CCS,5.259199925546972e-6
B3,CCT4,4.562359377456192e-21
B3,CD14,1.5216416282862666e-13
B3,CD320,5.289589442654415e-7
B3,CD3D,3.6803548000047686e-9
B3,CD4,2.7711859404612934e-6
B3,CD52,8.022492931835303e-13
B3,CD68,1.3801187561726686e-17
B3,CD74,4.516756773980741e-22
B3,CD79A,1.5391586874331232e-7
B3,CDC20,5.133200438785741e-12
B3,CDC6,3.98303100215061e-4
B3,CDH11,0.013307088794108022
B3,CDH3,0.031404419617165856
B3,CDK5RAP1,9.077855982575166e-4
B3,CENPF,5.813475837352953e-7
B3,CEP250,3.460255603766087e-6
B3,CEP55,2.8945185233622333e-4
B3,CERCAM,3.63819756257837e-4
B3,CERS5,4.644741896011288e-6
B3,CES2,0.003908487108691621
B3,CFAP36,2.9923950861080154e-6
B3,CFDP1,4.191182836424353e-4
B3,CGGBP1,3.5566912307161895e-8
B3,CHCHD6,2.2279320476135915e-5
B3,CHD1,2.6195025606526877e-8
B3,CHD6,1.9091469870681015e-9
B3,CHFR,3.2977977046399506e-7
B3,CHST11,3.51959248930018e-8
B3,CIR1,0.0028493374345419055
B3,CLASRP,0.0025376620952509356
B3,CLDN3,3.1159141672320005e-13
B3,CLDN4,1.0694893602335089e-10
B3,CLU,2.90730284805999e-4
B3,CNN2,8.455114064005378e-19
B3,COL14A1,0.05435326812834608
B3,COL3A1,5.969517563759086e-20
B3,COL4A1,5.52165649373377e-13
B3,COL6A2,5.7563744407971774e-21
B3,COL8A2,0.10524023979486954
B3,COMMD1,7.945154498274341e-10
B3,COMP,2.5004171141832143e-6
B3,COPS7A,1.9692185996365967e-14
B3,COQ4,1.924502217956197e-10
B3,CORO1A,1.9676415385717406e-6
B3,CORO1B,1.1052245920766753e-15
B3,CORO2A,0.014018954268845049
B3,CORO7,3.5664980705761687e-11
B3,COX5A,2.718284336177461e-11
B3,CPNE1,6.204540147537864e-15
B3,CPSF1,3.956128215524652e-5
B3,CPVL,2.0308406786177673e-8
B3,CRABP2,5.354330232329553e-20
B3,CRACR2B,1.924732083353612e-16
B3,CRELD2,1.324659726639073e-10
B3,CROCC,0.002939195320316554
B3,CSF1,5.636904460548558e-6
B3,CSF1R,3.8884208958739724e-12
B3,CTDSPL,5.187981061204295e-5
B3,CTIF,7.492378313159217e-10
B3,CTSK,9.562470408598054e-10
B3,CTU2,0.19134795594010642
B3,CUTC,4.839362150724626e-7
B3,CUX1,2.0474598743543007e-13
B3,CX3CL1,0.036702815571203695
B3,CXCL10,1.6916731989034423e-8
B3,CXXC5,3.005360564399405e-24
B3,CYP27A1,1.315462610704458e-5
B3,DAPK3,7.007349302602954e-14
B3,DCAF6,1.0200302272782129e-8
B3,DCXR,3.461577362044797e-11
B3,DDAH1,1.5764076782817307e-4
B3,DDB2,6.789117609344462e-4
B3,DDIT3,0.002041210713870301
B3,DDRGK1,7.264533281149505e-11
B3,DDT,1.8502978785717414e-15
B3,DEAF1,0.005891314668417239
B3,DENND1A,0.008631543902728042
B3,DERL3,0.018829959335812198
B3,DESI1,1.0919776472199316e-7
B3,DHX16,0.0031051592915943556
B3,DLG1,0.004013444698816788
B3,DMAP1,0.001888238763728189
B3,DNAJB2,1.9456380413206095e-11
B3,DNAJC1,1.962076851467202e-15
B3,DNAJC7,2.257183999523455e-10
B3,DOCK6,7.159166907263129e-8
B3,DPH3,3.0179977920692636e-4
B3,DPM2,1.5958703521169293e-15
B3,DPP7,1.2342569877872279e-12
B3,DPP9,2.810239043231393e-14
B3,DPYSL3,9.42219368406176e-8
B3,DVL1,2.8805413450312757e-5
B3,EBAG9,0.009644954091197047
B3,ECHDC2,1
B3,ECM1,4.653925623570803e-26
B3,EFEMP2,3.733520300011121e-8
B3,EFHD2,4.369731377309538e-11
B3,EGFR,1
B3,EIF1AD,2.452830107765261e-5
B3,EIF3B,1.0335471390643422e-24
B3,EIF3F,2.523106153372866e-7
B3,EIF3G,2.810239043231393e-14
B3,ELN,0.39554375272648434
B3,ELOF1,3.240865412099424e-10
B3,EMC3,8.278653970969311e-8
B3,ENPP1,1.7399045206789148e-12
B3,EPHB3,3.9104415758339284e-9
B3,ERAL1,0.0029889869526266155
B3,ERBB2,1.4156382712882163e-25
B3,ERI3,7.007349302602954e-14
B3,ERMP1,2.5011069653473624e-9
B3,ESR1,7.007349302602954e-14
B3,ETFB,9.560607054292368e-13
B3,EVA1B,1.9692185996365967e-14
B3,EXD3,1
B3,EXO1,0.5110888475514217
B3,EXOC5,2.345841311723822e-9
B3,EXOSC1,9.496838966450053e-7
B3,EXOSC10,5.5045280660963886e-11
B3,EXOSC2,0.32199329731339676
B3,EZH2,1.7769357642586192e-12
B3,FAAH,7.817277836356595e-9
B3,FADS2,1.7825621203989103e-22
B3,FAH,7.105421518644977e-11
B3,FAIM2,2.929690460745066e-5
B3,FAM102A,6.337857657514848e-16
B3,FAM117A,1.5026215491928748e-11
B3,FAM118A,2.0332342249982943e-6
B3,FAM160B1,0.0021571021702582386
B3,FAM173A,1.2454089066835362e-12
B3,FAM193B,2.810239043231393e-14
B3,FAM213B,0.003154721511730394
B3,FAM3A,1.591574081157979e-6
B3,FAM45A,1.638952519136303e-5
B3,FAP,0.0014092424667942072
B3,FARP1,8.312391275242331e-12
B3,FARSB,3.0750141720439055e-12
B3,FASN,1.0778888681300813e-21
B3,FBF1,0.5744605954162477
B3,FBLN2,1.752268076849201e-8
B3,FCER1G,1.0522269081118609e-9
B3,FDPS,1.5958703521169293e-15
B3,FGFR1,2.6394343672655793e-10
B3,FGFR4,0.045784022257459124
B3,FKBP10,0.002226063466494877
B3,FKBP8,1.9692185996365967e-14
B3,FLNA,4.653925623570803e-26
B3,FN1,5.763541268147462e-26
B3,FNBP4,9.789727824121932e-6
B3,FOXA1,2.899800536331015e-16
B3,FOXC1,0.5931198682579848
B3,FOXP4,2.491294402939007e-11
B3,FSTL1,1.2890275776918617e-11
B3,FSTL3,2.326449460016135e-8
B3,FUOM,0.044959310260779796
B3,FUS,2.4002095457133227e-16
B3,FZD2,3.287030893795475e-5
B3,GALK1,0.45526748148433527
B3,GANAB,7.007349302602954e-14
B3,GAR1,1.2680340767420386e-7
B3,GAS6,1.677220856323935e-7
B3,GATA3,3.552612394296862e-18
B3,GATC,1.0172479356046823e-15
B3,GBP1,5.32071925518477e-13
B3,GBP2,3.896300554696499e-9
B3,GBP3,8.770695451693689e-15
B3,GBP4,1.175190872624037e-12
B3,GBP5,8.225633406462757e-8
B3,GEMIN4,3.287030893795475e-5
B3,GLCCI1,3.780597891347829e-5
B3,GLG1,7.687838262095508e-8
B3,GLTSCR2,1.5216416282862666e-13
B3,GMFG,7.090165148089663e-8
B3,GMPPA,5.4639074284458334e-9
B3,GNAI2,8.990486347377433e-26
B3,GNAS,1.6546268520804805e-25
B3,GNL2,5.258699484635079e-6
B3,GPR108,9.318525559677327e-6
B3,GPR160,1.3559529249480297e-7
B3,GPRC5A,9.771239918029135e-22
B3,GPS1,2.2696940878289736e-8
B3,GPSM1,2.0332944883430493e-4
B3,GPX3,0.4859088731488639
B3,GRB7,1.7866033550545294e-21
B3,GRK3,1.3947681291627092e-6
B3,GSK3A,1.0667438000837532e-12
B3,GSTM3,1.3285624390729708e-17
B3,GYPC,1.6705936032951034e-6
B3,HAGHL,1.9932065072195114e-11
B3,HCFC1R1,3.238330942597085e-23
B3,HCST,2.0308406786177673e-8
B3,HDAC5,1.4486078116844787e-6
B3,HDAC6,0.13521328258445703
B3,HELZ2,1.630714075981517e-5
B3,HES1,1
B3,HLA-B,6.933860173168424e-28
B3,HLA-DMA,7.007349302602954e-14
B3,HLA-DMB,3.3722868518776717e-13
B3,HLA-DOA,3.3670862778959914e-08
B3,HLA-DPA1,3.8592282956053245e-20
B3,HLA-DPB1,1.2454089066835362e-12
B3,HLA-DRA,5.950235495892029e-22
B3,HLA-DRB1,8.705427451671621e-19
B3,HMGB2,1.7428947574178448e-17
B3,HNRNPUL2,7.274567063074151e-20
B3,HOOK3,0.6865308050197501
B3,HPS6,1
B3,HSD17B1,0.34483146727993436
B3,HSPA4,4.584794484013464e-13
B3,HSPB1,1.2458375716716489e-23
B3,HSPB11,1.5195025065116932e-7
B3,HYI,0.04620438320622567
B3,IDH3G,9.033468812859713e-7
B3,IDUA,0.31849351549391325
B3,IER5L,2.9651351870021258e-15
B3,IFI27,1.8659196504854208e-19
B3,IFI27L1,0.2976019199066647
B3,IFI44L,1.1679282468156998e-8
B3,IGFBP2,1.0667438000837532e-12
B3,IGFBP4,5.975439718736603e-28
B3,IGHA1,0.028207513315656314
B3,IGHG3,4.1725854444841334e-8
B3,IGHG4,0.44903272643920095
B3,IGHM,1.058101811124801e-7
B3,IGKC,5.322744652693406e-12
B3,IGLC2,5.088027618117694e-7
B3,IGLC3,4.4609081823336816e-7
B3,IGLC7,0.3237726926696818
B3,IKZF3,0.005468986766432674
B3,IL10RA,2.3941315729506606e-7
B3,ILKAP,3.6766342699701494e-6
B3,INAFM1,0.032142946019547244
B3,INPP4B,1.0488637191199207e-5
B3,INPP5D,5.75742538361444e-4
B3,INPP5J,0.0010268023597922594
B3,INTS8,8.144178835989354e-7
B3,ISG15,3.740839203803218e-6
B3,ISLR,0.43350966487633774
B3,ITGA5,4.923833107353988e-6
B3,ITGB4,0.007048935458904521
B3,ITGB6,1
B3,ITSN1,9.06482419473601e-4
B3,JAG2,1.5208103232215364e-4
B3,JAK1,6.712384228805615e-8
B3,JAK3,4.99539218197934e-8
B3,JCHAIN,1.45375628939936e-4
B3,JMJD6,0.0027565571802297562
B3,KAT6B,2.080608415028276e-9
B3,KATNA1,0.016542157957363884
B3,KCNAB2,0.001622738569409073
B3,KCTD10,5.781366577962985e-9
B3,KDM4B,3.985718749273295e-15
B3,KIAA0895L,0.12952043943466865
B3,KIAA1211L,1
B3,KIAA1217,3.5719232031968445e-4
B3,KIAA1468,1.3090015224349083e-6
B3,KIAA1715,5.280218870009231e-7
B3,KIF13B,1
B3,KIF2C,7.090165148089663e-8
B3,KLF9,0.055326829373958206
B3,KMT2B,6.97799918428375e-11
B3,KMT2E,0.04518538731016612
B3,KPNB1,9.231037534315631e-9
B3,KRAS,1.666619659954281e-10
B3,KRT10,4.822935385925609e-13
B3,KRT14,1
B3,KRT17,0.9473256477488947
B3,KRT5,0.5383106639563731
B3,KRT8,4.7273892749257635e-12
B3,KRT86,0.7868267215890021
B3,LAMB2,0.010049611122766904
B3,LAMTOR2,3.1159141672320005e-13
B3,LANCL1,6.667688495313724e-4
B3,LARP1B,0.0012019678591190088
B3,LARP7,0.043678589279981264
B3,LCK,7.393149409624616e-8
B3,LCP1,1.0552003208206173e-15
B3,LGALS1,2.6186105132748506e-26
B3,LIMCH1,0.09544685625704458
B3,LIMK1,3.5664980705761687e-11
B3,LINC00176,1.5858416565330217e-9
B3,LINGO1,1
B3,LLGL1,1.4308371968612974e-4
B3,LMF1,1
B3,LMNA,3.941515963415461e-21
B3,LRRC8A,4.5324927451000774e-6
B3,LRWD1,0.009033180862707952
B3,LST1,1.4031861142979824e-6
B3,LTB4R,0.0714254626827135
B3,LTBP3,1.8647878177436506e-9
B3,LTF,0.33887400341137747
B3,LUC7L,3.3588422200501128e-6
B3,LUC7L3,8.502274070265018e-18
B3,LUM,1.0459089399535284e-21
B3,LYL1,2.1099899261969052e-4
B3,MAGEF1,0.0027565571802297562
B3,MAGI1,0.6674623136518056
B3,MAGOHB,2.018611105492444e-9
B3,MAP1S,2.9440450441995124e-4
B3,MAP3K14,0.06588510209190121
B3,MAP3K6,1.6532321544557444e-9
B3,MAP4K2,3.8616993641724643e-4
B3,MAPK9,1.9479717221930455e-6
B3,MAPKAPK5,8.867413804934808e-6
B3,MAPT,3.746982589490787e-9
B3,MARS,5.605137487450323e-11
B3,MAVS,6.78255011875628e-10
B3,MCTS1,2.4072275393159518e-8
B3,MDM2,2.9893823742183105e-7
B3,MED13L,6.196125868845041e-10
B3,MED25,8.420408829273592e-12
B3,MELK,1.834646384335425e-5
B3,MEN1,0.002967083291173475
B3,METTL12,0.0010515030947756598
B3,METTL16,0.0013368102089228054
B3,MFAP4,0.013974939798937176
B3,MFSD3,0.005147248190070606
B3,MFSD7,0.026584281592668357
B3,MGMT,1
B3,MGP,0.9052080547298654
B3,MIA,1
B3,MIB2,0.002501209931091949
B3,MICAL1,4.2134617352689175e-7
B3,MICALL2,2.400269768037135e-9
B3,MID1IP1,7.429753206924282e-18
B3,MIF,0.039961768830281
B3,MIIP,9.52712611794712e-10
B3,MKI67,2.0474598743543007e-13
B3,MKNK1,3.378133786658986e-6
B3,MLLT4,1
B3,MLPH,2.4921900200829708e-15
B3,MLST8,6.693840184744794e-12
B3,MMP11,5.18141851222738e-7
B3,MMP9,6.751713099126576e-15
B3,MORC2,5.8493298399384905e-12
B3,MPND,5.857054538653012e-4
B3,MPST,4.596302079596234e-12
B3,MRPL2,1
B3,MRPL21,3.584259168281411e-13
B3,MRPL23,0.0034479056086499245
B3,MRPL51,1.1093052106970233e-16
B3,MRPL54,1.0730485534919724e-7
B3,MRPS22,2.5509009890158404e-5
B3,MS4A6A,3.1880011446871507e-15
B3,MST1R,1.0200302272782129e-8
B3,MTG2,4.636383053001074e-7
B3,MTMR12,2.164362430691483e-5
B3,MUC1,3.015718034469282e-26
B3,MUCL1,2.068866728127573e-5
B3,MUS81,1.7676500358369337e-9
B3,MVP,3.3119910206102157e-26
B3,MX2,5.312357636006145e-8
B3,MYBL2,7.007349302602954e-14
B3,MYC,4.728346605048959e-16
B3,MYH10,0.14233323157448471
B3,MYL12B,6.027243452484345e-21
B3,MYL6B,7.590513260738135e-6
B3,MYL9,1.0238965111445062e-8
B3,MYO1G,0.0010243839693854918
B3,MYO9B,8.859775779925385e-11
B3,MZT2A,1.935097171086435e-26
B3,NAA10,2.134699257188421e-8
B3,NANS,4.2153585648470897e-11
B3,NAT1,3.670516301363452e-14
B3,NCKAP1L,1.5130392050125672e-4
B3,NCKAP5L,1
B3,NDC80,0.0066931701356561235
B3,NDRG1,8.985270967558508e-11
B3,NDUFA1,6.475696367717713e-18
B3,NDUFA12,4.077228171196733e-13
B3,NDUFB2,3.773930785872631e-21
B3,NDUFB3,7.346116763820009e-11
B3,NDUFB9,3.005360564399405e-24
B3,NDUFC1,7.103327624167861e-13
B3,NDUFS1,2.918242150140862e-10
B3,NDUFV3,3.746982589490787e-9
B3,NEBL,3.437265061950437e-11
B3,NEK7,8.210701883568785e-7
B3,NELFE,3.151335711057301e-8
B3,NFATC4,3.8563434509328034e-10
B3,NFIC,3.125224432254965e-20
B3,NINJ1,1.4300920271805278e-25
B3,NIT2,3.2662552798037294e-9
B3,NMRAL1,4.7273892749257635e-12
B3,NR1H2,2.8044379437598096e-5
B3,NR4A1,5.888166129144409e-9
B3,NRP1,2.2951222266070787e-11
B3,NSMCE1,1.1409105054225728e-8
B3,NTMT1,1
B3,NUF2,2.671345220357332e-5
B3,NUP214,0.01417901110414562
B3,NUP93,2.7583315834910542e-5
B3,NXN,1
B3,OASL,1.9602495261794232e-5
B3,OGFRL1,3.4311349752298053e-8
B3,OPTN,2.9568555717067417e-8
B3,ORC2,4.2291572196451876e-6
B3,ORC6,0.0010920778288204744
B3,OSBPL8,2.496180939680304e-5
B3,P4HA2,5.284658911031034e-4
B3,PAF1,1.630714075981517e-5
B3,PAFAH1B3,5.190978544995904e-8
B3,PAQR4,5.124809679090621e-11
B3,PARN,1.4069687080506646e-5
B3,PCCB,2.8305186457964262e-11
B3,PCIF1,6.135048381377652e-7
B3,PDCD5,6.51029447114952e-8
B3,PDGFRA,0.655819382473996
B3,PDGFRB,1.1711543474528502e-10
B3,PER1,2.2696940878289736e-8
B3,PEX11G,1
B3,PEX14,0.09952515504239676
B3,PGLS,2.0547418270103564e-17
B3,PGR,4.141228502756647e-5
B3,PHF11,3.0756962354328284e-6
B3,PHF13,0.021914310827423227
B3,PHF21A,0.006242274670394069
B3,PHGDH,3.6650869971737244e-5
B3,PHKB,6.874252709079042e-8
B3,PIGQ,3.1252844782259364e-8
B3,PIH1D1,0.01062855334164437
B3,PILRA,3.126445312572142e-5
B3,PIM2,3.005193890952312e-7
B3,PITX1,0.0033425695244032995
B3,PKNOX1,0.33311523430655937
B3,PLAC9,0.49257276234285985
B3,PLEKHO2,1.3218470111215983e-6
B3,PLIN2,0.9052638619684883
B3,PLK1,7.103327624167861e-13
B3,PLK2,2.0238117361541646e-5
B3,PLLP,5.923500923563156e-8
B3,PLP2,1.3883883388321403e-14
B3,PLPPR2,6.337857657514848e-16
B3,PLSCR1,3.746982589490787e-9
B3,PLTP,5.2256080323293575e-19
B3,PLVAP,2.6593384711341854e-10
B3,PLXNA1,5.6410201982041365e-8
B3,PLXND1,2.810239043231393e-14
B3,PMP22,4.711978556614286e-18
B3,PNISR,0.13778128749103624
B3,PNMT,3.824107680698066e-22
B3,PNP,6.428316572007918e-7
B3,PNPLA6,2.0308406786177673e-8
B3,PODNL1,1
B3,PODXL,0.008660536675982398
B3,POLR2E,2.582606392560178e-16
B3,POLR2J,8.227673680497356e-13
B3,POR,1.1092598375719447e-12
B3,POSTN,2.59638217455309e-11
B3,PPHLN1,1.9278373976855814e-7
B3,PPIB,1.18880524660718e-8
B3,PPIH,1.4814919977379696e-4
B3,PPM1G,4.985766077581078e-6
B3,PPP1R1A,1
B3,PPP1R1B,2.9830330467124246e-26
B3,PPP1R37,0.012057708432839018
B3,PRKAB1,2.0972412516915423e-12
B3,PRKCSH,4.664310486473393e-20
B3,PROSER1,1.6143102072560767e-8
B3,PRPF6,3.90605324745629e-9
B3,PRPSAP1,4.448896982169928e-6
B3,PSCA,0.7822750376442942
B3,PSMD4,1.0400279592523542e-7
B3,PSTPIP1,0.0034443301887413214
B3,PTGDS,7.007349302602954e-14
B3,PTOV1,2.3726690520394897e-17
B3,PTP4A3,0.05682805705761714
B3,PTPRC,5.973765280469018e-12
B3,PTPRJ,6.28122008518783e-8
B3,PTRF,0.020608105696461005
B3,PTRH1,0.016938673057542805
B3,PTTG1,3.4489295408422767e-9
B3,PUS3,1
B3,PWP1,3.1518609761627376e-6
B3,PWWP2B,1.2725610761802534e-13
B3,PXDN,2.93390961946388e-7
B3,PYURF,1.5149892687596112e-6
B3,QSOX1,1.7985529876680915e-13
B3,R3HDM2,2.2407393398962133e-5
B3,RAB11FIP1,6.418223363251053e-13
B3,RAB3A,2.509292558980114e-6
B3,RAB3GAP1,2.1980115407755056e-6
B3,RAB3IL1,0.20414012473906012
B3,RABGAP1L,0.009895572091448883
B3,RALBP1,1.2928972737741504e-5
B3,RALGAPA2,0.0029726456998229985
B3,RAMP2,0.017020404828737762
B3,RAP1B,4.936308947218137e-5
B3,RARS2,3.6073698649082854e-4
B3,RASA2,1.7712183526093644e-5
B3,RASGRP2,0.05518160838003318
B3,RASSF3,3.0428347975857655e-06
B3,RBL1,3.771856438303248e-5
B3,RBM42,9.006020633045711e-15
B3,RECQL4,1.743918507123925e-5
B3,RECQL5,1
B3,REEP6,1.641727940572642e-12
B3,RGS1,0.0014447038781474307
B3,RHOB,3.426931738478849e-20
B3,RIOK1,0.0014092424667942072
B3,RMND1,1.5728642573548755e-7
B3,RNASET2,5.955433582039638e-21
B3,RND3,0.003142481644313714
B3,RNF135,2.2534834728056907e-5
B3,RNF170,8.087251137251472e-4
B3,RRAS,1.5667076988764424e-9
B3,RRM2,1.5744884027453228e-16
B3,RSL1D1,1.5216416282862666e-13
B3,RSRP1,3.658695598768374e-5
B3,RUVBL1,1.7328008216930678e-7
B3,S100A14,7.94590071959336e-24
B3,S100A9,1
B3,SAMM50,1.2725610761802534e-13
B3,SASH1,1
B3,SAT1,2.6672532155457952e-20
B3,SCAF1,6.399237340240733e-8
B3,SCD,7.808908645067439e-17
B3,SCNN1D,0.014115378627775918
B3,SCX,1.804744188435576e-5
B3,SDHB,2.09338481278275e-10
B3,SEC14L2,1.2119871793894854e-21
B3,SEC23A,2.3536318394245148e-8
B3,SEMA3B,8.598162817925579e-9
B3,SEMA4B,7.590513260738135e-6
B3,SF3B4,2.1705743126684156e-10
B3,SFRP1,0.5634597779641266
B3,SFSWAP,1.6433751592421128e-9
B3,SGTA,2.810239043231393e-14
B3,SH3BP5L,6.787343933114942e-4
B3,SIGLEC1,0.0026395240645522267
B3,SIGMAR1,4.4518506812282336e-10
B3,SLC16A2,1
B3,SLC16A3,3.3468356303540665e-12
B3,SLC22A18,8.38141108471687e-6
B3,SLC25A24,3.0627131241855044e-8
B3,SLC2A1,5.540722986775687e-9
B3,SLC2A8,0.06348206932670805
B3,SLC35A2,2.7238201844888808e-5
B3,SLC39A6,8.676613045976926e-13
B3,SLC43A1,3.6650869971737244e-5
B3,SLC4A5,0.014470888630207334
B3,SLC8B1,2.5749228524528484e-6
B3,SLC9A3R2,4.426369855914396e-7
B3,SLC9A8,3.163831572322412e-5
B3,SLFN13,1
B3,SLPI,1
B3,SMCHD1,5.607529140482667e-10
B3,SMG9,3.8597817382931923e-10
B3,SMYD2,1
B3,SNAPC3,0.001137267482516913
B3,SNF8,2.042912629186288e-23
B3,SNRPD3,1.5216416282862666e-13
B3,SNTA1,1.0608308976987427e-6
B3,SNX33,0.010647475326061645
B3,SNX8,1.861566211722743e-5
B3,SOD3,1.498731744133656e-7
B3,SOS2,0.018152409644774478
B3,SOX4,1.818719270110006e-19
B3,SP6,1
B3,SPAG9,1.677144172951176e-6
B3,SPARC,4.562359377456192e-21
B3,SPIN1,7.231740679219847e-4
B3,SPSB1,0.006242274670394069
B3,SRGN,8.847666957318671e-15
B3,SRPX2,0.003578554067459119
B3,SRR,7.758105583198572e-4
B3,SRRT,5.52165649373377e-13
B3,SRSF1,3.584259168281411e-13
B3,SRSF5,8.990486347377433e-26
B3,SSSCA1,2.280603144838529e-9
B3,STAMBP,1.237573916777241e-5
B3,STAT5A,0.002897047357676743
B3,STK17A,1.1076872570907688e-7
B3,STK4,3.0073497520273836e-7
B3,STMN1,5.487127106094515e-19
B3,STRN3,2.129779255895235e-5
B3,STT3A,6.360214245430186e-6
B3,SUGP1,0.006340515853749872
B3,SURF1,1.7365571643441421e-6
B3,SVIL,0.20278653462223006
B3,SYDE1,1
B3,SYK,5.134133614093142e-6
B3,TACC3,5.354980418662912e-7
B3,TANC2,6.415111126465975e-15
B3,TARBP1,0.3954196057004724
B3,TAX1BP1,9.269365610297283e-9
B3,TAX1BP3,6.990149057176822e-6
B3,TBC1D10A,2.582739384070107e-9
B3,TBC1D23,3.451422974200999e-7
B3,TBCA,3.287030893795475e-5
B3,TBXAS1,8.149696751187597e-4
B3,TCEA2,7.198320591566704e-6
B3,TCEA3,7.815140958319683e-13
B3,TCF25,3.074798668458514e-20
B3,TDRD3,5.3575983961333054e-5
B3,TESK1,2.694629501277728e-10
B3,TESMIN,1.355559640951813e-12
B3,TEX10,3.828259142199733e-4
B3,TEX2,3.2560010983646484e-14
B3,TFF3,8.85951680023936e-22
B3,TGFBR2,0.005593205406341045
B3,THBS1,2.0228053402271278e-11
B3,THOC5,0.004248182785742155
B3,THOC6,0.14233323157448471
B3,TIGD5,0.018418633013731044
B3,TIMP1,5.031793291222189e-21
B3,TJP3,4.1791143603642924e-12
B3,TM7SF2,2.594066809136671e-13
B3,TMBIM6,4.049865664638917e-23
B3,TMEM101,7.588521367904568e-6
B3,TMEM123,9.943922768357237e-14
B3,TMEM14B,2.27973797558898e-17
B3,TMEM160,1.0720991455795834e-9
B3,TMEM184A,2.2322552817365905e-6
B3,TMEM259,4.266718090650707e-22
B3,TMEM45B,3.511709976681199e-4
B3,TMEM86A,0.0011510991333018548
B3,TMX1,1.7910231605666103e-12
B3,TNC,4.671884887036033e-10
B3,TNFRSF14,3.895110705440796e-9
B3,TNFRSF21,0.002897047357676743
B3,TNFRSF4,9.812355610527724e-4
B3,TNNT1,5.742243687933532e-9
B3,TOM1L2,0.0013790849152190063
B3,TP53I3,0.0030579801234500333
B3,TPM2,1.2930353662287695e-16
B3,TRAC,2.0372594733646225e-8
B3,TRAF5,0.0027052033460838705
B3,TRAP1,2.0474598743543007e-13
B3,TRAPPC4,3.584259168281411e-13
B3,TRIM14,9.883672456416028e-8
B3,TRIM22,1.4209692820114478e-6
B3,TRIM25,7.794221007880511e-7
B3,TRIM47,1.5216416282862666e-13
B3,TSPAN33,0.0958682484061325
B3,TSR2,9.539861091533693e-4
B3,TTC31,4.6531935462317757e-4
B3,TTI1,3.951947755665207e-7
B3,TXN2,6.756995418284791e-16
B3,TXNDC17,1.298356601143121e-17
B3,TXNRD2,5.141228933233145e-7
B3,TYMS,1.5099791874079128e-14
B3,TYROBP,4.3102531483534145e-12
B3,UBA52,7.446319425981228e-32
B3,UBA6,1.2725610761802534e-13
B3,UBAP2L,1.641727940572642e-12
B3,UBE2C,6.702346398347785e-8
B3,UBE2T,4.1440057850507834e-5
B3,UBE2W,2.125799557312331e-9
B3,UBL7,5.441100657162263e-7
B3,UBR2,7.68702905353049e-9
B3,UBXN1,8.728990087455084e-10
B3,UCK1,0.002109972025519233
B3,UFD1L,4.989136712366966e-12
B3,UQCRC1,2.4436861245490375e-14
B3,UXS1,3.6650869971737244e-5
B3,UXT,8.998767840709092e-10
B3,VARS,6.256862911654154e-4
B3,VAV1,6.859892047487686e-4
B3,VCAM1,2.0597758771426882e-11
B3,VEGFB,1.2342569877872279e-12
B3,VIM,1.266518778425139e-19
B3,VPS13D,6.179508772289411e-7
B3,VPS45,6.973806489975005e-8
B3,VWF,3.4512217680951236e-9
B3,WDFY3,0.001327954978835713
B3,WDR13,1.4613829079215484e-6
B3,WDR34,4.2936647297302664e-18
B3,WDR46,2.810239043231393e-14
B3,WDR73,5.383119024699406e-4
B3,WDR74,1.8463500223367787e-17
B3,WIPF1,2.595545841162556e-16
B3,XAB2,4.24399727982445e-5
B3,XIAP,0.004136201016974506
B3,XPO6,1.7248888493433876e-11
B3,YIPF4,1.3533478503454685e-7
B3,YTHDC1,2.616136101867386e-9
B3,ZDHHC12,1.1550622999489395e-19
B3,ZFAND3,1.2915653571193732e-9
B3,ZFP36,1.6631625794585317e-9
B3,ZFPL1,1.2117054076548632e-8
B3,ZFR,5.108559980140063e-6
B3,ZG16B,1.2382967890659624e-7
B3,ZMAT5,1.7025137504625138e-12
B3,ZMYND19,5.095218861655173e-12
B3,ZMYND8,4.3770775621821994e-8
B3,ZNF217,1.586774077207316e-5
B3,ZNF337,1.5887961974156263e-5
B3,ZNF33B,0.023386857987304065
B3,ZNF362,0.030620034908249424
B3,ZNF524,0.01787158569399382
B3,ZNF592,1.4510095110172272e-4
B3,ZNF644,2.397144141433624e-5
B3,ZNF668,0.0018709769919304244
B3,ZNF771,3.780597891347829e-5
B3,ZNF787,9.869192619960247e-7
B3,ZNF791,1
B3,ZNF83,1.6687604827148054e-6
B3,ZNF91,0.008942461385853888
B3,ZNRF1,4.111105623153184e-6
B3,ZSWIM8,2.3891221301317265e-10
B4,A2M,3.3367393374666896e-14
B4,AAMDC,0.032271663994764346
B4,ABCA3,7.245739623651299e-6
B4,ABCA7,0.0014520250357943749
B4,ABCF3,1.0084456424896524e-10
B4,ABHD14A,9.281565034855659e-4
B4,ABHD4,0.0022335168662478582
B4,ACAA1,9.75577228358868e-9
B4,ACER3,0.03356892307802533
B4,ACTR3B,1
B4,ADAM15,5.785950831211741e-10
B4,ADCY3,1.8802213182999643e-6
B4,ADI1,7.45534690622894e-12
B4,AEBP1,4.12201201750237e-15
B4,AES,7.802145695939365e-17
B4,AGAP2,0.051056473154240396
B4,AGO2,6.456004264684869e-4
B4,AGPAT2,8.510791493380513e-12
B4,AGR2,1.3193911008440473e-9
B4,AHCY,5.353614330015901e-13
B4,AKAP9,0.2937480370029357
B4,AKR1A1,1.0820588897292682e-12
B4,AKT1S1,3.4271368041840246e-11
B4,ALDH16A1,8.599723009348506e-9
B4,ALG3,2.560514851173965e-10
B4,ANGPTL4,1
B4,ANKLE2,6.450605678951888e-9
B4,ANKRD12,6.551009237605477e-7
B4,ANKRD28,0.0010595980070139648
B4,ANLN,5.678490278228336e-5
B4,ANO10,0.015947504684364268
B4,AP5B1,1
B4,AP5Z1,2.1816907009481784e-7
B4,APBA2,0.03516546423373078
B4,APBB2,8.784955494230142e-6
B4,APOBEC3G,3.6370981195010216e-7
B4,APOC1,1.307858757132677e-15
B4,AQP1,0.5682870353249166
B4,ARF5,0.42809599511228347
B4,ARF6,1.4396558939626119e-9
B4,ARFGEF2,0.001062894067678208
B4,ARHGAP10,0.7597071843047342
B4,ARHGAP4,2.890190425930355e-8
B4,ARHGAP45,4.401614690938396e-9
B4,ARHGAP5,4.30752573629083e-7
B4,ARHGEF10L,0.28174486272671584
B4,ARHGEF3,5.312408721091504e-10
B4,ARHGEF40,0.15110932821677664
B4,ARID1B,0.01100166223312864
B4,ARID3A,0.0016296644261959738
B4,ARID4A,0.0032243071703622404
B4,ARID5A,1.631406077771251e-6
B4,ARID5B,0.009667443985300759
B4,ARNT,2.4988173243873683e-6
B4,ASCL2,0.04113769998217008
B4,ASH2L,6.978789543341414e-7
B4,ASL,2.8433224276294217e-4
B4,ASMTL,0.020038525919772676
B4,ASNA1,7.37559892483496e-16
B4,ASNS,0.004385863370546098
B4,ATAD1,9.120645535099143e-6
B4,ATF6B,0.06416314898241633
B4,ATG12,4.168524467581598e-7
B4,ATG16L2,0.011256576760337778
B4,ATL2,0.011943345806462698
B4,ATP5H,7.373309845596973e-6
B4,ATP5O,2.4620086524474865e-15
B4,ATP6AP1,1.8194439333981143e-11
B4,ATP6V0D1,6.562344358881271e-12
B4,AURKAIP1,2.1878475896879714e-13
B4,AVEN,0.10323929983878383
B4,BABAM1,8.650922516333387e-13
B4,BAD,5.353614330015901e-13
B4,BAG1,1.6669512464195954e-9
B4,BAIAP3,0.004060713587792759
B4,BCAM,2.3229501226595543e-10
B4,BCL2,6.630976492503357e-6
B4,BCL2L12,3.1627177788777434e-5
B4,BGN,6.223352241793868e-11
B4,BICDL1,2.338399703464884e-8
B4,BIN3,0.0017953114839411542
B4,BIRC2,6.272929519690307e-6
B4,BIRC5,1.8172961219699802e-7
B4,BLVRA,1.7154627579318644e-12
B4,BOK,1.162841733223366e-10
B4,BOLA3,0.0016506193383093659
B4,BRD9,2.2450099522365824e-12
B4,BRF1,5.214595472193891e-8
B4,BRF2,1.9926153203069684e-7
B4,BRK1,4.057997782509315e-12
B4,BRPF1,1.2600696057881246e-5
B4,BSG,4.062199586268947e-15
B4,BST2,5.087270680031093e-13
B4,BTG1,5.087270680031093e-13
B4,C10orf10,0.00233286308659034
B4,C10orf54,2.401342314023986e-6
B4,C12orf45,1.204609156123402e-5
B4,C15orf61,0.4974345860030715
B4,C19orf24,3.9737210196635715e-8
B4,C19orf52,3.5554238696717593e-7
B4,C19orf60,2.781176245950509e-11
B4,C1QB,1.6822230647099606e-17
B4,C1R,4.824135989684658e-14
B4,C1S,3.063385910684198e-11
B4,C1orf216,0.7597071843047342
B4,C2,1.996074828697623e-8
B4,C2CD2L,0.0010539801335149033
B4,C3,4.062199586268947e-15
B4,C4orf48,4.727490910994328e-4
B4,C5orf38,5.377652161671577e-4
B4,C6orf136,9.179162492151913e-4
B4,C6orf48,7.4433037955040055e-9
B4,CADM4,1.1588082451010935e-12
B4,CALML5,1
B4,CAMTA2,1.305290688189149e-6
B4,CAPG,4.50063510567051e-12
B4,CARS2,5.391731612761979e-6
B4,CBLC,1
B4,CCDC106,4.817343645121909e-6
B4,CCDC167,6.141514927232e-6
B4,CCDC57,1.535333275780226e-8
B4,CCDC80,1
B4,CCDC88B,8.859770331840793e-4
B4,CCL19,6.702055957398123e-8
B4,CCL2,4.754111630393779e-9
B4,CCL21,1
B4,CCM2,1.098781583459924e-10
B4,CCNB1,2.0815921986483033e-6
B4,CCNB1IP1,2.3301003416148287e-5
B4,CCNE1,0.0397109100347326
B4,CCNE2,9.47803564204102e-8
B4,CCS,3.865173214183124e-9
B4,CCT4,1.5660963212889322e-13
B4,CD14,8.650922516333387e-13
B4,CD320,4.2624679307622445e-5
B4,CD3D,1.12863244050754e-6
B4,CD4,4.521225706847596e-6
B4,CD52,1.5660963212889322e-13
B4,CD68,8.71456823943035e-14
B4,CD74,3.728376679657618e-19
B4,CD79A,1.3673217480322863e-9
B4,CDC20,6.068377144144125e-11
B4,CDC6,0.0031052885285297025
B4,CDH11,0.12072570507249519
B4,CDH3,1
B4,CDK5RAP1,0.03516546423373078
B4,CENPF,3.9137634559392693e-7
B4,CEP250,0.0021357138239559135
B4,CEP55,2.805547373400083e-4
B4,CERCAM,9.040645951885468e-7
B4,CERS5,5.934764017596312e-6
B4,CES2,1.689194424374195e-7
B4,CFAP36,0.8394080189860329
B4,CFDP1,1.0040175374223024e-8
B4,CGGBP1,5.0794414079623416e-5
B4,CHCHD6,1.849122230172049e-4
B4,CHD1,8.569037049459255e-4
B4,CHD6,1.8312943335409153e-5
B4,CHFR,1.054962086706074e-8
B4,CHST11,3.5882682716995967e-4
B4,CIR1,0.011799895838597595
B4,CLASRP,1.5886651675789927e-8
B4,CLDN3,1.3260171511074643e-10
B4,CLDN4,6.725563781794663e-10
B4,CLU,0.003049392776693818
B4,CNN2,1.8786122332681304e-14
B4,COL14A1,0.2404826546024708
B4,COL3A1,2.2218076782398125e-12
B4,COL4A1,5.4692905467556645e-9
B4,COL6A2,3.962223692860999e-13
B4,COL8A2,0.872576548239666
B4,COMMD1,2.2883182631395127e-6
B4,COMP,2.7284924946276596e-7
B4,COPS7A,1.8640461464141518e-11
B4,COQ4,1.6669512464195954e-9
B4,CORO1A,5.339504136719822e-4
B4,CORO1B,3.975318510147614e-15
B4,CORO2A,0.021279831128478296
B4,CORO7,4.824135989684658e-14
B4,COX5A,1.2445416997780872e-8
B4,CPNE1,8.301568726692994e-10
B4,CPSF1,1.5055874871367992e-7
B4,CPVL,7.266927532170788e-11
B4,CRABP2,1.3964175050704096e-11
B4,CRACR2B,5.910917345440817e-12
B4,CRELD2,1.6019468350330153e-6
B4,CROCC,0.0010623161434110552
B4,CSF1,2.8141595463875077e-8
B4,CSF1R,3.962223692860999e-13
B4,CTDSPL,7.280297374808107e-7
B4,CTIF,3.122146958938018e-12
B4,CTSK,2.3678839039414115e-8
B4,CTU2,2.14429810373631e-4
B4,CUTC,7.005031721534085e-4
B4,CUX1,2.661991681325612e-9
B4,CX3CL1,0.040296484025480674
B4,CXCL10,1.57144334660345e-5
B4,CXXC5,1.0313208063775979e-15
B4,CYP27A1,0.07171997145517986
B4,DAPK3,8.176179572820087e-12
B4,DCAF6,2.9368369009906677e-11
B4,DCXR,5.525344859368945e-8
B4,DDAH1,4.282974248451079e-5
B4,DDB2,7.387023638748063e-4
B4,DDIT3,4.8417871783934405e-4
B4,DDRGK1,4.682935400446608e-8
B4,DDT,4.23183590555788e-7
B4,DEAF1,0.0010036994177927035
B4,DENND1A,0.0878702698067621
B4,DERL3,0.03475899012834585
B4,DESI1,3.3627250137682644e-6
B4,DHX16,6.462949790960665e-8
B4,DLG1,2.409160568904567e-7
B4,DMAP1,9.369073128597039e-4
B4,DNAJB2,2.5050422520980694e-12
B4,DNAJC1,3.776999232737477e-9
B4,DNAJC7,9.533415593806215e-10
B4,DOCK6,0.0010194389511090855
B4,DPH3,0.022191351040576346
B4,DPM2,6.91459491854801e-13
B4,DPP7,6.701026398171345e-12
B4,DPP9,2.7527940397182062e-9
B4,DPYSL3,9.050430719681672e-4
B4,DVL1,6.660755053867272e-9
B4,EBAG9,0.0011083710747844648
B4,ECHDC2,1
B4,ECM1,1.547386146139936e-17
B4,EFEMP2,0.0059266376385103845
B4,EFHD2,1.7603194102699564e-9
B4,EGFR,1
B4,EIF1AD,2.3374995761764677e-4
B4,EIF3B,8.407225000338479e-17
B4,EIF3F,1.970832312624034e-5
B4,EIF3G,1.922232648197425e-12
B4,ELN,1
B4,ELOF1,8.63170918249436e-11
B4,EMC3,9.08748942469066e-7
B4,ENPP1,1.2489303781714738e-9
B4,EPHB3,1.9183049911929772e-8
B4,ERAL1,1.608530249273971e-5
B4,ERBB2,1.0777688799140838e-16
B4,ERI3,7.471333971825319e-11
B4,ERMP1,1.0362757311798994e-10
B4,ESR1,9.345181416202561e-10
B4,ETFB,1.1646644283585449e-11
B4,EVA1B,2.1981676254883863e-12
B4,EXD3,0.08182497186391804
B4,EXO1,0.0014301828407879396
B4,EXOC5,6.749462497087187e-9
B4,EXOSC1,1.4988128530064282e-5
B4,EXOSC10,2.534090554627368e-7
B4,EXOSC2,2.34348508137061e-6
B4,EZH2,1.5559280983393936e-8
B4,FAAH,8.760534128802002e-6
B4,FADS2,1.5660963212889322e-13
B4,FAH,3.9407088215688586e-7
B4,FAIM2,2.8770723484272014e-4
B4,FAM102A,1.4693036286344445e-11
B4,FAM117A,6.504751344007782e-7
B4,FAM118A,1.440824161881679e-4
B4,FAM160B1,0.006238076316365216
B4,FAM173A,2.8563801375865338e-11
B4,FAM193B,1.774525316989886e-12
B4,FAM213B,1.312111080133577e-7
B4,FAM3A,7.015198254499559e-10
B4,FAM45A,1.5210185351001186e-5
B4,FAP,0.00441895460430484
B4,FARP1,9.080095962806455e-13
B4,FARSB,2.2044903590590212e-7
B4,FASN,2.1878475896879714e-13
B4,FBF1,0.005969331286319492
B4,FBLN2,0.011375796834942659
B4,FCER1G,7.2311679374000095e-9
B4,FDPS,6.406913277557898e-10
B4,FGFR1,7.011196892138849e-6
B4,FGFR4,1.5853277013762947e-4
B4,FKBP10,0.004364035545634146
B4,FKBP8,3.181129074242307e-10
B4,FLNA,2.202863984779053e-15
B4,FN1,8.864315340231873e-8
B4,FNBP4,1.2601924013161588e-7
B4,FOXA1,1.6911856195189106e-11
B4,FOXC1,0.7623917769885863
B4,FOXP4,1.2832914157707344e-9
B4,FSTL1,5.98416439433328e-7
B4,FSTL3,2.533654457641581e-6
B4,FUOM,9.31541305396342e-4
B4,FUS,6.75379038555852e-14
B4,FZD2,0.007146858455455565
B4,GALK1,0.017460255471363838
B4,GANAB,3.962223692860999e-13
B4,GAR1,3.775771961993571e-8
B4,GAS6,9.50080613812941e-4
B4,GATA3,1.2005036477092785e-10
B4,GATC,7.389441245375793e-13
B4,GBP1,1.0401714248483803e-8
B4,GBP2,7.471333971825319e-11
B4,GBP3,4.0922374880543934e-11
B4,GBP4,4.608162495791106e-7
B4,GBP5,3.790428214865942e-6
B4,GEMIN4,1
B4,GLCCI1,2.455976500140398e-6
B4,GLG1,1.7211256040539166e-7
B4,GLTSCR2,2.202863984779053e-15
B4,GMFG,1.9780585151823354e-8
B4,GMPPA,2.317778064134856e-10
B4,GNAI2,3.728376679657618e-19
B4,GNAS,2.3063058568692337e-16
B4,GNL2,6.108305132277871e-6
B4,GPR108,7.500619200824102e-9
B4,GPR160,4.754111630393779e-9
B4,GPRC5A,1.5895284442779146e-12
B4,GPS1,1.005716423831249e-7
B4,GPSM1,8.069966359708444e-6
B4,GPX3,7.770618380498523e-4
B4,GRB7,5.353614330015901e-13
B4,GRK3,4.7268694670449506e-4
B4,GSK3A,1.880326806681326e-11
B4,GSTM3,2.4816185838959183e-8
B4,GYPC,1.2432100390386166e-6
B4,HAGHL,5.115703422679703e-11
B4,HCFC1R1,3.683044651726382e-17
B4,HCST,6.223352241793868e-11
B4,HDAC5,8.569037049459255e-4
B4,HDAC6,0.11302695061660746
B4,HELZ2,2.159833253711514e-6
B4,HES1,0.047477408280738126
B4,HLA-B,4.563907011105529e-20
B4,HLA-DMA,2.4620086524474865e-15
B4,HLA-DMB,1.477594260552493e-10
B4,HLA-DOA,9.938682736027348e-7
B4,HLA-DPA1,9.833926970374001e-18
B4,HLA-DPB1,2.5311944986113462e-14
B4,HLA-DRA,2.1097841849387818e-16
B4,HLA-DRB1,5.924377531191684e-14
B4,HMGB2,9.085098770499462e-12
B4,HNRNPUL2,1.6042565107614347e-11
B4,HOOK3,0.12404245294555316
B4,HPS6,0.4508793153246049
B4,HSD17B1,1
B4,HSPA4,7.55756565891675e-11
B4,HSPB1,1.8365734673995267e-15
B4,HSPB11,9.688178722767659e-7
B4,HYI,1.7802385480386889e-6
B4,IDH3G,4.951925480240366e-7
B4,IDUA,4.0561141843183317e-7
B4,IER5L,1.1516619647040936e-10
B4,IFI27,2.2614651500307766e-14
B4,IFI27L1,0.025996234539625792
B4,IFI44L,3.666455578886036e-6
B4,IGFBP2,1.396262338574687e-11
B4,IGFBP4,8.481408518971749e-20
B4,IGHA1,2.3487012071190226e-5
B4,IGHG3,1.6890524134390833e-10
B4,IGHG4,0.015139467822882412
B4,IGHM,1.461539142706867e-7
B4,IGKC,1.1388456686372954e-11
B4,IGLC2,1.2593730789637233e-7
B4,IGLC3,7.4433037955040055e-9
B4,IGLC7,0.39584673364573875
B4,IKZF3,5.194927671378862e-6
B4,IL10RA,2.317778064134856e-10
B4,ILKAP,0.01188600027543147
B4,INAFM1,4.1439745681598074e-5
B4,INPP4B,1.3585499859244816e-6
B4,INPP5D,5.542033280176491e-7
B4,INPP5J,6.453717727365449e-4
B4,INTS8,2.8650860167074846e-9
B4,ISG15,2.8669658080210834e-6
B4,ISLR,0.14872662236494638
B4,ITGA5,2.771146685999232e-7
B4,ITGB4,0.07264029752526757
B4,ITGB6,0.16368824536055343
B4,ITSN1,1.2848934645523199e-6
B4,JAG2,1.6722874336758993e-5
B4,JAK1,1.36970450184274e-7
B4,JAK3,1.0483026177288082e-10
B4,JCHAIN,5.194927671378862e-6
B4,JMJD6,0.0031052885285297025
B4,KAT6B,1.714224502833635e-7
B4,KATNA1,6.855514950350155e-4
B4,KCNAB2,3.7606546794829635e-5
B4,KCTD10,3.544461029077503e-6
B4,KDM4B,2.1230006883025402e-11
B4,KIAA0895L,2.6152313649260494e-5
B4,KIAA1211L,0.003318067538689201
B4,KIAA1217,0.12404245294555316
B4,KIAA1468,1.1219135349410563e-6
B4,KIAA1715,0.0013905369176308421
B4,KIF13B,0.005613469243119854
B4,KIF2C,3.271179215996957e-6
B4,KLF9,0.051649382291566626
B4,KMT2B,1.5575067623839038e-12
B4,KMT2E,0.006486709890037623
B4,KPNB1,5.275141805752426e-8
B4,KRAS,2.886176752107034e-11
B4,KRT10,7.282889125827375e-7
B4,KRT14,0.2197465706845538
B4,KRT17,0.10575461543585166
B4,KRT5,1
B4,KRT8,9.345181416202561e-10
B4,KRT86,0.6722003646802737
B4,LAMB2,3.203501755315624e-8
B4,LAMTOR2,1.3298700656099767e-12
B4,LANCL1,0.0032669492413393794
B4,LARP1B,3.183863987465836e-4
B4,LARP7,0.012018083902131882
B4,LCK,3.88342947169615e-12
B4,LCP1,5.353614330015901e-13
B4,LGALS1,4.062199586268947e-15
B4,LIMCH1,1
B4,LIMK1,4.65534798458675e-11
B4,LINC00176,2.7099829123360558e-8
B4,LINGO1,1
B4,LLGL1,6.535119545371229e-7
B4,LMF1,1.4463084545520175e-5
B4,LMNA,1.0552797477435189e-13
B4,LRRC8A,4.019547322609364e-4
B4,LRWD1,0.05242081295329778
B4,LST1,1.3991261314890878e-10
B4,LTB4R,0.008310342029196656
B4,LTBP3,5.200045091805708e-9
B4,LTF,0.20567375845030864
B4,LUC7L,5.194927671378862e-6
B4,LUC7L3,3.9728178738579534e-14
B4,LUM,2.865797541980237e-12
B4,LYL1,1.1242752182151784e-7
B4,MAGEF1,5.339504136719822e-4
B4,MAGI1,0.05870157012214713
B4,MAGOHB,6.037843882019056e-6
B4,MAP1S,2.9751979354729876e-6
B4,MAP3K14,6.195976698135445e-4
B4,MAP3K6,3.0340541084643496e-7
B4,MAP4K2,0.5990611771704375
B4,MAPK9,3.7181733407211343e-4
B4,MAPKAPK5,5.895324706442058e-5
B4,MAPT,4.7528036203996804e-7
B4,MARS,6.75379038555852e-14
B4,MAVS,5.5612427541620735e-8
B4,MCTS1,1.5353533987434763e-8
B4,MDM2,2.789923479250484e-7
B4,MED13L,3.9704549863420845e-7
B4,MED25,1.896700395074425e-10
B4,MELK,0.04864848300331316
B4,MEN1,0.00913899037682775
B4,METTL12,4.8385188693943525e-5
B4,METTL16,3.5746530638508344e-6
B4,MFAP4,0.009399226941539834
B4,MFSD3,2.997419698290621e-4
B4,MFSD7,0.8026497528441613
B4,MGMT,0.30555656523237973
B4,MGP,0.7597071843047342
B4,MIA,1
B4,MIB2,0.00537767798641989
B4,MICAL1,5.016185063714185e-10
B4,MICALL2,1.2761131778868832e-8
B4,MID1IP1,6.282097088789354e-12
B4,MIF,0.2463244968876472
B4,MIIP,1.054962086706074e-8
B4,MKI67,4.699745045157251e-12
B4,MKNK1,2.191065382446472e-5
B4,MLLT4,0.014521857446311787
B4,MLPH,7.697106682033252e-11
B4,MLST8,1.1317929980523796e-8
B4,MMP11,3.6259223479420986e-6
B4,MMP9,1.3477865495983782e-14
B4,MORC2,1.970832312624034e-5
B4,MPND,1.1242752182151784e-7
B4,MPST,1.6042565107614347e-11
B4,MRPL2,0.0010636538873800927
B4,MRPL21,1.61878071992691e-9
B4,MRPL23,1.938342490106782e-5
B4,MRPL51,3.122146958938018e-12
B4,MRPL54,4.0555703804723955e-7
B4,MRPS22,2.474140380824208e-6
B4,MS4A6A,2.6541519099610496e-11
B4,MST1R,1.256996996249429e-7
B4,MTG2,0.002316619647599694
B4,MTMR12,0.29729649979482614
B4,MUC1,3.2735263837109823e-16
B4,MUCL1,0.0019225448532519183
B4,MUS81,7.771241402931372e-10
B4,MVP,1.4646585654234776e-16
B4,MX2,1.819964060690273e-4
B4,MYBL2,2.6226695780943297e-10
B4,MYC,2.6226695780943297e-10
B4,MYH10,6.686738585788336e-4
B4,MYL12B,9.499837025840558e-13
B4,MYL6B,5.2983561405239155e-5
B4,MYL9,7.834396847247885e-12
B4,MYO1G,9.077959822100662e-4
B4,MYO9B,1.5660963212889322e-13
B4,MZT2A,4.824135989684658e-14
B4,NAA10,3.9737210196635715e-8
B4,NANS,1.088494100095855e-11
B4,NAT1,4.7387250574082735e-12
B4,NCKAP1L,0.02004357822374296
B4,NCKAP5L,1
B4,NDC80,1.504303849438896e-4
B4,NDRG1,1.1168556849139214e-9
B4,NDUFA1,9.39571427167406e-12
B4,NDUFA12,1.0659352408431587e-9
B4,NDUFB2,2.325422728831522e-11
B4,NDUFB3,9.631463273463915e-7
B4,NDUFB9,6.7271007402968025e-15
B4,NDUFC1,2.7099829123360558e-8
B4,NDUFS1,2.608104620104715e-7
B4,NDUFV3,2.908001055101907e-7
B4,NEBL,2.991961847837625e-8
B4,NEK7,2.613381138684397e-6
B4,NELFE,2.439942812845284e-10
B4,NFATC4,4.367533731167422e-10
B4,NFIC,4.824135989684658e-14
B4,NINJ1,4.062199586268947e-15
B4,NIT2,4.7276398275642064e-7
B4,NMRAL1,1.3416387459312038e-10
B4,NR1H2,3.037588151289871e-8
B4,NR4A1,2.090419341889417e-5
B4,NRP1,4.558069435111154e-5
B4,NSMCE1,6.4874031196195e-8
B4,NTMT1,8.631131216364574e-4
B4,NUF2,3.0824936739257587e-6
B4,NUP214,8.539322636538709e-6
B4,NUP93,6.770387449920285e-6
B4,NXN,1
B4,OASL,8.536534797808421e-7
B4,OGFRL1,1.4113269617003472e-6
B4,OPTN,1.5851938796362095e-5
B4,ORC2,0.07339898094018228
B4,ORC6,9.96886080054214e-4
B4,OSBPL8,0.0011280505349721113
B4,P4HA2,0.010460798386595197
B4,PAF1,9.448942252205007e-6
B4,PAFAH1B3,2.511258277040686e-6
B4,PAQR4,3.7830218705955896e-8
B4,PARN,0.001137918285307728
B4,PCCB,1.1242752182151784e-7
B4,PCIF1,7.973334551051246e-6
B4,PDCD5,3.9789683903779525e-7
B4,PDGFRA,0.02142930614185131
B4,PDGFRB,4.318784402171691e-10
B4,PER1,7.683804889312782e-8
B4,PEX11G,0.08272701686504974
B4,PEX14,0.01754957678292046
B4,PGLS,5.858709732050764e-13
B4,PGR,7.579083211421595e-8
B4,PHF11,1.6488051418360057e-5
B4,PHF13,0.004908206531279341
B4,PHF21A,2.1358653841502183e-4
B4,PHGDH,0.003323142608013525
B4,PHKB,2.8669658080210834e-6
B4,PIGQ,3.1606081632540117e-11
B4,PIH1D1,3.455523847764993e-6
B4,PILRA,3.164998123447135e-7
B4,PIM2,2.0467160026839164e-8
B4,PITX1,5.524499201020738e-6
B4,PKNOX1,0.17965108019229548
B4,PLAC9,1
B4,PLEKHO2,4.082750710449945e-8
B4,PLIN2,0.0013587788676303748
B4,PLK1,7.265747724119569e-4
B4,PLK2,7.151533188857485e-4
B4,PLLP,3.211569557688237e-8
B4,PLP2,1.8332237010761372e-10
B4,PLPPR2,2.2220296638554468e-10
B4,PLSCR1,9.809701001926117e-7
B4,PLTP,2.2614651500307766e-14
B4,PLVAP,1.8603973726197757e-5
B4,PLXNA1,1.3656072174529853e-5
B4,PLXND1,5.353614330015901e-13
B4,PMP22,1.1208418086671588e-12
B4,PNISR,1.0989524967861177e-5
B4,PNMT,4.930816070106952e-12
B4,PNP,8.243659297084959e-4
B4,PNPLA6,7.131309786132948e-6
B4,PODNL1,1
B4,PODXL,0.0028284330455633634
B4,POLR2E,5.4248187290453926e-12
B4,POLR2J,5.2491860606640846e-9
B4,POR,1.0044238659258907e-14
B4,POSTN,1.9582137620667837e-7
B4,PPHLN1,1.8859450541668318e-6
B4,PPIB,1.256996996249429e-7
B4,PPIH,3.009966190109659e-4
B4,PPM1G,1.7113776092903743e-8
B4,PPP1R1A,1
B4,PPP1R1B,1.808909360700679e-15
B4,PPP1R37,1.5049573060145872e-7
B4,PRKAB1,4.1375411428763625e-8
B4,PRKCSH,8.650922516333387e-13
B4,PROSER1,0.002443806094740797
B4,PRPF6,6.891018500095858e-9
B4,PRPSAP1,0.002540492416813902
B4,PSCA,1
B4,PSMD4,8.237442736318804e-10
B4,PSTPIP1,1.1509124065344697e-6
B4,PTGDS,2.174077286017886e-12
B4,PTOV1,4.824135989684658e-14
B4,PTP4A3,6.233351013086063e-4
B4,PTPRC,1.851115869837708e-8
B4,PTPRJ,3.3202036716659274e-6
B4,PTRF,8.752009126485706e-7
B4,PTRH1,1
B4,PTTG1,4.096466433770837e-7
B4,PUS3,0.0026543531165753895
B4,PWP1,2.878585289673644e-4
B4,PWWP2B,1.1218219004525153e-9
B4,PXDN,1.8725130933853155e-10
B4,PYURF,2.8669658080210834e-6
B4,QSOX1,8.71456823943035e-14
B4,R3HDM2,7.173605364362263e-4
B4,RAB11FIP1,1.3018867418091458e-9
B4,RAB3A,0.10575864343148673
B4,RAB3GAP1,3.884620547132362e-9
B4,RAB3IL1,1
B4,RABGAP1L,3.2634724652836624e-4
B4,RALBP1,0.016378549983081525
B4,RALGAPA2,9.24462954382884e-6
B4,RAMP2,0.0027753757191485793
B4,RAP1B,0.0021730247808870217
B4,RARS2,6.632684862286593e-6
B4,RASA2,0.0043485429642820634
B4,RASGRP2,5.050983696626945e-4
B4,RASSF3,0.0733037782225521
B4,RBL1,6.004563131740824e-8
B4,RBM42,1.7788751937686846e-10
B4,RECQL4,4.918406033684891e-4
B4,RECQL5,0.015684567606377875
B4,REEP6,1.256996996249429e-7
B4,RGS1,8.75416395840069e-7
B4,RHOB,2.8140793273160506e-13
B4,RIOK1,0.05548552980610755
B4,RMND1,3.164998123447135e-7
B4,RNASET2,5.811798516384763e-18
B4,RND3,1.4932163983328661e-7
B4,RNF135,0.003142430991858475
B4,RNF170,0.025355009290978912
B4,RRAS,4.699745045157251e-12
B4,RRM2,1.2370173200544007e-10
B4,RSL1D1,1.0424328638579455e-12
B4,RSRP1,9.207091157576932e-4
B4,RUVBL1,5.8346519088946076e-5
B4,S100A14,3.2735263837109823e-16
B4,S100A9,5.524086584354588e-4
B4,SAMM50,6.715822696386963e-8
B4,SASH1,1
B4,SAT1,4.062199586268947e-15
B4,SCAF1,0.002806918497033182
B4,SCD,4.964035933385513e-11
B4,SCNN1D,0.002082351270864053
B4,SCX,0.003802893355063821
B4,SDHB,6.46369844819313e-4
B4,SEC14L2,6.75379038555852e-14
B4,SEC23A,0.0010325628489122024
B4,SEMA3B,2.5959237607656604e-9
B4,SEMA4B,0.0012801874803012498
B4,SF3B4,6.223352241793868e-11
B4,SFRP1,1
B4,SFSWAP,9.96886080054214e-4
B4,SGTA,9.648271979369316e-14
B4,SH3BP5L,0.0013854952094663488
B4,SIGLEC1,1.256996996249429e-7
B4,SIGMAR1,1.3109119165667036e-7
B4,SLC16A2,0.7343447081056542
B4,SLC16A3,3.038366693329215e-11
B4,SLC22A18,6.004563131740824e-8
B4,SLC25A24,2.9859825960535557e-4
B4,SLC2A1,8.076500621211689e-7
B4,SLC2A8,0.01473035648489237
B4,SLC35A2,7.338947593855118e-9
B4,SLC39A6,8.014987329296514e-11
B4,SLC43A1,7.131309786132948e-6
B4,SLC4A5,3.385209113090613e-4
B4,SLC8B1,4.188046991061665e-6
B4,SLC9A3R2,8.148517573263702e-8
B4,SLC9A8,2.942232920194639e-7
B4,SLFN13,1
B4,SLPI,0.908828911085866
B4,SMCHD1,3.584011431269722e-11
B4,SMG9,5.078542212203784e-9
B4,SMYD2,0.006792876463988176
B4,SNAPC3,2.2083855444009354e-6
B4,SNF8,1.0982518016659272e-15
B4,SNRPD3,2.912610340616141e-7
B4,SNTA1,6.453717727365449e-4
B4,SNX33,0.025299937198022007
B4,SNX8,7.326683555744421e-4
B4,SOD3,2.0238599960871665e-5
B4,SOS2,0.00657052102309537
B4,SOX4,8.650922516333387e-13
B4,SP6,0.3161463168308097
B4,SPAG9,4.7606096888831406e-7
B4,SPARC,1.6042565107614347e-11
B4,SPIN1,2.707799589174207e-5
B4,SPSB1,0.04536142195473782
B4,SRGN,8.135481853749118e-12
B4,SRPX2,0.020872883130640705
B4,SRR,0.0031108598642522493
B4,SRRT,9.54970794111495e-9
B4,SRSF1,3.71164828145477e-12
B4,SRSF5,6.69729142522791e-15
B4,SSSCA1,9.799737329140152e-4
B4,STAMBP,3.0931141635043376e-9
B4,STAT5A,5.428079077712845e-4
B4,STK17A,1.1552942902615573e-7
B4,STK4,5.192156459400759e-4
B4,STMN1,4.735947398434633e-11
B4,STRN3,0.06113478894899249
B4,STT3A,1.2566372542985606e-8
B4,SUGP1,0.1262173505498943
B4,SURF1,2.771146685999232e-7
B4,SVIL,0.3697152890847953
B4,SYDE1,0.02006910609970751
B4,SYK,4.134966839328733e-6
B4,TACC3,7.165168052109456e-4
B4,TANC2,2.7102307224628385e-11
B4,TARBP1,0.0031863759035138097
B4,TAX1BP1,4.7176992219073265e-9
B4,TAX1BP3,3.7026930070975705e-8
B4,TBC1D10A,2.338399703464884e-8
B4,TBC1D23,2.9861837671292814e-07
B4,TBCA,0.0014967436967380093
B4,TBXAS1,2.2517349526183617e-6
B4,TCEA2,4.995963256868713e-8
B4,TCEA3,8.362696532910856e-9
B4,TCF25,3.0090548235658053e-12
B4,TDRD3,0.006351277350418663
B4,TESK1,3.1704901380565694e-7
B4,TESMIN,1.2311182728732294e-9
B4,TEX10,1.2088439911833649e-5
B4,TEX2,1.7553836773395717e-10
B4,TFF3,3.650301646941629e-11
B4,TGFBR2,0.0012646392884477708
B4,THBS1,8.340652322006507e-9
B4,THOC5,0.010395743128969848
B4,THOC6,3.20468385107924e-4
B4,TIGD5,0.003802893355063821
B4,TIMP1,1.0044238659258907e-14
B4,TJP3,7.148487811419365e-9
B4,TM7SF2,2.6072953753125585e-9
B4,TMBIM6,7.884008445598017e-17
B4,TMEM101,5.886559863560495e-6
B4,TMEM123,6.241887795976461e-15
B4,TMEM14B,1.5186037223052003e-9
B4,TMEM160,1.396262338574687e-11
B4,TMEM184A,3.2015626673731428e-6
B4,TMEM259,1.6559378377745116e-16
B4,TMEM45B,0.09814687057599264
B4,TMEM86A,7.648862453679798e-4
B4,TMX1,8.729526080438327e-12
B4,TNC,8.244397752943189e-9
B4,TNFRSF14,1.197198394103893e-8
B4,TNFRSF21,0.007827923643947996
B4,TNFRSF4,6.364406560105955e-8
B4,TNNT1,1.8314863408295801e-9
B4,TOM1L2,7.308784934744739e-4
B4,TP53I3,0.0016609613496130103
B4,TPM2,3.6359317181126163e-6
B4,TRAC,1.073674939977869e-10
B4,TRAF5,4.663707739169742e-6
B4,TRAP1,1.1959837141093213e-12
B4,TRAPPC4,5.337397562240176e-8
B4,TRIM14,4.044137247329405e-5
B4,TRIM22,3.0224169205507765e-9
B4,TRIM25,9.221422653948691e-7
B4,TRIM47,0.0010623161434110552
B4,TSPAN33,0.0010436275535064801
B4,TSR2,6.471890656747163e-4
B4,TTC31,8.066102656875729e-8
B4,TTI1,0.021220175331338294
B4,TXN2,3.7250370067015033e-11
B4,TXNDC17,6.46398498904393e-9
B4,TXNRD2,1.5890248709503985e-6
B4,TYMS,1.4419851552844744e-10
B4,TYROBP,1.5660963212889322e-13
B4,UBA52,3.160709568221438e-20
B4,UBA6,4.003423053440499e-8
B4,UBAP2L,1.6876871086104432e-9
B4,UBE2C,0.0012402855888613178
B4,UBE2T,5.339692192287629e-4
B4,UBE2W,1.4776877520465024e-7
B4,UBL7,2.215080978229102e-7
B4,UBR2,1.542420261624993e-4
B4,UBXN1,1.118108839375353e-9
B4,UCK1,6.745524752038821e-4
B4,UFD1L,1.6911856195189106e-11
B4,UQCRC1,1.774525316989886e-12
B4,UXS1,0.008935239450567688
B4,UXT,1.1380147772210711e-7
B4,VARS,4.4319948175889046e-7
B4,VAV1,5.050983696626945e-4
B4,VCAM1,6.643173304658459e-9
B4,VEGFB,3.0241277075764456e-7
B4,VIM,3.2385749879370404e-18
B4,VPS13D,2.7458355987636632e-8
B4,VPS45,0.0019225448532519183
B4,VWF,3.8317525912939093e-7
B4,WDFY3,2.9869728355914655e-5
B4,WDR13,1.2537476887290441e-8
B4,WDR34,3.0248538689320225e-11
B4,WDR46,2.5050422520980694e-12
B4,WDR73,8.214124822040847e-4
B4,WDR74,3.7077095960958394e-11
B4,WIPF1,5.387367734595667e-15
B4,XAB2,1.0497530808926599e-7
B4,XIAP,0.001322027528399877
B4,XPO6,1.8031964621636828e-12
B4,YIPF4,1.309993608226641e-8
B4,YTHDC1,2.6226695780943297e-10
B4,ZDHHC12,3.931052352619959e-12
B4,ZFAND3,1.1492578267100028e-5
B4,ZFP36,8.763224578767168e-11
B4,ZFPL1,1.1200608183608008e-5
B4,ZFR,0.002787973768897557
B4,ZG16B,4.995963256868713e-8
B4,ZMAT5,1.9181151260620107e-8
B4,ZMYND19,5.567607430485714e-11
B4,ZMYND8,5.470967345295111e-9
B4,ZNF217,4.558069435111154e-5
B4,ZNF337,3.9704549863420845e-7
B4,ZNF33B,5.919422301526678e-4
B4,ZNF362,0.029340051518732632
B4,ZNF524,3.027852756994886e-4
B4,ZNF592,2.688891154388719e-4
B4,ZNF644,0.012587768710596978
B4,ZNF668,3.909852918357857e-6
B4,ZNF771,0.0017135350358352425
B4,ZNF787,8.431670308733345e-7
B4,ZNF791,0.007379943710063109
B4,ZNF83,8.135712159364232e-8
B4,ZNF91,1
B4,ZNRF1,1.279818425933049e-5
B4,ZSWIM8,9.299560328538619e-9
B5,A2M,4.493290094662686e-19
B5,AAMDC,0.4907603749416592
B5,ABCA3,9.257257227203915e-4
B5,ABCA7,1
B5,ABCF3,2.2576713033623246e-8
B5,ABHD14A,0.01202777918338809
B5,ABHD4,1
B5,ACAA1,2.3152638749039482e-5
B5,ACER3,0.056660261959773306
B5,ACTR3B,1
B5,ADAM15,2.5035857588339834e-12
B5,ADCY3,1
B5,ADI1,5.303687503407611e-12
B5,AEBP1,4.424707870265021e-16
B5,AES,3.743502254868752e-22
B5,AGAP2,0.7655487600483439
B5,AGO2,2.9162773747171074e-5
B5,AGPAT2,3.6532994891240347e-4
B5,AGR2,2.3766593051328354e-13
B5,AHCY,9.667516233061234e-15
B5,AKAP9,9.36298311030959e-9
B5,AKR1A1,3.463708527880043e-15
B5,AKT1S1,2.3502886980988918e-9
B5,ALDH16A1,1.950899418488517e-9
B5,ALG3,1.4465398903501607e-8
B5,ANGPTL4,0.8163223879597191
B5,ANKLE2,0.0017824432289799343
B5,ANKRD12,3.7348488300793865e-5
B5,ANKRD28,0.013978626095316068
B5,ANLN,2.896356350759291e-6
B5,ANO10,0.3599976024535362
B5,AP5B1,0.03924136112995645
B5,AP5Z1,1.5467517805156452e-4
B5,APBA2,0.030834304731494906
B5,APBB2,0.022727253753937887
B5,APOBEC3G,5.630135931629371e-4
B5,APOC1,1.4092611220514646e-22
B5,AQP1,0.10666883979849336
B5,ARF5,0.2538437712699356
B5,ARF6,3.4057639435580916e-9
B5,ARFGEF2,5.864232890375614e-7
B5,ARHGAP10,1
B5,ARHGAP4,3.1375978355070906e-4
B5,ARHGAP45,5.498730740348298e-10
B5,ARHGAP5,3.80896471712746e-6
B5,ARHGEF10L,1
B5,ARHGEF3,2.1641835670368287e-5
B5,ARHGEF40,1
B5,ARID1B,6.583479099700526e-6
B5,ARID3A,3.3541718348388007e-4
B5,ARID4A,0.029406555331118935
B5,ARID5A,5.155940711143283e-7
B5,ARID5B,0.220027854925482
B5,ARNT,1.0620336001711878e-6
B5,ASCL2,0.06149835043190318
B5,ASH2L,4.782268311857282e-6
B5,ASL,2.14434720489721e-4
B5,ASMTL,0.013758431422521028
B5,ASNA1,2.1817587187446083e-18
B5,ASNS,1
B5,ATAD1,0.0011554965413471696
B5,ATF6B,0.05363520896884173
B5,ATG12,0.0011268270926295823
B5,ATG16L2,0.025067675583779335
B5,ATL2,1
B5,ATP5H,4.767538358532403e-12
B5,ATP5O,1.6986979503365818e-16
B5,ATP6AP1,5.25201303525268e-19
B5,ATP6V0D1,5.086448780516187e-10
B5,AURKAIP1,3.9854299158554303e-13
B5,AVEN,1
B5,BABAM1,7.45888457871772e-15
B5,BAD,1.04685418987574e-11
B5,BAG1,4.732832541158686e-10
B5,BAIAP3,0.03711645650102841
B5,BCAM,1.886682084063828e-11
B5,BCL2,5.894752648191672e-8
B5,BCL2L12,0.0011268270926295823
B5,BGN,5.692000801689638e-17
B5,BICDL1,2.1641835670368287e-5
B5,BIN3,0.0017512060572260474
B5,BIRC2,3.831320655980526e-5
B5,BIRC5,6.20183507615381e-7
B5,BLVRA,5.547792204442365e-12
B5,BOK,5.309160394739573e-4
B5,BOLA3,0.0011554965413471696
B5,BRD9,1.0612586722859033e-8
B5,BRF1,4.2612070958734054e-8
B5,BRF2,3.579367949665181e-6
B5,BRK1,1.1172378342752501e-8
B5,BRPF1,0.46867892495662744
B5,BSG,2.80274619062319e-16
B5,BST2,4.818038566111864e-16
B5,BTG1,2.607492743332651e-16
B5,C10orf10,0.03470418690732689
B5,C10orf54,4.8404820624065604e-8
B5,C12orf45,4.782268311857282e-6
B5,C15orf61,0.04554081359677939
B5,C19orf24,2.1617882023667543e-5
B5,C19orf52,2.51523640045779e-7
B5,C19orf60,1.7434054643029713e-9
B5,C1QB,5.758161816487116e-19
B5,C1R,3.9212637812531064e-14
B5,C1S,6.4315179211972136e-15
B5,C1orf216,0.09485799020849815
B5,C2,1.8967239677898048e-7
B5,C2CD2L,0.029467474473768657
B5,C3,4.446971672805721e-14
B5,C4orf48,0.0045624055542187614
B5,C5orf38,0.18056724862391568
B5,C6orf136,8.097292637597724e-4
B5,C6orf48,2.9053767865870106e-10
B5,CADM4,1.612597625620746e-5
B5,CALML5,0.42997461535660186
B5,CAMTA2,9.257257227203915e-4
B5,CAPG,1.0900321137382373e-13
B5,CARS2,1.0468164928526812e-6
B5,CBLC,1
B5,CCDC106,2.2506354022759693e-5
B5,CCDC167,4.339891078815315e-5
B5,CCDC57,2.32922551056652e-5
B5,CCDC80,0.06570725343323154
B5,CCDC88B,0.034141150092258925
B5,CCL19,1.1693306126246771e-5
B5,CCL2,2.71926613091035e-9
B5,CCL21,1
B5,CCM2,2.773469560422758e-13
B5,CCNB1,3.336152360365838e-6
B5,CCNB1IP1,0.006977592926469375
B5,CCNE1,7.447142781489204e-4
B5,CCNE2,1.48829669165195e-6
B5,CCS,2.619997881015032e-6
B5,CCT4,1.5461449289057854e-17
B5,CD14,1.3207353574682554e-11
B5,CD320,0.01498330088738886
B5,CD3D,2.1434968702669667e-7
B5,CD4,1.0378754661502995e-5
B5,CD52,2.7266607079375768e-8
B5,CD68,3.701199927710638e-19
B5,CD74,3.301651395653919e-20
B5,CD79A,3.3842229889955583e-4
B5,CDC20,1.1833238277485237e-11
B5,CDC6,0.002206360168365575
B5,CDH11,1
B5,CDH3,1
B5,CDK5RAP1,8.903417253394175e-4
B5,CENPF,2.1074126953657034e-6
B5,CEP250,0.028015848816752384
B5,CEP55,9.130021108056093e-4
B5,CERCAM,0.020012430318639626
B5,CERS5,2.5761595593157e-7
B5,CES2,5.257807303375796e-4
B5,CFAP36,0.06785317034518626
B5,CFDP1,7.273592855120561e-4
B5,CGGBP1,9.918034439050394e-8
B5,CHCHD6,0.018569917805085753
B5,CHD1,3.3987715012982053e-9
B5,CHD6,1.713353767000425e-5
B5,CHFR,4.601434122694862e-5
B5,CHST11,2.352312406409567e-5
B5,CIR1,0.022727253753937887
B5,CLASRP,2.8305492638508293e-6
B5,CLDN3,1.1584517791168508e-11
B5,CLDN4,2.1629788444386525e-9
B5,CLU,2.1302264975538056e-5
B5,CNN2,4.079894892040642e-18
B5,COL14A1,1
B5,COL3A1,1.910818123373389e-16
B5,COL4A1,1.0900321137382373e-13
B5,COL6A2,1.0825324179977063e-12
B5,COL8A2,0.014322953305709518
B5,COMMD1,0.12072901636772404
B5,COMP,6.12869280083118e-5
B5,COPS7A,6.81557575177497e-8
B5,COQ4,5.533905862497e-9
B5,CORO1A,0.048068597266045426
B5,CORO1B,1.0394068717367173e-17
B5,CORO2A,0.12873042604617987
B5,CORO7,6.357563641230335e-11
B5,COX5A,5.294417864750993e-8
B5,CPNE1,2.292712792148702e-10
B5,CPSF1,8.829228372787865e-6
B5,CPVL,1.0102303921740017e-11
B5,CRABP2,1.1862491808808661e-14
B5,CRACR2B,1.3035035529372528e-16
B5,CRELD2,2.25846959460247e-5
B5,CROCC,0.0011554965413471696
B5,CSF1,8.206435611148179e-4
B5,CSF1R,2.8885497458388467e-9
B5,CTDSPL,0.0011554965413471696
B5,CTIF,7.256670195505038e-10
B5,CTSK,1.0551869727192596e-9
B5,CTU2,0.8319740721654645
B5,CUTC,0.07347765605168657
B5,CUX1,3.2381053329292757e-10
B5,CX3CL1,0.008828621139938988
B5,CXCL10,6.252032056331203e-4
B5,CXXC5,4.079894892040642e-18
B5,CYP27A1,0.035336358223539976
B5,DAPK3,2.0559091205326316e-10
B5,DCAF6,3.5742532482830486e-7
B5,DCXR,6.233830904667706e-7
B5,DDAH1,3.022007166602375e-5
B5,DDB2,0.0012487133543987122
B5,DDIT3,0.0049593969102474985
B5,DDRGK1,3.4868397669082935e-10
B5,DDT,1.3940638916251505e-8
B5,DEAF1,0.0064842649003535105
B5,DENND1A,0.006977592926469375
B5,DERL3,0.002983510854104609
B5,DESI1,1.03652644777034e-9
B5,DHX16,1.9722566576947043e-5
B5,DLG1,0.001432996059966854
B5,DMAP1,0.016100304068388187
B5,DNAJB2,1.9784186365983203e-8
B5,DNAJC1,9.97325599591191e-10
B5,DNAJC7,2.9327194574134133e-7
B5,DOCK6,3.81966442348643e-6
B5,DPH3,0.1214633960701395
B5,DPM2,5.99965063796744e-12
B5,DPP7,1.64623341195392e-9
B5,DPP9,4.7105826360307165e-8
B5,DPYSL3,9.730104818418314e-6
B5,DVL1,1.923348844265e-6
B5,EBAG9,0.01619305404508418
B5,ECHDC2,1
B5,ECM1,1.1071170136703143e-19
B5,EFEMP2,0.004777385640577142
B5,EFHD2,4.4489359793115e-11
B5,EGFR,1
B5,EIF1AD,1
B5,EIF3B,1.5702597056623658e-20
B5,EIF3F,5.1473504130456086e-8
B5,EIF3G,9.354430484773715e-12
B5,ELN,0.2308551672331989
B5,ELOF1,1.9659630075241447e-7
B5,EMC3,0.0046645897922717415
B5,ENPP1,2.1074126953657034e-6
B5,EPHB3,4.211744324241422e-4
B5,ERAL1,0.018676809187273078
B5,ERBB2,3.301651395653919e-20
B5,ERI3,1.837896312868051e-14
B5,ERMP1,8.756787331184747e-7
B5,ESR1,4.150506894618672e-12
B5,ETFB,1.597690000315815e-12
B5,EVA1B,3.343991083937548e-7
B5,EXD3,1
B5,EXO1,0.07277613513789469
B5,EXOC5,4.732832541158686e-10
B5,EXOSC1,1.1969476653133123e-5
B5,EXOSC10,3.4399703351382826e-5
B5,EXOSC2,0.03778778548840021
B5,EZH2,2.1629788444386525e-9
B5,FAAH,0.01430256960560755
B5,FADS2,1.3661380613819934e-14
B5,FAH,1.5775487064488425e-7
B5,FAIM2,2.1617882023667543e-5
B5,FAM102A,5.307992354729322e-15
B5,FAM117A,1.2325739327765277e-5
B5,FAM118A,0.020145855146616577
B5,FAM160B1,0.05583960356748262
B5,FAM173A,4.4850719813096356e-10
B5,FAM193B,1.90902702051989e-11
B5,FAM213B,3.3992734492234805e-7
B5,FAM3A,3.1117102487880325e-5
B5,FAM45A,0.43661073259962463
B5,FAP,0.012113521274122229
B5,FARP1,1.1247399836190073e-15
B5,FARSB,3.389590045825252e-7
B5,FASN,5.377303938377733e-15
B5,FBF1,0.36065704581458813
B5,FBLN2,2.868074069398142e-5
B5,FCER1G,1.3271340990655469e-9
B5,FDPS,2.7242955302130763e-11
B5,FGFR1,0.008828621139938988
B5,FGFR4,0.0014190769494332501
B5,FKBP10,3.5765819622954537e-4
B5,FKBP8,1.884247212664228e-9
B5,FLNA,8.871487021798639e-20
B5,FN1,2.5063327784701893e-18
B5,FNBP4,3.9321003251210863e-4
B5,FOXA1,3.6439423441194763e-9
B5,FOXC1,0.7109024439683875
B5,FOXP4,3.460677360296749e-8
B5,FSTL1,5.862043781615921e-6
B5,FSTL3,2.360318054359977e-9
B5,FUOM,0.003101210119542126
B5,FUS,2.0323176364521856e-14
B5,FZD2,0.3389131489454593
B5,GALK1,1
B5,GANAB,1.7116634345476397e-11
B5,GAR1,1.0982195292710011e-6
B5,GAS6,4.344701614552203e-6
B5,GATA3,1.9604724899680484e-14
B5,GATC,1.5358930216472563e-13
B5,GBP1,7.07430841816116e-12
B5,GBP2,1.1718696810274908e-11
B5,GBP3,8.906646471271522e-9
B5,GBP4,8.437070713618007e-10
B5,GBP5,4.3783318735429643e-7
B5,GEMIN4,3.757997893448829e-6
B5,GLCCI1,4.222333964583856e-4
B5,GLG1,1.2535322110634047e-7
B5,GLTSCR2,2.3766593051328354e-13
B5,GMFG,5.9231803444303115e-6
B5,GMPPA,5.081429274146313e-10
B5,GNAI2,4.079894892040642e-18
B5,GNAS,9.790300103959642e-21
B5,GNL2,7.836404091272204e-9
B5,GPR108,2.3491694801262296e-6
B5,GPR160,1.1200207058282015e-7
B5,GPRC5A,1.4754159605909804e-19
B5,GPS1,7.0722122327564234e-6
B5,GPSM1,0.03778778548840021
B5,GPX3,0.023179321493326913
B5,GRB7,6.342253520795541e-16
B5,GRK3,3.1557070628817834e-5
B5,GSK3A,2.445363682050755e-10
B5,GSTM3,2.2080764498111448e-11
B5,GYPC,3.41937271088672e-6
B5,HAGHL,7.20551942137886e-11
B5,HCFC1R1,6.342253520795541e-16
B5,HCST,1.0982195292710011e-6
B5,HDAC5,0.004852525930680197
B5,HDAC6,0.09685661465506515
B5,HELZ2,1.2593947192451947e-5
B5,HES1,0.64285447359755
B5,HLA-B,1.4092611220514646e-22
B5,HLA-DMA,1.0900321137382373e-13
B5,HLA-DMB,3.389095318280748e-10
B5,HLA-DOA,2.436740288856064e-7
B5,HLA-DPA1,6.057239627615385e-19
B5,HLA-DPB1,4.474891846051607e-16
B5,HLA-DRA,1.5956678116848704e-20
B5,HLA-DRB1,2.027437529031545e-16
B5,HMGB2,1.0900321137382373e-13
B5,HNRNPUL2,4.446971672805721e-14
B5,HOOK3,0.13631473059807783
B5,HPS6,1
B5,HSD17B1,1
B5,HSPA4,1.964438942841362e-13
B5,HSPB1,1.5461449289057854e-17
B5,HSPB11,0.10189420163635654
B5,HYI,1.8364192925865688e-4
B5,IDH3G,1.6542078694515543e-9
B5,IDUA,0.34627130178052345
B5,IER5L,5.241964434967183e-11
B5,IFI27,6.342253520795541e-16
B5,IFI27L1,1
B5,IFI44L,6.16898259506965e-5
B5,IGFBP2,1.7341467047018768e-10
B5,IGFBP4,3.598940265754878e-21
B5,IGHA1,1.9115084321258044e-5
B5,IGHG3,3.3696754912898073e-9
B5,IGHG4,4.953745976501147e-5
B5,IGHM,7.125041116400354e-8
B5,IGKC,5.650859049092315e-13
B5,IGLC2,2.985314526848386e-8
B5,IGLC3,5.801783831187392e-14
B5,IGLC7,0.24623645699152463
B5,IKZF3,1.410597059007122e-5
B5,IL10RA,4.249363929508041e-6
B5,ILKAP,8.007587934835135e-4
B5,INAFM1,0.001576672064151558
B5,INPP4B,7.37480603396998e-4
B5,INPP5D,8.500448230805184e-6
B5,INPP5J,5.294417864750993e-8
B5,INTS8,6.802628736095215e-6
B5,ISG15,2.351975963523534e-6
B5,ISLR,0.02573231226200443
B5,ITGA5,4.9490438873054e-5
B5,ITGB4,0.6568394322276685
B5,ITGB6,0.08747597596650573
B5,ITSN1,0.0036914157579943487
B5,JAG2,0.04496164811058679
B5,JAK1,3.1077638090482734e-4
B5,JAK3,5.99826880332369e-8
B5,JCHAIN,0.015845196064066144
B5,JMJD6,0.0010036978463140046
B5,KAT6B,6.069800012873103e-8
B5,KATNA1,1
B5,KCNAB2,7.988491237847417e-4
B5,KCTD10,4.445587406029849e-6
B5,KDM4B,2.239724020844469e-11
B5,KIAA0895L,0.0068186972729146235
B5,KIAA1211L,0.2749440272783874
B5,KIAA1217,0.003282291846537924
B5,KIAA1468,1.8616513935890442e-10
B5,KIAA1715,0.07308304685836584
B5,KIF13B,0.17147389885169614
B5,KIF2C,1.5332552586470012e-4
B5,KLF9,0.14340912111778656
B5,KMT2B,4.4701892867921124e-15
B5,KMT2E,0.016053148477685648
B5,KPNB1,2.339560658782003e-10
B5,KRAS,2.8844764934663302e-8
B5,KRT10,8.016647757961778e-8
B5,KRT14,0.014932999897924305
B5,KRT17,0.013598062831245506
B5,KRT5,0.42635240272262
B5,KRT8,2.5070261108811812e-15
B5,KRT86,0.2560807230797269
B5,LAMB2,0.0036385991413298213
B5,LAMTOR2,3.0961310781806026e-12
B5,LANCL1,0.0029627448420835862
B5,LARP1B,0.06513304879340491
B5,LARP7,0.9387332878629467
B5,LCK,2.1295301970630293e-6
B5,LCP1,1.6932290174141295e-10
B5,LGALS1,2.5063327784701893e-18
B5,LIMCH1,1
B5,LIMK1,2.402481861364848e-8
B5,LINC00176,1.7623196389373613e-10
B5,LLGL1,1
B5,LMF1,0.12161867344228015
B5,LMNA,3.2427822058371254e-16
B5,LRRC8A,6.743475747275135e-7
B5,LRWD1,0.14122320102206576
B5,LST1,0.001432996059966854
B5,LTB4R,0.8932170986978021
B5,LTBP3,9.51405416857709e-6
B5,LTF,0.1258055271472552
B5,LUC7L,5.582643378366465e-7
B5,LUC7L3,1.9968851461858063e-18
B5,LUM,8.718282041874477e-16
B5,LYL1,0.10407554716825092
B5,MAGEF1,0.003065056833495056
B5,MAGI1,0.8362437009732003
B5,MAGOHB,5.027298770409127e-6
B5,MAP1S,6.281529909741367e-4
B5,MAP3K14,8.585748555461927e-4
B5,MAP3K6,4.491720806104896e-7
B5,MAP4K2,0.007704412871094695
B5,MAPK9,8.159354328372021e-4
B5,MAPKAPK5,0.0030412035889453093
B5,MAPT,3.723166501661694e-5
B5,MARS,8.50762893508788e-11
B5,MAVS,1.1899170580326875e-8
B5,MCTS1,3.1409629319255556e-4
B5,MDM2,8.477734714720409e-6
B5,MED13L,2.683473595059388e-8
B5,MED25,3.556676134903666e-8
B5,MELK,0.02096363940428607
B5,MEN1,5.576620590124294e-4
B5,METTL12,0.002741647915232691
B5,METTL16,0.10407554716825092
B5,MFAP4,0.14514262077352183
B5,MFSD3,1
B5,MFSD7,0.27028268491476504
B5,MGMT,0.360178057101599
B5,MGP,1
B5,MIA,1
B5,MIB2,0.013758431422521028
B5,MICAL1,2.681765580775602e-8
B5,MICALL2,1.4547994948225858e-6
B5,MID1IP1,1.2731663085846792e-9
B5,MIF,0.0747685727221289
B5,MIIP,1.3658961943803713e-7
B5,MKI67,8.868348837745733e-6
B5,MKNK1,1.4898584096510183e-5
B5,MLLT4,0.10407554716825092
B5,MLPH,3.809630302980557e-12
B5,MLST8,3.1263475319029404e-8
B5,MMP11,1.2891438634453748e-10
B5,MMP9,2.7242955302130763e-11
B5,MORC2,0.01479692273435762
B5,MPND,1.9730559858549727e-5
B5,MPST,2.402481861364848e-8
B5,MRPL2,0.009713844185160523
B5,MRPL21,1.1468861423687126e-7
B5,MRPL23,0.4160798700064122
B5,MRPL51,4.446971672805721e-14
B5,MRPL54,2.352312406409567e-5
B5,MRPS22,0.05629700270737065
B5,MS4A6A,3.7618802397343466e-11
B5,MST1R,4.2059331410082196e-8
B5,MTG2,3.3831740829152827e-5
B5,MTMR12,7.326763699111924e-4
B5,MUC1,4.1750746187972893e-22
B5,MUCL1,0.02653993067155969
B5,MUS81,1.0704782347559888e-8
B5,MVP,2.607492743332651e-16
B5,MX2,0.002240176922032323
B5,MYBL2,1.2837721046879312e-9
B5,MYC,2.1430339026448428e-12
B5,MYH10,1
B5,MYL12B,1.5275070044770348e-17
B5,MYL6B,0.034968288989510446
B5,MYL9,4.219521881948173e-11
B5,MYO1G,0.019914467289150188
B5,MYO9B,1.4938394649639934e-12
B5,MZT2A,6.057239627615385e-19
B5,NAA10,1.2585771423429268e-8
B5,NANS,8.812602569551364e-9
B5,NAT1,3.9854299158554303e-13
B5,NCKAP1L,6.950412321891018e-4
B5,NCKAP5L,1
B5,NDC80,0.02708988204616659
B5,NDRG1,3.346029329102236e-9
B5,NDUFA1,5.131740861552979e-14
B5,NDUFA12,3.310561992140836e-5
B5,NDUFB2,7.756773001345404e-15
B5,NDUFB3,5.384282573624447e-11
B5,NDUFB9,1.5623416707826762e-19
B5,NDUFC1,4.162617864417658e-7
B5,NDUFS1,3.501546964396381e-8
B5,NDUFV3,7.285200982970203e-8
B5,NEBL,5.247885070955258e-9
B5,NEK7,6.581051514307795e-7
B5,NELFE,2.1565416913973657e-7
B5,NFATC4,6.583469048349173e-7
B5,NFIC,3.622085877942684e-13
B5,NINJ1,2.908194189438715e-17
B5,NIT2,8.847602011115644e-6
B5,NMRAL1,1.0815191575785334e-8
B5,NR1H2,5.94572539321474e-11
B5,NR4A1,1.0572833840877546e-6
B5,NRP1,6.963023663976421e-7
B5,NSMCE1,2.6969737026213203e-8
B5,NTMT1,0.07810060261987435
B5,NUF2,0.0010493133923409495
B5,NUP214,6.302865876871486e-4
B5,NUP93,4.3019275521927365e-7
B5,NXN,0.863123286098735
B5,OASL,1.4925107076916525e-4
B5,OGFRL1,0.008336175630626861
B5,OPTN,6.405848074752117e-4
B5,ORC2,0.09901346498496319
B5,ORC6,0.026902976179889668
B5,OSBPL8,0.010733888648277798
B5,P4HA2,8.243917366938874e-7
B5,PAF1,0.13770592547154034
B5,PAFAH1B3,1.6176688556244384e-10
B5,PAQR4,3.7592824988742446e-7
B5,PARN,0.001194012260335182
B5,PCCB,7.372976029011739e-8
B5,PCIF1,1.5915204923923788e-7
B5,PDCD5,3.41937271088672e-6
B5,PDGFRA,1.1945066277375879e-5
B5,PDGFRB,5.969450628587563e-8
B5,PER1,3.0544678049376836e-5
B5,PEX11G,0.18744473867729175
B5,PEX14,7.636972759601896e-4
B5,PGLS,4.686656215121701e-11
B5,PGR,2.836757594771527e-6
B5,PHF11,0.0030441657978738123
B5,PHF13,1
B5,PHF21A,1.133888909028675e-6
B5,PHGDH,0.37361394127953856
B5,PHKB,1.192514305625868e-7
B5,PIGQ,1.5745310813051046e-7
B5,PIH1D1,7.816748005717874e-8
B5,PILRA,7.556197674463879e-4
B5,PIM2,8.567798526309743e-7
B5,PITX1,0.0028595374232694044
B5,PKNOX1,0.021838020684288986
B5,PLAC9,1
B5,PLEKHO2,2.1824838237608715e-7
B5,PLIN2,0.33450509609566403
B5,PLK1,2.79225052589283e-4
B5,PLK2,0.0015094914313252918
B5,PLLP,6.898479978913949e-4
B5,PLP2,5.963617869579536e-10
B5,PLPPR2,1.1701599551760145e-11
B5,PLSCR1,1.1988835286341289e-8
B5,PLTP,1.3882580873563082e-12
B5,PLVAP,1.6389940844454457e-5
B5,PLXNA1,3.2007783740229195e-6
B5,PLXND1,3.434182366804843e-10
B5,PMP22,7.825689194504362e-12
B5,PNISR,2.2890630076924867e-6
B5,PNMT,5.319134322755235e-16
B5,PNP,1
B5,PNPLA6,9.51405416857709e-6
B5,PODNL1,1
B5,PODXL,0.16941788462745222
B5,POLR2E,1.0900321137382373e-13
B5,POLR2J,1.7762219606399978e-11
B5,POR,1.228233926619223e-9
B5,POSTN,4.446971672805721e-14
B5,PPHLN1,1.0188756006843976e-6
B5,PPIB,1.2912983188940684e-8
B5,PPIH,0.005955335150486699
B5,PPM1G,2.8743722857371373e-10
B5,PPP1R1A,0.8362437009732003
B5,PPP1R1B,4.287610870623512e-22
B5,PPP1R37,2.351975963523534e-6
B5,PRKAB1,2.555348895798631e-9
B5,PRKCSH,2.5296521595247504e-15
B5,PROSER1,0.001019899650667126
B5,PRPF6,1.8718382018317162e-7
B5,PRPSAP1,0.19064804022394458
B5,PSCA,0.15462454557226832
B5,PSMD4,1.7401438236827637e-6
B5,PSTPIP1,4.1374086745172385e-4
B5,PTGDS,2.6151540619077172e-11
B5,PTOV1,4.143903780244463e-15
B5,PTP4A3,0.056660261959773306
B5,PTPRC,1.3301070152228825e-10
B5,PTPRJ,0.0011443895834560092
B5,PTRF,3.51961390409193e-7
B5,PTRH1,0.023320446606695015
B5,PTTG1,7.273592855120561e-4
B5,PUS3,1
B5,PWP1,2.62095567854678e-7
B5,PWWP2B,1.00789303578038e-9
B5,PXDN,3.536441560779455e-7
B5,PYURF,9.508503304460605e-4
B5,QSOX1,1.0116860555633016e-12
B5,R3HDM2,5.926469738829185e-4
B5,RAB11FIP1,2.96252218534763e-11
B5,RAB3A,0.01129903873656653
B5,RAB3GAP1,1.1801228261776408e-8
B5,RAB3IL1,0.9816847869280679
B5,RABGAP1L,8.159354328372021e-4
B5,RALBP1,4.2823468525349473e-4
B5,RALGAPA2,0.16158070914233913
B5,RAMP2,1
B5,RAP1B,6.044116485977637e-6
B5,RARS2,0.014322953305709518
B5,RASA2,0.001202898667232754
B5,RASGRP2,9.492106592801521e-4
B5,RASSF3,0.0014427173615704134
B5,RBL1,2.6515463885475026e-8
B5,RBM42,2.188436678086931e-11
B5,RECQL4,7.10683600664762e-6
B5,RECQL5,0.2694179322969253
B5,REEP6,7.998091736764184e-7
B5,RGS1,1.7401438236827637e-6
B5,RHOB,2.8056980836338784e-17
B5,RIOK1,0.24061026272381192
B5,RMND1,0.0032730505386733204
B5,RNASET2,2.532067294579143e-18
B5,RND3,2.6515463885475026e-8
B5,RNF135,3.066330288287304e-5
B5,RNF170,1
B5,RRAS,1.5063392224273582e-10
B5,RRM2,2.5543540045313417e-10
B5,RSL1D1,1.0963519807806557e-11
B5,RSRP1,1.8250787122610336e-5
B5,RUVBL1,6.351877758856787e-5
B5,S100A14,2.355376556305574e-21
B5,S100A9,0.0011554965413471696
B5,SAMM50,1.3771446889026028e-6
B5,SASH1,1
B5,SAT1,9.356892790801753e-16
B5,SCAF1,0.001229211843010162
B5,SCD,9.542080202398557e-10
B5,SCNN1D,0.0026552410165528
B5,SCX,0.002438729667122453
B5,SDHB,2.0578789042282347e-6
B5,SEC14L2,4.336041463200745e-17
B5,SEC23A,5.344770798490973e-5
B5,SEMA3B,0.0014190769494332501
B5,SEMA4B,8.80442031032422e-4
B5,SF3B4,7.507003774614643e-13
B5,SFRP1,1
B5,SFSWAP,0.00196635646401107
B5,SGTA,4.446971672805721e-14
B5,SH3BP5L,0.0075784366382381455
B5,SIGLEC1,0.014919125332779464
B5,SIGMAR1,1.2204596883011632e-7
B5,SLC16A2,1
B5,SLC16A3,1.964438942841362e-13
B5,SLC22A18,0.0033119172065525205
B5,SLC25A24,8.777901591444266e-8
B5,SLC2A1,3.850655728402913e-6
B5,SLC2A8,0.010776805238515303
B5,SLC35A2,6.583469048349173e-7
B5,SLC39A6,1.0533620630159864e-10
B5,SLC43A1,0.0011325977106578253
B5,SLC4A5,0.0029201455831577993
B5,SLC8B1,6.329157923409227e-9
B5,SLC9A3R2,1.8886866607376768e-7
B5,SLC9A8,0.07536754235462012
B5,SLFN13,1
B5,SLPI,0.9626288497263431
B5,SMCHD1,5.78200040761666e-9
B5,SMG9,2.450690650303657e-7
B5,SMYD2,0.0031489441171337357
B5,SNAPC3,4.3821925387706173e-5
B5,SNF8,7.145596478602074e-15
B5,SNRPD3,8.272796659075064e-8
B5,SNTA1,0.006528629892834695
B5,SNX33,0.06976324480628882
B5,SNX8,4.330751856849645e-6
B5,SOD3,0.001109678578523602
B5,SOS2,4.196574691254623e-4
B5,SOX4,1.9985006011349544e-16
B5,SP6,1
B5,SPAG9,4.0728859807948935e-12
B5,SPARC,2.355376556305574e-21
B5,SPIN1,4.344701614552203e-6
B5,SPSB1,6.548962008492042e-5
B5,SRGN,1.0900321137382373e-13
B5,SRPX2,0.5901567522874074
B5,SRR,0.04522097880695057
B5,SRRT,5.5539280440550665e-8
B5,SRSF1,4.447689087294504e-17
B5,SRSF5,4.079894892040642e-18
B5,SSSCA1,0.0012202980583920545
B5,STAMBP,2.899947323854065e-7
B5,STAT5A,0.0011268270926295823
B5,STK17A,8.663234243465725e-9
B5,STK4,4.15305384953376e-8
B5,STMN1,8.946749764690209e-17
B5,STRN3,5.424190949907023e-6
B5,STT3A,4.814071281266503e-6
B5,SUGP1,0.018159339549512297
B5,SURF1,0.010069337597219168
B5,SVIL,1
B5,SYDE1,0.016177945728185473
B5,SYK,3.9398557115305545e-6
B5,TACC3,0.0027216444305398855
B5,TANC2,8.382745080740897e-15
B5,TARBP1,0.04554081359677939
B5,TAX1BP1,2.671065300138029e-12
B5,TAX1BP3,2.0255934669746532e-6
B5,TBC1D10A,1.2839110045372887e-8
B5,TBC1D23,2.7772300967348794e-8
B5,TBCA,0.001253516362146085
B5,TBXAS1,4.38741971162566e-4
B5,TCEA2,5.656220267682601e-6
B5,TCEA3,1.032642181251368e-9
B5,TCF25,7.507003774614643e-13
B5,TDRD3,1
B5,TESK1,1.2585771423429268e-8
B5,TESMIN,1.1208599028053973e-9
B5,TEX10,1
B5,TEX2,1.174228165879114e-8
B5,TFF3,2.773469560422758e-13
B5,TGFBR2,0.047148795185069294
B5,THBS1,9.284768381251106e-11
B5,THOC5,0.025346826385655656
B5,THOC6,0.11315588002032886
B5,TIGD5,0.012148894471742094
B5,TIMP1,8.312836844666062e-15
B5,TJP3,2.497329901028423e-7
B5,TM7SF2,8.290137245200756e-7
B5,TMBIM6,2.8056980836338784e-17
B5,TMEM101,0.3242474893660009
B5,TMEM123,6.443476663409122e-13
B5,TMEM14B,1.5358930216472563e-13
B5,TMEM160,6.315976435453354e-8
B5,TMEM184A,0.0027280475298107963
B5,TMEM259,5.201415287957307e-15
B5,TMEM45B,5.604512161110491e-4
B5,TMEM86A,0.0025692480685005604
B5,TMX1,5.047211047861395e-9
B5,TNC,2.701288237247653e-11
B5,TNFRSF14,4.905677545742008e-10
B5,TNFRSF21,3.568386015461057e-5
B5,TNFRSF4,2.139055155764225e-5
B5,TNNT1,2.9515516698004374e-7
B5,TOM1L2,0.00309335283989522
B5,TP53I3,0.023794930046505843
B5,TPM2,3.1409629319255556e-4
B5,TRAC,8.254665175933317e-7
B5,TRAF5,5.0906195698179545e-8
B5,TRAP1,9.354430484773715e-12
B5,TRAPPC4,1.1649535721027662e-8
B5,TRIM14,0.019946074621271764
B5,TRIM22,4.988904685666622e-6
B5,TRIM25,8.294868586624067e-6
B5,TRIM47,1.6737068227078763e-4
B5,TSPAN33,0.6438540675100145
B5,TSR2,0.04151096094840122
B5,TTC31,1.2622565585423426e-6
B5,TTI1,0.001034945928308803
B5,TXN2,3.2892442881501844e-11
B5,TXNDC17,1.687968428235146e-9
B5,TXNRD2,5.656220267682601e-6
B5,TYMS,1.7382356618621496e-12
B5,TYROBP,4.784695963253992e-10
B5,UBA52,1.4092611220514646e-22
B5,UBA6,5.631486471128686e-10
B5,UBAP2L,5.883922350569974e-8
B5,UBE2C,2.8679826896453475e-5
B5,UBE2T,0.001202466226938961
B5,UBE2W,1.072234047359933e-5
B5,UBL7,2.207839991010662e-8
B5,UBR2,2.8226060822620774e-7
B5,UBXN1,2.281685773793375e-8
B5,UCK1,1.8707736785068825e-6
B5,UFD1L,5.272092367309138e-8
B5,UQCRC1,8.50762893508788e-11
B5,UXS1,9.976275880629581e-8
B5,UXT,1.68359706745432e-5
B5,VARS,8.258572743928326e-7
B5,VAV1,7.470946106311405e-4
B5,VCAM1,2.532261075419627e-10
B5,VEGFB,1.7401438236827637e-6
B5,VIM,1.1673031580805677e-14
B5,VPS13D,2.670911203326552e-7
B5,VPS45,0.0015877619685126223
B5,VWF,8.368400101392435e-6
B5,WDFY3,3.1409629319255556e-4
B5,WDR13,0.0020331943204661184
B5,WDR34,6.80426019670893e-13
B5,WDR46,5.718113953344688e-9
B5,WDR73,0.01916805253020166
B5,WDR74,2.51523640045779e-7
B5,WIPF1,5.790745510846805e-10
B5,XAB2,4.13045049305853e-6
B5,XIAP,0.0522993877245501
B5,XPO6,4.763928638224104e-10
B5,YIPF4,2.1687422693165634e-8
B5,YTHDC1,1.4845341073719081e-6
B5,ZDHHC12,1.9604724899680484e-14
B5,ZFAND3,6.252032056331203e-4
B5,ZFP36,8.992764938340457e-13
B5,ZFPL1,1.859436224075186e-5
B5,ZFR,5.110402990155906e-6
B5,ZG16B,1.9086603951218006e-5
B5,ZMAT5,8.256288499424644e-13
B5,ZMYND19,1.758310364569018e-9
B5,ZMYND8,3.419232132239788e-5
B5,ZNF217,1.0386063431038208e-5
B5,ZNF337,1.3282337862399987e-6
B5,ZNF33B,2.352312406409567e-5
B5,ZNF362,1
B5,ZNF524,0.35261957475060896
B5,ZNF592,0.05006527700323844
B5,ZNF644,3.183784881558691e-4
B5,ZNF668,1.6540296463042192e-6
B5,ZNF771,0.07175809679018426
B5,ZNF787,4.68812476693098e-6
B5,ZNF791,0.07277613513789469
B5,ZNF83,2.7104256881245125e-6
B5,ZNF91,0.9279649412031926
B5,ZNRF1,1.0815191575785334e-8
B5,ZSWIM8,1.668249658969689e-11
B6,A2M,4.0119766153679465e-10
B6,AAMDC,1
B6,ABCA3,8.97517211079601e-4
B6,ABCA7,0.015163896606904908
B6,ABCF3,2.355365327562279e-6
B6,ABHD14A,0.33578869372044234
B6,ABHD4,1
B6,ACAA1,3.6320931681327985e-4
B6,ACER3,1
B6,ACTR3B,1
B6,ADAM15,4.5982031109151626e-4
B6,ADCY3,0.722105764156021
B6,ADI1,5.595000511413571e-8
B6,AEBP1,7.075399451537497e-13
B6,AES,6.09488400647964e-13
B6,AGAP2,0.8501408465259308
B6,AGO2,8.645478497185827e-4
B6,AGPAT2,6.402996121728008e-4
B6,AGR2,8.844995339047394e-9
B6,AHCY,2.1529765936402406e-11
B6,AKAP9,8.556690840030476e-8
B6,AKR1A1,7.746904562707693e-10
B6,AKT1S1,6.80508421750284e-8
B6,ALDH16A1,2.1755793306228976e-6
B6,ALG3,4.465529837144029e-6
B6,ANGPTL4,1
B6,ANKLE2,3.797798246597364e-4
B6,ANKRD12,2.2434383503723999e-7
B6,ANKRD28,4.789170075878641e-4
B6,ANLN,0.03399418923671087
B6,ANO10,1
B6,AP5B1,1
B6,AP5Z1,0.0015251268857617076
B6,APBA2,0.8692419301876396
B6,APBB2,0.00484649271118941
B6,APOBEC3G,1.1419928169977876e-7
B6,APOC1,2.2416767259980027e-20
B6,AQP1,1
B6,ARF5,0.09417638299321758
B6,ARF6,4.0119766153679465e-10
B6,ARFGEF2,3.0510239622891283e-5
B6,ARHGAP10,1
B6,ARHGAP4,1.4925996201753866e-5
B6,ARHGAP45,7.26241716831741e-9
B6,ARHGAP5,0.0035458515200209343
B6,ARHGEF10L,1
B6,ARHGEF3,8.095546371011579e-8
B6,ARHGEF40,1
B6,ARID1B,6.620899656705174e-5
B6,ARID3A,1
B6,ARID4A,2.0824596317181072e-4
B6,ARID5A,0.0024264534970698274
B6,ARID5B,0.17897858362813904
B6,ARNT,0.0013012318317289918
B6,ASCL2,0.16165094216997067
B6,ASH2L,4.461117114781197e-6
B6,ASL,9.175833671483138e-4
B6,ASMTL,0.14252986932328174
B6,ASNA1,2.0261371156675562e-13
B6,ASNS,0.7339787000548298
B6,ATAD1,1
B6,ATF6B,1
B6,ATG12,5.890823819962363e-9
B6,ATG16L2,0.058811823074464996
B6,ATL2,0.0012619722753287096
B6,ATP5H,1.2878791164767156e-7
B6,ATP5O,5.195223373506555e-13
B6,ATP6AP1,6.09488400647964e-13
B6,ATP6V0D1,5.2051381130531014e-9
B6,AURKAIP1,1.0806064616893634e-12
B6,AVEN,0.05073144255065135
B6,BABAM1,5.2643640590412e-11
B6,BAD,1.94087051204988e-11
B6,BAG1,8.7002941727709e-9
B6,BAIAP3,0.12960689949645535
B6,BCAM,9.875920630346428e-7
B6,BCL2,2.297358500073991e-7
B6,BCL2L12,0.018587883247432307
B6,BGN,2.6316493571314238e-12
B6,BICDL1,2.7444694675883647e-5
B6,BIN3,1.98826677208109e-4
B6,BIRC2,1.7506668903165882e-9
B6,BIRC5,1.1911842049760416e-5
B6,BLVRA,6.6825299200731e-10
B6,BOK,3.4855393746239217e-6
B6,BOLA3,0.0015850704617638282
B6,BRD9,4.1621210038870065e-10
B6,BRF1,2.646663865665973e-6
B6,BRF2,2.773145719344771e-4
B6,BRK1,9.185212630413226e-4
B6,BRPF1,0.10534804028376875
B6,BSG,1.5391532826035995e-11
B6,BST2,1.5947022007698776e-8
B6,BTG1,1.965835415796498e-12
B6,C10orf10,0.0066248897351106305
B6,C10orf54,0.0038006417102403427
B6,C12orf45,7.481961646471912e-4
B6,C15orf61,1
B6,C19orf24,2.7912664555944772e-5
B6,C19orf52,1.6898347210303565e-8
B6,C19orf60,5.962291144377881e-4
B6,C1QB,2.5274778531433935e-16
B6,C1R,9.483958983841875e-11
B6,C1S,3.3419413653452294e-10
B6,C1orf216,0.8727967836900751
B6,C2,1.9125011740477718e-4
B6,C2CD2L,0.44721374370447803
B6,C3,3.3380849259704015e-8
B6,C4orf48,0.13258009495843884
B6,C5orf38,0.07566052460502837
B6,C6orf136,0.015601214558382172
B6,C6orf48,1.9938462368112355e-5
B6,CADM4,6.853430444467831e-6
B6,CALML5,1
B6,CAMTA2,0.0013208034860702207
B6,CAPG,1.1598900879546156e-12
B6,CARS2,0.002342253583092482
B6,CBLC,1
B6,CCDC106,5.381248290072181e-4
B6,CCDC167,2.8043880405880414e-5
B6,CCDC57,0.01547843290192952
B6,CCDC80,0.06714573312749514
B6,CCDC88B,0.001131357015377321
B6,CCL19,0.00115502479677544
B6,CCL2,5.064026897832957e-7
B6,CCL21,0.49235088432867674
B6,CCM2,6.769636120661949e-9
B6,CCNB1,6.620899656705174e-5
B6,CCNB1IP1,0.0033982966497345902
B6,CCNE1,0.46029224730850576
B6,CCNE2,8.113074679639105e-6
B6,CCS,8.7002941727709e-9
B6,CCT4,3.64071512971514e-12
B6,CD14,7.431954492314603e-11
B6,CD320,7.4048867323342085e-6
B6,CD3D,4.039944944775873e-5
B6,CD4,6.267257831432126e-6
B6,CD52,9.612068288643668e-9
B6,CD68,3.405166873462994e-11
B6,CD74,3.134117526814585e-17
B6,CD79A,9.8622023603104e-6
B6,CDC20,6.875692552499741e-7
B6,CDC6,0.5618450989635094
B6,CDH11,0.8446745929665598
B6,CDH3,1
B6,CDK5RAP1,4.234055360785853e-5
B6,CENPF,6.795693332044267e-4
B6,CEP250,0.0470234769060232
B6,CEP55,0.01071778954020625
B6,CERCAM,0.004769196565129811
B6,CERS5,0.003390309285653208
B6,CES2,0.007949139008716632
B6,CFAP36,0.004632085418274709
B6,CFDP1,3.6959659136942816e-8
B6,CGGBP1,4.5497485475396665e-10
B6,CHCHD6,4.7394234681978376e-4
B6,CHD1,2.5506694086263548e-5
B6,CHD6,1.2917492456858815e-9
B6,CHFR,2.2993517184500072e-7
B6,CHST11,0.002458580378049289
B6,CIR1,5.298144602132014e-5
B6,CLASRP,0.003679846768368492
B6,CLDN3,9.155174270993357e-6
B6,CLDN4,9.154184322732938e-7
B6,CLU,0.12038911869792353
B6,CNN2,1.742131571249198e-11
B6,COL14A1,1
B6,COL3A1,1.7759967310172406e-12
B6,COL4A1,4.884375621054448e-9
B6,COL6A2,1.1898525658121642e-6
B6,COL8A2,0.6313487920997621
B6,COMMD1,1.750088021367924e-5
B6,COMP,7.352785436051401e-6
B6,COPS7A,1.158461925069124e-7
B6,COQ4,4.2399108629947677e-8
B6,CORO1A,0.01672710009943
B6,CORO1B,1.2357999428894315e-12
B6,CORO2A,1
B6,CORO7,9.807722368923103e-10
B6,COX5A,5.423560595870226e-9
B6,CPNE1,4.4264732242815566e-7
B6,CPSF1,8.822020919142091e-4
B6,CPVL,2.3204285165273885e-8
B6,CRABP2,1.2793886960181578e-10
B6,CRACR2B,9.083970517732332e-8
B6,CRELD2,2.668676568095861e-5
B6,CROCC,0.13390133582612712
B6,CSF1,0.009065802651499125
B6,CSF1R,1.0510008052047231e-11
B6,CTDSPL,3.471782212520821e-6
B6,CTIF,1.1524932348037975e-8
B6,CTSK,2.4451908156732903e-7
B6,CTU2,1
B6,CUTC,1.9862343581699126e-4
B6,CUX1,4.973656898934752e-9
B6,CX3CL1,1
B6,CXCL10,8.712431335579814e-4
B6,CXXC5,1.7759967310172406e-12
B6,CYP27A1,0.02584888920557547
B6,DAPK3,2.56405409316876e-7
B6,DCAF6,2.0547475000433634e-5
B6,DCXR,7.181610270689461e-6
B6,DDAH1,6.909863363482661e-4
B6,DDB2,0.008722733745365788
B6,DDIT3,0.013821042752067378
B6,DDRGK1,3.397833348968029e-7
B6,DDT,6.620899656705174e-5
B6,DEAF1,0.0034867533104669356
B6,DENND1A,1
B6,DERL3,0.010778635577646306
B6,DESI1,4.797082854668303e-8
B6,DHX16,0.05809976216474136
B6,DLG1,9.390714262765419e-4
B6,DMAP1,0.0012539909704927354
B6,DNAJB2,1.7728238023360677e-8
B6,DNAJC1,1.7895601650523274e-9
B6,DNAJC7,7.847201526708362e-7
B6,DOCK6,0.002425329002514076
B6,DPH3,0.3471276392734094
B6,DPM2,2.5910609823723194e-10
B6,DPP7,7.26241716831741e-9
B6,DPP9,3.7267263576941456e-11
B6,DPYSL3,2.706925492569845e-4
B6,DVL1,0.20089012433730205
B6,EBAG9,1
B6,ECHDC2,0.8117774337111203
B6,ECM1,6.728857165162837e-14
B6,EFEMP2,9.658688531651581e-4
B6,EFHD2,2.3581149857253774e-9
B6,EGFR,0.12076397777867676
B6,EIF1AD,0.0012943220274330804
B6,EIF3B,3.274565035422313e-13
B6,EIF3F,6.810091764462778e-7
B6,EIF3G,5.148839246112932e-10
B6,ELN,1
B6,ELOF1,3.61475983084984e-8
B6,EMC3,0.01953165566740447
B6,ENPP1,7.270623444392232e-8
B6,EPHB3,0.0012539909704927354
B6,ERAL1,0.12075335219691136
B6,ERBB2,3.0571817887937235e-16
B6,ERI3,1.1439411242344067e-8
B6,ERMP1,0.009790188941025093
B6,ESR1,3.6277693778811915e-8
B6,ETFB,6.071376148684379e-11
B6,EVA1B,1.352237350962423e-7
B6,EXD3,0.5400516026681199
B6,EXO1,0.028618320234188213
B6,EXOC5,7.880827837461593e-6
B6,EXOSC1,0.061819228952438826
B6,EXOSC10,3.255405773871804e-6
B6,EXOSC2,3.4462003822756816e-4
B6,EZH2,3.457904206937881e-7
B6,FAAH,2.76333144443056e-4
B6,FADS2,3.7267263576941456e-11
B6,FAH,4.262724890061008e-6
B6,FAIM2,0.020457247980019213
B6,FAM102A,4.3238782747973576e-11
B6,FAM117A,5.183972093989653e-9
B6,FAM118A,0.3455593937089863
B6,FAM160B1,0.03977863465404411
B6,FAM173A,3.4522167592672355e-8
B6,FAM193B,1.475368904049588e-6
B6,FAM213B,4.3870161508964034e-7
B6,FAM3A,7.516729754979702e-5
B6,FAM45A,0.003000869017198858
B6,FAP,0.001993149283650384
B6,FARP1,9.352454894374452e-9
B6,FARSB,9.336000052241664e-4
B6,FASN,3.0585695014620342e-9
B6,FBF1,1
B6,FBLN2,1.0112309446255971e-7
B6,FCER1G,9.146913257920578e-7
B6,FDPS,1.8714408715073e-8
B6,FGFR1,0.16165094216997067
B6,FGFR4,0.001236528556682536
B6,FKBP10,0.12447551766325671
B6,FKBP8,1.7110717092350047e-7
B6,FLNA,3.3644288218926774e-18
B6,FN1,2.850507430523948e-15
B6,FNBP4,4.5985953556918004e-7
B6,FOXA1,1.0828358682244021e-10
B6,FOXC1,1
B6,FOXP4,1.1301601522109746e-7
B6,FSTL1,0.004101989437046623
B6,FSTL3,0.0017464627492860972
B6,FUOM,1
B6,FUS,2.544134249825989e-10
B6,FZD2,0.447728697546262
B6,GALK1,0.41177808397511323
B6,GANAB,1.2856301588901024e-9
B6,GAR1,7.555515389134118e-7
B6,GAS6,0.0016397454125197512
B6,GATA3,2.2637403436896148e-11
B6,GATC,1.753209459507427e-9
B6,GBP1,7.588572623866552e-8
B6,GBP2,1.2556030434403893e-9
B6,GBP3,9.549109184025798e-12
B6,GBP4,1.7541641294436278e-7
B6,GBP5,1.7097940362567227e-6
B6,GEMIN4,0.06060015272500244
B6,GLCCI1,2.010007131921013e-5
B6,GLG1,0.0010527234709300894
B6,GLTSCR2,2.1648869853484706e-9
B6,GMFG,1.7346651218917214e-6
B6,GMPPA,5.183972093989653e-9
B6,GNAI2,1.1980946559873062e-15
B6,GNAS,5.414509871141178e-15
B6,GNL2,2.565165472277671e-7
B6,GPR108,0.00286539012973055
B6,GPR160,1.9938462368112355e-5
B6,GPRC5A,4.438205110509885e-13
B6,GPS1,8.83743774342446e-9
B6,GPSM1,1
B6,GPX3,0.4418484825997007
B6,GRB7,9.97719034230236e-13
B6,GRK3,0.012120285295628606
B6,GSK3A,1.4443726470538635e-8
B6,GSTM3,4.974149839360408e-9
B6,GYPC,0.0026029845592895327
B6,HAGHL,1.6614899139145072e-9
B6,HCFC1R1,1.2697125924850018e-11
B6,HCST,5.107812457476104e-9
B6,HDAC5,0.13520094556042328
B6,HDAC6,1.8298084024235056e-4
B6,HELZ2,2.550472991067886e-4
B6,HES1,0.8802197808593816
B6,HLA-B,2.7026499975339426e-18
B6,HLA-DMA,9.109763775869633e-13
B6,HLA-DMB,5.414509871141178e-15
B6,HLA-DOA,2.7931407262359047e-6
B6,HLA-DPA1,5.815975792164467e-17
B6,HLA-DPB1,5.195223373506555e-13
B6,HLA-DRA,3.2838888941259027e-18
B6,HLA-DRB1,1.2818418486876375e-12
B6,HMGB2,1.935516637076518e-11
B6,HNRNPUL2,4.8823323871314995e-9
B6,HOOK3,0.7391883029297374
B6,HPS6,0.6246972098337468
B6,HSD17B1,0.10504777210920242
B6,HSPA4,1.8654347762130515e-10
B6,HSPB1,3.649375701438001e-11
B6,HSPB11,3.594822392040565e-4
B6,HYI,0.0025249832717091944
B6,IDH3G,3.189399193114926e-5
B6,IDUA,0.00167665159534326
B6,IER5L,2.44937464649589e-10
B6,IFI27,1.4929800922163006e-15
B6,IFI27L1,0.014567162949383799
B6,IFI44L,6.878669249082984e-4
B6,IGFBP2,5.72347554156162e-9
B6,IGFBP4,1.6007555935555912e-14
B6,IGHA1,4.5985953556918004e-7
B6,IGHG3,9.251561350520427e-6
B6,IGHG4,1
B6,IGHM,5.2760099697135546e-5
B6,IGKC,2.5545259659572132e-6
B6,IGLC2,0.0012503355158743075
B6,IGLC3,3.8571427759713105e-7
B6,IGLC7,1
B6,IKZF3,0.0031716535901862427
B6,IL10RA,7.102929690099464e-10
B6,ILKAP,0.0010563658564777389
B6,INAFM1,0.0357588841196032
B6,INPP4B,3.292676233879177e-5
B6,INPP5D,2.0087413321144718e-5
B6,INPP5J,0.015785813423824967
B6,INTS8,1.6495775447098613e-7
B6,ISG15,1.6495543576502535e-4
B6,ISLR,0.03768175051156834
B6,ITGA5,0.03399418923671087
B6,ITGB4,0.11187197044435462
B6,ITGB6,0.06245102426782317
B6,ITSN1,0.007201549061251452
B6,JAG2,1
B6,JAK1,7.948329959307751e-6
B6,JAK3,1.7687922159763217e-10
B6,JCHAIN,0.16020560561958988
B6,JMJD6,0.0015577996609769786
B6,KAT6B,4.524039250384154e-8
B6,KATNA1,3.942732359272871e-6
B6,KCNAB2,8.789084943159881e-4
B6,KCTD10,3.9183529177069433e-10
B6,KDM4B,3.842238772091919e-11
B6,KIAA0895L,2.1267238413600964e-4
B6,KIAA1211L,1
B6,KIAA1217,0.05092462379978974
B6,KIAA1468,0.0012854915795009851
B6,KIAA1715,9.188872042390664e-4
B6,KIF13B,0.4232229847407606
B6,KIF2C,0.0033391211593545066
B6,KLF9,0.3279830989058728
B6,KMT2B,4.5302347816977155e-12
B6,KMT2E,3.944953548818085e-4
B6,KPNB1,2.985130399177088e-4
B6,KRAS,3.441890493195576e-9
B6,KRT10,8.751390358751886e-12
B6,KRT14,1
B6,KRT17,0.9463851574500708
B6,KRT5,1
B6,KRT8,1.0561239715417137e-9
B6,KRT86,1
B6,LAMB2,0.5345942974729186
B6,LAMTOR2,7.663058380389638e-10
B6,LANCL1,5.514711330335168e-4
B6,LARP1B,4.012228605892735e-6
B6,LARP7,0.15812962019723584
B6,LCK,0.003937012976569841
B6,LCP1,3.407211642592252e-14
B6,LGALS1,2.2631122169152236e-12
B6,LIMCH1,0.014457547243923603
B6,LIMK1,1.0459993096142604e-8
B6,LINC00176,9.405407411707475e-6
B6,LINGO1,1
B6,LLGL1,1
B6,LMF1,1
B6,LMNA,1.6095247315983892e-10
B6,LRRC8A,0.00880528551764734
B6,LRWD1,0.019880184102735975
B6,LST1,6.237791886249915e-4
B6,LTB4R,0.8723598480135849
B6,LTBP3,0.007201549061251452
B6,LTF,0.1512530638685456
B6,LUC7L,3.946105665819232e-4
B6,LUC7L3,3.277249105123479e-12
B6,LUM,2.850507430523948e-15
B6,LYL1,3.91605177764126e-4
B6,MAGEF1,5.767943030943108e-4
B6,MAGI1,1
B6,MAGOHB,5.242707193245819e-8
B6,MAP1S,2.1083761372022767e-4
B6,MAP3K14,0.011113124884100656
B6,MAP3K6,0.00287213842872079
B6,MAP4K2,1
B6,MAPK9,4.660091016643934e-5
B6,MAPKAPK5,6.974552343885444e-6
B6,MAPT,2.549271309187146e-4
B6,MARS,5.181075741215821e-10
B6,MAVS,2.0675515335683872e-6
B6,MCTS1,7.847201526708362e-7
B6,MDM2,2.6148082980103242e-6
B6,MED13L,6.103209981772665e-8
B6,MED25,5.949514269038666e-6
B6,MELK,0.002711497006723117
B6,MEN1,8.712431335579814e-4
B6,METTL12,1
B6,METTL16,0.6027246604199437
B6,MFAP4,1
B6,MFSD3,0.35007933548524695
B6,MFSD7,0.5559402844012453
B6,MGMT,0.6275322570459624
B6,MGP,1
B6,MIA,0.7762998191923355
B6,MIB2,1
B6,MICAL1,4.3653644001726223e-7
B6,MICALL2,0.0020143967917109333
B6,MID1IP1,1.0017676610500218e-10
B6,MIF,1
B6,MIIP,8.952619149426753e-4
B6,MKI67,1.523581835101762e-7
B6,MKNK1,6.81526266119285e-7
B6,MLLT4,0.22376400982303163
B6,MLPH,1.8650833114100446e-8
B6,MLST8,4.868244496828172e-7
B6,MMP11,1.3134277067895267e-6
B6,MMP9,1.7506668903165882e-9
B6,MORC2,3.993085426333843e-4
B6,MPND,0.0013012318317289918
B6,MPST,6.158431123557196e-6
B6,MRPL2,3.7658919190967075e-4
B6,MRPL21,3.938032149898038e-10
B6,MRPL23,0.8417542999075377
B6,MRPL51,2.1529765936402406e-11
B6,MRPL54,7.627236092191532e-4
B6,MRPS22,0.0011436252085484406
B6,MS4A6A,1.7320238129477197e-9
B6,MST1R,0.04460449310850725
B6,MTG2,6.0940824883836505e-5
B6,MTMR12,2.5951417062343343e-4
B6,MUC1,5.195223373506555e-13
B6,MUCL1,0.04259517140572079
B6,MUS81,3.869799094736204e-9
B6,MVP,5.742019133321677e-14
B6,MX2,0.001033208283974884
B6,MYBL2,1.1485683261092974e-9
B6,MYC,2.9403054183586773e-07
B6,MYH10,1
B6,MYL12B,4.192136635779623e-14
B6,MYL6B,0.24726455374640655
B6,MYL9,4.3702542847342625e-6
B6,MYO1G,0.447728697546262
B6,MYO9B,1.8256732812505125e-7
B6,MZT2A,3.84672408916594e-11
B6,NAA10,7.760923357677087e-4
B6,NANS,7.706745053395649e-10
B6,NAT1,2.754702253509682e-10
B6,NCKAP1L,1.5663086511778937e-5
B6,NCKAP5L,1
B6,NDC80,0.04538265102293636
B6,NDRG1,1.4180922197670648e-6
B6,NDUFA1,3.0910843465514653e-10
B6,NDUFA12,1.1840720331963134e-7
B6,NDUFB2,3.274565035422313e-13
B6,NDUFB3,2.9834161022159516e-8
B6,NDUFB9,9.648271979369316e-14
B6,NDUFC1,2.5895020697799987e-8
B6,NDUFS1,1.342877710020433e-7
B6,NDUFV3,1.5949598019408457e-5
B6,NEBL,7.758941834927113e-8
B6,NEK7,2.2220110792888943e-5
B6,NELFE,4.5753729003815305e-6
B6,NFATC4,0.008260397249337519
B6,NFIC,5.195223373506555e-13
B6,NINJ1,1.164446618199745e-13
B6,NIT2,5.684791130210839e-7
B6,NMRAL1,3.177203150772729e-7
B6,NR1H2,6.381790562396743e-4
B6,NR4A1,0.0075245462194595
B6,NRP1,9.127883008527313e-7
B6,NSMCE1,1.887515815468432e-5
B6,NTMT1,0.3407070355642885
B6,NUF2,6.269036906468543e-6
B6,NUP214,0.001271517757093643
B6,NUP93,8.886125329103709e-4
B6,NXN,1
B6,OASL,1.8423312750748939e-4
B6,OGFRL1,5.680286967774965e-4
B6,OPTN,3.8073182907641466e-5
B6,ORC2,0.0037799291426083427
B6,ORC6,0.12040944569242536
B6,OSBPL8,0.0013395660047663556
B6,P4HA2,7.14063109020258e-6
B6,PAF1,0.007143798916078514
B6,PAFAH1B3,3.662909749904851e-6
B6,PAQR4,2.3763476427979705e-7
B6,PARN,2.678263749261747e-5
B6,PCCB,1.911230790808496e-9
B6,PCIF1,2.7912664555944772e-5
B6,PDCD5,4.974149839360408e-9
B6,PDGFRA,0.0102617227568872
B6,PDGFRB,7.801419780047801e-4
B6,PER1,8.523071260191518e-7
B6,PEX11G,1
B6,PEX14,0.0069896954856915605
B6,PGLS,7.176556721708792e-10
B6,PGR,3.91251531464245e-5
B6,PHF11,1.1820598490768024e-7
B6,PHF13,0.2775404459242162
B6,PHF21A,0.7638459333018416
B6,PHGDH,1
B6,PHKB,2.8570317975545748e-5
B6,PIGQ,2.8045583263598514e-7
B6,PIH1D1,8.471772042945413e-4
B6,PILRA,0.001086080814342414
B6,PIM2,7.859387659442494e-6
B6,PITX1,0.03952853508947476
B6,PKNOX1,0.005201192187541829
B6,PLAC9,0.7722002940205096
B6,PLEKHO2,3.4084712122355084e-5
B6,PLIN2,0.5466001053667581
B6,PLK1,1.5813289815014152e-8
B6,PLK2,0.350317146491095
B6,PLLP,0.009279723461190829
B6,PLP2,3.453147664874276e-12
B6,PLPPR2,1.0611436631365912e-6
B6,PLSCR1,0.001286098966867134
B6,PLTP,6.464960148242057e-8
B6,PLVAP,0.0012539909704927354
B6,PLXNA1,1.3249130597354e-5
B6,PLXND1,2.754702253509682e-10
B6,PMP22,2.3770706854643003e-8
B6,PNISR,0.058053112462431014
B6,PNMT,3.6234621433631426e-12
B6,PNP,0.0011447387491365084
B6,PNPLA6,0.03382414187766089
B6,PODNL1,1
B6,PODXL,1
B6,POLR2E,1.175529208245129e-8
B6,POLR2J,1.3285405819543528e-8
B6,POR,2.670895415169241e-7
B6,POSTN,1.158461925069124e-7
B6,PPHLN1,6.566396964233444e-7
B6,PPIB,1.1006852979707536e-11
B6,PPIH,0.058811823074464996
B6,PPM1G,1.8426020048600053e-8
B6,PPP1R1A,1
B6,PPP1R1B,1.965835415796498e-12
B6,PPP1R37,4.990362420854176e-6
B6,PRKAB1,4.0989500255293526e-5
B6,PRKCSH,4.4051874584493386e-10
B6,PROSER1,0.0012720307357229265
B6,PRPF6,1.5816549128432005e-7
B6,PRPSAP1,0.32631390938928023
B6,PSCA,1
B6,PSMD4,2.167812231383332e-5
B6,PSTPIP1,0.46485897119335656
B6,PTGDS,2.4828897966091524e-6
B6,PTOV1,5.234187548807854e-12
B6,PTP4A3,0.20019845276515041
B6,PTPRC,2.9104715734014457e-7
B6,PTPRJ,3.4855393746239217e-6
B6,PTRF,2.0063017791935585e-4
B6,PTRH1,1
B6,PTTG1,1.9726128112127132e-5
B6,PUS3,1
B6,PWP1,1.9542557794767845e-4
B6,PWWP2B,1.7346651218917214e-6
B6,PXDN,6.0185754198398254e-5
B6,PYURF,0.0016105107878645211
B6,QSOX1,3.729955407417423e-10
B6,R3HDM2,0.002405708936102003
B6,RAB11FIP1,1.2735314951177225e-7
B6,RAB3A,0.007296935190572673
B6,RAB3GAP1,1.053255063055891e-8
B6,RAB3IL1,0.7139929574186553
B6,RABGAP1L,8.735611796834332e-6
B6,RALBP1,1
B6,RALGAPA2,0.39186502069966067
B6,RAMP2,0.5884253468963289
B6,RAP1B,0.010133681684700127
B6,RARS2,0.005416129008161798
B6,RASA2,0.005416129008161798
B6,RASGRP2,0.08123745438660604
B6,RASSF3,2.898221927178502e-5
B6,RBL1,5.549743962335678e-4
B6,RBM42,1.8899030833066832e-8
B6,RECQL4,0.00329798944139344
B6,RECQL5,0.35366177151603767
B6,REEP6,5.94504417741509e-7
B6,RGS1,2.3817871433202128e-5
B6,RHOB,2.002079019104945e-9
B6,RIOK1,0.024543911152945307
B6,RMND1,0.08501520049793997
B6,RNASET2,1.7759967310172406e-12
B6,RND3,9.146913257920578e-7
B6,RNF135,0.001230999942153975
B6,RNF170,0.06705917828912594
B6,RRAS,4.889410824175968e-9
B6,RRM2,8.959291572370592e-9
B6,RSL1D1,2.9876937129335152e-12
B6,RSRP1,5.991860197976705e-6
B6,RUVBL1,0.0013208034860702207
B6,S100A14,3.274565035422313e-13
B6,S100A9,1.9125011740477718e-4
B6,SAMM50,5.4179195641817755e-6
B6,SASH1,1
B6,SAT1,4.2494456167464956e-14
B6,SCAF1,0.005771700171329846
B6,SCD,1.1467569645625535e-8
B6,SCNN1D,0.1290944034915364
B6,SCX,0.0240793135260072
B6,SDHB,4.576444900084852e-7
B6,SEC14L2,4.89138152166208e-12
B6,SEC23A,9.881470713110672e-11
B6,SEMA3B,5.411502560390293e-7
B6,SEMA4B,0.0016373748988787824
B6,SF3B4,1.5064136714928275e-5
B6,SFRP1,0.6926086560669329
B6,SFSWAP,1.395147246676135e-5
B6,SGTA,1.0326295359134329e-9
B6,SH3BP5L,1
B6,SIGLEC1,0.0014754079943538746
B6,SIGMAR1,8.193293249539771e-4
B6,SLC16A2,1
B6,SLC16A3,1.2245276436738641e-7
B6,SLC22A18,0.003049106674548283
B6,SLC25A24,6.149576586748735e-6
B6,SLC2A1,0.001386148303446571
B6,SLC2A8,0.011394269170001506
B6,SLC35A2,1.74136480570361e-5
B6,SLC39A6,2.984380786842095e-11
B6,SLC43A1,1
B6,SLC4A5,3.739453486444663e-4
B6,SLC8B1,0.0342793723862481
B6,SLC9A3R2,0.001544247943332074
B6,SLC9A8,1
B6,SLFN13,1
B6,SLPI,1
B6,SMCHD1,9.505321697373445e-9
B6,SMG9,1.5698184887271652e-6
B6,SMYD2,0.007201549061251452
B6,SNAPC3,7.937806273512946e-4
B6,SNF8,1.6023698757893746e-12
B6,SNRPD3,1.7396281386258763e-5
B6,SNTA1,0.01792543337720716
B6,SNX33,0.9847392458676318
B6,SNX8,3.358574640873852e-5
B6,SOD3,0.025026381501777675
B6,SOS2,0.8893584259411008
B6,SOX4,1.4556279313086465e-16
B6,SP6,0.8416845522228436
B6,SPAG9,2.6913006752980313e-15
B6,SPARC,1.1281997018770733e-15
B6,SPIN1,0.0013187077721848546
B6,SPSB1,0.003228581416412128
B6,SRGN,2.850507430523948e-15
B6,SRPX2,1
B6,SRR,0.14577313746190695
B6,SRRT,1.8521949497901192e-8
B6,SRSF1,3.7043659335607763e-10
B6,SRSF5,5.20913083707651e-15
B6,SSSCA1,3.357562751074711e-4
B6,STAMBP,7.149324634386876e-4
B6,STAT5A,0.00784719484006191
B6,STK17A,3.621426074841825e-5
B6,STK4,7.991332175534665e-6
B6,STMN1,6.097064672829449e-10
B6,STRN3,2.0999956628290587e-5
B6,STT3A,3.462763880610681e-7
B6,SUGP1,1
B6,SURF1,0.001286098966867134
B6,SVIL,1
B6,SYDE1,1
B6,SYK,2.92403104910923e-5
B6,TACC3,0.0012622809874612653
B6,TANC2,5.030061794617465e-12
B6,TARBP1,6.649530510385198e-5
B6,TAX1BP1,4.119406276572201e-8
B6,TAX1BP3,3.725772803845669e-4
B6,TBC1D10A,4.398476508313151e-5
B6,TBC1D23,1.148734186586511e-5
B6,TBCA,0.06064005526097161
B6,TBXAS1,1.8244595485815262e-7
B6,TCEA2,2.2893624441583896e-5
B6,TCEA3,1.7448496345362142e-7
B6,TCF25,1.6480089993775186e-6
B6,TDRD3,0.005127145792391188
B6,TESK1,8.673063759051247e-7
B6,TESMIN,0.0013187077721848546
B6,TEX10,0.8885846432995502
B6,TEX2,3.842238772091919e-11
B6,TFF3,1.9873320258176134e-7
B6,TGFBR2,0.33932022169200077
B6,THBS1,1.6103843049201876e-11
B6,THOC5,0.002459774971273549
B6,THOC6,1
B6,TIGD5,0.0622547190550291
B6,TIMP1,1.5398642079073429e-12
B6,TJP3,2.2893624441583896e-5
B6,TM7SF2,3.9419497542115913e-7
B6,TMBIM6,4.438205110509885e-13
B6,TMEM101,0.0012539909704927354
B6,TMEM123,5.637946756640156e-12
B6,TMEM14B,9.709639997980489e-7
B6,TMEM160,2.3691308556408987e-8
B6,TMEM184A,2.9981088681628924e-5
B6,TMEM259,2.8784011405118457e-11
B6,TMEM45B,0.02123374914861578
B6,TMEM86A,0.031265943023943546
B6,TMX1,4.8823323871314995e-9
B6,TNC,1.0231085208546978e-9
B6,TNFRSF14,8.880762905876458e-4
B6,TNFRSF21,1
B6,TNFRSF4,0.018337167644301825
B6,TNNT1,1.7785410696740518e-7
B6,TOM1L2,0.02016927822871598
B6,TP53I3,0.02800657500578337
B6,TPM2,0.0012889436176703466
B6,TRAC,6.137664374234669e-6
B6,TRAF5,7.801419780047801e-4
B6,TRAP1,9.250158912508122e-6
B6,TRAPPC4,1.2777698363909468e-7
B6,TRIM14,8.384851852036801e-7
B6,TRIM22,8.431537963034438e-6
B6,TRIM25,7.533953658862428e-4
B6,TRIM47,1.4148928618221844e-5
B6,TSPAN33,0.20511145545845877
B6,TSR2,0.9194908190442275
B6,TTC31,0.001322496521974593
B6,TTI1,0.005416129008161798
B6,TXN2,4.6862297890262994e-7
B6,TXNDC17,9.21236894750762e-9
B6,TXNRD2,4.7585915334422986e-4
B6,TYMS,8.7002941727709e-9
B6,TYROBP,2.7389164159720964e-8
B6,UBA52,3.2838888941259027e-18
B6,UBA6,1.0429971191501747e-10
B6,UBAP2L,6.733942803820893e-4
B6,UBE2C,5.055496912368088e-7
B6,UBE2T,8.992713369596614e-6
B6,UBE2W,3.70381578739987e-4
B6,UBL7,0.0016065509069829234
B6,UBR2,1.2114360075788133e-5
B6,UBXN1,3.308608361727434e-6
B6,UCK1,6.412230518474962e-8
B6,UFD1L,1.7906508109618077e-7
B6,UQCRC1,6.6108960722715985e-9
B6,UXS1,8.791184205115936e-7
B6,UXT,8.889140134944841e-6
B6,VARS,3.9121562276281134e-8
B6,VAV1,0.05287745783587657
B6,VCAM1,1.3930485206841327e-7
B6,VEGFB,5.4179195641817755e-6
B6,VIM,5.815975792164467e-17
B6,VPS13D,3.656214464859094e-5
B6,VPS45,4.1235763164560536e-4
B6,VWF,0.016680450571613596
B6,WDFY3,0.0015546909931924882
B6,WDR13,2.678263749261747e-5
B6,WDR34,5.7663151386594906e-11
B6,WDR46,2.6148082980103242e-6
B6,WDR73,9.146913257920578e-7
B6,WDR74,3.7637711312376146e-6
B6,WIPF1,3.016693038882806e-12
B6,XAB2,0.0035290043338370184
B6,XIAP,6.25520522463345e-4
B6,XPO6,2.0027028228532357e-9
B6,YIPF4,1.238184127172971e-5
B6,YTHDC1,9.356612319101813e-8
B6,ZDHHC12,1.2818418486876375e-12
B6,ZFAND3,7.260491868483712e-6
B6,ZFP36,8.751390358751886e-12
B6,ZFPL1,5.027661778793921e-4
B6,ZFR,1.302492859898164e-6
B6,ZG16B,1.898564777429946e-5
B6,ZMAT5,4.36885127679759e-8
B6,ZMYND19,5.183972093989653e-9
B6,ZMYND8,8.287865630278242e-11
B6,ZNF217,7.481961646471912e-4
B6,ZNF337,0.025002043993011175
B6,ZNF33B,0.00925774675365559
B6,ZNF362,0.012294659349826188
B6,ZNF524,0.00941991467715847
B6,ZNF592,0.24141087029234456
B6,ZNF644,8.735611796834332e-6
B6,ZNF668,0.0012622809874612653
B6,ZNF771,0.6554097704157924
B6,ZNF787,2.3442056129427698e-5
B6,ZNF791,0.11187197044435462
B6,ZNF83,1.2033437487975717e-5
B6,ZNF91,0.06060015272500244
B6,ZNRF1,2.281116570362753e-6
B6,ZSWIM8,9.739112557505508e-9
C1,A2M,0.3208806461187494
C1,AAMDC,0.02521858936078233
C1,ABCA3,0.45890190865282326
C1,ABCA7,1
C1,ABCF3,0.28091815521978086
C1,ABHD14A,1
C1,ABHD4,1
C1,ACAA1,0.40342988208081604
C1,ACER3,1
C1,ACTR3B,1
C1,ADAM15,0.007835440780388725
C1,ADCY3,1
C1,ADI1,8.482834978417607e-5
C1,AEBP1,0.03227836736863408
C1,AES,4.482365896371155e-8
C1,AGAP2,1
C1,AGO2,0.058586432944028315
C1,AGPAT2,4.482365896371155e-8
C1,AGR2,4.2228721177342856e-5
C1,AHCY,0.002781443137198703
C1,AKAP9,0.12100618017147774
C1,AKR1A1,2.2537941287369744e-6
C1,AKT1S1,0.0028195064669629152
C1,ALDH16A1,0.0013243239952926858
C1,ALG3,8.466069335517912e-5
C1,ANGPTL4,0.006186054658582107
C1,ANKLE2,0.09455536590321129
C1,ANKRD12,1
C1,ANKRD28,1
C1,ANLN,1
C1,ANO10,1
C1,AP5B1,1
C1,AP5Z1,1
C1,APBA2,0.013980800246364293
C1,APBB2,1
C1,APOBEC3G,1
C1,APOC1,0.2361820723936141
C1,AQP1,1
C1,ARF5,1
C1,ARF6,1.0361186701827463e-7
C1,ARFGEF2,0.003460913597241769
C1,ARHGAP10,0.09018114512720765
C1,ARHGAP4,1
C1,ARHGAP45,1
C1,ARHGAP5,0.06554879240594966
C1,ARHGEF10L,1
C1,ARHGEF3,0.7088527469204585
C1,ARHGEF40,0.38993537064945355
C1,ARID1B,0.0248297492262488
C1,ARID3A,0.0038250643023901424
C1,ARID4A,1
C1,ARID5A,0.18136518340570182
C1,ARID5B,0.12317098822001532
C1,ARNT,1
C1,ASCL2,0.9423220729051304
C1,ASH2L,0.016614470081257
C1,ASL,1
C1,ASMTL,1
C1,ASNA1,0.0044678755242602225
C1,ASNS,1
C1,ATAD1,0.22384800504490607
C1,ATF6B,0.8455235800086047
C1,ATG12,0.08572054356105051
C1,ATG16L2,1
C1,ATL2,1
C1,ATP5H,5.00372778368046e-5
C1,ATP5O,1.0340767833190795e-4
C1,ATP6AP1,3.579426633315857e-7
C1,ATP6V0D1,0.24726685514797422
C1,AURKAIP1,0.011828000574994961
C1,AVEN,1
C1,BABAM1,0.05041592951433736
C1,BAD,0.04423560143527226
C1,BAG1,0.0013838603844799136
C1,BAIAP3,1
C1,BCAM,1.827906225400125e-5
C1,BCL2,0.05403540745673199
C1,BCL2L12,0.0907760903558882
C1,BGN,1.7955719342075674e-4
C1,BICDL1,0.09364739693617491
C1,BIN3,0.01634466574706919
C1,BIRC2,0.25362916657585516
C1,BIRC5,0.03222197714432175
C1,BLVRA,1
C1,BOK,0.80589554997342
C1,BOLA3,0.11235193046070734
C1,BRD9,0.09602256283698116
C1,BRF1,0.13333276765564792
C1,BRF2,0.5715642943706085
C1,BRK1,1.7720072845506788e-4
C1,BRPF1,1
C1,BSG,3.8486717685862706e-8
C1,BST2,0.0018971453312914934
C1,BTG1,1.7373126940233878e-4
C1,C10orf10,1
C1,C10orf54,1
C1,C12orf45,1
C1,C15orf61,0.012319075119828481
C1,C19orf24,0.06293801084753335
C1,C19orf52,0.0982700937944877
C1,C19orf60,0.010944032280769338
C1,C1QB,0.0033903082207885345
C1,C1R,1
C1,C1S,1
C1,C1orf216,1
C1,C2,1
C1,C2CD2L,0.20429988852363848
C1,C3,0.1899055259281751
C1,C4orf48,2.9660775061047867e-7
C1,C5orf38,0.0731162465890778
C1,C6orf136,0.09274312741015572
C1,C6orf48,0.0033903082207885345
C1,CADM4,9.038281775086942e-7
C1,CALML5,1
C1,CAMTA2,0.3556304037438508
C1,CAPG,1.0551902831824973e-4
C1,CARS2,0.07866349949453894
C1,CBLC,1
C1,CCDC106,0.02157824985824111
C1,CCDC167,0.8958494234368912
C1,CCDC57,1
C1,CCDC80,1
C1,CCDC88B,1
C1,CCL19,0.44503992269788706
C1,CCL2,1
C1,CCL21,0.8850897829627262
C1,CCM2,0.007133810288086944
C1,CCNB1,0.0037521757876045293
C1,CCNB1IP1,0.538206026147946
C1,CCNE1,0.11668557535891322
C1,CCNE2,0.0037098193226529595
C1,CCS,0.04586815723022348
C1,CCT4,6.120897360270375e-6
C1,CD14,0.37062195200474196
C1,CD320,0.0026501701266743887
C1,CD3D,0.458856216052921
C1,CD4,0.5025775190125618
C1,CD52,1
C1,CD68,0.17535965627664055
C1,CD74,0.08856922985482564
C1,CD79A,1
C1,CDC20,0.003366887480864296
C1,CDC6,1
C1,CDH11,1
C1,CDH3,1
C1,CDK5RAP1,1
C1,CENPF,1
C1,CEP250,1
C1,CEP55,0.0445103208857952
C1,CERCAM,0.22384800504490607
C1,CERS5,0.3639566527011372
C1,CES2,0.0693583808343074
C1,CFAP36,1
C1,CFDP1,1
C1,CGGBP1,0.001954187045967463
C1,CHCHD6,1
C1,CHD1,0.41511564860889816
C1,CHD6,0.007717796619555795
C1,CHFR,0.5331564792863055
C1,CHST11,1
C1,CIR1,0.0031649328769037246
C1,CLASRP,1
C1,CLDN3,6.770401933816516e-5
C1,CLDN4,1.3585733712193553e-6
C1,CLU,0.05804440921160154
C1,CNN2,0.0037098193226529595
C1,COL14A1,1
C1,COL3A1,9.733258200324255e-4
C1,COL4A1,1
C1,COL6A2,0.1666490264856894
C1,COL8A2,1
C1,COMMD1,0.016442212582743698
C1,COMP,0.04423560143527226
C1,COPS7A,1
C1,COQ4,0.7103243730287329
C1,CORO1A,1
C1,CORO1B,1.4882049671462751e-7
C1,CORO2A,0.17914994313188715
C1,CORO7,1
C1,COX5A,5.4546892431761715e-6
C1,CPNE1,1.163874774334588e-4
C1,CPSF1,0.3183540836253636
C1,CPVL,3.2787468112660273e-6
C1,CRABP2,0.02337528923069666
C1,CRACR2B,7.198856093164646e-5
C1,CRELD2,0.34271464007863794
C1,CROCC,1
C1,CSF1,1
C1,CSF1R,0.05041592951433736
C1,CTDSPL,0.007760743864702364
C1,CTIF,0.6231366943446862
C1,CTSK,1
C1,CTU2,1
C1,CUTC,0.11792962164560856
C1,CUX1,0.0071494664518690545
C1,CX3CL1,2.286989307407744e-5
C1,CXCL10,1
C1,CXXC5,1
C1,CYP27A1,1
C1,DAPK3,0.007580194376939937
C1,DCAF6,1
C1,DCXR,3.444040728911088e-5
C1,DDAH1,0.12067550872585214
C1,DDB2,0.07994683822926058
C1,DDIT3,1
C1,DDRGK1,0.011828000574994961
C1,DDT,0.05284832517596907
C1,DEAF1,1.7039530900162498e-4
C1,DENND1A,0.3970333737637439
C1,DERL3,1
C1,DESI1,0.7647182856158222
C1,DHX16,0.029373799413298447
C1,DLG1,0.3332544282784291
C1,DMAP1,0.446311329821609
C1,DNAJB2,0.03866410686881033
C1,DNAJC1,0.009326553715497114
C1,DNAJC7,0.14581128709112176
C1,DOCK6,1
C1,DPH3,1
C1,DPM2,0.0037098193226529595
C1,DPP7,0.05257069167350728
C1,DPP9,0.002033796266694609
C1,DPYSL3,1
C1,DVL1,0.016442212582743698
C1,EBAG9,0.3332544282784291
C1,ECHDC2,0.0025263898344920353
C1,ECM1,1
C1,EFEMP2,1
C1,EFHD2,1
C1,EGFR,0.9951171135463938
C1,EIF1AD,1
C1,EIF3B,0.04901800162981189
C1,EIF3F,0.016642786228844728
C1,EIF3G,0.016614470081257
C1,ELN,1
C1,ELOF1,0.007845757091375385
C1,EMC3,0.020922646090265052
C1,ENPP1,0.0222610398940384
C1,EPHB3,7.101524743632469e-6
C1,ERAL1,0.9191923965589218
C1,ERBB2,3.267785127594422e-9
C1,ERI3,2.3268010020452933e-6
C1,ERMP1,0.008576753307943493
C1,ESR1,1
C1,ETFB,4.978762817593132e-5
C1,EVA1B,1
C1,EXD3,0.15603076455203468
C1,EXO1,0.08510180340807448
C1,EXOC5,0.14511272516027549
C1,EXOSC1,0.23222899669770888
C1,EXOSC10,0.024813494196310293
C1,EXOSC2,0.12885071047352512
C1,EZH2,0.0022375078479051876
C1,FAAH,0.007580194376939937
C1,FADS2,7.1805626569084755e-9
C1,FAH,1
C1,FAIM2,0.8841083928377025
C1,FAM102A,0.011207557929037694
C1,FAM117A,0.016559862396909302
C1,FAM118A,1
C1,FAM160B1,1
C1,FAM173A,6.457992535365821e-5
C1,FAM193B,0.0732148168569211
C1,FAM213B,1
C1,FAM3A,0.15354196873478781
C1,FAM45A,0.37062195200474196
C1,FAP,1
C1,FARP1,2.5957065425976247e-8
C1,FARSB,2.581172882514756e-4
C1,FASN,8.369117203625701e-9
C1,FBF1,1
C1,FBLN2,0.7056596143849538
C1,FCER1G,1
C1,FDPS,6.770401933816516e-5
C1,FGFR1,4.482365896371155e-8
C1,FGFR4,6.254150165784246e-5
C1,FKBP10,0.09754703981269303
C1,FKBP8,0.06925104127630248
C1,FLNA,6.229601151862365e-8
C1,FN1,0.0478803134162018
C1,FNBP4,0.026244496265566693
C1,FOXA1,2.2746919011449936e-6
C1,FOXC1,1
C1,FOXP4,0.0019903753583433987
C1,FSTL1,0.09754703981269303
C1,FSTL3,1
C1,FUOM,0.12838186563743437
C1,FUS,8.536328981218761e-6
C1,FZD2,0.06543369273203034
C1,GALK1,0.18020459261781493
C1,GANAB,0.14700053246333225
C1,GAR1,0.2425910142545605
C1,GAS6,1
C1,GATA3,0.002257180346421263
C1,GATC,1.7727613741937739e-6
C1,GBP1,0.33513367815657535
C1,GBP2,0.0010008621375609547
C1,GBP3,1
C1,GBP4,1
C1,GBP5,1
C1,GEMIN4,0.38904364325930946
C1,GLCCI1,0.02055774966839102
C1,GLG1,0.004594261278250794
C1,GLTSCR2,0.0061112915001922665
C1,GMFG,1
C1,GMPPA,0.04435161609102101
C1,GNAI2,0.3469844309237475
C1,GNAS,5.3690404681291995e-8
C1,GNL2,0.12490103097696736
C1,GPR108,0.0018339983599055566
C1,GPR160,0.06042579219100744
C1,GPRC5A,0.008648327452098117
C1,GPS1,0.1440380703290478
C1,GPSM1,0.09274312741015572
C1,GPX3,0.80589554997342
C1,GRB7,6.779497956310038e-8
C1,GRK3,1
C1,GSK3A,0.008576753307943493
C1,GSTM3,0.7056521888356255
C1,GYPC,1
C1,HAGHL,0.9376570399758949
C1,HCFC1R1,0.016614470081257
C1,HCST,1
C1,HDAC5,1
C1,HDAC6,0.24528975520802127
C1,HELZ2,0.0998209778193452
C1,HES1,0.00278610527696361
C1,HLA-B,0.002128245060637355
C1,HLA-DMA,0.07787045799528113
C1,HLA-DMB,1
C1,HLA-DOA,1
C1,HLA-DPA1,0.08866240112997541
C1,HLA-DPB1,0.2000872576961466
C1,HLA-DRA,1
C1,HLA-DRB1,0.3334526360956403
C1,HMGB2,0.0031999243006774363
C1,HNRNPUL2,9.376499759403182e-6
C1,HOOK3,0.8298553260891278
C1,HPS6,1
C1,HSD17B1,0.9405429445096313
C1,HSPA4,2.6190580730683646e-5
C1,HSPB1,1.0152292311841325e-5
C1,HSPB11,0.021166091752093844
C1,HYI,0.013688027595768574
C1,IDH3G,1
C1,IDUA,1
C1,IER5L,9.570699429612921e-7
C1,IFI27,6.03519356681884e-15
C1,IFI27L1,1
C1,IFI44L,0.0382949302628346
C1,IGFBP2,5.3690404681291995e-8
C1,IGFBP4,0.581950955520544
C1,IGHA1,0.030844836850786622
C1,IGHG3,0.0022769762271049815
C1,IGHG4,1
C1,IGHM,1
C1,IGKC,8.369117203625701e-9
C1,IGLC2,1.7128217024116668e-4
C1,IGLC3,0.0467352901944467
C1,IGLC7,0.484513299588997
C1,IKZF3,1.8381251508997114e-6
C1,IL10RA,1
C1,ILKAP,0.4507360721632186
C1,INAFM1,0.9423220729051304
C1,INPP4B,0.03668737113779762
C1,INPP5D,1
C1,INPP5J,0.6635798324200426
C1,INTS8,0.005756451082320023
C1,ISG15,1
C1,ISLR,0.44503992269788706
C1,ITGA5,1
C1,ITGB4,0.0037098193226529595
C1,ITGB6,2.8002222990182312e-8
C1,ITSN1,1
C1,JAG2,0.3242692607564911
C1,JAK1,0.2804572271212353
C1,JAK3,1
C1,JCHAIN,1
C1,JMJD6,0.45890190865282326
C1,KAT6B,0.10036650122958006
C1,KATNA1,0.32065656101841034
C1,KCNAB2,1
C1,KCTD10,1
C1,KDM4B,0.08572054356105051
C1,KIAA0895L,0.16706840541493337
C1,KIAA1211L,0.012971528347124395
C1,KIAA1217,1
C1,KIAA1468,0.0016660791895816
C1,KIAA1715,0.07220612937956045
C1,KIF13B,1.129281649924798e-4
C1,KIF2C,0.02337528923069666
C1,KLF9,1
C1,KMT2B,0.0023676627130436393
C1,KMT2E,0.026564138472030756
C1,KPNB1,0.001256306114303548
C1,KRAS,0.21235662888044196
C1,KRT10,1
C1,KRT17,1
C1,KRT8,6.718697957809861e-7
C1,KRT86,8.536328981218761e-6
C1,LAMB2,0.2730159041237906
C1,LAMTOR2,7.988087156547965e-4
C1,LANCL1,1
C1,LARP1B,0.00906684899494337
C1,LARP7,1
C1,LCK,1
C1,LCP1,2.9555342739544398e-5
C1,LGALS1,0.15880488143613777
C1,LIMCH1,0.23325183715434306
C1,LIMK1,0.06430386617606924
C1,LINC00176,0.006115320948877578
C1,LINGO1,1
C1,LLGL1,0.06554879240594966
C1,LMF1,1
C1,LMNA,7.62540162699324e-5
C1,LRRC8A,0.11235193046070734
C1,LRWD1,1
C1,LST1,0.2730159041237906
C1,LTB4R,0.008940365920425108
C1,LTBP3,0.012743134545674585
C1,LTF,1
C1,LUC7L,0.004724147394753188
C1,LUC7L3,1.5718029669507618e-4
C1,LUM,0.40211603882105634
C1,LYL1,1
C1,MAGEF1,0.003095821124669736
C1,MAGI1,0.25659585820409714
C1,MAGOHB,0.3506589814521328
C1,MAP1S,0.07389834709953025
C1,MAP3K14,1
C1,MAP3K6,1
C1,MAP4K2,1
C1,MAPK9,0.01986914011458217
C1,MAPKAPK5,1
C1,MAPT,1
C1,MARS,0.02516512203675395
C1,MAVS,0.2865176223323043
C1,MCTS1,0.049238598594850226
C1,MDM2,0.0037098193226529595
C1,MED13L,1
C1,MED25,1.1532984862557538e-4
C1,MELK,1
C1,MEN1,1
C1,METTL12,0.7908002357038317
C1,METTL16,0.25795191387094746
C1,MFAP4,1
C1,MFSD3,0.1527318402298927
C1,MFSD7,1
C1,MGMT,0.12675688660032364
C1,MGP,4.482365896371155e-8
C1,MIB2,0.604251968690429
C1,MICAL1,1
C1,MICALL2,0.06135812076480142
C1,MID1IP1,0.008421949978506045
C1,MIF,0.9045487508786962
C1,MIIP,1
C1,MKI67,0.026244496265566693
C1,MKNK1,0.4949199120838694
C1,MLLT4,0.008576753307943493
C1,MLPH,0.03538979213779837
C1,MLST8,0.003460913597241769
C1,MMP11,1
C1,MMP9,1
C1,MORC2,6.724954478627921e-6
C1,MPND,1
C1,MPST,7.237072670072408e-5
C1,MRPL2,0.003022591580308059
C1,MRPL21,0.010901208362011763
C1,MRPL23,0.007886197674429711
C1,MRPL51,0.003095821124669736
C1,MRPL54,1
C1,MRPS22,0.23514886378702987
C1,MS4A6A,0.009492496000163306
C1,MST1R,0.025321750849772694
C1,MTG2,1
C1,MTMR12,0.1918405949811259
C1,MUC1,5.377755341181415e-7
C1,MUCL1,8.369117203625701e-9
C1,MUS81,8.965339813751773e-4
C1,MVP,0.013991151138080379
C1,MX2,1
C1,MYBL2,1
C1,MYC,1
C1,MYH10,1
C1,MYL12B,4.482365896371155e-8
C1,MYL6B,0.7193868060053509
C1,MYL9,0.0013838603844799136
C1,MYO1G,1
C1,MYO9B,1
C1,MZT2A,4.288494037493103e-6
C1,NAA10,0.0015353900413387135
C1,NANS,0.10021829386307532
C1,NAT1,0.610527996237332
C1,NCKAP1L,0.8080870575716278
C1,NCKAP5L,0.6530297233496608
C1,NDC80,0.9907437314182789
C1,NDRG1,1
C1,NDUFA1,7.218453950017178e-6
C1,NDUFA12,0.0022873544735605485
C1,NDUFB2,1.004847669575915e-5
C1,NDUFB3,0.0084400133109958
C1,NDUFB9,1.7727613741937739e-6
C1,NDUFC1,0.0013521792481601788
C1,NDUFS1,0.008940365920425108
C1,NDUFV3,0.12100618017147774
C1,NEBL,0.33513367815657535
C1,NEK7,1
C1,NELFE,3.5316143280437915e-7
C1,NFATC4,0.008330199913681443
C1,NFIC,0.004512470534024074
C1,NINJ1,0.0801284300138177
C1,NIT2,1
C1,NMRAL1,0.015568201136800892
C1,NR1H2,0.04901800162981189
C1,NR4A1,1
C1,NRP1,1
C1,NSMCE1,3.3171379348023464e-5
C1,NTMT1,0.04012902362879273
C1,NUF2,0.8862923467660436
C1,NUP214,0.003095821124669736
C1,NUP93,1
C1,NXN,1
C1,OASL,1
C1,OGFRL1,0.008421949978506045
C1,OPTN,1
C1,ORC2,1
C1,ORC6,4.626796696737999e-5
C1,OSBPL8,0.010826257328302382
C1,P4HA2,1
C1,PAF1,1
C1,PAFAH1B3,0.08339847101229439
C1,PAQR4,1.0414922146600137e-5
C1,PARN,1
C1,PCCB,0.6083037302013019
C1,PCIF1,1
C1,PDCD5,0.002033600933929845
C1,PDGFRA,1
C1,PDGFRB,1
C1,PER1,1
C1,PEX11G,1
C1,PEX14,1
C1,PGLS,0.007133810288086944
C1,PGR,1
C1,PHF11,1
C1,PHF13,0.6861917503624009
C1,PHF21A,1
C1,PHGDH,4.2876190766309426e-6
C1,PHKB,0.008304907404866838
C1,PIGQ,0.0038250643023901424
C1,PIH1D1,0.003022591580308059
C1,PILRA,1
C1,PIM2,1
C1,PITX1,0.6493232549267168
C1,PKNOX1,1
C1,PLAC9,1
C1,PLEKHO2,1
C1,PLIN2,0.016614470081257
C1,PLK1,1
C1,PLK2,3.444040728911088e-5
C1,PLLP,1
C1,PLP2,0.003460913597241769
C1,PLPPR2,0.016893831708023638
C1,PLSCR1,1
C1,PLTP,0.09059066878694219
C1,PLVAP,1
C1,PLXNA1,0.3651772185786419
C1,PLXND1,1
C1,PMP22,1
C1,PNISR,0.002311952921403384
C1,PNMT,1.750687825367717e-7
C1,PNP,1
C1,PNPLA6,1
C1,PODNL1,1
C1,PODXL,0.9423220729051304
C1,POLR2E,0.043992459555913445
C1,POLR2J,0.0037098193226529595
C1,POR,0.0015077418978038184
C1,POSTN,0.02373169223155328
C1,PPHLN1,0.008811758100173782
C1,PPIB,0.00019443362989479132
C1,PPIH,0.025627998512194775
C1,PPM1G,1.7009453638978228e-5
C1,PPP1R1A,0.39311484601203556
C1,PPP1R1B,1.8912147574419935e-4
C1,PPP1R37,0.026244496265566693
C1,PRKAB1,0.09274312741015572
C1,PRKCSH,3.316234425209317e-6
C1,PROSER1,1
C1,PRPF6,0.0789004071986383
C1,PRPSAP1,0.29357349432463903
C1,PSCA,1
C1,PSMD4,0.008940365920425108
C1,PSTPIP1,0.5842692576509025
C1,PTGDS,1
C1,PTOV1,0.0020791437549782248
C1,PTP4A3,1
C1,PTPRC,1
C1,PTPRJ,0.2964885176157813
C1,PTRF,0.6933522589783352
C1,PTRH1,1
C1,PTTG1,0.7348755404018178
C1,PUS3,1
C1,PWP1,1
C1,PWWP2B,0.18270746814191338
C1,PXDN,3.2787468112660273e-6
C1,PYURF,0.01643426999417875
C1,QSOX1,2.9264382166570284e-6
C1,R3HDM2,0.016614470081257
C1,RAB11FIP1,0.635817779505023
C1,RAB3A,1
C1,RAB3GAP1,0.013991151138080379
C1,RAB3IL1,1
C1,RABGAP1L,6.956542657629114e-4
C1,RALBP1,0.05198446705000205
C1,RALGAPA2,0.7653302527379385
C1,RAMP2,1
C1,RAP1B,1
C1,RARS2,1
C1,RASA2,0.03742786561225356
C1,RASGRP2,1
C1,RASSF3,1
C1,RBL1,1
C1,RBM42,0.0033903082207885345
C1,RECQL4,1
C1,RECQL5,0.1773378858535151
C1,REEP6,1
C1,RGS1,1
C1,RHOB,2.0986537605084814e-6
C1,RIOK1,1
C1,RMND1,1
C1,RNASET2,0.002943880899513024
C1,RND3,1
C1,RNF135,0.28319354203808234
C1,RNF170,0.25606473302039817
C1,RRAS,1
C1,RRM2,3.349602117920209e-5
C1,RSL1D1,6.30249449426872e-5
C1,RSRP1,0.0713494568009953
C1,RUVBL1,0.0723665643646133
C1,S100A14,2.7481793778048554e-4
C1,S100A9,0.0033903082207885345
C1,SAMM50,0.15742442410465668
C1,SASH1,0.022070901287759778
C1,SAT1,4.858500736438314e-7
C1,SCAF1,0.24570923021907554
C1,SCD,1.3478628271180452e-7
C1,SCNN1D,1
C1,SCX,1
C1,SDHB,1
C1,SEC14L2,1
C1,SEC23A,1
C1,SEMA3B,1
C1,SEMA4B,0.016731027804200386
C1,SF3B4,0.002525402115975311
C1,SFRP1,1
C1,SFSWAP,0.1440380703290478
C1,SGTA,0.027903413953011377
C1,SH3BP5L,0.40342988208081604
C1,SIGLEC1,1
C1,SIGMAR1,0.18020459261781493
C1,SLC16A2,1
C1,SLC16A3,1
C1,SLC22A18,0.32874592232821614
C1,SLC25A24,0.002257180346421263
C1,SLC2A1,0.14017711193163215
C1,SLC2A8,0.39030224804835184
C1,SLC35A2,0.17535965627664055
C1,SLC39A6,0.31882650105268157
C1,SLC43A1,1
C1,SLC4A5,0.08856922985482564
C1,SLC8B1,0.5848889595857968
C1,SLC9A3R2,0.03947043202281158
C1,SLC9A8,1
C1,SLFN13,0.018152719455837733
C1,SLPI,1
C1,SMCHD1,0.39608903210412977
C1,SMG9,0.12067550872585214
C1,SMYD2,1
C1,SNAPC3,1
C1,SNF8,0.0037098193226529595
C1,SNRPD3,0.0037098193226529595
C1,SNTA1,1
C1,SNX33,0.9423220729051304
C1,SNX8,0.25362916657585516
C1,SOD3,0.38904364325930946
C1,SOS2,1
C1,SOX4,7.1805626569084755e-9
C1,SP6,0.80589554997342
C1,SPAG9,0.3445919987980973
C1,SPARC,0.05726725487090503
C1,SPIN1,0.007580194376939937
C1,SPSB1,1
C1,SRGN,0.40342988208081604
C1,SRPX2,0.2912377155438973
C1,SRR,0.008217029170550255
C1,SRRT,0.02953297491081512
C1,SRSF1,1.3934516491743964e-6
C1,SRSF5,9.163804127144369e-4
C1,SSSCA1,1
C1,STAMBP,0.2017340616048708
C1,STAT5A,0.574562803594085
C1,STK17A,1
C1,STK4,1
C1,STMN1,5.3001270088935124e-8
C1,STRN3,1
C1,STT3A,0.03428547894517213
C1,SUGP1,1
C1,SURF1,0.46977911980310205
C1,SVIL,1
C1,SYDE1,0.01712987240070445
C1,SYK,1
C1,TACC3,1
C1,TANC2,0.8572481584589283
C1,TARBP1,0.0031352405711572028
C1,TAX1BP1,0.0035838513119224274
C1,TAX1BP3,0.0029438549394714053
C1,TBC1D10A,1
C1,TBC1D23,0.37757002772920173
C1,TBCA,0.014442477562153225
C1,TBXAS1,1
C1,TCEA2,0.402347506640156
C1,TCEA3,0.0033903082207885345
C1,TCF25,7.554259003335336e-5
C1,TDRD3,1
C1,TESK1,0.007580194376939937
C1,TESMIN,1
C1,TEX10,0.5243731350014728
C1,TEX2,0.04461477087216565
C1,TFF3,0.0035017908271966205
C1,TGFBR2,1
C1,THBS1,1
C1,THOC5,0.0789004071986383
C1,THOC6,0.5034226584794834
C1,TIGD5,0.1918405949811259
C1,TIMP1,1.3478628271180452e-7
C1,TJP3,1
C1,TM7SF2,2.358186207343954e-9
C1,TMBIM6,8.369117203625701e-9
C1,TMEM101,1
C1,TMEM123,4.978762817593132e-5
C1,TMEM14B,0.14581128709112176
C1,TMEM160,1
C1,TMEM184A,3.349602117920209e-5
C1,TMEM259,0.007584947810942433
C1,TMEM45B,0.003460913597241769
C1,TMEM86A,1
C1,TMX1,0.010730720508952836
C1,TNC,2.9660775061047867e-7
C1,TNFRSF14,0.9558605160254214
C1,TNFRSF21,0.7385545616644239
C1,TNFRSF4,1
C1,TNNT1,6.752838654414162e-4
C1,TOM1L2,4.777084304611042e-5
C1,TP53I3,1.1308474626608956e-4
C1,TPM2,0.010571527586436107
C1,TRAC,1
C1,TRAF5,1
C1,TRAP1,0.25362916657585516
C1,TRAPPC4,0.2572565484144989
C1,TRIM14,0.007580194376939937
C1,TRIM22,1
C1,TRIM25,0.10150229753981606
C1,TRIM47,1
C1,TSPAN33,1
C1,TSR2,1
C1,TTC31,0.08153011109279905
C1,TTI1,0.39621066529131266
C1,TXN2,2.9101147435883395e-5
C1,TXNDC17,4.3794256369601195e-5
C1,TXNRD2,0.020762888097516658
C1,TYMS,0.0037098193226529595
C1,TYROBP,0.09491767683440287
C1,UBA52,5.005570903910578e-7
C1,UBA6,1.1532984862557538e-4
C1,UBAP2L,0.0061112915001922665
C1,UBE2C,0.015547112717446798
C1,UBE2T,0.024881196270642073
C1,UBE2W,0.020777140431287096
C1,UBL7,0.4886894045959766
C1,UBR2,0.046203574476946944
C1,UBXN1,0.0028582702322652504
C1,UCK1,1
C1,UFD1L,0.047995905758530896
C1,UQCRC1,4.312832760487628e-7
C1,UXS1,1
C1,UXT,0.6257317682167298
C1,VARS,1.8381251508997114e-6
C1,VAV1,1
C1,VCAM1,1
C1,VEGFB,0.008940365920425108
C1,VIM,0.02450827596632646
C1,VPS13D,0.484513299588997
C1,VPS45,1
C1,VWF,1
C1,WDFY3,0.1898514976721414
C1,WDR13,0.1503838429519765
C1,WDR34,5.252158023805981e-6
C1,WDR46,0.009492496000163306
C1,WDR73,0.10367150847508624
C1,WDR74,1
C1,WIPF1,1
C1,XAB2,0.058586432944028315
C1,XIAP,0.35161921845047545
C1,XPO6,0.021166091752093844
C1,YIPF4,0.06076545062500605
C1,YTHDC1,7.988087156547965e-4
C1,ZDHHC12,5.497768594837927e-7
C1,ZFAND3,0.0037098193226529595
C1,ZFP36,1
C1,ZFPL1,0.2146345815896219
C1,ZFR,0.0038250643023901424
C1,ZG16B,0.24436921684323115
C1,ZMAT5,1
C1,ZMYND19,0.025321750849772694
C1,ZMYND8,1.1532984862557538e-4
C1,ZNF217,0.07756286422522066
C1,ZNF337,0.03860715290961054
C1,ZNF33B,1
C1,ZNF362,0.39560713286000015
C1,ZNF524,1
C1,ZNF592,1
C1,ZNF644,0.312245675149847
C1,ZNF668,0.18020459261781493
C1,ZNF771,1
C1,ZNF787,0.6917437608779511
C1,ZNF791,1
C1,ZNF83,0.09422725494201392
C1,ZNF91,0.007580194376939937
C1,ZNRF1,1
C1,ZSWIM8,0.03608615891538241
C2,A2M,1
C2,AAMDC,0.380859077438847
C2,ABCA3,0.48474567863661056
C2,ABCA7,1
C2,ABCF3,0.1762868557014197
C2,ABHD14A,1
C2,ABHD4,1
C2,ACAA1,0.9984982091252337
C2,ACER3,1
C2,ACTR3B,1
C2,ADAM15,0.923563811888921
C2,ADCY3,1
C2,ADI1,0.002920327078075463
C2,AEBP1,0.004082382782895404
C2,AES,2.403379268726852e-4
C2,AGAP2,1
C2,AGO2,0.12943679006833725
C2,AGPAT2,5.080596055999665e-4
C2,AGR2,0.45873689920018507
C2,AHCY,1
C2,AKAP9,1
C2,AKR1A1,2.6065093563954687e-4
C2,AKT1S1,0.011569964836439465
C2,ALDH16A1,0.08356026400435267
C2,ALG3,1
C2,ANGPTL4,1
C2,ANKLE2,1
C2,ANKRD12,1
C2,ANKRD28,1
C2,ANLN,0.3080284044936144
C2,ANO10,0.5887585940196949
C2,AP5B1,1
C2,AP5Z1,0.5516866703069079
C2,APBA2,0.054318108622998434
C2,APBB2,0.4311131943999537
C2,APOBEC3G,1
C2,APOC1,0.25251624592385397
C2,AQP1,1
C2,ARF5,1
C2,ARF6,0.0017543331600786461
C2,ARFGEF2,0.5161859295627408
C2,ARHGAP10,1
C2,ARHGAP4,1
C2,ARHGAP45,1
C2,ARHGAP5,1
C2,ARHGEF10L,1
C2,ARHGEF3,1
C2,ARHGEF40,1
C2,ARID1B,0.07706040065248532
C2,ARID3A,1
C2,ARID4A,1
C2,ARID5A,0.18078892703903973
C2,ARID5B,1
C2,ARNT,1
C2,ASCL2,0.019499453139218175
C2,ASH2L,1
C2,ASL,1
C2,ASMTL,0.025630154161795975
C2,ASNA1,0.029253931797018143
C2,ASNS,1
C2,ATAD1,0.10365297279947337
C2,ATF6B,1
C2,ATG12,0.12817940346657294
C2,ATG16L2,1
C2,ATL2,1
C2,ATP5H,0.17308806037159583
C2,ATP5O,0.002922019517170296
C2,ATP6AP1,7.160699727522032e-5
C2,ATP6V0D1,0.021325876009356214
C2,AURKAIP1,0.014005870819998734
C2,AVEN,1
C2,BABAM1,0.2985465169745532
C2,BAD,0.1488739679850989
C2,BAG1,0.009248126714340022
C2,BAIAP3,1
C2,BCAM,0.0923472398825023
C2,BCL2,1
C2,BCL2L12,1
C2,BGN,0.004668262659229135
C2,BICDL1,1
C2,BIN3,1
C2,BIRC2,1
C2,BIRC5,0.05395435594686272
C2,BLVRA,1
C2,BOK,1
C2,BOLA3,0.42925710442076576
C2,BRD9,0.5516866703069079
C2,BRF1,0.34881363190715997
C2,BRF2,1
C2,BRK1,0.029253931797018143
C2,BRPF1,1
C2,BSG,3.0188835686924676e-5
C2,BST2,0.41172245730371804
C2,BTG1,0.14114877673986564
C2,C10orf10,1
C2,C10orf54,1
C2,C12orf45,1
C2,C15orf61,1
C2,C19orf24,5.048577736704214e-4
C2,C19orf52,1
C2,C19orf60,0.044696489787455315
C2,C1QB,0.00798677385159869
C2,C1R,0.7676496341767858
C2,C1S,0.23229892179532585
C2,C1orf216,1
C2,C2,1
C2,C2CD2L,0.08799054212976995
C2,C3,0.1884642063168301
C2,C4orf48,0.00432756138420802
C2,C5orf38,1
C2,C6orf136,1
C2,C6orf48,0.006430738063654672
C2,CADM4,0.01672599383217604
C2,CALML5,1
C2,CAMTA2,0.6364267532309134
C2,CAPG,2.1064211644349756e-4
C2,CARS2,1
C2,CBLC,1
C2,CCDC106,0.10365297279947337
C2,CCDC167,0.05810066937014326
C2,CCDC57,1
C2,CCDC80,1
C2,CCDC88B,1
C2,CCL19,1
C2,CCL2,1
C2,CCL21,1
C2,CCM2,0.03749219467402575
C2,CCNB1,1
C2,CCNB1IP1,0.12956374281036215
C2,CCNE1,1
C2,CCNE2,0.12162860757491661
C2,CCS,1
C2,CCT4,0.3999098079815345
C2,CD14,0.5103661328731571
C2,CD320,0.007677959279855044
C2,CD3D,1
C2,CD4,1
C2,CD52,1
C2,CD68,0.03552055882901885
C2,CD74,0.12956374281036215
C2,CD79A,0.36581542360366204
C2,CDC20,0.002922019517170296
C2,CDC6,1
C2,CDH11,1
C2,CDH3,1
C2,CDK5RAP1,1
C2,CENPF,0.2870979625156209
C2,CEP250,1
C2,CEP55,1
C2,CERCAM,0.32405732944477394
C2,CERS5,0.07816688921079866
C2,CES2,0.761460477915839
C2,CFAP36,1
C2,CFDP1,0.0885311305152341
C2,CGGBP1,0.04387821325323003
C2,CHCHD6,1
C2,CHD1,1
C2,CHD6,1
C2,CHFR,0.05765309474242161
C2,CHST11,1
C2,CIR1,1
C2,CLASRP,0.9368653501379263
C2,CLDN3,3.0188835686924676e-5
C2,CLDN4,4.2498883720209503e-5
C2,CLU,0.007866154835781973
C2,CNN2,0.0017188251196121472
C2,COL14A1,1
C2,COL3A1,0.015454013943236172
C2,COL4A1,0.4048537168205669
C2,COL6A2,0.039555207014832956
C2,COL8A2,1
C2,COMMD1,0.45211354441394086
C2,COMP,0.09600390792558595
C2,COPS7A,1
C2,COQ4,0.16641295547917714
C2,CORO1A,0.48837317286577664
C2,CORO1B,1.1944551561345455e-5
C2,CORO2A,0.10264496004849874
C2,CORO7,0.2458006840040333
C2,COX5A,1
C2,CPNE1,0.4618941318522714
C2,CPSF1,1
C2,CPVL,0.008008176481151062
C2,CRABP2,0.9761990506851876
C2,CRACR2B,0.24843110246016945
C2,CRELD2,0.38789025780208763
C2,CROCC,0.7514750001675713
C2,CSF1,1
C2,CSF1R,0.13766046089460365
C2,CTDSPL,0.16275009669715348
C2,CTIF,1
C2,CTSK,0.9804907148464934
C2,CTU2,1
C2,CUTC,0.923563811888921
C2,CUX1,0.6511005728401892
C2,CX3CL1,0.10971781480225182
C2,CXCL10,1
C2,CXXC5,0.7957607623336114
C2,CYP27A1,1
C2,DAPK3,0.12956374281036215
C2,DCAF6,1
C2,DCXR,0.024618428322202204
C2,DDAH1,1
C2,DDB2,1
C2,DDIT3,1
C2,DDRGK1,0.14863014162287994
C2,DDT,0.007866154835781973
C2,DEAF1,0.035088017227361684
C2,DENND1A,0.03485008909439673
C2,DERL3,0.24724658482373515
C2,DESI1,0.1083187868580688
C2,DHX16,1
C2,DLG1,0.25251624592385397
C2,DMAP1,0.03817780700601555
C2,DNAJB2,1
C2,DNAJC1,0.04049486469631441
C2,DNAJC7,0.08749697572250185
C2,DOCK6,1
C2,DPH3,1
C2,DPM2,0.02863078952876305
C2,DPP7,0.4517569547070093
C2,DPP9,0.14114877673986564
C2,DPYSL3,1
C2,DVL1,1
C2,EBAG9,1
C2,ECHDC2,0.06592772494580902
C2,ECM1,0.3195684622548967
C2,EFEMP2,0.09562503539366811
C2,EFHD2,0.8978068451217643
C2,EGFR,1
C2,EIF1AD,1
C2,EIF3B,0.016819925421542713
C2,EIF3F,1
C2,EIF3G,0.1112544660427507
C2,ELN,1
C2,ELOF1,2.6659897454899413e-4
C2,EMC3,1
C2,ENPP1,1
C2,EPHB3,0.08762439493866565
C2,ERAL1,0.1293941747405773
C2,ERBB2,0.007401010405034468
C2,ERI3,3.2764333578803504e-4
C2,ERMP1,1
C2,ESR1,1
C2,ETFB,1.2640105341666334e-4
C2,EVA1B,1
C2,EXD3,0.5000109744746128
C2,EXO1,1
C2,EXOC5,0.21811489615634688
C2,EXOSC1,0.32265009419618396
C2,EXOSC10,1
C2,EXOSC2,1
C2,EZH2,0.7020882142714541
C2,FAAH,0.003698500009934509
C2,FADS2,1.8587803633283672e-4
C2,FAH,1
C2,FAIM2,0.1293130720130989
C2,FAM102A,0.6723526925554817
C2,FAM117A,0.795089429840517
C2,FAM118A,1
C2,FAM160B1,1
C2,FAM173A,0.045042072678418095
C2,FAM193B,0.26911612407689967
C2,FAM213B,1
C2,FAM3A,0.32265009419618396
C2,FAM45A,0.03817780700601555
C2,FAP,0.3292827281404327
C2,FARP1,0.061185717703691196
C2,FARSB,0.11616715010078149
C2,FASN,7.875023593290207e-5
C2,FBF1,1
C2,FBLN2,0.7020882142714541
C2,FCER1G,0.32405732944477394
C2,FDPS,0.007634104602496272
C2,FGFR1,0.0034625115606353495
C2,FGFR4,0.038958361632392385
C2,FKBP10,0.01636665492530059
C2,FKBP8,0.00798677385159869
C2,FLNA,1.4362991818872679e-6
C2,FN1,1.7741461553855123e-4
C2,FNBP4,0.8510615743898385
C2,FOXA1,0.01672599383217604
C2,FOXC1,1
C2,FOXP4,3.95344235596259e-4
C2,FSTL1,0.009248126714340022
C2,FSTL3,0.27300553606973715
C2,FUOM,1
C2,FUS,0.04944318738929675
C2,FZD2,0.48837317286577664
C2,GALK1,0.6599414417774782
C2,GANAB,0.007866154835781973
C2,GAR1,0.9761990506851876
C2,GAS6,1
C2,GATA3,0.002922019517170296
C2,GATC,0.01404878251656129
C2,GBP1,1
C2,GBP2,1
C2,GBP3,1
C2,GBP4,1
C2,GBP5,1
C2,GEMIN4,0.9022588229247839
C2,GLCCI1,0.315472476669167
C2,GLG1,0.21494664990204737
C2,GLTSCR2,1
C2,GMFG,1
C2,GMPPA,1
C2,GNAI2,2.682698641716712e-4
C2,GNAS,0.007677959279855044
C2,GNL2,1
C2,GPR108,1
C2,GPR160,0.29472546777481823
C2,GPRC5A,0.20357839096194452
C2,GPS1,7.160699727522032e-5
C2,GPSM1,1
C2,GPX3,0.49979773524092935
C2,GRB7,0.00928829476268463
C2,GRK3,1
C2,GSK3A,0.0018087149169943057
C2,GSTM3,0.37185611386420986
C2,GYPC,0.9333327951870918
C2,HAGHL,1
C2,HCFC1R1,0.014928536795601015
C2,HCST,1
C2,HDAC5,0.789869304811083
C2,HDAC6,1
C2,HELZ2,0.7699350429779855
C2,HES1,0.18498128972996292
C2,HLA-B,0.002920327078075463
C2,HLA-DMA,1
C2,HLA-DMB,1
C2,HLA-DOA,0.7404813679739879
C2,HLA-DPA1,1
C2,HLA-DPB1,0.49979773524092935
C2,HLA-DRA,0.20145258924307408
C2,HLA-DRB1,0.3385505567343033
C2,HMGB2,0.05765309474242161
C2,HNRNPUL2,0.0034625115606353495
C2,HOOK3,1
C2,HPS6,1
C2,HSD17B1,1
C2,HSPA4,0.05590566614375498
C2,HSPB1,0.0057994225471514485
C2,HSPB11,1
C2,HYI,0.8067965936676446
C2,IDH3G,1
C2,IDUA,1
C2,IER5L,5.080596055999665e-4
C2,IFI27,2.3931621579377605e-7
C2,IFI27L1,1
C2,IFI44L,0.1307982206195806
C2,IGFBP2,0.01777168143489617
C2,IGFBP4,1
C2,IGHA1,0.0025449221746721767
C2,IGHG3,0.022597226139851923
C2,IGHG4,0.936223680254315
C2,IGHM,0.0023054608761705776
C2,IGKC,1.6990694150515956e-4
C2,IGLC2,0.04257671880508335
C2,IGLC3,0.34881363190715997
C2,IGLC7,0.1895492419934627
C2,IKZF3,0.0047076913416487605
C2,IL10RA,1
C2,ILKAP,1
C2,INAFM1,1
C2,INPP4B,1
C2,INPP5D,0.4373329933597599
C2,INPP5J,1
C2,INTS8,0.7201599081845812
C2,ISG15,0.25251624592385397
C2,ISLR,0.936223680254315
C2,ITGA5,1
C2,ITGB4,6.789999337093006e-5
C2,ITGB6,9.456788862527578e-5
C2,ITSN1,1
C2,JAG2,1
C2,JAK1,0.036418300587479344
C2,JAK3,1
C2,JCHAIN,0.3599458340603059
C2,JMJD6,0.0943974082088215
C2,KAT6B,1
C2,KATNA1,1
C2,KCNAB2,1
C2,KCTD10,1
C2,KDM4B,0.029253931797018143
C2,KIAA0895L,1
C2,KIAA1211L,0.358772841933934
C2,KIAA1217,1
C2,KIAA1468,1
C2,KIAA1715,0.923563811888921
C2,KIF13B,0.4517569547070093
C2,KIF2C,0.03723258179888492
C2,KLF9,1
C2,KMT2B,0.01593801025532061
C2,KMT2E,1
C2,KPNB1,0.2211655985895311
C2,KRAS,0.6600222754435136
C2,KRT10,0.5416371992000656
C2,KRT17,1
C2,KRT8,5.2228026659722365e-5
C2,KRT86,5.287097786827026e-4
C2,LAMB2,1
C2,LAMTOR2,0.36581542360366204
C2,LANCL1,1
C2,LARP1B,1
C2,LARP7,1
C2,LCK,1
C2,LCP1,0.029253931797018143
C2,LGALS1,0.49979773524092935
C2,LIMCH1,0.3385505567343033
C2,LIMK1,1
C2,LINC00176,0.053963462613145774
C2,LINGO1,1
C2,LLGL1,1
C2,LMF1,0.5232069979157401
C2,LMNA,1.2640105341666334e-4
C2,LRRC8A,0.5738714169272814
C2,LRWD1,0.8643415348936023
C2,LST1,1
C2,LTB4R,1
C2,LTBP3,0.009248126714340022
C2,LTF,1
C2,LUC7L,1
C2,LUC7L3,1.2371404140905002e-4
C2,LUM,2.6659897454899413e-4
C2,LYL1,1
C2,MAGEF1,0.5382497682473845
C2,MAGI1,1
C2,MAGOHB,0.7079506628763735
C2,MAP1S,1
C2,MAP3K14,1
C2,MAP3K6,1
C2,MAP4K2,1
C2,MAPK9,1
C2,MAPKAPK5,0.569956356472603
C2,MARS,1
C2,MAVS,0.013516747809781
C2,MCTS1,0.27566706932053237
C2,MDM2,0.1855709605812905
C2,MED13L,0.269691277664051
C2,MED25,1
C2,MELK,0.18759196399218722
C2,MEN1,1
C2,METTL12,0.8094938011124636
C2,METTL16,1
C2,MFAP4,0.48837317286577664
C2,MFSD3,0.1310394806122816
C2,MFSD7,1
C2,MGMT,0.26911612407689967
C2,MGP,6.581351082456936e-5
C2,MIA,1
C2,MIB2,0.569956356472603
C2,MICAL1,1
C2,MICALL2,0.48594452732349247
C2,MID1IP1,0.19188619965065362
C2,MIF,0.0017543331600786461
C2,MIIP,0.22911674314720065
C2,MKI67,0.16929265132172405
C2,MKNK1,0.5172733215977707
C2,MLLT4,0.09507121717095354
C2,MLPH,0.15435125650934822
C2,MLST8,0.015276819904923918
C2,MMP11,0.22686872000395425
C2,MMP9,1
C2,MORC2,0.2994084125151288
C2,MPND,1
C2,MPST,0.07918241610431849
C2,MRPL2,1
C2,MRPL21,1
C2,MRPL23,1
C2,MRPL51,0.24843110246016945
C2,MRPL54,0.016819925421542713
C2,MRPS22,0.617042472874993
C2,MS4A6A,1
C2,MST1R,0.24405524772951417
C2,MTG2,1
C2,MTMR12,0.6599414417774782
C2,MUC1,2.9283847533347274e-4
C2,MUCL1,0.03897747551027035
C2,MUS81,0.03817780700601555
C2,MVP,0.026020409178252334
C2,MX2,1
C2,MYBL2,0.05835443741984133
C2,MYC,1
C2,MYH10,0.49979773524092935
C2,MYL12B,0.09962622547329338
C2,MYL6B,0.05765309474242161
C2,MYL9,2.403379268726852e-4
C2,MYO1G,1
C2,MYO9B,0.6039797319774105
C2,MZT2A,0.0042425872252984265
C2,NAA10,0.09680435715311643
C2,NANS,0.019038971143840438
C2,NAT1,0.5259719114730428
C2,NCKAP1L,1
C2,NCKAP5L,1
C2,NDC80,0.8060079037209833
C2,NDRG1,1
C2,NDUFA1,0.01577289064119825
C2,NDUFA12,0.15435125650934822
C2,NDUFB2,0.0017543331600786461
C2,NDUFB3,1
C2,NDUFB9,0.02095467765948797
C2,NDUFC1,0.5968134613672956
C2,NDUFS1,1
C2,NDUFV3,0.06607450547214735
C2,NEBL,1
C2,NEK7,0.3298951938388259
C2,NELFE,0.13242630131021674
C2,NFATC4,0.13981412541106175
C2,NFIC,0.00432756138420802
C2,NINJ1,0.01615337174081252
C2,NIT2,1
C2,NMRAL1,0.04665741650132301
C2,NR1H2,1
C2,NR4A1,1
C2,NRP1,1
C2,NSMCE1,1
C2,NTMT1,1
C2,NUF2,0.8841723153981464
C2,NUP214,1
C2,NUP93,0.7169088072279354
C2,NXN,1
C2,OASL,1
C2,OGFRL1,1
C2,OPTN,1
C2,ORC2,1
C2,ORC6,0.051238871293915834
C2,OSBPL8,0.1521017128594942
C2,P4HA2,1
C2,PAF1,0.9039118903194188
C2,PAFAH1B3,0.017510739306272713
C2,PAQR4,0.3089820760781927
C2,PARN,1
C2,PCCB,0.9716128759345425
C2,PCIF1,0.12811374355522542
C2,PDCD5,1
C2,PDGFRA,1
C2,PDGFRB,1
C2,PER1,1
C2,PEX11G,0.20357839096194452
C2,PEX14,1
C2,PGLS,0.009512528784568455
C2,PGR,1
C2,PHF11,1
C2,PHF13,1
C2,PHF21A,0.5731064854733462
C2,PHGDH,0.013312579044331103
C2,PHKB,1
C2,PIGQ,0.006430738063654672
C2,PIH1D1,0.12392361475820485
C2,PILRA,1
C2,PIM2,1
C2,PITX1,1
C2,PKNOX1,1
C2,PLAC9,1
C2,PLEKHO2,1
C2,PLIN2,1
C2,PLK1,0.5516866703069079
C2,PLK2,2.6065093563954687e-4
C2,PLLP,1
C2,PLP2,0.019772097516998807
C2,PLPPR2,1
C2,PLSCR1,0.17790142498712183
C2,PLTP,1
C2,PLVAP,1
C2,PLXNA1,0.07706040065248532
C2,PLXND1,1
C2,PMP22,0.21351563500269813
C2,PNISR,0.12943679006833725
C2,PNMT,1.0526552328494561e-5
C2,PNP,1
C2,PNPLA6,0.48474567863661056
C2,PODNL1,1
C2,PODXL,0.17339226095060212
C2,POLR2E,0.01672599383217604
C2,POLR2J,0.007401010405034468
C2,POR,0.20145258924307408
C2,POSTN,0.05899626285473911
C2,PPHLN1,1
C2,PPIB,1.4362991818872679e-6
C2,PPIH,0.7957607623336114
C2,PPM1G,0.04309845486404611
C2,PPP1R1A,0.08799054212976995
C2,PPP1R1B,0.03444746086786647
C2,PPP1R37,0.5792349038854838
C2,PRKAB1,0.32265009419618396
C2,PRKCSH,0.002742358259704657
C2,PROSER1,0.6676030597404496
C2,PRPF6,1
C2,PRPSAP1,1
C2,PSCA,1
C2,PSMD4,0.7811716194814293
C2,PSTPIP1,0.548007543605317
C2,PTGDS,1
C2,PTOV1,0.008369357883824726
C2,PTP4A3,1
C2,PTPRC,0.6027058249193068
C2,PTPRJ,0.380859077438847
C2,PTRF,0.8817937512424382
C2,PTRH1,1
C2,PTTG1,1
C2,PUS3,1
C2,PWP1,0.5016305275428345
C2,PWWP2B,0.036418300587479344
C2,PXDN,0.002920327078075463
C2,PYURF,0.16865596850916076
C2,QSOX1,0.4048537168205669
C2,R3HDM2,1
C2,RAB11FIP1,1
C2,RAB3A,1
C2,RAB3GAP1,0.6797705870369278
C2,RAB3IL1,1
C2,RABGAP1L,0.22900602293806752
C2,RALBP1,0.7946987312744809
C2,RALGAPA2,1
C2,RAMP2,1
C2,RAP1B,1
C2,RARS2,0.8023652108456957
C2,RASA2,0.7502434642513509
C2,RASGRP2,1
C2,RASSF3,1
C2,RBL1,1
C2,RBM42,0.07702360778519755
C2,RECQL4,1
C2,RECQL5,1
C2,REEP6,0.7946987312744809
C2,RGS1,1
C2,RHOB,0.09366233142416899
C2,RIOK1,1
C2,RMND1,1
C2,RNASET2,0.015276819904923918
C2,RND3,1
C2,RNF135,0.4517569547070093
C2,RNF170,1
C2,RRAS,1
C2,RRM2,0.0025449221746721767
C2,RSL1D1,0.859019816385588
C2,RSRP1,1
C2,RUVBL1,1
C2,S100A14,0.00798677385159869
C2,S100A9,1
C2,SAMM50,0.01991171778027285
C2,SASH1,1
C2,SAT1,3.32246703638984e-4
C2,SCAF1,0.6676030597404496
C2,SCD,0.007866154835781973
C2,SCNN1D,1
C2,SCX,1
C2,SDHB,0.6370608427884502
C2,SEC14L2,1
C2,SEC23A,1
C2,SEMA3B,1
C2,SEMA4B,0.8140197030623083
C2,SF3B4,0.14114877673986564
C2,SFRP1,1
C2,SFSWAP,1
C2,SGTA,0.006047215626137235
C2,SH3BP5L,0.15293869352222522
C2,SIGLEC1,1
C2,SIGMAR1,0.34881363190715997
C2,SLC16A2,1
C2,SLC16A3,0.11252127804619572
C2,SLC22A18,1
C2,SLC25A24,0.018328106083351666
C2,SLC2A1,1
C2,SLC2A8,0.40005422939570706
C2,SLC35A2,0.029253931797018143
C2,SLC39A6,0.013575485855233027
C2,SLC43A1,1
C2,SLC4A5,1
C2,SLC8B1,1
C2,SLC9A3R2,0.015186588838900004
C2,SLC9A8,0.34881363190715997
C2,SLFN13,1
C2,SLPI,1
C2,SMCHD1,0.44169566681662575
C2,SMG9,0.12702214680759621
C2,SMYD2,0.38542549803629733
C2,SNAPC3,1
C2,SNF8,0.006006549345078154
C2,SNRPD3,0.17829963298842122
C2,SNTA1,0.6241132448437671
C2,SNX33,1
C2,SNX8,1
C2,SOD3,1
C2,SOS2,1
C2,SOX4,1.610147749666774e-6
C2,SP6,0.8240394969544665
C2,SPAG9,0.12811374355522542
C2,SPARC,0.09366233142416899
C2,SPIN1,0.022379299438384882
C2,SPSB1,1
C2,SRGN,0.8986733269645238
C2,SRPX2,1
C2,SRR,0.07123641974639092
C2,SRRT,0.21811489615634688
C2,SRSF1,0.0982857846694852
C2,SRSF5,0.01672599383217604
C2,SSSCA1,1
C2,STAMBP,1
C2,STAT5A,1
C2,STK17A,1
C2,STK4,1
C2,STMN1,5.287097786827026e-4
C2,STRN3,1
C2,STT3A,1
C2,SUGP1,1
C2,SURF1,0.8140197030623083
C2,SVIL,0.6713504867431712
C2,SYDE1,1
C2,SYK,1
C2,TACC3,0.10698462698992979
C2,TANC2,1
C2,TARBP1,0.029253931797018143
C2,TAX1BP1,1
C2,TAX1BP3,1
C2,TBC1D10A,1
C2,TBC1D23,1
C2,TBCA,0.7946887788485892
C2,TBXAS1,1
C2,TCEA2,1
C2,TCEA3,1
C2,TCF25,0.013676873885513889
C2,TDRD3,1
C2,TESK1,0.06949934652461807
C2,TESMIN,1
C2,TEX10,0.984343128903772
C2,TEX2,0.09795064744921596
C2,TFF3,0.016977964534765983
C2,TGFBR2,1
C2,THBS1,0.12162860757491661
C2,THOC5,1
C2,THOC6,1
C2,TIGD5,1
C2,TIMP1,5.2228026659722365e-5
C2,TJP3,1
C2,TM7SF2,1.5784549142045482e-5
C2,TMBIM6,0.021123962319341084
C2,TMEM101,1
C2,TMEM123,0.0018990375651847858
C2,TMEM14B,0.21920347958287498
C2,TMEM160,0.03229358671529819
C2,TMEM184A,0.008034454907299517
C2,TMEM259,0.004981263776466764
C2,TMEM45B,1
C2,TMEM86A,1
C2,TMX1,0.44512510145460793
C2,TNC,0.011689039458643845
C2,TNFRSF14,1
C2,TNFRSF21,1
C2,TNFRSF4,1
C2,TNNT1,0.3195684622548967
C2,TOM1L2,0.8888948488840693
C2,TP53I3,0.6676030597404496
C2,TPM2,0.01672599383217604
C2,TRAC,1
C2,TRAF5,1
C2,TRAP1,0.1310394806122816
C2,TRAPPC4,1
C2,TRIM14,0.08080028346868727
C2,TRIM22,1
C2,TRIM25,1
C2,TRIM47,1
C2,TSPAN33,1
C2,TSR2,0.6362193996136897
C2,TTC31,1
C2,TTI1,0.9206718405457034
C2,TXN2,0.025082650954008204
C2,TXNDC17,0.09195981335205933
C2,TXNRD2,0.02205077434080326
C2,TYMS,0.13186969085518999
C2,TYROBP,0.24780675620023573
C2,UBA52,2.3931621579377605e-7
C2,UBA6,0.04045046479182801
C2,UBAP2L,0.015276819904923918
C2,UBE2C,0.036418300587479344
C2,UBE2T,0.09962622547329338
C2,UBE2W,0.19449344109169847
C2,UBL7,0.34051170460424723
C2,UBR2,1
C2,UBXN1,0.08508748272597175
C2,UCK1,0.01615337174081252
C2,UFD1L,0.38789025780208763
C2,UQCRC1,0.01777168143489617
C2,UXS1,1
C2,UXT,0.1221596569542713
C2,VARS,0.07693921598109675
C2,VAV1,1
C2,VCAM1,1
C2,VEGFB,0.32265009419618396
C2,VIM,0.10653908870867983
C2,VPS13D,0.21494664990204737
C2,VPS45,0.32405732944477394
C2,VWF,0.24843110246016945
C2,WDFY3,0.6051624926230619
C2,WDR13,0.2870979625156209
C2,WDR34,0.006745973569398362
C2,WDR46,0.4048537168205669
C2,WDR73,0.07693921598109675
C2,WDR74,0.918015996852965
C2,WIPF1,1
C2,XAB2,1
C2,XIAP,0.9489206264098482
C2,XPO6,0.1565646457606659
C2,YIPF4,0.7811716194814293
C2,YTHDC1,1
C2,ZDHHC12,0.0017543331600786461
C2,ZFAND3,1
C2,ZFP36,1
C2,ZFPL1,0.2703501558031165
C2,ZFR,0.07721859443967062
C2,ZG16B,1
C2,ZMAT5,0.6264527316536899
C2,ZMYND19,5.287097786827026e-4
C2,ZMYND8,0.12253096616910665
C2,ZNF217,0.25251624592385397
C2,ZNF337,0.34881363190715997
C2,ZNF33B,1
C2,ZNF362,1
C2,ZNF524,1
C2,ZNF592,1
C2,ZNF644,1
C2,ZNF668,0.34881363190715997
C2,ZNF771,0.38542549803629733
C2,ZNF787,0.022597226139851923
C2,ZNF791,0.3223093686972147
C2,ZNF83,1
C2,ZNF91,0.40349941727851907
C2,ZNRF1,0.03706901428475764
C2,ZSWIM8,0.08356026400435267
C3,A2M,0.8338380680914838
C3,AAMDC,1
C3,ABCA3,1
C3,ABCA7,1
C3,ABCF3,0.33733559707634486
C3,ABHD14A,1
C3,ABHD4,0.07074469003041672
C3,ACAA1,0.14066231955480304
C3,ACER3,1
C3,ACTR3B,0.6148625461280861
C3,ADAM15,0.05226027666805232
C3,ADCY3,1
C3,ADI1,2.126139833351404e-7
C3,AEBP1,7.739154740925904e-4
C3,AES,6.67712796671779e-10
C3,AGAP2,1
C3,AGO2,0.04039685372973404
C3,AGPAT2,1.9535657732927352e-8
C3,AGR2,2.3853873531599654e-6
C3,AHCY,6.54146953614179e-5
C3,AKAP9,0.3507012465328076
C3,AKR1A1,1.360665892450006e-6
C3,AKT1S1,3.5013511427408045e-6
C3,ALDH16A1,0.004489970386461421
C3,ALG3,1
C3,ANGPTL4,0.07291023517363442
C3,ANKLE2,0.07635796468230506
C3,ANKRD12,0.009354891907169883
C3,ANKRD28,1
C3,ANLN,0.14323566937478857
C3,ANO10,0.052440100821080506
C3,AP5B1,0.2983112685432529
C3,AP5Z1,0.3078763648703403
C3,APBA2,0.009426487284070584
C3,APBB2,0.8495628306259378
C3,APOBEC3G,1
C3,APOC1,0.04482349609231645
C3,AQP1,1
C3,ARF5,1
C3,ARF6,0.00467413724651434
C3,ARFGEF2,0.3577864803623483
C3,ARHGAP10,1
C3,ARHGAP4,1
C3,ARHGAP45,1
C3,ARHGAP5,0.669017198923882
C3,ARHGEF10L,1
C3,ARHGEF3,1
C3,ARHGEF40,0.04622728155605528
C3,ARID1B,0.010063885724189498
C3,ARID3A,0.3529343507213577
C3,ARID4A,0.6533981393450998
C3,ARID5A,0.09758143922702506
C3,ARID5B,0.11749920217737274
C3,ARNT,1
C3,ASCL2,0.008149533383965455
C3,ASH2L,1
C3,ASL,0.11724487310352273
C3,ASMTL,1
C3,ASNA1,0.01962312691191437
C3,ASNS,1
C3,ATAD1,1
C3,ATF6B,1
C3,ATG12,0.18488865551319542
C3,ATG16L2,1
C3,ATL2,0.3824377314299618
C3,ATP5H,0.003591970274109276
C3,ATP5O,2.3332156086356608e-4
C3,ATP6AP1,4.4031990930035704e-7
C3,ATP6V0D1,0.6154218025194055
C3,AURKAIP1,0.06211825674260753
C3,AVEN,0.018624510588748065
C3,BABAM1,0.003747919978417065
C3,BAD,4.157428808162471e-8
C3,BAG1,0.01975560975742812
C3,BAIAP3,0.8077574805724068
C3,BCAM,9.609890676829818e-4
C3,BCL2,0.5582773221673414
C3,BCL2L12,1
C3,BGN,0.01264200483376301
C3,BICDL1,1
C3,BIN3,0.7724171962733531
C3,BIRC2,1
C3,BIRC5,8.886956552618462e-5
C3,BLVRA,0.003811755412799477
C3,BOK,1
C3,BOLA3,1
C3,BRD9,0.0016820951950392402
C3,BRF1,0.009208209195025534
C3,BRF2,0.09716640176193168
C3,BRK1,9.802845466503627e-5
C3,BRPF1,0.8967833807572366
C3,BSG,2.01325525057097e-10
C3,BST2,0.016892979192033336
C3,BTG1,0.0016511168169186408
C3,C10orf10,1
C3,C10orf54,0.09588252532328977
C3,C12orf45,1
C3,C15orf61,1
C3,C19orf24,6.598157805916863e-8
C3,C19orf52,1
C3,C19orf60,1
C3,C1QB,0.018624510588748065
C3,C1R,0.3726732384048605
C3,C1S,1
C3,C1orf216,1
C3,C2,1
C3,C2CD2L,1
C3,C3,0.004974952620844135
C3,C4orf48,8.364502277357561e-8
C3,C5orf38,0.028966352557565207
C3,C6orf136,1
C3,C6orf48,0.012141901602881974
C3,CADM4,4.29606358282105e-6
C3,CALML5,1
C3,CAMTA2,0.01268188744648386
C3,CAPG,0.07643218584078118
C3,CARS2,0.4181933342519644
C3,CBLC,0.06889802667236972
C3,CCDC106,0.04298238973256805
C3,CCDC167,1
C3,CCDC57,0.0037657013858765523
C3,CCDC80,1
C3,CCDC88B,0.42581750871840246
C3,CCL19,1
C3,CCL2,1
C3,CCL21,0.23587833999386093
C3,CCM2,0.008453278698406733
C3,CCNB1,0.012141901602881974
C3,CCNB1IP1,0.03776734556549424
C3,CCNE1,1
C3,CCNE2,0.002679630571006464
C3,CCS,0.9584538002124627
C3,CCT4,2.897269632848758e-6
C3,CD14,0.1900124455298621
C3,CD320,0.0024312582283340166
C3,CD3D,1
C3,CD4,1
C3,CD52,1
C3,CD68,0.04195873313469222
C3,CD74,0.04441673735950679
C3,CD79A,1
C3,CDC20,1.7328706979113467e-4
C3,CDC6,0.020451706842658728
C3,CDH11,1
C3,CDH3,0.34816343622696083
C3,CDK5RAP1,0.9979010668399527
C3,CENPF,0.016045872592247185
C3,CEP250,0.044155833035985186
C3,CEP55,0.18169666897306597
C3,CERCAM,0.44385225837197545
C3,CERS5,0.5582773221673414
C3,CES2,0.21906459329874123
C3,CFAP36,1
C3,CFDP1,1
C3,CGGBP1,0.02055965090751212
C3,CHCHD6,0.1958704228821795
C3,CHD1,0.9196963115469486
C3,CHD6,1
C3,CHFR,0.00863221071226067
C3,CHST11,1
C3,CIR1,0.6955556773076863
C3,CLASRP,0.036923599292362524
C3,CLDN3,2.040799190300613e-7
C3,CLDN4,2.8073436095729562e-8
C3,CLU,1
C3,CNN2,4.030374047102808e-6
C3,COL14A1,1
C3,COL3A1,0.0036040941118957674
C3,COL4A1,1
C3,COL6A2,0.01471866105195755
C3,COL8A2,1
C3,COMMD1,0.6653663445492359
C3,COMP,1.3988236163356739e-5
C3,COPS7A,0.017668190982545767
C3,COQ4,0.22599648120259133
C3,CORO1A,0.025765588586410246
C3,CORO1B,2.625017047494543e-7
C3,CORO2A,0.035645965883799834
C3,CORO7,0.009904640279725903
C3,COX5A,0.0020744283802107987
C3,CPNE1,7.08489847558005e-4
C3,CPSF1,1
C3,CPVL,1.0289737452749163e-5
C3,CRABP2,0.12701065494203453
C3,CRACR2B,0.020451706842658728
C3,CRELD2,0.0358764699841025
C3,CROCC,0.5198441256792836
C3,CSF1,1
C3,CSF1R,1
C3,CTDSPL,0.2124532673363069
C3,CTIF,1
C3,CTSK,1
C3,CTU2,1
C3,CUTC,0.18169666897306597
C3,CUX1,0.002040953162393958
C3,CX3CL1,4.703800011690316e-6
C3,CXCL10,1
C3,CXXC5,0.3765948708867605
C3,CYP27A1,0.4181933342519644
C3,DAPK3,3.745035421748622e-6
C3,DCAF6,0.014116851058089042
C3,DCXR,0.003747919978417065
C3,DDAH1,0.02689179747507347
C3,DDB2,0.3559575484519314
C3,DDIT3,0.4085841069573247
C3,DDRGK1,0.0029959558938234517
C3,DDT,0.002679630571006464
C3,DEAF1,7.356989914252548e-5
C3,DENND1A,7.547266296961057e-4
C3,DERL3,0.3072031886263484
C3,DESI1,0.9518944044502169
C3,DHX16,0.4397656637259857
C3,DLG1,1
C3,DMAP1,0.03401847395682948
C3,DNAJB2,0.0024010555207741716
C3,DNAJC1,0.043111086135310873
C3,DNAJC7,0.14472757759858007
C3,DOCK6,0.34974981187327164
C3,DPH3,0.24740550231713482
C3,DPM2,7.934690619398191e-5
C3,DPP7,0.18160242516502673
C3,DPP9,0.01975560975742812
C3,DPYSL3,1
C3,DVL1,0.3765948708867605
C3,EBAG9,0.0013654805064373056
C3,ECHDC2,0.0031953882864163433
C3,ECM1,0.1811995987423052
C3,EFEMP2,0.0012327074881164886
C3,EFHD2,0.0781577886234061
C3,EGFR,1
C3,EIF1AD,0.1409131265716868
C3,EIF3B,7.754815807402978e-7
C3,EIF3F,0.0884140193345065
C3,EIF3G,0.003747919978417065
C3,ELN,1
C3,ELOF1,0.003258324218470742
C3,EMC3,0.06854954918519827
C3,ENPP1,1
C3,EPHB3,3.1875364212912047e-6
C3,ERAL1,0.04234717535705956
C3,ERBB2,4.606712454007493e-9
C3,ERI3,9.082604458627466e-8
C3,ERMP1,0.016892979192033336
C3,ESR1,1
C3,ETFB,4.0615989297192794e-5
C3,EVA1B,0.07074469003041672
C3,EXD3,1
C3,EXO1,0.8630104774437178
C3,EXOC5,0.7571567800404515
C3,EXOSC1,0.02145258940348541
C3,EXOSC10,0.0953850644499985
C3,EXOSC2,0.018327066422164345
C3,EZH2,0.5582773221673414
C3,FAAH,0.01676977568897098
C3,FADS2,4.606712454007493e-9
C3,FAH,1
C3,FAIM2,0.8396658410142886
C3,FAM102A,0.28177138567541143
C3,FAM117A,0.02768139630778308
C3,FAM118A,1
C3,FAM160B1,0.02158547901156091
C3,FAM173A,0.10108651397252229
C3,FAM193B,0.0034836033888612896
C3,FAM213B,1
C3,FAM3A,1
C3,FAM45A,1
C3,FAP,1
C3,FARP1,2.040799190300613e-7
C3,FARSB,1
C3,FASN,6.416787421752834e-10
C3,FBF1,1
C3,FBLN2,1
C3,FCER1G,0.533464205539835
C3,FDPS,4.606712454007493e-9
C3,FGFR1,3.891426400058155e-6
C3,FGFR4,7.088193529909919e-6
C3,FKBP10,7.875300756511474e-5
C3,FKBP8,0.008583027324938519
C3,FLNA,4.478396939293548e-10
C3,FN1,0.002040953162393958
C3,FNBP4,0.10268158824810115
C3,FOXA1,9.428639854478733e-6
C3,FOXC1,1
C3,FOXP4,9.149481161169767e-9
C3,FSTL1,0.018624510588748065
C3,FSTL3,1
C3,FUOM,1
C3,FUS,6.231080723542752e-7
C3,FZD2,0.00895742385498072
C3,GALK1,1
C3,GANAB,8.064830164354487e-7
C3,GAR1,9.668571079049669e-4
C3,GAS6,1
C3,GATA3,2.7024076381055407e-4
C3,GATC,2.634031442495082e-6
C3,GBP1,0.8040566444423962
C3,GBP2,1
C3,GBP3,1
C3,GBP4,1
C3,GBP5,1
C3,GEMIN4,0.009354891907169883
C3,GLCCI1,0.2646581548911029
C3,GLG1,2.4421981698266154e-4
C3,GLTSCR2,0.02400000645262523
C3,GMFG,1
C3,GMPPA,1
C3,GNAI2,5.123127983869909e-6
C3,GNAS,3.0457011039944306e-8
C3,GNL2,0.016352528367567988
C3,GPR108,0.008389187829756893
C3,GPR160,0.016971436334111224
C3,GPRC5A,0.017997865853878192
C3,GPS1,0.003646449892933183
C3,GPSM1,0.03657382845741914
C3,GPX3,1
C3,GRB7,4.530758437242653e-7
C3,GRK3,1
C3,GSK3A,2.0594382407558447e-6
C3,GSTM3,0.02620731754173912
C3,GYPC,1
C3,HAGHL,1
C3,HCFC1R1,0.02145258940348541
C3,HCST,1
C3,HDAC5,1
C3,HDAC6,1
C3,HELZ2,0.016045872592247185
C3,HES1,8.143121235796785e-5
C3,HLA-B,6.224577026595354e-5
C3,HLA-DMA,1
C3,HLA-DMB,1
C3,HLA-DOA,1
C3,HLA-DPA1,0.008149533383965455
C3,HLA-DPB1,0.8338380680914838
C3,HLA-DRA,0.15879933534876198
C3,HLA-DRB1,1
C3,HMGB2,0.0013178089968391494
C3,HNRNPUL2,4.4031990930035704e-7
C3,HOOK3,1
C3,HPS6,0.11753191089573606
C3,HSD17B1,1
C3,HSPA4,1.5640416233501063e-6
C3,HSPB1,0.004834905956226103
C3,HSPB11,1
C3,HYI,7.088889188066067e-4
C3,IDH3G,1
C3,IDUA,1
C3,IER5L,2.052662831211483e-9
C3,IFI27,4.478396939293548e-10
C3,IFI27L1,1
C3,IFI44L,0.01039930741951889
C3,IGFBP2,1.6143631762010024e-8
C3,IGFBP4,1
C3,IGHA1,0.16386414644452066
C3,IGHG3,0.2399824192075483
C3,IGHG4,1
C3,IGHM,1
C3,IGKC,2.556026505524107e-7
C3,IGLC2,0.04060177664347196
C3,IGLC3,0.18084351964875856
C3,IGLC7,1
C3,IKZF3,3.6881727175017926e-6
C3,IL10RA,1
C3,ILKAP,1
C3,INAFM1,1
C3,INPP4B,0.407651965095486
C3,INPP5D,1
C3,INPP5J,0.06078229785076906
C3,INTS8,0.005631494950226845
C3,ISG15,0.3424203529175884
C3,ISLR,1
C3,ITGA5,0.9518944044502169
C3,ITGB4,5.3287348902347145e-5
C3,ITGB6,7.653696325336075e-6
C3,ITSN1,1
C3,JAG2,1
C3,JAK1,0.0025909892226676757
C3,JAK3,0.6564100831375432
C3,JCHAIN,0.1680058959404649
C3,JMJD6,1
C3,KAT6B,1
C3,KATNA1,0.6751237033888978
C3,KCNAB2,1
C3,KCTD10,0.6335101084316028
C3,KDM4B,0.0024010555207741716
C3,KIAA0895L,0.03303083258606936
C3,KIAA1211L,1
C3,KIAA1217,1
C3,KIAA1468,0.3460650551495419
C3,KIAA1715,1
C3,KIF13B,4.29606358282105e-6
C3,KIF2C,0.008307346105077535
C3,KLF9,1
C3,KMT2B,0.4167423020007631
C3,KMT2E,1
C3,KPNB1,0.0012773706403510546
C3,KRAS,1
C3,KRT10,0.3500593647051433
C3,KRT17,1
C3,KRT5,1
C3,KRT8,1.079131792600855e-11
C3,KRT86,6.227603886501434e-6
C3,LAMB2,1
C3,LAMTOR2,0.0031953882864163433
C3,LANCL1,0.5919565595860554
C3,LARP1B,1
C3,LARP7,0.006966064057327164
C3,LCK,1
C3,LCP1,1.0541183800795045e-4
C3,LGALS1,0.01975560975742812
C3,LIMCH1,0.18753628364768596
C3,LIMK1,0.0010602925866251916
C3,LINC00176,0.2265694830098302
C3,LINGO1,0.67014275273431545
C3,LLGL1,0.669017198923882
C3,LMF1,1
C3,LMNA,4.606712454007493e-9
C3,LRRC8A,0.08068013223720556
C3,LRWD1,0.41268971168982554
C3,LST1,0.32901988213395866
C3,LTB4R,0.02751627356812097
C3,LTBP3,0.0036691281376108587
C3,LTF,1
C3,LUC7L,0.016045872592247185
C3,LUC7L3,0.0029991304043194135
C3,LUM,0.5233223670230069
C3,LYL1,1
C3,MAGEF1,0.0016719910962547982
C3,MAGI1,1
C3,MAGOHB,0.17980046258092433
C3,MAP1S,1
C3,MAP3K14,1
C3,MAP3K6,1
C3,MAP4K2,0.35444619501050684
C3,MAPK9,0.21530176272137513
C3,MAPKAPK5,0.12716062193305222
C3,MAPT,1
C3,MARS,0.04956036707644258
C3,MAVS,0.0021028553285726546
C3,MCTS1,0.01627492510975399
C3,MDM2,0.003258324218470742
C3,MED13L,1
C3,MED25,1.0355354995866802e-6
C3,MELK,1
C3,MEN1,1
C3,METTL12,1
C3,METTL16,1
C3,MFAP4,1
C3,MFSD3,1
C3,MFSD7,0.6266285779844848
C3,MGMT,0.3026635677795316
C3,MGP,1.2889586119339032e-7
C3,MIA,1
C3,MIB2,1
C3,MICAL1,0.9437459581748108
C3,MICALL2,1
C3,MID1IP1,0.13208059231732736
C3,MIF,0.023657276642232265
C3,MIIP,0.02865399601215851
C3,MKI67,0.025673015791197223
C3,MKNK1,0.03303083258606936
C3,MLLT4,0.002679630571006464
C3,MLPH,0.06523829046300084
C3,MLST8,0.0033573066844777336
C3,MMP11,0.0029116918298889233
C3,MMP9,0.9309685316739404
C3,MORC2,0.003646449892933183
C3,MPND,0.19768339642192542
C3,MPST,1.5867242616326544e-5
C3,MRPL2,1
C3,MRPL21,1
C3,MRPL23,0.15619148089842103
C3,MRPL51,1.797902635404133e-5
C3,MRPL54,6.031925868186548e-5
C3,MRPS22,0.03253921355788182
C3,MS4A6A,0.7257207553843303
C3,MST1R,0.05302031846149835
C3,MTG2,1
C3,MTMR12,0.38637279292311605
C3,MUC1,1.7598630403753303e-6
C3,MUCL1,0.0031953882864163433
C3,MUS81,0.0024565152712002383
C3,MVP,0.016394936672849154
C3,MX2,1
C3,MYBL2,0.06691280912390904
C3,MYC,1
C3,MYH10,0.7257207553843303
C3,MYL12B,0.0016518979459661676
C3,MYL6B,0.2971809162917921
C3,MYL9,8.886956552618462e-5
C3,MYO1G,1
C3,MYO9B,0.470119556372939
C3,MZT2A,3.543531192811808e-7
C3,NAA10,2.669143037660534e-6
C3,NANS,0.004834905956226103
C3,NAT1,0.033398721196745855
C3,NCKAP1L,1
C3,NCKAP5L,0.5035711882939813
C3,NDC80,0.15662938418154312
C3,NDRG1,1
C3,NDUFA1,4.694850959786106e-5
C3,NDUFA12,0.003747919978417065
C3,NDUFB2,1.3301977887822267e-5
C3,NDUFB3,0.17552529592563723
C3,NDUFB9,1.3385591773440671e-6
C3,NDUFC1,0.08055323105112153
C3,NDUFS1,0.009712877830862986
C3,NDUFV3,0.2446745432369925
C3,NEBL,0.3036916885690901
C3,NEK7,0.3953177527246949
C3,NELFE,0.010590369014206898
C3,NFATC4,0.04455732703828405
C3,NFIC,1.1662125262137202e-5
C3,NINJ1,0.019573381218808267
C3,NIT2,1
C3,NMRAL1,3.6881727175017926e-6
C3,NR1H2,1
C3,NR4A1,1
C3,NRP1,1
C3,NSMCE1,1.6183960658017055e-4
C3,NTMT1,1
C3,NUF2,0.8530984959546901
C3,NUP214,0.031017205828729542
C3,NUP93,1
C3,NXN,1
C3,OASL,1
C3,OGFRL1,1
C3,OPTN,0.881636774027277
C3,ORC2,1
C3,ORC6,0.013594150449060979
C3,OSBPL8,1
C3,P4HA2,1
C3,PAF1,0.03820401668387312
C3,PAFAH1B3,0.020451706842658728
C3,PAQR4,2.134645186493162e-5
C3,PARN,1
C3,PCCB,0.010733897013817714
C3,PCIF1,0.4971991792172816
C3,PDCD5,0.008389187829756893
C3,PDGFRA,1
C3,PDGFRB,1
C3,PER1,1
C3,PEX11G,1
C3,PEX14,1
C3,PGLS,0.08994704549723295
C3,PGR,1
C3,PHF11,1
C3,PHF13,1
C3,PHF21A,0.99237639080411
C3,PHGDH,0.012141901602881974
C3,PHKB,0.03983211508381717
C3,PIGQ,6.262518787426837e-6
C3,PIH1D1,0.9960670945710046
C3,PILRA,0.27854092781244777
C3,PIM2,1
C3,PITX1,0.8232472016663417
C3,PKNOX1,1
C3,PLAC9,1
C3,PLEKHO2,1
C3,PLIN2,0.9748314355947805
C3,PLK1,0.02208081174454879
C3,PLK2,0.0021028553285726546
C3,PLLP,0.030547536799993193
C3,PLP2,2.171139337718627e-6
C3,PLPPR2,0.1529030802257524
C3,PLSCR1,1
C3,PLTP,0.09975653646702219
C3,PLVAP,1
C3,PLXNA1,7.354179149181972e-4
C3,PLXND1,1
C3,PMP22,1
C3,PNISR,0.024579338129032645
C3,PNMT,1.8126758439798508e-8
C3,PNP,0.005599131396336098
C3,PNPLA6,0.5885719805830718
C3,PODNL1,1
C3,PODXL,0.005311315427924185
C3,POLR2E,0.0012613195670835922
C3,POLR2J,6.793959002913657e-6
C3,POR,0.0036040941118957674
C3,POSTN,0.0037045380501009614
C3,PPHLN1,0.07313244737366474
C3,PPIB,0.0012612701670587775
C3,PPIH,0.02547745829948815
C3,PPM1G,0.009052945233733357
C3,PPP1R1A,0.023657276642232265
C3,PPP1R1B,4.4031990930035704e-7
C3,PPP1R37,0.002030662070231264
C3,PRKAB1,0.019397188282229673
C3,PRKCSH,4.2775865690809906e-5
C3,PROSER1,0.2729270173324901
C3,PRPF6,0.8148664476537393
C3,PRPSAP1,0.7029632642718093
C3,PSCA,0.4843542752866598
C3,PSMD4,1.3584835701660044e-4
C3,PSTPIP1,1
C3,PTGDS,1
C3,PTOV1,1.1025161931423038e-8
C3,PTP4A3,1
C3,PTPRC,0.9500539241923147
C3,PTPRJ,0.0016763657642809983
C3,PTRF,1
C3,PTRH1,1
C3,PTTG1,0.5582773221673414
C3,PUS3,0.03253921355788182
C3,PWP1,0.1974581246356618
C3,PWWP2B,0.0025909892226676757
C3,PXDN,0.0046973511255513
C3,PYURF,0.10944468087065008
C3,QSOX1,6.036608122160111e-6
C3,R3HDM2,1
C3,RAB11FIP1,1
C3,RAB3A,1
C3,RAB3GAP1,0.007944222971981892
C3,RAB3IL1,1
C3,RABGAP1L,0.008530121747589377
C3,RALBP1,1
C3,RALGAPA2,0.09679527845307374
C3,RAMP2,1
C3,RAP1B,1
C3,RARS2,1
C3,RASA2,0.9271938296399674
C3,RASGRP2,1
C3,RASSF3,0.018594329385713933
C3,RBL1,0.994189477849289
C3,RBM42,0.02437646780339393
C3,RECQL4,0.8495628306259378
C3,RECQL5,1
C3,REEP6,1
C3,RGS1,1
C3,RHOB,0.008802246420203027
C3,RIOK1,1
C3,RMND1,1
C3,RNASET2,4.7303541084927254e-6
C3,RND3,0.9500539241923147
C3,RNF135,0.6104369095017856
C3,RNF170,1
C3,RRAS,1
C3,RRM2,0.00863221071226067
C3,RSL1D1,0.002679630571006464
C3,RSRP1,1
C3,RUVBL1,0.4485890443530017
C3,S100A14,4.485315429284783e-5
C3,S100A9,0.3072031886263484
C3,SAMM50,0.9160913957993005
C3,SASH1,0.009925714695533517
C3,SAT1,7.754815807402978e-7
C3,SCAF1,1.6385456496839418e-4
C3,SCD,9.84788196034673e-8
C3,SCNN1D,1
C3,SCX,0.4800422543330437
C3,SDHB,1
C3,SEC14L2,0.6364438890242319
C3,SEC23A,1
C3,SEMA3B,1
C3,SEMA4B,0.03454329095853671
C3,SF3B4,0.014828331684635133
C3,SFRP1,1
C3,SFSWAP,0.03371987380802607
C3,SGTA,3.70586383216012e-8
C3,SH3BP5L,0.005809889542424551
C3,SIGLEC1,1
C3,SIGMAR1,0.7861079777918704
C3,SLC16A2,1
C3,SLC16A3,1
C3,SLC22A18,1
C3,SLC25A24,0.7571567800404515
C3,SLC2A1,0.006859867330072786
C3,SLC2A8,0.10467608914477987
C3,SLC35A2,0.033288983692281594
C3,SLC39A6,0.0024010555207741716
C3,SLC43A1,1
C3,SLC4A5,0.028966352557565207
C3,SLC8B1,0.07669962260567066
C3,SLC9A3R2,0.010967549355330432
C3,SLC9A8,1
C3,SLFN13,1
C3,SLPI,1
C3,SMCHD1,0.0781577886234061
C3,SMG9,0.004469071607505528
C3,SMYD2,0.4224946738190504
C3,SNAPC3,1
C3,SNF8,0.020451706842658728
C3,SNRPD3,0.03960600252591539
C3,SNTA1,1
C3,SNX33,1
C3,SNX8,0.07581395444252625
C3,SOD3,1
C3,SOS2,0.6604241394243064
C3,SOX4,2.625017047494543e-7
C3,SP6,0.8338380680914838
C3,SPAG9,0.3078763648703403
C3,SPARC,0.04455732703828405
C3,SPIN1,0.176667523931866
C3,SPSB1,1
C3,SRGN,0.34816343622696083
C3,SRPX2,1
C3,SRR,1
C3,SRRT,0.008389364424551921
C3,SRSF1,9.839468103146484e-6
C3,SRSF5,0.0032579330135374357
C3,SSSCA1,0.040506137636541525
C3,STAMBP,1
C3,STAT5A,1
C3,STK17A,7.880716905063494e-4
C3,STK4,1
C3,STMN1,2.4937761510804104e-8
C3,STRN3,0.3637354958289483
C3,STT3A,0.044112498948317556
C3,SUGP1,1
C3,SURF1,1
C3,SVIL,0.008422570936061798
C3,SYDE1,1
C3,SYK,1
C3,TACC3,0.6751237033888978
C3,TANC2,0.7931280655314155
C3,TARBP1,0.002679630571006464
C3,TAX1BP1,0.1648295789181891
C3,TAX1BP3,0.016045872592247185
C3,TBC1D10A,0.008845201892178611
C3,TBC1D23,1
C3,TBCA,0.011809961470094877
C3,TBXAS1,1
C3,TCEA2,0.8040566444423962
C3,TCEA3,0.08419461301818473
C3,TCF25,1.797902635404133e-5
C3,TDRD3,1
C3,TESK1,0.0017906045270911215
C3,TESMIN,0.6884056384155165
C3,TEX10,1
C3,TEX2,0.6499051566383435
C3,TFF3,0.008802246420203027
C3,TGFBR2,1
C3,THBS1,0.06544164357572858
C3,THOC5,1
C3,THOC6,1
C3,TIGD5,0.736221739901671
C3,TIMP1,1.4349289768770851e-6
C3,TJP3,1
C3,TM7SF2,9.84788196034673e-8
C3,TMBIM6,4.4031990930035704e-7
C3,TMEM101,1
C3,TMEM123,7.547266296961057e-4
C3,TMEM14B,0.022635260783373704
C3,TMEM160,8.316697363442908e-6
C3,TMEM184A,2.7024076381055407e-4
C3,TMEM259,1.2197537937233574e-6
C3,TMEM45B,0.003747919978417065
C3,TMEM86A,0.05503191488949705
C3,TMX1,0.0715107431984066
C3,TNC,5.133100604803367e-7
C3,TNFRSF14,0.13545496307880794
C3,TNFRSF21,0.9960670945710046
C3,TNFRSF4,1
C3,TNNT1,2.1600215291702707e-4
C3,TOM1L2,0.0010914281755504789
C3,TP53I3,0.00863221071226067
C3,TPM2,0.008530121747589377
C3,TRAC,1
C3,TRAF5,1
C3,TRAP1,2.164808942144687e-4
C3,TRAPPC4,0.5479849781514217
C3,TRIM14,0.0015653926961079869
C3,TRIM22,0.06320440638123795
C3,TRIM25,0.003646449892933183
C3,TRIM47,0.36333096603249776
C3,TSPAN33,1
C3,TSR2,0.2548342979108943
C3,TTC31,0.13645788926533325
C3,TTI1,1
C3,TXN2,1.480798562975324e-6
C3,TXNDC17,8.064830164354487e-7
C3,TXNRD2,0.003747919978417065
C3,TYMS,0.005925655970126007
C3,TYROBP,0.5949233969797585
C3,UBA52,2.8148573226293026e-6
C3,UBA6,1
C3,UBAP2L,0.0021940710789584345
C3,UBE2C,0.017668190982545767
C3,UBE2T,0.021598114025941185
C3,UBE2W,1
C3,UBL7,1
C3,UBR2,0.17881035021484845
C3,UBXN1,0.010859650994487125
C3,UCK1,0.004349011738694584
C3,UFD1L,2.8976011322877906e-5
C3,UQCRC1,3.745035421748622e-6
C3,UXS1,1
C3,UXT,0.8077574805724068
C3,VARS,2.4421981698266154e-4
C3,VAV1,1
C3,VCAM1,1
C3,VEGFB,1
C3,VIM,0.025342188603311746
C3,VPS13D,0.03848956918389933
C3,VPS45,0.5879193380285312
C3,VWF,1
C3,WDFY3,1
C3,WDR13,0.03653419246598014
C3,WDR34,2.442041523787216e-9
C3,WDR46,0.0013538260314581946
C3,WDR73,1
C3,WDR74,1
C3,WIPF1,1
C3,XAB2,0.01569585267373627
C3,XIAP,0.22522676521521123
C3,XPO6,0.021016716378431884
C3,YIPF4,0.00683101686576131
C3,YTHDC1,0.039192411411493856
C3,ZDHHC12,0.0022415816795060776
C3,ZFAND3,0.020451706842658728
C3,ZFP36,0.9960670945710046
C3,ZFPL1,2.0500651191881835e-4
C3,ZFR,0.04614609279600666
C3,ZG16B,0.008149533383965455
C3,ZMAT5,0.3045309359909985
C3,ZMYND19,0.01037327176024369
C3,ZMYND8,0.007448144064385889
C3,ZNF217,0.05201222993761973
C3,ZNF337,0.23777383143717717
C3,ZNF33B,0.18160242516502673
C3,ZNF362,0.152238914608806
C3,ZNF524,1
C3,ZNF592,0.18439455522599407
C3,ZNF644,0.2538084232750128
C3,ZNF668,0.021481742978804313
C3,ZNF771,0.12136179408801635
C3,ZNF787,0.0025791051023477812
C3,ZNF791,1
C3,ZNF83,0.07515946798607895
C3,ZNF91,0.02318722523670793
C3,ZNRF1,0.04259033596936689
C3,ZSWIM8,0.01729437408011353
C4,A2M,0.3438101367700144
C4,AAMDC,1
C4,ABCA3,0.09379018821024793
C4,ABCA7,1
C4,ABCF3,0.19223199558512402
C4,ABHD14A,1
C4,ABHD4,1
C4,ACAA1,0.7005996031646142
C4,ACER3,0.37435288789280713
C4,ACTR3B,1
C4,ADAM15,0.0804160994572024
C4,ADCY3,1
C4,ADI1,2.9991439606328856e-5
C4,AEBP1,2.1667887198338718e-4
C4,AES,2.410554708557396e-6
C4,AGAP2,0.06593906874644774
C4,AGO2,0.017966083000610016
C4,AGPAT2,7.828058339103799e-7
C4,AGR2,0.0040832564845836635
C4,AHCY,0.12343676464411828
C4,AKAP9,0.49778522142066467
C4,AKR1A1,9.005740431377022e-5
C4,AKT1S1,3.944257553310791e-4
C4,ALDH16A1,0.004085560169277318
C4,ALG3,0.26869994065462216
C4,ANGPTL4,1
C4,ANKLE2,0.0010967361816000647
C4,ANKRD12,1
C4,ANKRD28,1
C4,ANLN,0.06593906874644774
C4,ANO10,0.32364816538470664
C4,AP5B1,1
C4,AP5Z1,1
C4,APBA2,0.031875192141161586
C4,APBB2,1
C4,APOBEC3G,1
C4,APOC1,6.163896876609913e-7
C4,AQP1,1
C4,ARF5,1
C4,ARF6,1
C4,ARFGEF2,0.6841723261560664
C4,ARHGAP10,1
C4,ARHGAP4,1
C4,ARHGAP45,1
C4,ARHGAP5,1
C4,ARHGEF10L,0.3029889291445411
C4,ARHGEF3,1
C4,ARHGEF40,0.6841723261560664
C4,ARID1B,0.14474048183138402
C4,ARID3A,1
C4,ARID4A,1
C4,ARID5A,0.037892163625323556
C4,ARID5B,1
C4,ARNT,0.36552168642404176
C4,ASCL2,0.5309468577561619
C4,ASH2L,0.054132354177807915
C4,ASL,1
C4,ASMTL,0.4160518953952252
C4,ASNA1,0.004546117459194037
C4,ASNS,1
C4,ATAD1,1
C4,ATF6B,0.6326936436169369
C4,ATG12,0.7800312695933594
C4,ATG16L2,1
C4,ATL2,0.07845282396555282
C4,ATP5H,0.04006951180919908
C4,ATP5O,0.009968246710990935
C4,ATP6AP1,3.4438666388620166e-5
C4,ATP6V0D1,0.007215822125289769
C4,AURKAIP1,0.0032519355855555755
C4,AVEN,1
C4,BABAM1,0.0031830835602461266
C4,BAD,0.004627961420302068
C4,BAG1,0.0018242342615251556
C4,BAIAP3,1
C4,BCAM,0.0022431347457753403
C4,BCL2,1
C4,BCL2L12,0.08297024133475514
C4,BGN,7.201811180929111e-6
C4,BICDL1,0.3820079765610585
C4,BIN3,0.04239817225261062
C4,BIRC2,0.7247073506940013
C4,BIRC5,0.0199460692209295
C4,BLVRA,0.49778522142066467
C4,BOK,0.3489093257003245
C4,BOLA3,1
C4,BRD9,0.4957827098417617
C4,BRF1,4.206968827169544e-5
C4,BRF2,1
C4,BRK1,0.4049295782707339
C4,BRPF1,1
C4,BSG,6.984149023321874e-7
C4,BST2,0.00483903879242885
C4,BTG1,0.021366974375192537
C4,C10orf10,0.5516407155397844
C4,C10orf54,1
C4,C12orf45,1
C4,C15orf61,1
C4,C19orf24,0.017338970622145886
C4,C19orf52,0.17673507126673915
C4,C19orf60,1
C4,C1QB,3.2938010383807935e-4
C4,C1R,0.0055698263149516584
C4,C1S,1
C4,C1orf216,1
C4,C2,1
C4,C2CD2L,1
C4,C3,0.009263490849791249
C4,C4orf48,1.2925037696757103e-4
C4,C5orf38,1
C4,C6orf136,0.36200983320427094
C4,C6orf48,0.20107864804190823
C4,CADM4,0.6326936436169369
C4,CALML5,1
C4,CAMTA2,0.008768219210420772
C4,CAPG,1.635501903057269e-4
C4,CARS2,0.023074566930777793
C4,CBLC,0.9054089888254766
C4,CCDC106,0.005977187304946663
C4,CCDC167,0.0032519355855555755
C4,CCDC57,0.6573983337688899
C4,CCDC80,1
C4,CCDC88B,1
C4,CCL19,1
C4,CCL2,1
C4,CCL21,1
C4,CCM2,0.091205525118789793
C4,CCNB1,1
C4,CCNB1IP1,0.16099007499863563
C4,CCNE1,1
C4,CCNE2,0.3304992782491478
C4,CCS,0.5091622041880238
C4,CCT4,0.0018860459524446425
C4,CD14,1
C4,CD320,0.005255693729248732
C4,CD3D,1
C4,CD4,1
C4,CD52,1
C4,CD68,1.21390016584912e-7
C4,CD74,0.0010913984305957304
C4,CD79A,0.10723864599118095
C4,CDC20,1.8556417846021187e-4
C4,CDC6,0.010811675431447378
C4,CDH11,0.7789278523824074
C4,CDH3,1
C4,CDK5RAP1,0.8510559742027243
C4,CENPF,0.03864554575966472
C4,CEP250,0.5287276430793703
C4,CEP55,0.0648136761823005
C4,CERCAM,0.5547639418662511
C4,CERS5,1
C4,CES2,0.4676770776443472
C4,CFAP36,1
C4,CFDP1,1
C4,CGGBP1,0.06426000869091228
C4,CHCHD6,1
C4,CHD1,0.014193959749689842
C4,CHD6,0.45739138499145077
C4,CHFR,1
C4,CHST11,0.8119168306577861
C4,CIR1,1
C4,CLASRP,0.0648136761823005
C4,CLDN3,2.8942160511833272e-6
C4,CLDN4,1.0498914317426326e-4
C4,CLU,0.010722206181890577
C4,CNN2,0.0062746798355083
C4,COL14A1,1
C4,COL3A1,0.030790403003000077
C4,COL4A1,1
C4,COL6A2,6.984932970225074e-4
C4,COL8A2,0.9135247858195006
C4,COMMD1,0.2733516233972602
C4,COMP,0.005330873334059107
C4,COPS7A,1
C4,COQ4,0.22759366598295916
C4,CORO1A,0.6793623327556969
C4,CORO1B,9.372155106657596e-5
C4,CORO2A,1
C4,CORO7,0.2070676293647411
C4,COX5A,0.6553925388056737
C4,CPNE1,0.013935030949187938
C4,CPSF1,1
C4,CPVL,0.005122686436237494
C4,CRABP2,0.046336508563249855
C4,CRACR2B,0.006011339230460419
C4,CRELD2,0.001456507126872228
C4,CROCC,1
C4,CSF1,0.9138511386412486
C4,CSF1R,0.11491534392565403
C4,CTDSPL,0.02049665304191497
C4,CTIF,1
C4,CTSK,0.0266579727813604
C4,CTU2,0.6574313182476823
C4,CUTC,0.5727225105182168
C4,CUX1,0.021318730163897653
C4,CX3CL1,1.635501903057269e-4
C4,CXCL10,0.3161261315026541
C4,CXXC5,9.372155106657596e-5
C4,CYP27A1,0.05799959743664381
C4,DAPK3,0.008298740827765778
C4,DCAF6,1
C4,DCXR,0.0031830835602461266
C4,DDAH1,1
C4,DDB2,1
C4,DDIT3,1
C4,DDRGK1,0.14474048183138402
C4,DDT,0.2181944211041283
C4,DEAF1,0.39359840122489753
C4,DENND1A,0.1466805520198745
C4,DERL3,0.026219587270453246
C4,DESI1,0.5405444023854479
C4,DHX16,1
C4,DLG1,0.03010592017466806
C4,DMAP1,0.07304844574873544
C4,DNAJB2,0.13024408978372684
C4,DNAJC1,0.009475259789477001
C4,DNAJC7,0.6098819949776638
C4,DOCK6,0.041429399387214585
C4,DPH3,1
C4,DPM2,0.001252903269883786
C4,DPP7,0.008360550980896922
C4,DPP9,0.010457683455408295
C4,DPYSL3,0.1044374506912997
C4,DVL1,0.24027265685183044
C4,EBAG9,1
C4,ECHDC2,0.24315469312508012
C4,ECM1,0.3200336739725005
C4,EFEMP2,0.5161393529365005
C4,EFHD2,1
C4,EGFR,1
C4,EIF1AD,1
C4,EIF3B,0.006011339230460419
C4,EIF3F,0.32792870266297947
C4,EIF3G,0.4547440304208648
C4,ELN,1
C4,ELOF1,0.028346442352531042
C4,EMC3,1
C4,ENPP1,1
C4,EPHB3,0.0040146645294472
C4,ERAL1,0.1307282431358357
C4,ERBB2,7.828058339103799e-7
C4,ERI3,2.2787219400681295e-5
C4,ERMP1,0.1104494196242319
C4,ESR1,1
C4,ETFB,0.005977187304946663
C4,EVA1B,0.24870966424710353
C4,EXD3,1
C4,EXO1,1
C4,EXOC5,0.1241411738433628
C4,EXOSC1,1
C4,EXOSC10,1
C4,EXOSC2,1
C4,EZH2,0.020671588176828515
C4,FAAH,0.008768219210420772
C4,FADS2,5.1112917049996e-7
C4,FAH,1
C4,FAIM2,0.6941777270585984
C4,FAM102A,0.45507070261216837
C4,FAM117A,0.07013047143911018
C4,FAM118A,1
C4,FAM160B1,1
C4,FAM173A,0.04881751558262948
C4,FAM193B,0.08344258830511234
C4,FAM213B,1
C4,FAM3A,0.016445520184842657
C4,FAM45A,0.5758292860797446
C4,FAP,0.44158030795352576
C4,FARP1,3.875000473010261e-5
C4,FARSB,1
C4,FASN,8.126540787549355e-7
C4,FBF1,0.8013071161468099
C4,FBLN2,1
C4,FCER1G,0.12453015353058193
C4,FDPS,0.03515779880346816
C4,FGFR1,4.512776696222324e-7
C4,FGFR4,0.01036628022381264
C4,FKBP10,0.00531455950707636
C4,FKBP8,0.0076594778002384775
C4,FLNA,2.123811157881425e-7
C4,FN1,0.0208847791687932
C4,FNBP4,0.7649356045341599
C4,FOXA1,0.00889376723107445
C4,FOXC1,1
C4,FOXP4,3.4438666388620166e-5
C4,FSTL1,0.001252555796469713
C4,FSTL3,0.49482151845223726
C4,FUOM,0.12823798830184094
C4,FUS,2.6173538307423415e-4
C4,FZD2,0.31627624347033184
C4,GALK1,1
C4,GANAB,0.0018699355594103588
C4,GAR1,0.5547639418662511
C4,GAS6,1
C4,GATA3,0.020821005689098834
C4,GATC,0.003638468737539991
C4,GBP1,0.8228062279762909
C4,GBP2,0.8228062279762909
C4,GBP3,0.5648822684870166
C4,GBP4,1
C4,GBP5,0.4517853536285501
C4,GEMIN4,0.09548028506638469
C4,GLCCI1,0.12040299735742756
C4,GLG1,0.09558887257699342
C4,GLTSCR2,0.005330873334059107
C4,GMFG,1
C4,GMPPA,0.002970812838358024
C4,GNAI2,0.050491082459621105
C4,GNAS,6.006772247881402e-6
C4,GNL2,0.4049295782707339
C4,GPR108,0.2310659852991329
C4,GPR160,0.048565229435725596
C4,GPRC5A,0.009475259789477001
C4,GPS1,1.1862750984369671e-4
C4,GPSM1,0.22384035774136096
C4,GPX3,0.4852762712427393
C4,GRB7,8.580166492526447e-5
C4,GRK3,1
C4,GSK3A,0.49778522142066467
C4,GSTM3,0.17479421501885142
C4,GYPC,1
C4,HAGHL,0.32577111222389893
C4,HCFC1R1,0.010429648977793892
C4,HCST,1
C4,HDAC5,1
C4,HDAC6,1
C4,HELZ2,0.13653311766656542
C4,HES1,0.02049665304191497
C4,HLA-B,1.1862750984369671e-4
C4,HLA-DMA,0.5679285100769892
C4,HLA-DMB,0.6526674158238693
C4,HLA-DOA,1
C4,HLA-DPA1,0.16383061517140587
C4,HLA-DPB1,0.128297752907416
C4,HLA-DRA,9.746937064338208e-4
C4,HLA-DRB1,0.10722771968875372
C4,HMGB2,0.022740243017442176
C4,HNRNPUL2,0.010644357946851625
C4,HOOK3,1
C4,HPS6,1
C4,HSD17B1,0.9138511386412486
C4,HSPA4,0.015405958637419205
C4,HSPB1,0.005977187304946663
C4,HSPB11,0.44000584591741815
C4,HYI,0.02049665304191497
C4,IDH3G,0.6330704034458317
C4,IDUA,1
C4,IER5L,5.8472300787743717e-5
C4,IFI27,7.595688130406564e-9
C4,IFI27L1,1
C4,IFI44L,1
C4,IGFBP2,2.0277412949373528e-4
C4,IGFBP4,0.7441517750283781
C4,IGHA1,3.4314667422957635e-6
C4,IGHG3,1.635501903057269e-4
C4,IGHG4,5.960745018071613e-5
C4,IGHM,5.960745018071613e-5
C4,IGKC,1.21390016584912e-7
C4,IGLC2,6.984149023321874e-7
C4,IGLC3,0.014730385152983881
C4,IGLC7,0.009903711262728666
C4,IKZF3,1.3368308855550104e-4
C4,IL10RA,1
C4,ILKAP,1
C4,INAFM1,0.6395339897936348
C4,INPP4B,0.00353683467091421
C4,INPP5D,0.5505557368418723
C4,INPP5J,1
C4,INTS8,0.6521996242252972
C4,ISG15,0.03567942989133418
C4,ISLR,0.052366399492610176
C4,ITGA5,0.18612408161294164
C4,ITGB4,2.471276524635346e-4
C4,ITGB6,8.126540787549355e-7
C4,ITSN1,1
C4,JAG2,1
C4,JAK1,0.19549005552617274
C4,JAK3,1
C4,JCHAIN,8.945080015885083e-4
C4,JMJD6,1
C4,KAT6B,0.631383205965083
C4,KATNA1,0.8792153746309324
C4,KCNAB2,1
C4,KCTD10,0.30527390234410606
C4,KDM4B,0.003638468737539991
C4,KIAA0895L,0.45507070261216837
C4,KIAA1211L,0.7005996031646142
C4,KIAA1217,0.016445520184842657
C4,KIAA1468,0.15173822261562261
C4,KIAA1715,0.3588462190632948
C4,KIF13B,0.015531366680881663
C4,KIF2C,0.00353683467091421
C4,KLF9,1
C4,KMT2B,0.0018699355594103588
C4,KMT2E,1
C4,KPNB1,0.018646871101536608
C4,KRAS,0.4052746273257438
C4,KRT10,0.21436588464203649
C4,KRT17,0.2103781895416843
C4,KRT5,1
C4,KRT8,4.414787213854776e-6
C4,KRT86,1.111076411307546e-4
C4,LAMB2,0.7583539913758168
C4,LAMTOR2,0.04324811994261031
C4,LANCL1,1
C4,LARP1B,0.8371181645775102
C4,LARP7,0.5441263182742458
C4,LCK,1
C4,LCP1,0.020671588176828515
C4,LGALS1,0.012661402296603803
C4,LIMCH1,1
C4,LIMK1,0.32134172440497066
C4,LINC00176,0.0010445063160725782
C4,LINGO1,1
C4,LLGL1,1
C4,LMF1,0.6544151818385079
C4,LMNA,0.0018699355594103588
C4,LRRC8A,0.17673507126673915
C4,LRWD1,0.5464455243870795
C4,LST1,0.8746467058545819
C4,LTB4R,2.937936307217166e-4
C4,LTBP3,4.506480723779316e-5
C4,LTF,1
C4,LUC7L,1
C4,LUC7L3,0.008952873450531935
C4,LUM,0.07055789399476534
C4,LYL1,1
C4,MAGEF1,0.12823798830184094
C4,MAGI1,1
C4,MAGOHB,0.39907238568764714
C4,MAP1S,1
C4,MAP3K14,1
C4,MAP3K6,1
C4,MAP4K2,0.16353792442737836
C4,MAPK9,0.09379018821024793
C4,MAPKAPK5,0.07560411657547673
C4,MAPT,1
C4,MARS,0.00483903879242885
C4,MAVS,0.9466279705916799
C4,MCTS1,0.24626071336775315
C4,MDM2,0.010644357946851625
C4,MED13L,1
C4,MED25,0.10722771968875372
C4,MELK,0.9660379775719169
C4,MEN1,1
C4,METTL12,1
C4,METTL16,1
C4,MFAP4,0.392714367627943
C4,MFSD3,1
C4,MFSD7,0.6395339897936348
C4,MGMT,0.399420889828235
C4,MGP,1.1560847213527807e-6
C4,MIB2,1
C4,MICAL1,0.39665927770501763
C4,MICALL2,1
C4,MID1IP1,0.020778795085501275
C4,MIF,0.026480760975922665
C4,MIIP,1
C4,MKI67,0.079519141646897
C4,MKNK1,0.007440975051232439
C4,MLLT4,0.0142571226286838
C4,MLPH,0.013365151770682556
C4,MLST8,2.865034414526569e-6
C4,MMP11,0.09749631473566184
C4,MMP9,1
C4,MORC2,0.08262704392924022
C4,MPND,1
C4,MPST,0.23045411167463675
C4,MRPL2,1
C4,MRPL21,1
C4,MRPL23,0.7681823507912228
C4,MRPL51,0.004175151608454049
C4,MRPL54,0.056259613152011015
C4,MRPS22,1
C4,MS4A6A,0.4346588097763156
C4,MST1R,0.00758761586508143
C4,MTG2,1
C4,MTMR12,1
C4,MUC1,5.382224862563152e-9
C4,MUCL1,0.007709054805461511
C4,MUS81,0.9135247858195006
C4,MVP,0.0024472826739896786
C4,MX2,1
C4,MYBL2,0.015639935700134843
C4,MYC,1
C4,MYH10,0.10722771968875372
C4,MYL12B,2.2097347284774865e-4
C4,MYL6B,0.003638468737539991
C4,MYL9,2.937936307217166e-4
C4,MYO1G,1
C4,MYO9B,0.5648868288650482
C4,MZT2A,0.005122686436237494
C4,NAA10,0.5858912696901911
C4,NANS,0.9040231258399154
C4,NAT1,1
C4,NCKAP1L,1
C4,NCKAP5L,1
C4,NDC80,0.7541512871669306
C4,NDRG1,1
C4,NDUFA1,0.05467834796252504
C4,NDUFA12,0.15456394265118675
C4,NDUFB2,0.006011339230460419
C4,NDUFB3,0.3580858758316586
C4,NDUFB9,9.005740431377022e-5
C4,NDUFC1,0.039252941036684724
C4,NDUFS1,0.00531455950707636
C4,NDUFV3,0.5648822684870166
C4,NEBL,1
C4,NEK7,1
C4,NELFE,0.13766256187362766
C4,NFATC4,0.0010967361816000647
C4,NFIC,0.03336849352816188
C4,NINJ1,0.04819558471362931
C4,NIT2,0.7189386804731527
C4,NMRAL1,0.02278286159651852
C4,NR1H2,1
C4,NR4A1,1
C4,NRP1,1
C4,NSMCE1,1
C4,NTMT1,1
C4,NUF2,1
C4,NUP214,1
C4,NUP93,1
C4,NXN,1
C4,OASL,0.5899822237183471
C4,OGFRL1,1
C4,OPTN,1
C4,ORC2,1
C4,ORC6,0.017338970622145886
C4,OSBPL8,1
C4,P4HA2,1
C4,PAF1,0.03851742227489395
C4,PAFAH1B3,0.009475259789477001
C4,PAQR4,0.010644357946851625
C4,PARN,0.6793623327556969
C4,PCCB,0.12814460712437667
C4,PCIF1,1
C4,PDCD5,0.03792420418532505
C4,PDGFRA,1
C4,PDGFRB,1
C4,PER1,1
C4,PEX11G,0.6587081328060718
C4,PEX14,1
C4,PGLS,0.0738529111949039
C4,PGR,1
C4,PHF11,1
C4,PHF13,0.4547440304208648
C4,PHF21A,0.9054089888254766
C4,PHGDH,0.009475259789477001
C4,PHKB,1
C4,PIGQ,0.0062746798355083
C4,PIH1D1,0.3232465132710113
C4,PILRA,0.8146726955729086
C4,PIM2,0.2851274800769617
C4,PITX1,1
C4,PKNOX1,1
C4,PLAC9,1
C4,PLEKHO2,1
C4,PLIN2,1
C4,PLK1,1
C4,PLK2,0.0050777631245036555
C4,PLLP,0.5704743430073681
C4,PLP2,0.004175151608454049
C4,PLPPR2,0.0750564031431599
C4,PLSCR1,0.05227730216212607
C4,PLTP,0.133686227722602
C4,PLVAP,1
C4,PLXNA1,0.0010085238318387074
C4,PLXND1,1
C4,PMP22,1
C4,PNISR,0.6774838782734283
C4,PNMT,8.277524733936392e-7
C4,PNP,1
C4,PNPLA6,0.0743389339281404
C4,PODNL1,1
C4,PODXL,0.2851274800769617
C4,POLR2E,0.09837780932396162
C4,POLR2J,0.006011339230460419
C4,POR,0.010725342286216088
C4,POSTN,0.11429795233026957
C4,PPHLN1,1
C4,PPIB,2.2675639840370084e-4
C4,PPIH,0.020671588176828515
C4,PPM1G,0.032748590472889874
C4,PPP1R1A,0.9620868052643728
C4,PPP1R1B,4.3146569970057023e-4
C4,PPP1R37,0.004175151608454049
C4,PRKAB1,0.07367954953535429
C4,PRKCSH,6.877473481294838e-5
C4,PROSER1,0.0035135616935203094
C4,PRPF6,0.0033480784990332444
C4,PRPSAP1,1
C4,PSCA,1
C4,PSMD4,0.026219587270453246
C4,PSTPIP1,0.341754221800518
C4,PTGDS,1
C4,PTOV1,1.3912831522422928e-5
C4,PTP4A3,0.6526674158238693
C4,PTPRC,1
C4,PTPRJ,1
C4,PTRF,0.09927159061102546
C4,PTRH1,1
C4,PTTG1,1
C4,PUS3,1
C4,PWP1,0.20256851275010837
C4,PWWP2B,0.0714235520541455
C4,PXDN,0.01230178624003588
C4,PYURF,1
C4,QSOX1,1.2925037696757103e-4
C4,R3HDM2,1
C4,RAB11FIP1,1
C4,RAB3A,0.8228062279762909
C4,RAB3GAP1,1
C4,RAB3IL1,1
C4,RABGAP1L,0.10231595233435144
C4,RALBP1,1
C4,RALGAPA2,0.21436588464203649
C4,RAMP2,1
C4,RAP1B,1
C4,RARS2,0.011309994893511508
C4,RASA2,1
C4,RASGRP2,1
C4,RASSF3,1
C4,RBL1,0.13350874275848026
C4,RBM42,0.02111069413082052
C4,RECQL4,0.3029889291445411
C4,RECQL5,1
C4,REEP6,1
C4,RGS1,1
C4,RHOB,0.10680618457994398
C4,RIOK1,1
C4,RMND1,0.45688193722575937
C4,RNASET2,0.00758761586508143
C4,RND3,1
C4,RNF135,1
C4,RNF170,1
C4,RRAS,0.9282196584378937
C4,RRM2,0.0010967361816000647
C4,RSL1D1,0.26295770828432136
C4,RSRP1,0.19586741577355876
C4,RUVBL1,0.44000584591741815
C4,S100A14,0.13710222125629262
C4,S100A9,0.060525443248079736
C4,SAMM50,0.020983393392652244
C4,SASH1,0.697930142660983
C4,SAT1,2.072911441901646e-4
C4,SCAF1,0.06868762102407663
C4,SCD,3.5968519811667567e-6
C4,SCNN1D,1
C4,SCX,0.6395339897936348
C4,SDHB,0.45739138499145077
C4,SEC14L2,1
C4,SEC23A,1
C4,SEMA3B,1
C4,SEMA4B,0.01408214306220414
C4,SF3B4,0.003638468737539991
C4,SFRP1,1
C4,SFSWAP,1
C4,SGTA,0.007215822125289769
C4,SH3BP5L,0.27813812249205316
C4,SIGLEC1,0.45739138499145077
C4,SIGMAR1,0.240250166683152
C4,SLC16A2,1
C4,SLC16A3,0.009263490849791249
C4,SLC22A18,0.07492957483981083
C4,SLC25A24,0.20713857059327298
C4,SLC2A1,0.684299680852156
C4,SLC2A8,0.6253616867452537
C4,SLC35A2,1
C4,SLC39A6,0.12571825966157724
C4,SLC43A1,1
C4,SLC4A5,0.15630568839752587
C4,SLC8B1,0.15563548882672912
C4,SLC9A3R2,0.006011339230460419
C4,SLC9A8,1
C4,SLFN13,0.5244098939044094
C4,SLPI,1
C4,SMCHD1,0.31723944845939006
C4,SMG9,0.40907121609311897
C4,SMYD2,0.2729546516355212
C4,SNAPC3,1
C4,SNF8,0.00500781426273223
C4,SNRPD3,0.3161261315026541
C4,SNTA1,1
C4,SNX33,1
C4,SNX8,0.23464769078867415
C4,SOD3,1
C4,SOS2,1
C4,SOX4,2.4186154860852943e-5
C4,SP6,1
C4,SPAG9,0.43971594895399724
C4,SPARC,0.04006951180919908
C4,SPIN1,0.12823798830184094
C4,SPSB1,1
C4,SRGN,0.08665402173283573
C4,SRPX2,1
C4,SRR,0.017560723936139357
C4,SRRT,0.030790403003000077
C4,SRSF1,0.010429648977793892
C4,SRSF5,0.004225897145962692
C4,SSSCA1,0.4368438585849982
C4,STAMBP,1
C4,STAT5A,1
C4,STK17A,0.4152917564336813
C4,STK4,0.5405444023854479
C4,STMN1,1.514086047226486e-4
C4,STRN3,1
C4,STT3A,0.13546957861040101
C4,SUGP1,1
C4,SURF1,0.25827315156926084
C4,SVIL,1
C4,SYDE1,1
C4,SYK,0.10723864599118095
C4,TACC3,1
C4,TANC2,1
C4,TARBP1,1
C4,TAX1BP1,0.0716735682275415
C4,TAX1BP3,0.020676885145896315
C4,TBC1D10A,1
C4,TBC1D23,0.10037567135609368
C4,TBCA,1
C4,TBXAS1,1
C4,TCEA2,1
C4,TCEA3,1
C4,TCF25,0.00353683467091421
C4,TDRD3,0.1506046809817072
C4,TESK1,0.009854431889859593
C4,TESMIN,1
C4,TEX10,1
C4,TEX2,0.7189386804731527
C4,TFF3,3.2692729354447716e-4
C4,TGFBR2,1
C4,THBS1,0.17479421501885142
C4,THOC5,1
C4,THOC6,1
C4,TIGD5,0.13769564699572814
C4,TIMP1,0.006011339230460419
C4,TJP3,0.5685823691512376
C4,TM7SF2,7.286731370749693e-6
C4,TMBIM6,5.960745018071613e-5
C4,TMEM101,1
C4,TMEM123,0.0032519355855555755
C4,TMEM14B,0.309228543652068
C4,TMEM160,0.4939097668262196
C4,TMEM184A,2.5876492065350095e-4
C4,TMEM259,0.020671588176828515
C4,TMEM45B,1
C4,TMEM86A,1
C4,TMX1,0.014917344871831937
C4,TNC,0.00530757700574728
C4,TNFRSF14,1
C4,TNFRSF21,0.6945669341780805
C4,TNFRSF4,1
C4,TNNT1,0.01599080251876446
C4,TOM1L2,0.08658561664912548
C4,TP53I3,0.06593906874644774
C4,TPM2,0.34604447853333276
C4,TRAC,0.9983700709647904
C4,TRAF5,1
C4,TRAP1,0.35400541754793763
C4,TRAPPC4,0.01825914794658915
C4,TRIM14,0.3203088982206071
C4,TRIM22,1
C4,TRIM25,0.030992279932373298
C4,TRIM47,1
C4,TSPAN33,1
C4,TSR2,1
C4,TTC31,1
C4,TTI1,0.7780608321881602
C4,TXN2,0.0208871883310412
C4,TXNDC17,0.16383061517140587
C4,TXNRD2,2.8244145902743637e-4
C4,TYMS,0.010644357946851625
C4,TYROBP,0.021822958462097978
C4,UBA52,1.5221909885361937e-10
C4,UBA6,0.4052746273257438
C4,UBAP2L,0.0062725550096806
C4,UBE2C,0.03161081837757523
C4,UBE2T,0.09290529056508667
C4,UBE2W,0.7978824174236891
C4,UBL7,0.02278286159651852
C4,UBR2,1
C4,UBXN1,0.6270559073340718
C4,UCK1,0.043110942066476685
C4,UFD1L,0.01869066334769445
C4,UQCRC1,3.944257553310791e-4
C4,UXS1,0.13755108091845392
C4,UXT,0.6334084239181946
C4,VARS,7.145074171015051e-5
C4,VAV1,0.5704743430073681
C4,VCAM1,0.5621556217451321
C4,VEGFB,1
C4,VIM,0.00271033667822026
C4,VPS13D,1
C4,VPS45,1
C4,VWF,0.6573983337688899
C4,WDFY3,1
C4,WDR13,0.09131733856401236
C4,WDR34,3.8091090077209454e-4
C4,WDR46,0.1624777223108795
C4,WDR73,0.011563317758650523
C4,WDR74,0.03210775534737751
C4,WIPF1,0.7583539913758168
C4,XAB2,0.33335398434836827
C4,XIAP,0.04141684900204006
C4,XPO6,0.28899992944035613
C4,YIPF4,0.7548573117044914
C4,YTHDC1,1
C4,ZDHHC12,0.0013305316278141297
C4,ZFAND3,0.03848777212585046
C4,ZFP36,0.14474048183138402
C4,ZFPL1,0.4959054203655517
C4,ZFR,1
C4,ZG16B,0.01872680798177914
C4,ZMAT5,0.40907121609311897
C4,ZMYND19,0.0592806408939577
C4,ZMYND8,4.987914828795013e-5
C4,ZNF217,1
C4,ZNF337,0.2668953282064113
C4,ZNF33B,1
C4,ZNF362,1
C4,ZNF524,0.1455296041198552
C4,ZNF592,1
C4,ZNF644,0.8074875823860228
C4,ZNF668,1
C4,ZNF771,1
C4,ZNF787,0.030411135229900094
C4,ZNF791,1
C4,ZNF83,0.2400822549055401
C4,ZNF91,1
C4,ZNRF1,1
C4,ZSWIM8,0.06315226094233846
C5,A2M,0.04822816032854629
C5,AAMDC,1
C5,ABCA3,1
C5,ABCA7,1
C5,ABCF3,0.02700039907611395
C5,ABHD14A,1
C5,ABHD4,1
C5,ACAA1,0.26235338260569424
C5,ACER3,1
C5,ACTR3B,1
C5,ADAM15,0.4366015805881949
C5,ADCY3,1
C5,ADI1,7.736771777155678e-6
C5,AEBP1,0.029723281156787962
C5,AES,5.03769875339163e-12
C5,AGAP2,1
C5,AGO2,0.004613918592211867
C5,AGPAT2,6.209792247076825e-6
C5,AGR2,3.352991267605134e-7
C5,AHCY,0.19733279460777076
C5,AKAP9,1
C5,AKR1A1,5.683093823216134e-5
C5,AKT1S1,1.948838256696694e-6
C5,ALDH16A1,0.009380622520387332
C5,ALG3,0.5265469345194138
C5,ANGPTL4,0.9998449318584165
C5,ANKLE2,8.044837179547208e-4
C5,ANKRD12,1
C5,ANKRD28,1
C5,ANLN,1
C5,ANO10,0.03705657663111066
C5,AP5B1,1
C5,AP5Z1,0.17080180898923852
C5,APBA2,0.029937484082097246
C5,APBB2,1
C5,APOBEC3G,1
C5,APOC1,0.011840344442945105
C5,AQP1,1
C5,ARF5,1
C5,ARF6,3.364623975809655e-5
C5,ARFGEF2,1
C5,ARHGAP10,0.9289113931713626
C5,ARHGAP4,1
C5,ARHGAP45,0.18220006692709118
C5,ARHGAP5,1
C5,ARHGEF10L,1
C5,ARHGEF3,1
C5,ARHGEF40,0.005436788978617526
C5,ARID1B,1
C5,ARID3A,0.7368186480667922
C5,ARID4A,1
C5,ARID5A,1
C5,ARID5B,1
C5,ARNT,0.6776025125652225
C5,ASCL2,1
C5,ASH2L,1
C5,ASL,0.21135642550473815
C5,ASMTL,1
C5,ASNA1,5.683093823216134e-5
C5,ASNS,1
C5,ATAD1,0.7303171649704596
C5,ATF6B,1
C5,ATG12,1
C5,ATG16L2,1
C5,ATL2,1
C5,ATP5H,0.4204316442936729
C5,ATP5O,0.018186618301599893
C5,ATP6AP1,1.6187805327565103e-10
C5,ATP6V0D1,0.019534751487717793
C5,AURKAIP1,0.054116285058854255
C5,AVEN,1
C5,BABAM1,9.443102091571658e-4
C5,BAD,1.9387436069585463e-4
C5,BAG1,0.010364098284518323
C5,BAIAP3,1
C5,BCAM,2.375756735306361e-5
C5,BCL2,0.9680300919932546
C5,BCL2L12,0.09612487475120703
C5,BGN,9.121439594270657e-4
C5,BICDL1,1
C5,BIN3,1
C5,BIRC2,0.9045843515935063
C5,BIRC5,0.00441921863297738
C5,BLVRA,0.48685006922455526
C5,BOK,0.5589293362381493
C5,BOLA3,0.22530524093680132
C5,BRD9,0.0065940500938489206
C5,BRF1,8.675912127136398e-5
C5,BRF2,1
C5,BRK1,0.2002727042461614
C5,BRPF1,0.7303171649704596
C5,BSG,2.37331585715339e-11
C5,BST2,0.08745563392709972
C5,BTG1,2.375756735306361e-5
C5,C10orf10,1
C5,C10orf54,0.3642819981627913
C5,C12orf45,1
C5,C15orf61,0.0558688737775333
C5,C19orf24,0.009981231347404427
C5,C19orf52,1
C5,C19orf60,1
C5,C1QB,0.0014347694059278022
C5,C1R,0.019212512930429082
C5,C1S,1
C5,C1orf216,0.7591115675136163
C5,C2,1
C5,C2CD2L,1
C5,C3,0.0558688737775333
C5,C4orf48,8.632600583811898e-10
C5,C5orf38,0.16338161205317364
C5,C6orf136,0.01001945768473266
C5,C6orf48,0.0014347694059278022
C5,CADM4,0.01190598787902711
C5,CALML5,1
C5,CAMTA2,0.010664867161041947
C5,CAPG,0.00774722665234796
C5,CARS2,0.00441921863297738
C5,CBLC,1
C5,CCDC106,0.036843317821837335
C5,CCDC167,0.004103735471190621
C5,CCDC57,0.09830210401378861
C5,CCDC80,1
C5,CCDC88B,1
C5,CCL19,1
C5,CCL2,1
C5,CCL21,0.9680300919932546
C5,CCM2,0.05248953523118523
C5,CCNB1,0.24307237677702723
C5,CCNB1IP1,0.3489253713937332
C5,CCNE1,0.6774800546481751
C5,CCNE2,0.18593668503450442
C5,CCS,1
C5,CCT4,1.2083531700791903e-5
C5,CD14,0.008103048642883361
C5,CD320,1
C5,CD3D,1
C5,CD4,1
C5,CD52,0.010364098284518323
C5,CD68,0.005585302129046012
C5,CD74,0.006143652306040388
C5,CD79A,0.08616358198405898
C5,CDC20,0.0016784079814787742
C5,CDC6,1
C5,CDH11,1
C5,CDH3,0.8732391307634895
C5,CDK5RAP1,1
C5,CENPF,1
C5,CEP250,1
C5,CEP55,1
C5,CERCAM,0.02295920317065802
C5,CERS5,0.5174596117541277
C5,CES2,0.03792982760518047
C5,CFAP36,0.8732391307634895
C5,CFDP1,1
C5,CGGBP1,0.008055310932744567
C5,CHCHD6,1
C5,CHD1,0.17860062987552583
C5,CHD6,1
C5,CHFR,0.004168454692493292
C5,CHST11,1
C5,CIR1,1
C5,CLASRP,0.03587883397214619
C5,CLDN3,6.799901306874046e-6
C5,CLDN4,4.278669670002182e-8
C5,CLU,0.16696564178074252
C5,CNN2,1.4731758867290285e-4
C5,COL14A1,1
C5,COL3A1,0.011714410937918099
C5,COL4A1,0.18540302704947265
C5,COL6A2,0.04080429518402337
C5,COL8A2,1
C5,COMMD1,1
C5,COMP,0.002107259368193318
C5,COPS7A,0.4429516086628749
C5,COQ4,0.029460536014465553
C5,CORO1A,0.42555950748620514
C5,CORO1B,1.5454369063956492e-6
C5,CORO2A,1
C5,CORO7,0.14646974140931107
C5,COX5A,0.004099090635620522
C5,CPNE1,0.03729682677956737
C5,CPSF1,1
C5,CPVL,0.0065940500938489206
C5,CRABP2,0.013398028037602292
C5,CRACR2B,0.20653476157543454
C5,CRELD2,0.05093389900581603
C5,CROCC,1
C5,CSF1,1
C5,CSF1R,0.6519926759476152
C5,CTDSPL,1
C5,CTIF,0.8385501188749113
C5,CTSK,0.008467327392153765
C5,CTU2,0.8467494389748176
C5,CUTC,1
C5,CUX1,0.008795707067522208
C5,CX3CL1,6.113791284808387e-7
C5,CXCL10,1
C5,CXXC5,0.03473301587073805
C5,CYP27A1,0.4834526924851573
C5,DAPK3,0.001576351065640774
C5,DCAF6,1
C5,DCXR,0.001576351065640774
C5,DDAH1,1
C5,DDB2,1
C5,DDIT3,1
C5,DDRGK1,1.244338771979511e-4
C5,DDT,0.001537151780317793
C5,DEAF1,0.005264003201410382
C5,DENND1A,0.9069736365170165
C5,DERL3,0.004568820577120061
C5,DESI1,0.2518358745826168
C5,DHX16,0.01201886272561381
C5,DLG1,1
C5,DMAP1,8.456496237247129e-4
C5,DNAJB2,1.0964092723853608e-4
C5,DNAJC1,1
C5,DNAJC7,0.01001945768473266
C5,DOCK6,1
C5,DPH3,1
C5,DPM2,0.02653132079702512
C5,DPP7,0.010364098284518323
C5,DPP9,3.2204879122832983e-4
C5,DPYSL3,1
C5,DVL1,1
C5,EBAG9,0.020546007215957514
C5,ECHDC2,0.345121357067465
C5,ECM1,0.9069736365170165
C5,EFEMP2,1
C5,EFHD2,1
C5,EGFR,0.15920001531544367
C5,EIF1AD,1
C5,EIF3B,0.004099090635620522
C5,EIF3F,0.001818255731358534
C5,EIF3G,0.004442613136734872
C5,ELN,1
C5,ELOF1,0.02126533140383433
C5,EMC3,1
C5,ENPP1,1
C5,EPHB3,0.002232281244417698
C5,ERAL1,0.0960942693247248
C5,ERBB2,1.3504525463558586e-8
C5,ERI3,3.1646760939557514e-4
C5,ERMP1,1
C5,ESR1,0.31548385865293044
C5,ETFB,0.005436788978617526
C5,EVA1B,1
C5,EXD3,0.9496693284078156
C5,EXO1,1
C5,EXOC5,0.026046381158657015
C5,EXOSC1,0.8759879061602143
C5,EXOSC10,0.22530524093680132
C5,EXOSC2,1
C5,EZH2,0.8612087153990401
C5,FAAH,0.0036297214773865515
C5,FADS2,7.736771777155678e-6
C5,FAH,0.3072002771878139
C5,FAIM2,0.03801872274869054
C5,FAM102A,1
C5,FAM117A,0.0016531216521699667
C5,FAM118A,1
C5,FAM160B1,1
C5,FAM173A,0.015050178290677807
C5,FAM193B,1
C5,FAM213B,1
C5,FAM3A,0.05437780752369231
C5,FAM45A,0.9069736365170165
C5,FAP,1
C5,FARP1,0.013411170849197619
C5,FARSB,1
C5,FASN,1.0858225361552724e-9
C5,FBF1,0.5613690349668574
C5,FBLN2,0.1080478117210596
C5,FCER1G,1
C5,FDPS,3.4071646930337743e-4
C5,FGFR1,6.106465292799082e-5
C5,FGFR4,2.598316003342733e-4
C5,FKBP10,0.3011569965076028
C5,FKBP8,8.822792462325535e-4
C5,FLNA,7.867487412068222e-13
C5,FN1,0.0045250203920989265
C5,FNBP4,0.013118634529230499
C5,FOXA1,0.004613918592211867
C5,FOXC1,1
C5,FOXP4,1.8234540581094858e-6
C5,FSTL1,0.0023955558924153037
C5,FSTL3,1
C5,FUOM,1
C5,FUS,1.714500472851863e-7
C5,FZD2,0.3291839567352376
C5,GALK1,1
C5,GANAB,6.564257913343865e-7
C5,GAR1,1
C5,GAS6,0.7632503715771193
C5,GATA3,0.005509400518009851
C5,GATC,2.060409179457617e-4
C5,GBP1,0.36176683102302976
C5,GBP2,0.11881669762030456
C5,GBP3,1
C5,GBP4,1
C5,GBP5,1
C5,GEMIN4,1
C5,GLCCI1,0.6341795011077859
C5,GLG1,0.01880250374318599
C5,GLTSCR2,0.7099292669717364
C5,GMFG,1
C5,GMPPA,0.01880250374318599
C5,GNAI2,9.007382371394601e-5
C5,GNAS,9.463758845281965e-7
C5,GNL2,1
C5,GPR108,0.004568820577120061
C5,GPR160,0.01001945768473266
C5,GPRC5A,0.00774722665234796
C5,GPS1,8.873558466793838e-6
C5,GPSM1,0.04911861228210599
C5,GPX3,0.3165554671598327
C5,GRB7,5.592828141235371e-7
C5,GRK3,1
C5,GSK3A,3.4071646930337743e-4
C5,GSTM3,0.008520421724980597
C5,GYPC,1
C5,HAGHL,1
C5,HCFC1R1,0.0016531216521699667
C5,HCST,1
C5,HDAC5,1
C5,HDAC6,1
C5,HELZ2,0.18017156726080338
C5,HES1,0.0017104216714949388
C5,HLA-B,5.683093823216134e-5
C5,HLA-DMA,0.6486110562612303
C5,HLA-DMB,0.10091526524546322
C5,HLA-DOA,1
C5,HLA-DPA1,0.031179279559422884
C5,HLA-DPB1,0.2218103203438585
C5,HLA-DRA,0.10137817703088972
C5,HLA-DRB1,0.6474223308188172
C5,HMGB2,0.023468974442056242
C5,HNRNPUL2,4.9440551290791325e-5
C5,HOOK3,1
C5,HPS6,0.26542523784353517
C5,HSD17B1,1
C5,HSPA4,0.09697348952495542
C5,HSPB1,1.2301500611476428e-9
C5,HSPB11,0.5800512157692419
C5,HYI,0.024038327867484822
C5,IDH3G,1
C5,IDUA,1
C5,IER5L,4.4662247549762e-5
C5,IFI27,1.719534507824343e-11
C5,IFI27L1,1
C5,IFI44L,0.0038514546780853355
C5,IGFBP2,3.98469023435631e-6
C5,IGFBP4,0.45566041361143095
C5,IGHA1,0.015900699096301693
C5,IGHG3,3.3352261832230886e-6
C5,IGHG4,0.0031372570871816357
C5,IGHM,0.0010178135961126345
C5,IGKC,3.582363557967381e-12
C5,IGLC2,3.586083991787479e-6
C5,IGLC3,0.004155719017850171
C5,IGLC7,0.0656005515708462
C5,IKZF3,0.010364098284518323
C5,IL10RA,1
C5,ILKAP,1
C5,INAFM1,1
C5,INPP4B,0.015900699096301693
C5,INPP5D,0.31293403554786314
C5,INPP5J,1
C5,INTS8,0.04720009191655975
C5,ISG15,4.317716673953435e-5
C5,ISLR,0.09069492753222422
C5,ITGA5,1
C5,ITGB4,2.8510621411068147e-4
C5,ITGB6,2.405870026242113e-7
C5,ITSN1,1
C5,JAG2,1
C5,JAK1,0.2528448518186148
C5,JAK3,1
C5,JCHAIN,0.2318094369448672
C5,JMJD6,0.01647104198589896
C5,KAT6B,1
C5,KATNA1,1
C5,KCNAB2,1
C5,KCTD10,0.7591115675136163
C5,KDM4B,0.022800627102240685
C5,KIAA0895L,0.05569100573685454
C5,KIAA1211L,1
C5,KIAA1217,1
C5,KIAA1468,1
C5,KIAA1715,0.4727463544487999
C5,KIF13B,0.7797749241425506
C5,KIF2C,0.031211720859727975
C5,KLF9,1
C5,KMT2B,0.012254440829227916
C5,KMT2E,0.9988355531592289
C5,KPNB1,0.5896882538319629
C5,KRAS,0.19488704699367387
C5,KRT10,0.02112462675297785
C5,KRT17,1
C5,KRT8,2.350926084916094e-12
C5,KRT86,6.699859122587965e-6
C5,LAMB2,1
C5,LAMTOR2,0.48685006922455526
C5,LANCL1,1
C5,LARP1B,1
C5,LARP7,0.17885642649888014
C5,LCK,1
C5,LCP1,0.0015006660057417787
C5,LGALS1,6.159610062859981e-5
C5,LIMCH1,1
C5,LIMK1,8.710681657103672e-4
C5,LINC00176,0.01201886272561381
C5,LINGO1,1
C5,LLGL1,0.08399333451219336
C5,LMF1,1
C5,LMNA,4.6526658206308016e-7
C5,LRRC8A,0.01001945768473266
C5,LRWD1,0.4709468980824025
C5,LST1,1
C5,LTB4R,0.02126533140383433
C5,LTBP3,3.98469023435631e-6
C5,LTF,1
C5,LUC7L,0.06377314222496194
C5,LUC7L3,5.683093823216134e-5
C5,LUM,0.06555440885598057
C5,LYL1,1
C5,MAGEF1,0.20653476157543454
C5,MAGI1,1
C5,MAGOHB,0.446776296438606
C5,MAP1S,0.18696345712479362
C5,MAP3K14,1
C5,MAP3K6,1
C5,MAP4K2,0.46500819756367484
C5,MAPK9,0.8423393695605427
C5,MAPKAPK5,0.005509400518009851
C5,MAPT,1
C5,MARS,0.3053872059715721
C5,MAVS,0.19977283866862816
C5,MCTS1,0.6065272255320694
C5,MDM2,0.1857155259004152
C5,MED13L,1
C5,MED25,0.18072513491798492
C5,MELK,0.8312515167944359
C5,MEN1,0.07288432206762291
C5,METTL12,0.0051358821291881945
C5,METTL16,0.9171258944764449
C5,MFAP4,1
C5,MFSD3,1
C5,MFSD7,1
C5,MGMT,1
C5,MGP,1.9275527148105453e-9
C5,MIA,1
C5,MIB2,1
C5,MICAL1,1
C5,MICALL2,0.3110818731044406
C5,MID1IP1,0.10091526524546322
C5,MIF,0.004168454692493292
C5,MIIP,1
C5,MKI67,1
C5,MKNK1,0.03729682677956737
C5,MLLT4,0.03202063094388022
C5,MLPH,0.03729682677956737
C5,MLST8,0.005436788978617526
C5,MMP11,1
C5,MMP9,0.3165554671598327
C5,MORC2,0.013135936169889529
C5,MPND,1
C5,MPST,7.664694060855591e-5
C5,MRPL2,1
C5,MRPL21,1
C5,MRPL23,0.1139920437597441
C5,MRPL51,0.01001945768473266
C5,MRPL54,0.532791414709361
C5,MRPS22,1
C5,MS4A6A,0.7677781795027985
C5,MST1R,1
C5,MTG2,0.6196216393443101
C5,MTMR12,0.48701637432192246
C5,MUC1,1.4975913752514106e-6
C5,MUCL1,1.8234540581094858e-6
C5,MUS81,0.4613342713503005
C5,MVP,0.0036834788088107636
C5,MX2,0.30237420623540745
C5,MYBL2,0.015431048983347862
C5,MYC,1
C5,MYH10,0.06526136624433396
C5,MYL12B,1.1757541094971319e-7
C5,MYL6B,0.19733279460777076
C5,MYL9,7.893141039388131e-10
C5,MYO1G,1
C5,MYO9B,0.31969269387337723
C5,MZT2A,7.911960040059797e-4
C5,NAA10,2.1169195911471678e-4
C5,NANS,0.029460536014465553
C5,NAT1,1
C5,NCKAP1L,1
C5,NCKAP5L,1
C5,NDC80,0.3890854053215107
C5,NDRG1,0.23330534136365977
C5,NDUFA1,0.00441921863297738
C5,NDUFA12,0.030002032848403998
C5,NDUFB2,0.001537151780317793
C5,NDUFB3,0.19029973104102935
C5,NDUFB9,5.498432287951819e-9
C5,NDUFC1,0.00951177663445603
C5,NDUFS1,2.1169195911471678e-4
C5,NDUFV3,0.02200820594676213
C5,NEBL,1
C5,NEK7,0.0021740342141859507
C5,NELFE,0.040057769151331045
C5,NFATC4,1
C5,NFIC,0.05093389900581603
C5,NINJ1,1.7509771391492127e-4
C5,NIT2,0.031518123282447
C5,NMRAL1,0.1288443787485879
C5,NR1H2,0.02469750462385027
C5,NR4A1,1
C5,NRP1,1
C5,NSMCE1,0.09069492753222422
C5,NTMT1,1
C5,NUF2,1
C5,NUP214,1
C5,NUP93,1
C5,NXN,1
C5,OASL,0.806800946190935
C5,OGFRL1,0.5596439865179581
C5,OPTN,1
C5,ORC2,1
C5,ORC6,0.1894905368301636
C5,OSBPL8,0.9684360509293483
C5,P4HA2,1
C5,PAF1,0.20611720420620594
C5,PAFAH1B3,0.20395569562051902
C5,PAQR4,0.010525041943122948
C5,PARN,1
C5,PCCB,0.05587560736429058
C5,PCIF1,0.013561550273440486
C5,PDCD5,1
C5,PDGFRA,1
C5,PDGFRB,1
C5,PER1,1
C5,PEX11G,1
C5,PEX14,1
C5,PGLS,0.0045250203920989265
C5,PHF11,1
C5,PHF13,1
C5,PHF21A,1
C5,PHGDH,0.029119535092427363
C5,PHKB,1
C5,PIGQ,0.021987982288611145
C5,PIH1D1,2.53894381142838e-4
C5,PILRA,1
C5,PIM2,0.017688277878219374
C5,PITX1,1
C5,PKNOX1,1
C5,PLAC9,1
C5,PLEKHO2,1
C5,PLIN2,0.15665798354622024
C5,PLK1,1
C5,PLK2,0.0025825069853354027
C5,PLLP,1
C5,PLP2,0.004168454692493292
C5,PLPPR2,0.0017104216714949388
C5,PLSCR1,0.02136612043411169
C5,PLTP,0.3053872059715721
C5,PLVAP,1
C5,PLXNA1,0.010470153244800282
C5,PLXND1,1
C5,PMP22,0.18017156726080338
C5,PNISR,0.5945799919049071
C5,PNMT,1.672168624802454e-7
C5,PNP,1
C5,PNPLA6,0.4136973131552454
C5,PODNL1,1
C5,PODXL,1
C5,POLR2E,3.007587760897165e-5
C5,POLR2J,6.611497949186724e-5
C5,POR,0.009375261087317293
C5,POSTN,0.11098053730634047
C5,PPHLN1,0.7304419327385056
C5,PPIB,1.5454369063956492e-6
C5,PPIH,0.8032718900349842
C5,PPM1G,0.001182861472574611
C5,PPP1R1A,0.18017156726080338
C5,PPP1R1B,0.002107259368193318
C5,PPP1R37,0.11881669762030456
C5,PRKAB1,0.14646974140931107
C5,PRKCSH,1.0950716184725233e-6
C5,PROSER1,0.6975052662775587
C5,PRPF6,1
C5,PRPSAP1,1
C5,PSCA,1
C5,PSMD4,0.21040308454010562
C5,PSTPIP1,1
C5,PTGDS,0.0519644644415786
C5,PTOV1,1.3795124674244583e-7
C5,PTP4A3,0.11881669762030456
C5,PTPRC,0.10327402387290932
C5,PTPRJ,0.8426706674219459
C5,PTRF,1
C5,PTRH1,1
C5,PTTG1,1
C5,PUS3,1
C5,PWP1,0.48685006922455526
C5,PWWP2B,3.4071646930337743e-4
C5,PXDN,0.004689170142444796
C5,PYURF,0.008795707067522208
C5,QSOX1,9.240032662089133e-7
C5,R3HDM2,0.10236992318005529
C5,RAB11FIP1,0.8111621129928963
C5,RAB3A,1
C5,RAB3GAP1,0.09255699208965959
C5,RAB3IL1,1
C5,RABGAP1L,0.3185094036520164
C5,RALBP1,0.24807791988912264
C5,RALGAPA2,0.7449724206146323
C5,RAMP2,1
C5,RAP1B,0.523899264145372
C5,RARS2,1
C5,RASA2,1
C5,RASGRP2,1
C5,RASSF3,0.9108532442903572
C5,RBL1,1
C5,RBM42,1.6858345548289143e-4
C5,RECQL4,1
C5,RECQL5,0.3552486857807593
C5,REEP6,1
C5,RGS1,1
C5,RHOB,1.346292683232526e-4
C5,RIOK1,0.9680300919932546
C5,RMND1,1
C5,RNASET2,8.684160859745373e-4
C5,RND3,0.13369579949247087
C5,RNF135,0.11346762202491195
C5,RNF170,1
C5,RRAS,0.005560218940432737
C5,RRM2,0.01001945768473266
C5,RSL1D1,0.7178163313536371
C5,RSRP1,0.01965928619514491
C5,RUVBL1,0.023705768342363154
C5,S100A14,0.08293535549472221
C5,S100A9,0.01001945768473266
C5,SAMM50,0.01201886272561381
C5,SASH1,1
C5,SAT1,1.672168624802454e-7
C5,SCAF1,0.1969974053731592
C5,SCD,5.592828141235371e-7
C5,SCNN1D,1
C5,SCX,1
C5,SDHB,1
C5,SEC14L2,1
C5,SEC23A,1
C5,SEMA3B,1
C5,SEMA4B,2.3669296967320644e-4
C5,SF3B4,0.34659680294868833
C5,SFSWAP,0.00552024086612954
C5,SGTA,9.477624072830685e-4
C5,SH3BP5L,0.2461335961307846
C5,SIGLEC1,1
C5,SIGMAR1,1
C5,SLC16A2,0.8477232590680773
C5,SLC16A3,0.0016586014033527596
C5,SLC22A18,0.028378854736095884
C5,SLC25A24,0.009367919927199124
C5,SLC2A1,1
C5,SLC2A8,1
C5,SLC35A2,0.07265524131457948
C5,SLC39A6,0.1139920437597441
C5,SLC43A1,1
C5,SLC4A5,0.5018090109432719
C5,SLC8B1,1
C5,SLC9A3R2,9.113460769299004e-5
C5,SLC9A8,1
C5,SLFN13,1
C5,SLPI,0.21135642550473815
C5,SMCHD1,0.3738839385896315
C5,SMG9,0.7449724206146323
C5,SMYD2,0.7561286289610849
C5,SNAPC3,1
C5,SNF8,0.004741358788064942
C5,SNRPD3,0.001514941317546682
C5,SNTA1,1
C5,SNX33,0.07572599867329136
C5,SNX8,0.2766812660002373
C5,SOD3,1
C5,SOS2,0.5838103364074683
C5,SOX4,2.546360896235068e-5
C5,SP6,1
C5,SPAG9,0.5057811412128842
C5,SPARC,0.13262506911327832
C5,SPIN1,0.01001945768473266
C5,SPSB1,1
C5,SRGN,0.3721310844018037
C5,SRPX2,0.8119046327762471
C5,SRR,1
C5,SRRT,0.02798498290253136
C5,SRSF1,0.0045250203920989265
C5,SRSF5,0.001537151780317793
C5,SSSCA1,0.3182764803021534
C5,STAMBP,1
C5,STAT5A,1
C5,STK17A,0.40334530936967083
C5,STK4,1
C5,STMN1,1.8234540581094858e-6
C5,STRN3,0.4709468980824025
C5,STT3A,1
C5,SUGP1,1
C5,SURF1,1
C5,SVIL,1
C5,SYDE1,1
C5,SYK,0.5206306346024889
C5,TACC3,0.36427326049868813
C5,TANC2,1
C5,TARBP1,0.5589293362381493
C5,TAX1BP1,1
C5,TAX1BP3,0.08346408537893861
C5,TBC1D10A,1
C5,TBC1D23,1
C5,TBCA,0.770006252708174
C5,TBXAS1,0.9823707499757829
C5,TCEA2,1
C5,TCEA3,0.16961606800619608
C5,TCF25,8.659166631550424e-6
C5,TDRD3,1
C5,TESK1,0.021716241729562404
C5,TESMIN,0.962594235869879
C5,TEX10,1
C5,TEX2,1
C5,TFF3,3.6509944101193135e-7
C5,TGFBR2,1
C5,THBS1,0.223307875277637
C5,THOC5,1
C5,THOC6,1
C5,TIGD5,0.13397430857892842
C5,TIMP1,6.0710692971269587e-5
C5,TJP3,1
C5,TM7SF2,1.7600049543169772e-5
C5,TMBIM6,2.826548923640253e-6
C5,TMEM101,1
C5,TMEM123,0.012906320191116923
C5,TMEM14B,0.013166484303981589
C5,TMEM160,1.7487428471550025e-4
C5,TMEM184A,0.005552469086391606
C5,TMEM259,0.017397295881849673
C5,TMEM45B,1
C5,TMEM86A,0.13369579949247087
C5,TMX1,0.3506341336382201
C5,TNC,0.002505800975065529
C5,TNFRSF14,0.29292219660527696
C5,TNFRSF21,0.5820738131052534
C5,TNFRSF4,1
C5,TNNT1,0.030703865593780428
C5,TOM1L2,1
C5,TP53I3,0.010525041943122948
C5,TPM2,0.06853406005411039
C5,TRAC,1
C5,TRAF5,1
C5,TRAP1,0.13330161812236724
C5,TRAPPC4,0.27971259911855906
C5,TRIM14,0.18232547385944645
C5,TRIM22,0.03705657663111066
C5,TRIM25,1
C5,TRIM47,0.22530524093680132
C5,TSPAN33,1
C5,TSR2,1
C5,TTC31,0.2624949346332298
C5,TTI1,1
C5,TXN2,0.023705768342363154
C5,TXNDC17,0.24774200772836144
C5,TXNRD2,8.65151955194772e-4
C5,TYMS,0.027557204583657385
C5,TYROBP,0.11910735934215845
C5,UBA52,4.788212719890331e-11
C5,UBA6,1
C5,UBAP2L,0.00552024086612954
C5,UBE2C,0.008795707067522208
C5,UBE2T,0.14203128962681738
C5,UBE2W,0.5877255276718477
C5,UBL7,0.36118750338858224
C5,UBR2,0.3165554671598327
C5,UBXN1,0.08160049815573243
C5,UCK1,0.037543218041007215
C5,UFD1L,1
C5,UQCRC1,3.4899833577162974e-8
C5,UXS1,0.3053872059715721
C5,UXT,0.01190598787902711
C5,VARS,1.7509771391492127e-4
C5,VAV1,1
C5,VCAM1,1
C5,VEGFB,0.2578869929183434
C5,VIM,0.005509400518009851
C5,VPS13D,1
C5,VPS45,0.037411773988538906
C5,VWF,1
C5,WDFY3,0.7966571213745818
C5,WDR13,1
C5,WDR34,6.402115584016675e-7
C5,WDR46,0.11562936148947593
C5,WDR73,0.44970744080020286
C5,WDR74,1
C5,WIPF1,0.6479592711940108
C5,XAB2,0.027744650808523577
C5,XIAP,0.7099292669717364
C5,XPO6,0.006960473553466801
C5,YIPF4,0.05318837545312266
C5,YTHDC1,0.806800946190935
C5,ZDHHC12,2.405870026242113e-7
C5,ZFAND3,0.1534873207945493
C5,ZFP36,0.010525041943122948
C5,ZFPL1,0.011914076546490909
C5,ZFR,0.4136973131552454
C5,ZG16B,1
C5,ZMAT5,1
C5,ZMYND19,0.0036834788088107636
C5,ZMYND8,0.033384152178747475
C5,ZNF217,1
C5,ZNF337,0.235108238523565
C5,ZNF33B,0.16696564178074252
C5,ZNF362,0.235108238523565
C5,ZNF524,0.03737898482213681
C5,ZNF592,0.08293535549472221
C5,ZNF644,0.5539869483247045
C5,ZNF668,0.14608449273062835
C5,ZNF771,1
C5,ZNF787,0.003267932532423046
C5,ZNF791,1
C5,ZNF83,0.9289113931713626
C5,ZNF91,0.03729682677956737
C5,ZNRF1,0.18232547385944645
C5,ZSWIM8,0.007518416436944296
C6,A2M,0.155512971788793
C6,AAMDC,1
C6,ABCA3,1
C6,ABCA7,1
C6,ABCF3,0.03179237809310353
C6,ABHD14A,1
C6,ABHD4,1
C6,ACAA1,0.2243253821755818
C6,ACER3,1
C6,ACTR3B,0.536316872509991
C6,ADAM15,0.10013256202827307
C6,ADCY3,0.721509385841395
C6,ADI1,6.65380283328957e-6
C6,AEBP1,8.888648873283189e-5
C6,AES,1.182817320284986e-5
C6,AGAP2,1
C6,AGO2,0.822047798077592
C6,AGPAT2,4.2835435602414103e-5
C6,AGR2,0.006907573846823441
C6,AHCY,0.09323129419352366
C6,AKAP9,0.21052525198085126
C6,AKR1A1,0.009870391936799684
C6,AKT1S1,0.04240213602513267
C6,ALDH16A1,0.1569312948236573
C6,ALG3,0.4767815069895744
C6,ANGPTL4,1
C6,ANKLE2,0.4087292266785593
C6,ANKRD12,1
C6,ANKRD28,0.17989702921335682
C6,ANLN,0.03740255510032198
C6,ANO10,1
C6,AP5B1,1
C6,AP5Z1,0.14696354070059472
C6,APBA2,0.018723515758289642
C6,APBB2,1
C6,APOBEC3G,0.3903262980761947
C6,APOC1,1.023512745983333e-4
C6,AQP1,1
C6,ARF5,0.5617457502296079
C6,ARF6,0.007191724158550017
C6,ARFGEF2,0.7712983460167193
C6,ARHGAP10,1
C6,ARHGAP4,1
C6,ARHGAP45,1
C6,ARHGAP5,1
C6,ARHGEF10L,1
C6,ARHGEF3,0.38659611974944563
C6,ARHGEF40,1
C6,ARID1B,1
C6,ARID3A,0.5819288730621909
C6,ARID4A,1
C6,ARID5A,1
C6,ARID5B,0.04696610361507591
C6,ARNT,1
C6,ASCL2,1
C6,ASH2L,0.07104332065718028
C6,ASL,1
C6,ASMTL,1
C6,ASNA1,0.001242361428213819
C6,ASNS,1
C6,ATAD1,0.29003261299901495
C6,ATF6B,0.18157402988916585
C6,ATG12,1
C6,ATG16L2,1
C6,ATL2,0.2589019361555516
C6,ATP5H,0.14327899784579542
C6,ATP5O,0.22395845538634493
C6,ATP6AP1,0.0013833303911667061
C6,ATP6V0D1,0.2263802705567518
C6,AURKAIP1,0.14298712801611196
C6,AVEN,0.9810080900512508
C6,BABAM1,0.02804178322696273
C6,BAD,0.008366970263249252
C6,BAG1,0.5358776093202422
C6,BAIAP3,0.27971591185126743
C6,BCAM,2.7708407680093986e-7
C6,BCL2,1
C6,BCL2L12,0.44894565817103393
C6,BGN,1.378130820650013e-4
C6,BICDL1,0.4775703084492417
C6,BIN3,1
C6,BIRC2,1
C6,BIRC5,0.01801075854602681
C6,BLVRA,0.6006150698349566
C6,BOK,0.28301814613914716
C6,BOLA3,1
C6,BRD9,1
C6,BRF1,0.060229138823123696
C6,BRF2,1
C6,BRK1,1.182817320284986e-5
C6,BRPF1,1
C6,BSG,1.182817320284986e-5
C6,BST2,0.02501828366737161
C6,BTG1,0.0675377449366747
C6,C10orf10,1
C6,C10orf54,0.0722066735063502
C6,C12orf45,1
C6,C15orf61,1
C6,C19orf24,0.04340499035848044
C6,C19orf52,0.030929099712487914
C6,C19orf60,0.22310715439278125
C6,C1QB,1.0558364622156063e-5
C6,C1R,0.25121867764515815
C6,C1S,0.3340585739431392
C6,C1orf216,1
C6,C2,0.1457358292677524
C6,C2CD2L,1
C6,C3,0.09298273376701041
C6,C4orf48,2.2625178686049244e-4
C6,C5orf38,1
C6,C6orf136,1
C6,C6orf48,0.047031658731544995
C6,CADM4,0.003590997763415829
C6,CALML5,1
C6,CAMTA2,0.4153402582049684
C6,CAPG,0.01381483139094857
C6,CARS2,1
C6,CBLC,1
C6,CCDC106,0.09301993322894266
C6,CCDC167,0.05131145794850789
C6,CCDC57,0.25121867764515815
C6,CCDC80,1
C6,CCDC88B,0.12214709852001876
C6,CCL19,0.5819288730621909
C6,CCL2,0.4087292266785593
C6,CCL21,0.598877221782309
C6,CCM2,0.007985464630256418
C6,CCNB1,1
C6,CCNB1IP1,0.37784655274503054
C6,CCNE1,0.4394614129930621
C6,CCNE2,0.04327946347807871
C6,CCS,0.19274267070932724
C6,CCT4,0.0870680625298436
C6,CD14,0.17647789020225055
C6,CD320,0.8349769038663103
C6,CD3D,0.8240290726890169
C6,CD4,1
C6,CD52,0.2576587193114563
C6,CD68,0.01972989925926975
C6,CD74,6.984370166812404e-5
C6,CD79A,0.004978341842705993
C6,CDC20,0.07381343923773845
C6,CDC6,1
C6,CDH11,0.15095599303668444
C6,CDH3,1
C6,CDK5RAP1,1
C6,CENPF,0.4834401153888051
C6,CEP250,1
C6,CEP55,1
C6,CERCAM,1
C6,CERS5,0.49727729813987187
C6,CES2,1
C6,CFAP36,1
C6,CFDP1,1
C6,CGGBP1,0.001134614251177429
C6,CHCHD6,1
C6,CHD1,1
C6,CHD6,0.21052525198085126
C6,CHFR,1
C6,CHST11,0.9250293530617717
C6,CIR1,1
C6,CLASRP,1
C6,CLDN3,1.5854870866722977e-7
C6,CLDN4,2.6972249132573365e-6
C6,CLU,0.35790937682413254
C6,CNN2,5.158653014827942e-6
C6,COL14A1,1
C6,COL3A1,0.003963166045875307
C6,COL4A1,1
C6,COL6A2,0.010887373766428622
C6,COL8A2,0.692068760953187
C6,COMMD1,0.1785743346107885
C6,COMP,8.035613028065644e-5
C6,COPS7A,0.6945157372077035
C6,COQ4,0.02288305421485107
C6,CORO1A,1
C6,CORO1B,0.01691837803267074
C6,CORO2A,0.8006729994301217
C6,CORO7,0.8067961404304343
C6,COX5A,0.31021401648312935
C6,CPNE1,0.0010780723755653171
C6,CPSF1,0.05378588664516993
C6,CPVL,1
C6,CRABP2,7.240253742627892e-4
C6,CRACR2B,0.7068257074707714
C6,CRELD2,1
C6,CROCC,1
C6,CSF1,1
C6,CSF1R,0.22179914006068707
C6,CTDSPL,1
C6,CTIF,1
C6,CTSK,0.2451152001025047
C6,CTU2,1
C6,CUTC,0.536316872509991
C6,CUX1,0.5585443180405747
C6,CX3CL1,0.04850162081299078
C6,CXCL10,1
C6,CXXC5,0.024006611715713496
C6,CYP27A1,1
C6,DAPK3,3.864819401785437e-5
C6,DCAF6,0.39552384085837466
C6,DCXR,0.01796436820978054
C6,DDAH1,0.09927111540339913
C6,DDB2,1
C6,DDIT3,1
C6,DDRGK1,0.02242512702821868
C6,DDT,0.02804178322696273
C6,DEAF1,0.3037074695669935
C6,DENND1A,1
C6,DERL3,4.037936023679412e-4
C6,DESI1,1
C6,DHX16,0.9841838105807824
C6,DLG1,1
C6,DMAP1,0.015695367466354863
C6,DNAJB2,0.005956883950713318
C6,DNAJC1,1
C6,DNAJC7,0.9644828880205882
C6,DOCK6,0.1978476745507649
C6,DPH3,0.4394614129930621
C6,DPM2,0.07104332065718028
C6,DPP7,0.012938630033978243
C6,DPP9,0.13394032776634318
C6,DPYSL3,0.030929099712487914
C6,DVL1,0.8525596310633409
C6,EBAG9,1
C6,ECHDC2,0.49865982813958537
C6,ECM1,0.14761895091770166
C6,EFEMP2,1
C6,EFHD2,1
C6,EGFR,0.5705018558807202
C6,EIF1AD,1
C6,EIF3B,8.496257526045281e-4
C6,EIF3F,1
C6,EIF3G,0.056377911233746955
C6,ELN,1
C6,ELOF1,0.017706666976442246
C6,EMC3,0.35790937682413254
C6,ENPP1,1
C6,EPHB3,0.9946223248189606
C6,ERAL1,0.02518274064288876
C6,ERBB2,3.0003200790509324e-7
C6,ERI3,0.0021882113427694845
C6,ERMP1,1
C6,ESR1,1
C6,ETFB,0.0052419776457299574
C6,EVA1B,1
C6,EXD3,1
C6,EXO1,1
C6,EXOC5,0.02877412079529888
C6,EXOSC1,0.06256368862350133
C6,EXOSC10,0.06231506617247153
C6,EXOSC2,1
C6,EZH2,1
C6,FAAH,0.03435119569920901
C6,FADS2,8.888648873283189e-5
C6,FAH,1
C6,FAIM2,0.20808339195227438
C6,FAM102A,1
C6,FAM117A,0.7233241185950341
C6,FAM118A,1
C6,FAM160B1,1
C6,FAM173A,0.013888934832416851
C6,FAM193B,0.46021688601349964
C6,FAM213B,1
C6,FAM3A,1
C6,FAM45A,1
C6,FAP,1
C6,FARP1,0.0017430107459470328
C6,FARSB,0.02250458331508458
C6,FASN,6.771681782835212e-5
C6,FBF1,1
C6,FBLN2,0.12701847236545896
C6,FCER1G,0.5895150096698238
C6,FDPS,0.0011660180485295012
C6,FGFR1,0.002254716072890134
C6,FGFR4,0.40011772562818076
C6,FKBP10,0.056327820588330926
C6,FKBP8,0.0031902819067424664
C6,FLNA,4.856724909748917e-8
C6,FN1,0.002325942746582803
C6,FNBP4,0.7721434578256493
C6,FOXA1,8.307149817470973e-5
C6,FOXC1,1
C6,FOXP4,0.007734892735854633
C6,FSTL1,1.9501355334732443e-7
C6,FSTL3,0.21052525198085126
C6,FUOM,1
C6,FUS,1.182817320284986e-5
C6,FZD2,0.0036532147408083137
C6,GALK1,1
C6,GANAB,0.04850162081299078
C6,GAR1,1
C6,GAS6,0.974105839824345
C6,GATA3,0.14298712801611196
C6,GATC,0.05378588664516993
C6,GBP1,0.7226071000132255
C6,GBP2,1
C6,GBP3,1
C6,GBP4,1
C6,GBP5,1
C6,GEMIN4,1
C6,GLCCI1,0.04460927944104549
C6,GLG1,0.04385926607979936
C6,GLTSCR2,0.21052525198085126
C6,GMFG,0.1366498135232806
C6,GMPPA,0.6068523193441865
C6,GNAI2,0.00762268910691494
C6,GNAS,2.990305079937189e-7
C6,GNL2,1
C6,GPR108,1
C6,GPR160,1
C6,GPRC5A,0.012657164234897314
C6,GPS1,8.035613028065644e-5
C6,GPSM1,0.2947195298304977
C6,GPX3,0.02641620860846984
C6,GRB7,2.8769163523715593e-5
C6,GRK3,1
C6,GSK3A,0.003971554331715021
C6,GSTM3,1.1377784003313277e-4
C6,GYPC,1
C6,HAGHL,1
C6,HCFC1R1,0.0022429454359584947
C6,HCST,1
C6,HDAC5,1
C6,HDAC6,1
C6,HELZ2,0.0014602593034221977
C6,HES1,0.05678846861443785
C6,HLA-B,1.2232290919007356e-4
C6,HLA-DMA,1
C6,HLA-DMB,0.3835507879364577
C6,HLA-DOA,0.5819288730621909
C6,HLA-DPA1,0.08398197480760906
C6,HLA-DPB1,0.8178817997838688
C6,HLA-DRA,0.024308871366097575
C6,HLA-DRB1,0.2616622450821517
C6,HMGB2,0.08557572999034296
C6,HNRNPUL2,0.014034801910293587
C6,HOOK3,0.2661659692769172
C6,HPS6,1
C6,HSD17B1,1
C6,HSPA4,0.4129820709289701
C6,HSPB1,0.0022429454359584947
C6,HSPB11,0.49727729813987187
C6,HYI,0.22998412268576143
C6,IDH3G,1
C6,IDUA,1
C6,IER5L,0.0015770604338143223
C6,IFI27,6.741124783923024e-8
C6,IFI27L1,1
C6,IFI44L,0.21436194412137707
C6,IGFBP2,3.654904676287081e-5
C6,IGFBP4,0.8603097650735753
C6,IGHA1,1.182817320284986e-5
C6,IGHG3,3.2223351879622976e-7
C6,IGHG4,0.11812676795617513
C6,IGHM,0.01881004810743284
C6,IGKC,1.8982848552709666e-9
C6,IGLC2,4.239668013066401e-6
C6,IGLC3,0.004436625773955196
C6,IGLC7,1
C6,IKZF3,0.10842943816403561
C6,IL10RA,1
C6,ILKAP,0.33194387096962763
C6,INAFM1,1
C6,INPP4B,0.09927111540339913
C6,INPP5D,1
C6,INPP5J,1
C6,INTS8,1
C6,ISG15,0.0022762106982366056
C6,ISLR,0.8006729994301217
C6,ITGA5,0.1879933333670623
C6,ITGB4,0.01691837803267074
C6,ITGB6,0.051562424463403915
C6,ITSN1,1
C6,JAG2,1
C6,JAK1,0.0013198449468694708
C6,JAK3,1
C6,JCHAIN,0.9142315408823212
C6,JMJD6,1
C6,KAT6B,1
C6,KATNA1,1
C6,KCNAB2,0.9841838105807824
C6,KCTD10,1
C6,KDM4B,0.013330377102019723
C6,KIAA0895L,0.25121867764515815
C6,KIAA1211L,1
C6,KIAA1217,0.14298712801611196
C6,KIAA1468,0.05314398523647248
C6,KIAA1715,1
C6,KIF13B,0.17878144690214806
C6,KIF2C,1
C6,KLF9,1
C6,KMT2B,0.05272382919287579
C6,KMT2E,1
C6,KPNB1,0.014034801910293587
C6,KRAS,0.37784655274503054
C6,KRT10,0.17765612299860528
C6,KRT17,1
C6,KRT5,1
C6,KRT8,0.0012394675549480534
C6,KRT86,0.007264054203993681
C6,LAMB2,1
C6,LAMTOR2,0.050393202487805086
C6,LANCL1,1
C6,LARP1B,1
C6,LARP7,1
C6,LCK,1
C6,LCP1,5.158653014827942e-6
C6,LGALS1,4.367069489378891e-4
C6,LIMCH1,0.02877412079529888
C6,LIMK1,0.09050083566309142
C6,LINC00176,0.14696354070059472
C6,LINGO1,1
C6,LLGL1,1
C6,LMF1,1
C6,LMNA,0.0011860665104945003
C6,LRRC8A,0.08833420090789297
C6,LRWD1,0.0969984461375291
C6,LST1,1
C6,LTB4R,0.9168170310294259
C6,LTBP3,3.6579707996166356e-5
C6,LTF,1
C6,LUC7L,0.11673977450595889
C6,LUC7L3,4.3411432522988955e-4
C6,LUM,0.09922315204327276
C6,LYL1,1
C6,MAGEF1,0.007734892735854633
C6,MAGI1,1
C6,MAGOHB,0.7450369154246246
C6,MAP1S,1
C6,MAP3K14,1
C6,MAP3K6,1
C6,MAP4K2,0.9492960214630574
C6,MAPK9,1
C6,MAPKAPK5,0.5004034936020314
C6,MARS,0.02524526375419312
C6,MAVS,1
C6,MCTS1,1
C6,MDM2,1
C6,MED13L,1
C6,MED25,0.31021401648312935
C6,MELK,1
C6,MEN1,1
C6,METTL12,1
C6,METTL16,0.49727729813987187
C6,MFAP4,0.8096012274628046
C6,MFSD3,0.09746106463022454
C6,MFSD7,1
C6,MGMT,0.3022307226640857
C6,MGP,5.733092655549755e-5
C6,MIB2,1
C6,MICAL1,0.5004034936020314
C6,MICALL2,1
C6,MID1IP1,0.006532708939888097
C6,MIF,0.10129471683284055
C6,MIIP,0.9390730114500627
C6,MKI67,0.06661974609222912
C6,MKNK1,0.4767815069895744
C6,MLLT4,0.2646032198055857
C6,MLPH,0.002274535633932145
C6,MLST8,0.007326897743724178
C6,MMP11,0.07535655867464208
C6,MMP9,1
C6,MORC2,0.05778387198913794
C6,MPND,0.2432186744697495
C6,MPST,0.010887373766428622
C6,MRPL2,1
C6,MRPL21,0.33696599174292236
C6,MRPL23,1
C6,MRPL51,0.0597961539083156
C6,MRPL54,0.21052525198085126
C6,MRPS22,1
C6,MS4A6A,0.5677761928466825
C6,MST1R,1
C6,MTG2,0.8178817997838688
C6,MTMR12,0.20808339195227438
C6,MUC1,0.032442333896772035
C6,MUCL1,4.367069489378891e-4
C6,MUS81,0.2242298459883154
C6,MVP,0.0356826743979002
C6,MX2,0.3995067918900474
C6,MYBL2,0.5585443180405747
C6,MYC,0.19809625424398367
C6,MYH10,0.10805414236734784
C6,MYL12B,1.1637108519685859e-4
C6,MYL6B,0.511130531735092
C6,MYL9,2.2706944698874304e-6
C6,MYO1G,1
C6,MYO9B,0.07381343923773845
C6,MZT2A,0.029300256584344927
C6,NAA10,1
C6,NANS,0.5585443180405747
C6,NAT1,1
C6,NCKAP1L,1
C6,NCKAP5L,0.513992147091267
C6,NDC80,1
C6,NDRG1,1
C6,NDUFA1,0.09927111540339913
C6,NDUFA12,0.00266225427537386
C6,NDUFB2,1.2232290919007356e-4
C6,NDUFB3,0.5295461185944377
C6,NDUFB9,2.0512696623671376e-6
C6,NDUFC1,1
C6,NDUFS1,1
C6,NDUFV3,0.014491751441705981
C6,NEBL,1
C6,NEK7,1
C6,NELFE,0.10306898140604011
C6,NFATC4,0.0317487700088504
C6,NFIC,0.10175188621533472
C6,NINJ1,6.74298027732359e-4
C6,NIT2,0.8226675530930067
C6,NMRAL1,8.558748530332091e-4
C6,NR1H2,0.20643583612413513
C6,NR4A1,1
C6,NRP1,1
C6,NSMCE1,1
C6,NTMT1,0.6685663367971681
C6,NUF2,1
C6,NUP214,0.4220809393070444
C6,NUP93,0.005516353480934947
C6,NXN,1
C6,OASL,1
C6,OGFRL1,1
C6,OPTN,1
C6,ORC2,0.07708935458267974
C6,ORC6,1
C6,OSBPL8,0.3903262980761947
C6,P4HA2,1
C6,PAF1,1
C6,PAFAH1B3,0.5579659529247514
C6,PAQR4,0.36237773368180565
C6,PARN,1
C6,PCCB,0.19170007571883038
C6,PCIF1,0.05378588664516993
C6,PDCD5,1
C6,PDGFRA,1
C6,PDGFRB,1
C6,PER1,1
C6,PEX11G,1
C6,PEX14,1
C6,PGLS,0.5682656207444635
C6,PHF11,1
C6,PHF13,1
C6,PHF21A,1
C6,PHGDH,1.378130820650013e-4
C6,PHKB,0.4767815069895744
C6,PIGQ,0.021482616281797307
C6,PIH1D1,0.5686378805999983
C6,PILRA,0.014542737307285974
C6,PIM2,1
C6,PITX1,1
C6,PKNOX1,1
C6,PLAC9,1
C6,PLEKHO2,0.3391023012257638
C6,PLIN2,1
C6,PLK1,1
C6,PLK2,0.28137072229751314
C6,PLLP,0.19757727007628995
C6,PLP2,1
C6,PLPPR2,0.6745887280275532
C6,PLSCR1,1
C6,PLTP,0.2706865232155945
C6,PLVAP,1
C6,PLXNA1,0.0317487700088504
C6,PLXND1,0.5705018558807202
C6,PMP22,1
C6,PNISR,1
C6,PNMT,1.2484149672770592e-4
C6,PNP,1
C6,PNPLA6,1
C6,PODNL1,1
C6,PODXL,0.651410674103124
C6,POLR2E,0.004168357504500401
C6,POLR2J,4.2835435602414103e-5
C6,POR,0.10240662475742299
C6,POSTN,0.01872679905355163
C6,PPHLN1,0.10186766846929342
C6,PPIB,0.0019430955471633497
C6,PPIH,0.5082896475102109
C6,PPM1G,0.009460228701944627
C6,PPP1R1A,0.02129334450142438
C6,PPP1R1B,0.0022429454359584947
C6,PPP1R37,1
C6,PRKAB1,0.02129334450142438
C6,PRKCSH,1.2232290919007356e-4
C6,PROSER1,0.04696610361507591
C6,PRPF6,0.04460927944104549
C6,PRPSAP1,1
C6,PSCA,1
C6,PSMD4,0.11176216541152363
C6,PSTPIP1,1
C6,PTGDS,0.11948482865075113
C6,PTOV1,1.023512745983333e-4
C6,PTP4A3,0.1117422614590368
C6,PTPRC,1
C6,PTPRJ,0.41645241263794097
C6,PTRF,0.02804178322696273
C6,PTRH1,1
C6,PTTG1,1
C6,PUS3,1
C6,PWP1,0.13394032776634318
C6,PWWP2B,0.07104332065718028
C6,PXDN,0.21736191052112155
C6,PYURF,1
C6,QSOX1,8.13174791317093e-5
C6,R3HDM2,0.1651242596646971
C6,RAB11FIP1,1
C6,RAB3A,0.6702548868562018
C6,RAB3GAP1,0.44431397857067845
C6,RAB3IL1,1
C6,RABGAP1L,0.008340701952171238
C6,RALBP1,1
C6,RALGAPA2,1
C6,RAMP2,1
C6,RAP1B,1
C6,RARS2,1
C6,RASA2,0.11176216541152363
C6,RASGRP2,1
C6,RASSF3,1
C6,RBL1,1
C6,RBM42,0.03664231206031417
C6,RECQL4,1
C6,RECQL5,0.09927111540339913
C6,REEP6,1
C6,RGS1,0.974105839824345
C6,RHOB,0.03179347323940159
C6,RIOK1,0.7324829487791802
C6,RMND1,1
C6,RNASET2,0.005584391575926215
C6,RND3,0.21052525198085126
C6,RNF135,0.21736191052112155
C6,RNF170,1
C6,RRAS,1
C6,RRM2,0.0022762106982366056
C6,RSL1D1,1
C6,RSRP1,0.3995067918900474
C6,RUVBL1,1
C6,S100A14,1
C6,S100A9,0.0040602738171931
C6,SAMM50,0.5953147592522652
C6,SASH1,0.010887373766428622
C6,SAT1,8.219459459154766e-6
C6,SCAF1,0.03716358036864036
C6,SCD,0.0011660180485295012
C6,SCNN1D,1
C6,SCX,0.28301814613914716
C6,SDHB,1
C6,SEC14L2,1
C6,SEC23A,0.3420504613520726
C6,SEMA3B,1
C6,SEMA4B,0.0035040757846288824
C6,SF3B4,0.004572584966545859
C6,SFSWAP,1
C6,SGTA,6.527990622207154e-6
C6,SH3BP5L,1
C6,SIGLEC1,1
C6,SIGMAR1,0.14327899784579542
C6,SLC16A2,1
C6,SLC16A3,0.08703808840983336
C6,SLC22A18,1
C6,SLC25A24,0.024929148181749065
C6,SLC2A1,1
C6,SLC2A8,0.24806732969462036
C6,SLC35A2,0.3815971789179439
C6,SLC39A6,0.001242361428213819
C6,SLC43A1,1
C6,SLC4A5,1
C6,SLC8B1,0.3206022566598769
C6,SLC9A3R2,0.015970386277263916
C6,SLC9A8,0.2609687586780902
C6,SLFN13,1
C6,SLPI,1
C6,SMCHD1,1
C6,SMG9,0.31021401648312935
C6,SMYD2,0.536316872509991
C6,SNAPC3,1
C6,SNF8,0.03435119569920901
C6,SNRPD3,3.838305636262091e-4
C6,SNTA1,1
C6,SNX33,1
C6,SNX8,0.020733285446695553
C6,SOD3,0.013085286112821832
C6,SOS2,1
C6,SOX4,0.018797427383161456
C6,SP6,1
C6,SPAG9,1
C6,SPARC,0.047741516893199894
C6,SPIN1,0.2495119677500203
C6,SPSB1,0.5827940223998503
C6,SRGN,1
C6,SRPX2,1
C6,SRR,0.06256368862350133
C6,SRRT,0.07784433962771822
C6,SRSF1,0.21052525198085126
C6,SRSF5,0.005789976922866589
C6,SSSCA1,0.3995067918900474
C6,STAMBP,1
C6,STAT5A,0.8603097650735753
C6,STK17A,0.5473802506803491
C6,STK4,1
C6,STMN1,1.665839365453159e-5
C6,STRN3,1
C6,STT3A,1
C6,SUGP1,1
C6,SURF1,0.4394614129930621
C6,SVIL,0.6953141856227564
C6,SYDE1,1
C6,SYK,1
C6,TACC3,1
C6,TANC2,0.4608918391464226
C6,TARBP1,0.974105839824345
C6,TAX1BP1,0.974105839824345
C6,TAX1BP3,0.3742203684712791
C6,TBC1D10A,0.649782021000176
C6,TBC1D23,1
C6,TBCA,1
C6,TBXAS1,1
C6,TCEA2,0.21052525198085126
C6,TCEA3,1
C6,TCF25,0.0015058005641135123
C6,TDRD3,1
C6,TESK1,0.013420876471299399
C6,TESMIN,1
C6,TEX10,1
C6,TEX2,0.1686054508985093
C6,TFF3,2.990305079937189e-7
C6,TGFBR2,1
C6,THBS1,0.007880289493672471
C6,THOC5,1
C6,THOC6,1
C6,TIGD5,0.5827940223998503
C6,TIMP1,0.007264054203993681
C6,TJP3,1
C6,TM7SF2,0.0019002280926993676
C6,TMBIM6,1.1873953797269389e-4
C6,TMEM101,1
C6,TMEM123,0.010189885926741913
C6,TMEM14B,0.4665283640403855
C6,TMEM160,0.0017430107459470328
C6,TMEM184A,0.05453072933897812
C6,TMEM259,0.037836397747124835
C6,TMEM45B,1
C6,TMEM86A,0.01570198695491104
C6,TMX1,1
C6,TNC,0.020580559833843833
C6,TNFRSF14,1
C6,TNFRSF21,1
C6,TNFRSF4,1
C6,TNNT1,0.047031658731544995
C6,TOM1L2,0.8096012274628046
C6,TP53I3,1
C6,TPM2,0.019251023017697894
C6,TRAC,1
C6,TRAF5,0.15095599303668444
C6,TRAP1,0.07647460714894395
C6,TRAPPC4,0.5953157926119504
C6,TRIM14,0.20902334197518113
C6,TRIM22,0.2681805867913649
C6,TRIM25,1
C6,TRIM47,1
C6,TSPAN33,1
C6,TSR2,1
C6,TTC31,1
C6,TTI1,1
C6,TXN2,0.0192898150473377
C6,TXNDC17,0.017175114331620986
C6,TXNRD2,0.1366498135232806
C6,TYMS,0.13394032776634318
C6,TYROBP,0.07647460714894395
C6,UBA52,5.158653014827942e-6
C6,UBA6,0.6611162898405331
C6,UBAP2L,0.0014602593034221977
C6,UBE2C,1
C6,UBE2T,0.11025232591502891
C6,UBE2W,1
C6,UBL7,0.07381343923773845
C6,UBR2,1
C6,UBXN1,1
C6,UCK1,0.010974347703542055
C6,UFD1L,0.04812982133138493
C6,UQCRC1,0.0014727476090276225
C6,UXS1,0.1117422614590368
C6,UXT,0.5033306844186125
C6,VARS,0.7392754010246152
C6,VAV1,1
C6,VCAM1,1
C6,VEGFB,0.14327899784579542
C6,VIM,0.05143102027532141
C6,VPS13D,1
C6,VPS45,1
C6,VWF,0.974105839824345
C6,WDFY3,0.974105839824345
C6,WDR13,1
C6,WDR34,0.07104332065718028
C6,WDR46,0.025693569178331873
C6,WDR73,0.9152359181686063
C6,WDR74,0.04047089756232332
C6,WIPF1,1
C6,XAB2,0.024006611715713496
C6,XIAP,1
C6,XPO6,0.7403032760962186
C6,YIPF4,1
C6,YTHDC1,0.19632814916531557
C6,ZDHHC12,0.0013198449468694708
C6,ZFAND3,0.20713064756493266
C6,ZFP36,0.2242298459883154
C6,ZFPL1,1
C6,ZFR,1
C6,ZG16B,1
C6,ZMAT5,0.07802357806695656
C6,ZMYND19,1
C6,ZMYND8,0.5819288730621909
C6,ZNF217,1
C6,ZNF337,0.07802357806695656
C6,ZNF33B,1
C6,ZNF362,0.22104565508555932
C6,ZNF524,1
C6,ZNF592,0.9295992220535805
C6,ZNF644,1
C6,ZNF668,0.08529430803673041
C6,ZNF771,1
C6,ZNF787,0.18581988841284047
C6,ZNF791,1
C6,ZNF83,1
C6,ZNF91,0.1441318601135656
C6,ZNRF1,1
C6,ZSWIM8,0.06661974609222912
D1,A2M,0.0011384392613305692
D1,AAMDC,1
D1,ABCA3,1
D1,ABCA7,1
D1,ABCF3,0.04408003257818209
D1,ABHD14A,1
D1,ABHD4,0.11645476704703275
D1,ACAA1,1
D1,ACER3,0.402879486412138
D1,ACTR3B,0.67507747626201
D1,ADAM15,1.9805737376733978e-8
D1,ADCY3,1
D1,ADI1,0.05335408266140063
D1,AEBP1,2.9913854359787507e-9
D1,AES,2.2801437153871142e-8
D1,AGAP2,0.5132161193610996
D1,AGO2,0.21389082711985558
D1,AGPAT2,0.007809370317387355
D1,AGR2,0.017993466591305747
D1,AHCY,0.0032060655494236985
D1,AKAP9,1
D1,AKR1A1,1
D1,AKT1S1,0.023720238559515747
D1,ALDH16A1,1
D1,ALG3,1
D1,ANGPTL4,1
D1,ANKLE2,0.4070905213502625
D1,ANKRD12,1
D1,ANKRD28,1
D1,ANLN,0.1291915829013172
D1,ANO10,1
D1,AP5B1,1
D1,AP5Z1,1
D1,APBA2,1
D1,APBB2,0.16355438265179725
D1,APOBEC3G,1
D1,APOC1,0.5334729776301353
D1,AQP1,1
D1,ARF5,1
D1,ARF6,0.045521694971583586
D1,ARFGEF2,1
D1,ARHGAP10,1
D1,ARHGAP4,1
D1,ARHGAP45,0.34256997867861644
D1,ARHGAP5,1
D1,ARHGEF10L,1
D1,ARHGEF3,1
D1,ARHGEF40,1
D1,ARID1B,1
D1,ARID3A,1
D1,ARID4A,1
D1,ARID5A,0.5799614456357657
D1,ARID5B,1
D1,ARNT,0.009488161013744474
D1,ASCL2,0.043747226583481034
D1,ASH2L,0.11107846642394986
D1,ASL,0.11324343845274176
D1,ASMTL,1
D1,ASNA1,1.6511677609295736e-5
D1,ASNS,1
D1,ATAD1,1
D1,ATF6B,0.2898591679196171
D1,ATG12,0.13497382836509955
D1,ATG16L2,1
D1,ATL2,0.13552274616544294
D1,ATP5H,0.003995670661367786
D1,ATP5O,1
D1,ATP6AP1,0.021681248067879688
D1,ATP6V0D1,0.07040464211714823
D1,AURKAIP1,1
D1,AVEN,1
D1,BABAM1,1
D1,BAD,0.0020555840456367032
D1,BAG1,0.575296351899816
D1,BAIAP3,1
D1,BCAM,0.0020108185947887982
D1,BCL2,1
D1,BCL2L12,1
D1,BGN,0.007946212152661242
D1,BICDL1,1
D1,BIN3,1
D1,BIRC2,0.05422115871007876
D1,BIRC5,0.20100446371845532
D1,BLVRA,1
D1,BOK,0.014502687263212985
D1,BOLA3,0.24715725741174385
D1,BRD9,0.1959388288527024
D1,BRF1,0.04926266189131761
D1,BRF2,2.5644118556447788e-5
D1,BRK1,0.07231853858343308
D1,BRPF1,1
D1,BSG,8.167905396277609e-8
D1,BST2,0.004401794453866616
D1,BTG1,0.01240202044716892
D1,C10orf10,1
D1,C10orf54,1
D1,C12orf45,0.5575263215701423
D1,C15orf61,0.18564264827260157
D1,C19orf24,0.6539269701090309
D1,C19orf52,0.9793972962339234
D1,C19orf60,0.6815592104816727
D1,C1QB,0.01240202044716892
D1,C1R,1.1762170426119085e-4
D1,C1S,0.021659159253510814
D1,C1orf216,1
D1,C2,0.4676609379293909
D1,C2CD2L,0.03930911856642413
D1,C3,0.031133026792413074
D1,C4orf48,7.091393912210847e-8
D1,C5orf38,0.0020406417413168874
D1,C6orf136,0.2126482648088613
D1,C6orf48,1
D1,CADM4,1
D1,CALML5,7.025084093627803e-11
D1,CAMTA2,1
D1,CAPG,0.0840321384986909
D1,CARS2,1
D1,CBLC,1
D1,CCDC106,0.5312810961941462
D1,CCDC167,1
D1,CCDC57,0.8185584636849323
D1,CCDC80,1
D1,CCDC88B,1
D1,CCL19,1.914878842836747e-5
D1,CCL2,0.11104773225098073
D1,CCL21,0.014754865341963864
D1,CCM2,0.05416174776334406
D1,CCNB1,1
D1,CCNB1IP1,1
D1,CCNE1,1
D1,CCNE2,1
D1,CCS,0.08059704980535323
D1,CCT4,3.275697913491519e-4
D1,CD14,1
D1,CD320,0.0011384392613305692
D1,CD3D,1
D1,CD4,1
D1,CD52,1
D1,CD68,1
D1,CD74,0.048129492907910174
D1,CD79A,1
D1,CDC20,1
D1,CDC6,0.22503645151863338
D1,CDH11,0.003641707083415875
D1,CDH3,0.16504549133523042
D1,CDK5RAP1,1
D1,CENPF,1
D1,CEP250,0.8322048897979782
D1,CEP55,0.9716020381913181
D1,CERCAM,0.19778665608355492
D1,CERS5,1
D1,CES2,1
D1,CFAP36,1
D1,CFDP1,1
D1,CGGBP1,0.025331806548820016
D1,CHCHD6,1
D1,CHD1,1
D1,CHD6,1
D1,CHFR,1
D1,CHST11,1
D1,CIR1,1
D1,CLASRP,0.13497382836509955
D1,CLDN3,1.6647207253782904e-11
D1,CLDN4,1.3069524689494818e-7
D1,CLU,5.014027029240246e-6
D1,CNN2,1.9805737376733978e-8
D1,COL14A1,1
D1,COL3A1,2.104911287938522e-14
D1,COL4A1,0.08507124735144078
D1,COL6A2,3.68166541598264e-8
D1,COL8A2,0.04598375106468469
D1,COMMD1,1
D1,COMP,6.520637352416827e-8
D1,COPS7A,0.19503402580166398
D1,COQ4,0.09392096053461288
D1,CORO1A,1
D1,CORO1B,0.17935840270900613
D1,CORO2A,0.12043456871337872
D1,CORO7,0.09888143459227466
D1,COX5A,0.03930911856642413
D1,CPNE1,0.5132161193610996
D1,CPSF1,1
D1,CPVL,1
D1,CRABP2,2.7036195168862794e-5
D1,CRACR2B,0.0479333531488026
D1,CRELD2,1
D1,CROCC,0.2143595937035874
D1,CSF1,0.16315325175584255
D1,CSF1R,1
D1,CTDSPL,0.14398719904655144
D1,CTIF,1
D1,CTSK,1.8064441611919368e-6
D1,CTU2,0.03148363321638983
D1,CUTC,0.7087465629235321
D1,CUX1,0.00448494268834489
D1,CX3CL1,1
D1,CXCL10,0.07416729853107232
D1,CXXC5,0.004967246580097457
D1,CYP27A1,0.4095578304467261
D1,DAPK3,0.002420401864772674
D1,DCAF6,0.1749063279284943
D1,DCXR,0.12057739601434606
D1,DDAH1,1
D1,DDB2,1
D1,DDIT3,0.036433197324926114
D1,DDRGK1,0.6815592104816727
D1,DDT,0.840519311502961
D1,DEAF1,0.02709400254924931
D1,DENND1A,1
D1,DERL3,0.08330548347658903
D1,DESI1,1
D1,DHX16,0.55348380653682006
D1,DLG1,0.3273053134504936
D1,DMAP1,0.16213815821287816
D1,DNAJB2,7.87030048648456e-5
D1,DNAJC1,0.0023559041901091036
D1,DNAJC7,0.08609826886346984
D1,DOCK6,0.5831004942763796
D1,DPH3,1
D1,DPM2,0.0019418755633940866
D1,DPP7,1
D1,DPP9,1
D1,DPYSL3,3.814072439658656e-6
D1,DVL1,0.7232805413003346
D1,EBAG9,0.08497183132330881
D1,ECHDC2,1
D1,ECM1,1.1762170426119085e-4
D1,EFEMP2,0.01955198872359883
D1,EFHD2,0.010854742671346335
D1,EGFR,1
D1,EIF1AD,1
D1,EIF3B,0.0010599573657803165
D1,EIF3F,0.2143595937035874
D1,EIF3G,1
D1,ELN,0.043747226583481034
D1,ELOF1,1
D1,EMC3,0.0235811736763344
D1,ENPP1,0.1107200062708035
D1,EPHB3,8.278743810531272e-6
D1,ERAL1,0.5574476587558191
D1,ERBB2,8.222402411398988e-6
D1,ERI3,0.38105862229857
D1,ERMP1,0.3306673406410654
D1,ESR1,1
D1,ETFB,1
D1,EVA1B,0.3273053134504936
D1,EXD3,0.33342084099582303
D1,EXO1,1
D1,EXOC5,0.02938312100557302
D1,EXOSC1,0.3273053134504936
D1,EXOSC10,1
D1,EXOSC2,1
D1,EZH2,1
D1,FAAH,1
D1,FADS2,0.11846681448449929
D1,FAH,1
D1,FAIM2,1
D1,FAM102A,1
D1,FAM117A,0.33342084099582303
D1,FAM118A,1
D1,FAM160B1,0.0762057658842458
D1,FAM173A,0.006271565721426231
D1,FAM193B,0.7685941385240079
D1,FAM213B,0.5433614075798573
D1,FAM3A,1
D1,FAM45A,1
D1,FAP,0.8643699232999426
D1,FARP1,0.06965568101070115
D1,FARSB,1
D1,FASN,0.004803766583658528
D1,FBF1,1
D1,FBLN2,5.225670357456925e-7
D1,FCER1G,1
D1,FDPS,0.2898591679196171
D1,FGFR1,1
D1,FGFR4,0.28455835947476377
D1,FKBP10,0.40323598986646514
D1,FKBP8,1.7630574923620995e-5
D1,FLNA,2.5442601862585317e-9
D1,FN1,8.826226045750827e-14
D1,FNBP4,0.5041905441669937
D1,FOXA1,0.19662684310233972
D1,FOXC1,1
D1,FOXP4,0.011541817608955106
D1,FSTL1,0.004217157584839212
D1,FSTL3,0.5207888171053816
D1,FUOM,0.16202353604770214
D1,FUS,0.09342836143592276
D1,FZD2,0.00951134868221568
D1,GALK1,1
D1,GANAB,1.4191914265619929e-5
D1,GAR1,1
D1,GAS6,3.5552477251946174e-12
D1,GATA3,2.4416079436850013e-8
D1,GATC,0.008336616521328053
D1,GBP1,1
D1,GBP2,1
D1,GBP3,1
D1,GBP4,1
D1,GBP5,0.6604476428376552
D1,GEMIN4,0.3472933210619527
D1,GLCCI1,1
D1,GLG1,1
D1,GLTSCR2,0.989604582973516
D1,GMFG,1
D1,GMPPA,1
D1,GNAI2,0.009380268437697587
D1,GNAS,6.8622742086382215e-6
D1,GNL2,0.6781880047864229
D1,GPR108,0.19452593687787897
D1,GPR160,1
D1,GPRC5A,0.09298503423594487
D1,GPS1,0.07484109006091916
D1,GPSM1,0.007809370317387355
D1,GPX3,1
D1,GRB7,1.4758061996190583e-7
D1,GRK3,1
D1,GSK3A,0.10499776617598909
D1,GSTM3,0.28455835947476377
D1,GYPC,1
D1,HAGHL,0.2762183447611165
D1,HCFC1R1,9.981090689760568e-6
D1,HCST,1
D1,HDAC5,1
D1,HDAC6,1
D1,HELZ2,1
D1,HES1,0.5862676593569935
D1,HLA-B,0.13552274616544294
D1,HLA-DMA,0.34965641798762914
D1,HLA-DMB,0.587703480031209
D1,HLA-DOA,1
D1,HLA-DPA1,0.4591484295565186
D1,HLA-DPB1,0.7266210115154993
D1,HLA-DRA,0.16697482309962033
D1,HLA-DRB1,0.1291915829013172
D1,HMGB2,0.07599902507189747
D1,HNRNPUL2,0.047082591181210644
D1,HOOK3,1
D1,HPS6,1
D1,HSD17B1,0.20109272310252274
D1,HSPA4,1
D1,HSPB1,1.735241761856631e-9
D1,HSPB11,0.8166186049854205
D1,HYI,1
D1,IDH3G,1
D1,IDUA,1
D1,IER5L,0.00356563367425892
D1,IFI27,3.272807315371994e-8
D1,IFI27L1,1
D1,IFI44L,0.3072024267576522
D1,IGFBP2,8.826226045750827e-14
D1,IGFBP4,0.025530083199424635
D1,IGHA1,0.8667291000391513
D1,IGHG3,0.3191617349808238
D1,IGHG4,1
D1,IGHM,0.1557472029617144
D1,IGKC,0.2548679895914216
D1,IGLC2,1.914878842836747e-5
D1,IGLC3,5.443147169825463e-5
D1,IGLC7,0.26839116929245094
D1,IKZF3,1
D1,IL10RA,1
D1,ILKAP,1
D1,INAFM1,1
D1,INPP4B,1
D1,INPP5D,1
D1,INPP5J,1
D1,INTS8,0.18564264827260157
D1,ISG15,0.34111549491991916
D1,ISLR,1
D1,ITGA5,1
D1,ITGB4,0.3273053134504936
D1,ITGB6,4.5925884478114176e-7
D1,ITSN1,1
D1,JAG2,0.5575263215701423
D1,JAK1,1
D1,JAK3,1
D1,JCHAIN,1
D1,JMJD6,0.4523403231986691
D1,KAT6B,0.340315756936954
D1,KATNA1,0.6404345723579733
D1,KCNAB2,1
D1,KCTD10,0.05416174776334406
D1,KDM4B,0.5484048640550201
D1,KIAA0895L,0.2143595937035874
D1,KIAA1211L,0.2887515059771358
D1,KIAA1217,0.005101288243005363
D1,KIAA1468,1
D1,KIAA1715,1
D1,KIF13B,0.7740721720862567
D1,KIF2C,1
D1,KLF9,1
D1,KMT2B,1
D1,KMT2E,0.27460209313751266
D1,KPNB1,1
D1,KRAS,0.4014327700295878
D1,KRT10,0.007809370317387355
D1,KRT17,1
D1,KRT8,4.173572566049411e-9
D1,KRT86,1
D1,LAMB2,0.5700773368526383
D1,LAMTOR2,0.7297134230178423
D1,LANCL1,0.8012580081816546
D1,LARP1B,1
D1,LARP7,1
D1,LCK,1
D1,LCP1,1
D1,LGALS1,2.7127375486968095e-7
D1,LIMCH1,0.03285310630076118
D1,LIMK1,0.29010559755093734
D1,LINC00176,0.39124235103921456
D1,LINGO1,0.014754865341963864
D1,LLGL1,1
D1,LMF1,1
D1,LMNA,1.8523801526027522e-10
D1,LRRC8A,0.010539214805228111
D1,LRWD1,1
D1,LST1,1
D1,LTB4R,1
D1,LTBP3,6.94833432078358e-6
D1,LTF,0.361503593037291
D1,LUC7L,1
D1,LUC7L3,0.043747226583481034
D1,LUM,1.7830678471671113e-13
D1,LYL1,1
D1,MAGEF1,0.027373742889864987
D1,MAGI1,0.3640314754373074
D1,MAGOHB,1
D1,MAP1S,1
D1,MAP3K14,1
D1,MAP3K6,1
D1,MAP4K2,1
D1,MAPK9,1
D1,MAPKAPK5,0.18990372395615823
D1,MAPT,1
D1,MARS,0.5980910455685875
D1,MAVS,0.8702667839127315
D1,MCTS1,1
D1,MDM2,0.2779803837602906
D1,MED13L,1
D1,MED25,0.18990372395615823
D1,MELK,1
D1,MEN1,1
D1,METTL12,0.12736972965524293
D1,METTL16,0.9258333969110935
D1,MFAP4,1
D1,MFSD3,0.2890206716740037
D1,MFSD7,1
D1,MGMT,0.5041905441669937
D1,MGP,8.707917338104883e-4
D1,MIB2,0.28136856839252694
D1,MICAL1,1
D1,MICALL2,1
D1,MID1IP1,0.02972188027903427
D1,MIF,0.08803330801152807
D1,MIIP,0.47080040075962265
D1,MKI67,1
D1,MKNK1,0.8768491427969048
D1,MLLT4,0.47080040075962265
D1,MLPH,0.10498706113733627
D1,MLST8,0.18564264827260157
D1,MMP11,3.2100523886334912e-9
D1,MMP9,1
D1,MORC2,1
D1,MPND,1
D1,MPST,0.014108742073533966
D1,MRPL2,0.510543543276384
D1,MRPL21,0.017993466591305747
D1,MRPL23,0.0030486856584216746
D1,MRPL51,0.06248454707503047
D1,MRPL54,1
D1,MRPS22,0.0321365074172042
D1,MS4A6A,1
D1,MST1R,0.785990941472025
D1,MTG2,0.3103207755384383
D1,MTMR12,0.11104773225098073
D1,MUC1,0.09629605459442542
D1,MUCL1,0.0424064747240196
D1,MUS81,0.001249811816324166
D1,MVP,0.014754865341963864
D1,MX2,1
D1,MYBL2,1
D1,MYC,4.209341150252837e-4
D1,MYH10,0.5831004942763796
D1,MYL12B,0.0038694729018406903
D1,MYL6B,0.2143595937035874
D1,MYL9,9.886924561025032e-7
D1,MYO1G,1
D1,MYO9B,1
D1,MZT2A,4.5225298835925673e-4
D1,NAA10,0.3722356201031705
D1,NANS,1
D1,NAT1,1
D1,NCKAP1L,1
D1,NCKAP5L,1
D1,NDC80,1
D1,NDRG1,1.7535140763488865e-15
D1,NDUFA1,0.043747226583481034
D1,NDUFA12,0.09162095734555817
D1,NDUFB2,0.038545985579008846
D1,NDUFB3,0.05416174776334406
D1,NDUFB9,5.714294802585009e-6
D1,NDUFC1,0.12043456871337872
D1,NDUFS1,0.08991226246817428
D1,NDUFV3,0.0757594484844498
D1,NEBL,0.33401241171937485
D1,NEK7,0.8667291000391513
D1,NELFE,1
D1,NFATC4,0.0771437792704633
D1,NFIC,0.5575263215701423
D1,NINJ1,6.064078786968388e-5
D1,NIT2,0.021659159253510814
D1,NMRAL1,1
D1,NR1H2,1
D1,NR4A1,0.04297882901100381
D1,NRP1,1
D1,NSMCE1,0.3151242165163844
D1,NTMT1,1
D1,NUF2,1
D1,NUP214,0.5158734187821539
D1,NUP93,0.292015611537732
D1,NXN,0.5799614456357657
D1,OASL,1
D1,OGFRL1,1
D1,OPTN,1
D1,ORC2,1
D1,ORC6,0.5158734187821539
D1,OSBPL8,1
D1,P4HA2,1
D1,PAF1,1
D1,PAFAH1B3,1
D1,PAQR4,0.0479333531488026
D1,PARN,1
D1,PCCB,0.28319157372253345
D1,PCIF1,0.9044044829135003
D1,PDCD5,1
D1,PDGFRA,1
D1,PDGFRB,0.008908881723122456
D1,PER1,1
D1,PEX11G,1
D1,PEX14,1
D1,PGLS,0.16697482309962033
D1,PGR,1
D1,PHF11,1
D1,PHF13,1
D1,PHF21A,1
D1,PHGDH,0.8007372895846285
D1,PHKB,1
D1,PIGQ,1
D1,PIH1D1,1
D1,PILRA,1
D1,PIM2,0.5398117798165251
D1,PITX1,0.07846516744036254
D1,PKNOX1,1
D1,PLAC9,1
D1,PLEKHO2,1
D1,PLIN2,1
D1,PLK1,1
D1,PLK2,1
D1,PLLP,0.6404345723579733
D1,PLP2,0.021431095159501493
D1,PLPPR2,0.07484109006091916
D1,PLSCR1,1
D1,PLTP,1
D1,PLVAP,0.02294393964139978
D1,PLXNA1,0.2245035711157444
D1,PLXND1,2.3868548689451886e-8
D1,PMP22,0.0020406417413168874
D1,PNISR,1
D1,PNMT,0.5207888171053816
D1,PNP,0.2887515059771358
D1,PNPLA6,1
D1,PODNL1,1
D1,PODXL,0.3273053134504936
D1,POLR2E,0.0023589429715614287
D1,POLR2J,3.275697913491519e-4
D1,POR,0.7388703152241184
D1,POSTN,1.735241761856631e-9
D1,PPHLN1,0.7398024408927995
D1,PPIB,1
D1,PPIH,1
D1,PPM1G,0.0479333531488026
D1,PPP1R1A,3.693762909731616e-6
D1,PPP1R1B,0.008648724753337514
D1,PPP1R37,0.2502839419987985
D1,PRKAB1,1
D1,PRKCSH,1.3296983752986215e-4
D1,PROSER1,0.8931275542859454
D1,PRPF6,1
D1,PRPSAP1,1
D1,PSCA,0.07484109006091916
D1,PSMD4,1
D1,PSTPIP1,1
D1,PTGDS,1
D1,PTOV1,0.042262327821815
D1,PTP4A3,0.2245035711157444
D1,PTPRC,1
D1,PTPRJ,1
D1,PTRF,1.256277335611908e-4
D1,PTRH1,1
D1,PTTG1,1
D1,PUS3,1
D1,PWP1,0.37840016000966104
D1,PWWP2B,0.7734881019778387
D1,PXDN,0.19019272105413
D1,PYURF,0.8166186049854205
D1,QSOX1,1
D1,R3HDM2,0.02016671555160542
D1,RAB11FIP1,1.5809559166347686e-4
D1,RAB3A,1
D1,RAB3GAP1,1
D1,RAB3IL1,1
D1,RABGAP1L,1
D1,RALBP1,0.4777098010463285
D1,RALGAPA2,1
D1,RAMP2,1
D1,RAP1B,1
D1,RARS2,1
D1,RASA2,1
D1,RASGRP2,1
D1,RASSF3,1
D1,RBL1,1
D1,RBM42,1
D1,RECQL4,0.21432187983145493
D1,RECQL5,1
D1,REEP6,0.33473910795447587
D1,RGS1,1
D1,RHOB,1.6526546415344406e-4
D1,RIOK1,1
D1,RMND1,1
D1,RNASET2,0.887288023882982
D1,RND3,0.32586932676776653
D1,RNF135,0.5420786677633426
D1,RNF170,1
D1,RRAS,1
D1,RRM2,1.6526546415344406e-4
D1,RSL1D1,0.014754865341963864
D1,RSRP1,1
D1,RUVBL1,0.014167908965809573
D1,S100A14,2.6769744737967323e-16
D1,S100A9,0.004237074538487582
D1,SAMM50,1
D1,SASH1,0.18951532912571573
D1,SAT1,0.840519311502961
D1,SCAF1,1
D1,SCD,4.5225298835925673e-4
D1,SCNN1D,1
D1,SCX,0.0011384392613305692
D1,SDHB,0.06248454707503047
D1,SEC14L2,1
D1,SEC23A,0.858288445453306
D1,SEMA3B,1
D1,SEMA4B,0.028823846593339197
D1,SF3B4,0.09275405085636904
D1,SFRP1,1
D1,SFSWAP,1
D1,SGTA,1.914878842836747e-5
D1,SH3BP5L,1
D1,SIGLEC1,1
D1,SIGMAR1,0.4014327700295878
D1,SLC16A2,1
D1,SLC16A3,0.023720238559515747
D1,SLC22A18,0.35945897076755484
D1,SLC25A24,1
D1,SLC2A1,0.33059124104852666
D1,SLC2A8,1
D1,SLC35A2,0.0024062542480734004
D1,SLC39A6,0.2226949424227017
D1,SLC43A1,1
D1,SLC4A5,0.13779309695618094
D1,SLC8B1,1
D1,SLC9A3R2,0.3055046980603002
D1,SLC9A8,1
D1,SLFN13,1
D1,SLPI,1
D1,SMCHD1,1
D1,SMG9,1
D1,SMYD2,0.05150587523576408
D1,SNAPC3,0.08471123182639881
D1,SNF8,1
D1,SNRPD3,0.010539214805228111
D1,SNTA1,1
D1,SNX33,1
D1,SNX8,1
D1,SOD3,1
D1,SOS2,1
D1,SOX4,0.0020262033982371627
D1,SP6,0.0013024179764721392
D1,SPAG9,1
D1,SPARC,2.46788350693362e-10
D1,SPIN1,0.4689415133429389
D1,SPSB1,1
D1,SRGN,1
D1,SRPX2,1
D1,SRR,1
D1,SRRT,0.22881410099705424
D1,SRSF1,0.00448494268834489
D1,SRSF5,1
D1,SSSCA1,0.2762183447611165
D1,STAMBP,0.7266210115154993
D1,STAT5A,1
D1,STK17A,1
D1,STK4,1
D1,STMN1,0.08144636016039085
D1,STRN3,0.0013131268729045641
D1,STT3A,0.5068041497619797
D1,SUGP1,1
D1,SURF1,1
D1,SVIL,0.7232805413003346
D1,SYDE1,1
D1,SYK,1
D1,TACC3,0.08669565211379751
D1,TANC2,9.6650409238558e-5
D1,TARBP1,0.2887515059771358
D1,TAX1BP1,1
D1,TAX1BP3,0.7740721720862567
D1,TBC1D10A,1
D1,TBC1D23,0.7313900804087039
D1,TBCA,0.0010602815249244498
D1,TBXAS1,0.785990941472025
D1,TCEA2,1
D1,TCEA3,0.002104786591381981
D1,TCF25,0.8458588076726569
D1,TDRD3,1
D1,TESK1,1
D1,TESMIN,0.021681248067879688
D1,TEX10,0.20394344171742634
D1,TEX2,0.11104773225098073
D1,TFF3,1
D1,TGFBR2,1
D1,THBS1,3.944448437216002e-9
D1,THOC5,1
D1,THOC6,1
D1,TIGD5,0.037653096440118154
D1,TIMP1,0.09182585139853865
D1,TJP3,1
D1,TM7SF2,0.16213815821287816
D1,TMBIM6,0.013990604115886913
D1,TMEM101,1
D1,TMEM123,0.006314380738765561
D1,TMEM14B,1
D1,TMEM160,0.043730883233287665
D1,TMEM184A,1
D1,TMEM259,0.34965641798762914
D1,TMEM45B,0.002104786591381981
D1,TMEM86A,1
D1,TMX1,1
D1,TNC,0.2548679895914216
D1,TNFRSF14,0.8066742115421548
D1,TNFRSF21,1
D1,TNFRSF4,1
D1,TNNT1,1
D1,TOM1L2,0.5968353309759853
D1,TP53I3,1
D1,TPM2,0.0017675639848875521
D1,TRAC,1
D1,TRAF5,0.014754865341963864
D1,TRAP1,0.00787774522163814
D1,TRAPPC4,0.6273037597252143
D1,TRIM14,1
D1,TRIM22,1
D1,TRIM25,1
D1,TRIM47,1
D1,TSPAN33,1
D1,TSR2,0.6141025142828177
D1,TTC31,1
D1,TTI1,1
D1,TXN2,0.2245035711157444
D1,TXNDC17,0.006195540256782435
D1,TXNRD2,1
D1,TYMS,1
D1,TYROBP,1
D1,UBA52,0.008336616521328053
D1,UBA6,0.04290548244881848
D1,UBAP2L,0.010994422236910852
D1,UBE2C,1
D1,UBE2T,0.08803330801152807
D1,UBE2W,1
D1,UBL7,1
D1,UBR2,0.2245035711157444
D1,UBXN1,1
D1,UCK1,0.8653821810087883
D1,UFD1L,1
D1,UQCRC1,0.015327137483737612
D1,UXS1,2.666327335557537e-5
D1,UXT,1
D1,VARS,1
D1,VAV1,1
D1,VCAM1,0.021431095159501493
D1,VEGFB,0.011609559054168246
D1,VIM,0.014754865341963864
D1,VPS13D,1
D1,VPS45,1
D1,VWF,0.6523350774636625
D1,WDFY3,0.47080040075962265
D1,WDR13,0.6314343039738405
D1,WDR34,6.064078786968388e-5
D1,WDR46,0.16150436195860576
D1,WDR73,0.2287791681333903
D1,WDR74,1
D1,WIPF1,1
D1,XAB2,0.1574914965276373
D1,XIAP,0.8282611189417476
D1,XPO6,0.5575263215701423
D1,YIPF4,1
D1,YTHDC1,1
D1,ZDHHC12,4.654660879845335e-5
D1,ZFAND3,0.003340795939941151
D1,ZFP36,0.5334729776301353
D1,ZFPL1,0.9707522136309259
D1,ZFR,0.01380703644216493
D1,ZG16B,1
D1,ZMAT5,1
D1,ZMYND19,0.0014482036743383958
D1,ZMYND8,1
D1,ZNF217,0.7019776848444901
D1,ZNF337,1
D1,ZNF33B,0.758360857808552
D1,ZNF362,1
D1,ZNF524,1
D1,ZNF592,0.9707522136309259
D1,ZNF644,1
D1,ZNF668,0.009097396438299864
D1,ZNF771,1
D1,ZNF787,1
D1,ZNF791,1
D1,ZNF83,1
D1,ZNF91,1
D1,ZNRF1,0.4523403231986691
D1,ZSWIM8,0.4655839107286014
D2,A2M,9.055514404704053e-6
D2,AAMDC,0.2441018834616636
D2,ABCA3,1
D2,ABCA7,1
D2,ABCF3,6.2030994617935255e-6
D2,ABHD14A,1
D2,ABHD4,1
D2,ACAA1,1
D2,ACER3,0.48641182047104725
D2,ACTR3B,0.5554270169121287
D2,ADAM15,2.522304129361046e-13
D2,ADCY3,0.888052434120656
D2,ADI1,0.08128893923524723
D2,AEBP1,8.050232516487334e-15
D2,AES,5.321754649840407e-9
D2,AGAP2,0.04025805319894551
D2,AGO2,0.4230770682921521
D2,AGPAT2,5.275977276274435e-8
D2,AGR2,0.008385358236826991
D2,AHCY,0.0033945878110496585
D2,AKAP9,1
D2,AKR1A1,0.40722103625095263
D2,AKT1S1,4.25391047487369e-6
D2,ALDH16A1,1
D2,ALG3,0.002806570378162862
D2,ANGPTL4,1
D2,ANKLE2,0.062083190868621956
D2,ANKRD12,1
D2,ANKRD28,0.6637861236903602
D2,ANLN,1
D2,ANO10,1
D2,AP5B1,1
D2,AP5Z1,0.06134747989978216
D2,APBA2,1
D2,APBB2,0.503930697954341
D2,APOBEC3G,1
D2,APOC1,0.0074738207931284335
D2,AQP1,0.41339949894153616
D2,ARF5,0.3334543790306136
D2,ARF6,0.01540131642443671
D2,ARFGEF2,0.8556012909005329
D2,ARHGAP10,1
D2,ARHGAP4,0.9521946264407496
D2,ARHGAP45,1
D2,ARHGAP5,1
D2,ARHGEF10L,0.7093576142531239
D2,ARHGEF3,1
D2,ARHGEF40,1
D2,ARID1B,1
D2,ARID3A,0.32085511776163883
D2,ARID4A,1
D2,ARID5A,0.07308488277802268
D2,ARID5B,1
D2,ARNT,0.5260232383177313
D2,ASCL2,0.025021584341666948
D2,ASH2L,0.3469798932914316
D2,ASL,0.09474896908233552
D2,ASMTL,0.7319627113139838
D2,ASNA1,4.561214424953501e-8
D2,ASNS,1
D2,ATAD1,1
D2,ATF6B,0.09884241991423733
D2,ATG12,1
D2,ATG16L2,1
D2,ATL2,1
D2,ATP5H,0.002307299885709412
D2,ATP5O,0.0037665992382880566
D2,ATP6AP1,1.6867747752925732e-6
D2,ATP6V0D1,0.4749868420997757
D2,AURKAIP1,0.010480970620607453
D2,AVEN,1
D2,BABAM1,0.40870528497633557
D2,BAD,2.809712277221306e-9
D2,BAG1,0.11865671373779757
D2,BAIAP3,0.031021079963630918
D2,BCAM,0.1103334218908872
D2,BCL2,1
D2,BCL2L12,1
D2,BGN,6.308994046645385e-9
D2,BICDL1,0.5882844468061402
D2,BIN3,1
D2,BIRC2,0.12917802073020968
D2,BIRC5,0.0052442775231925105
D2,BLVRA,0.005755692862416083
D2,BOK,1.6637698707574e-5
D2,BOLA3,0.485571091223367
D2,BRD9,0.0037502448878941616
D2,BRF1,0.009953869969822607
D2,BRF2,1.6867747752925732e-6
D2,BRK1,0.49173262000325574
D2,BRPF1,1
D2,BSG,2.4449998898289757e-6
D2,BST2,2.4449998898289757e-6
D2,BTG1,0.00592349973759875
D2,C10orf10,1
D2,C10orf54,0.2478538278642722
D2,C12orf45,0.015289042157002237
D2,C15orf61,0.32879957140474275
D2,C19orf24,0.0037502448878941616
D2,C19orf52,1
D2,C19orf60,1
D2,C1QB,7.588392251837796e-8
D2,C1R,0.002646005685452351
D2,C1S,1
D2,C1orf216,1
D2,C2,1
D2,C2CD2L,0.08204292083846894
D2,C3,6.267165313547216e-5
D2,C4orf48,1.0227978913506325e-8
D2,C5orf38,1.8127570467935247e-6
D2,C6orf136,0.8782921592519146
D2,C6orf48,1
D2,CADM4,0.19315760954977906
D2,CALML5,5.776665036151288e-14
D2,CAMTA2,1
D2,CAPG,0.028976999203776967
D2,CARS2,0.1751112520009092
D2,CBLC,0.03083200808448323
D2,CCDC106,0.10633764468075657
D2,CCDC167,0.9511557598198914
D2,CCDC57,1.9939181440168615e-5
D2,CCDC80,1
D2,CCDC88B,1
D2,CCL19,4.25391047487369e-6
D2,CCL2,0.8419519586933497
D2,CCL21,1
D2,CCM2,0.0017901077490807427
D2,CCNB1,1
D2,CCNB1IP1,0.47531189048368816
D2,CCNE1,1
D2,CCNE2,9.027999015693345e-4
D2,CCS,0.002806570378162862
D2,CCT4,1.1477987268817871e-4
D2,CD14,7.927576535430754e-7
D2,CD320,0.08445876167194359
D2,CD3D,1
D2,CD4,1
D2,CD52,0.4794628800208059
D2,CD68,0.01787512561341239
D2,CD74,4.31198456414523e-6
D2,CD79A,0.2957334678623225
D2,CDC20,1
D2,CDC6,0.010286127730413524
D2,CDH11,1
D2,CDH3,0.22319719477759384
D2,CDK5RAP1,1
D2,CENPF,1
D2,CEP250,0.7080920398925815
D2,CEP55,0.6132677805785185
D2,CERCAM,0.888052434120656
D2,CERS5,1
D2,CES2,1
D2,CFAP36,0.3202940965831153
D2,CFDP1,0.1289150136555922
D2,CGGBP1,1
D2,CHCHD6,0.09472455933855937
D2,CHD1,1
D2,CHD6,1
D2,CHFR,1
D2,CHST11,1
D2,CIR1,1
D2,CLASRP,0.0013625260198677567
D2,CLDN3,1.0761830951940462e-12
D2,CLDN4,4.4486791132984525e-7
D2,CLU,7.084124693989143e-10
D2,CNN2,1.0861318539913457e-8
D2,COL14A1,1
D2,COL3A1,1.80452843997716e-10
D2,COL4A1,0.010873605876828271
D2,COL6A2,5.8929992654333985e-9
D2,COL8A2,1
D2,COMMD1,1
D2,COMP,1.624105161449092e-10
D2,COPS7A,0.08445876167194359
D2,COQ4,0.09474896908233552
D2,CORO1A,0.37193497954679233
D2,CORO1B,0.0037320435513175237
D2,CORO2A,0.8502859509335579
D2,CORO7,0.0884436196845389
D2,COX5A,0.07646131151135208
D2,CPNE1,0.004811790521650323
D2,CPSF1,0.04112320276625408
D2,CPVL,1
D2,CRABP2,5.01434060916976e-9
D2,CRACR2B,0.0011602602849141521
D2,CRELD2,1
D2,CROCC,0.26655507427616204
D2,CSF1,1
D2,CSF1R,0.0510635133095609
D2,CTDSPL,9.091243650423787e-5
D2,CTIF,1
D2,CTSK,0.7093576142531239
D2,CTU2,0.6813110875864575
D2,CUTC,0.3222299698050286
D2,CUX1,9.91137677731155e-4
D2,CX3CL1,1
D2,CXCL10,0.5517840888124272
D2,CXXC5,7.201202311269876e-9
D2,CYP27A1,1
D2,DAPK3,5.2814005689235676e-8
D2,DCAF6,0.4886744816878746
D2,DCXR,1.5415174113706197e-5
D2,DDAH1,1
D2,DDB2,0.8499659403146893
D2,DDIT3,0.01319654056931588
D2,DDRGK1,0.0011715656226918502
D2,DDT,0.026869000824759487
D2,DEAF1,1
D2,DENND1A,0.3469798932914316
D2,DERL3,1
D2,DESI1,1
D2,DHX16,0.5644003248137424
D2,DLG1,0.7935755294818002
D2,DMAP1,1
D2,DNAJB2,2.2659394174617145e-5
D2,DNAJC1,0.002083829495488828
D2,DNAJC7,0.0023759394477523986
D2,DOCK6,0.4943313359268321
D2,DPH3,1
D2,DPM2,0.0023759394477523986
D2,DPP7,0.0029208529315694867
D2,DPP9,1
D2,DPYSL3,0.0011279597937729488
D2,DVL1,0.04536378423092244
D2,EBAG9,0.19235106777800992
D2,ECHDC2,0.029023487719103708
D2,ECM1,1.2934021567766341e-9
D2,EFEMP2,0.0037067793928950983
D2,EFHD2,0.07751558486694335
D2,EGFR,1
D2,EIF1AD,0.35621959649903234
D2,EIF3B,0.0023759394477523986
D2,EIF3F,0.01090074455646659
D2,EIF3G,1
D2,ELN,1
D2,ELOF1,0.003779581805080668
D2,EMC3,0.026694577063567874
D2,ENPP1,0.7723215861075523
D2,EPHB3,3.167821291531375e-8
D2,ERAL1,0.032805343379783254
D2,ERBB2,5.01434060916976e-9
D2,ERI3,1.5075746986000448e-6
D2,ERMP1,1
D2,ESR1,1
D2,ETFB,0.061358270893358074
D2,EVA1B,0.0023759394477523986
D2,EXD3,0.08204292083846894
D2,EXO1,0.3995261114405292
D2,EXOC5,1
D2,EXOSC1,0.21913323263308332
D2,EXOSC10,0.0010574454854369777
D2,EXOSC2,0.2891706966013364
D2,EZH2,0.08773063463065868
D2,FAAH,1
D2,FADS2,1.0901163769047824e-4
D2,FAH,1
D2,FAIM2,1
D2,FAM102A,0.21701222551254457
D2,FAM117A,1
D2,FAM118A,1
D2,FAM160B1,1
D2,FAM173A,3.608020271216197e-5
D2,FAM193B,0.35046839059313734
D2,FAM213B,0.6132677805785185
D2,FAM3A,0.06134747989978216
D2,FAM45A,0.5540864595621965
D2,FAP,1
D2,FARP1,1
D2,FARSB,0.001668663556264393
D2,FASN,5.390940918674628e-7
D2,FBF1,1
D2,FBLN2,1.6867747752925732e-6
D2,FCER1G,0.41339949894153616
D2,FDPS,0.003155798697832013
D2,FGFR1,1
D2,FGFR4,0.09884241991423733
D2,FKBP10,0.010240363391992472
D2,FKBP8,1.401788039896957e-5
D2,FLNA,9.254106821623047e-17
D2,FN1,4.5107205513406703e-10
D2,FNBP4,1
D2,FOXA1,1.0320411286511326e-4
D2,FOXC1,1
D2,FOXP4,4.372965886606547e-7
D2,FSTL1,2.5028300701689636e-4
D2,FSTL3,0.00916732193805069
D2,FUOM,0.025248348324624595
D2,FUS,0.0012069364450511023
D2,FZD2,8.81994907568484e-5
D2,GALK1,0.10934732042339311
D2,GANAB,3.421343519635792e-6
D2,GAR1,0.03083200808448323
D2,GAS6,5.805453880802295e-10
D2,GATA3,2.7670872058085336e-8
D2,GATC,0.007784856582453365
D2,GBP1,1
D2,GBP2,0.3439410471255918
D2,GBP3,1
D2,GBP4,1
D2,GBP5,1
D2,GEMIN4,1
D2,GLCCI1,0.6316790308246912
D2,GLG1,0.08426212834998656
D2,GLTSCR2,0.8782921592519146
D2,GMFG,1
D2,GMPPA,0.09884241991423733
D2,GNAI2,5.319809809977785e-5
D2,GNAS,4.2642412221669184e-6
D2,GNL2,0.10146822514355802
D2,GPR108,0.7128758457522673
D2,GPR160,0.008385358236826991
D2,GPRC5A,0.003610508888363414
D2,GPS1,0.010944916066898439
D2,GPSM1,1.178350019751283e-5
D2,GPX3,0.08618809086890412
D2,GRB7,5.2814005689235676e-8
D2,GRK3,1
D2,GSK3A,0.2932661158872225
D2,GSTM3,1
D2,GYPC,0.1647208530805475
D2,HAGHL,0.2961173455972099
D2,HCFC1R1,7.273804375321518e-9
D2,HCST,1
D2,HDAC5,1
D2,HDAC6,1
D2,HELZ2,0.23313416555327435
D2,HES1,0.2950262116215698
D2,HLA-B,0.014995527203932175
D2,HLA-DMA,0.48169750386361604
D2,HLA-DMB,1
D2,HLA-DOA,1
D2,HLA-DPA1,0.011447950698909536
D2,HLA-DPB1,0.040354000106362836
D2,HLA-DRA,0.8824929149308552
D2,HLA-DRB1,0.2632378144560576
D2,HMGB2,0.08499752379726705
D2,HNRNPUL2,6.514250497369893e-7
D2,HOOK3,0.35046839059313734
D2,HPS6,1
D2,HSD17B1,1.0511084235991812e-4
D2,HSPA4,0.10259294953337156
D2,HSPB1,7.959270808205968e-12
D2,HSPB11,1
D2,HYI,1
D2,IDH3G,1
D2,IDUA,1
D2,IER5L,3.371846786063127e-5
D2,IFI27,6.349579908227762e-9
D2,IFI27L1,0.5156121689352628
D2,IFI44L,1
D2,IGFBP2,2.989397486650129e-13
D2,IGFBP4,0.1647208530805475
D2,IGHA1,0.005060868257748213
D2,IGHG3,0.012425781298591194
D2,IGHG4,1
D2,IGHM,3.8032689382498255e-5
D2,IGKC,0.03221869475845072
D2,IGLC2,0.001077436758277893
D2,IGLC3,0.06134747989978216
D2,IGLC7,2.9331591826621567e-6
D2,IKZF3,1
D2,IL10RA,1
D2,ILKAP,1
D2,INAFM1,1
D2,INPP4B,1
D2,INPP5D,1
D2,INPP5J,0.7093576142531239
D2,INTS8,0.003949896684798661
D2,ISG15,0.001395317401681729
D2,ISLR,0.9941718971263644
D2,ITGA5,1
D2,ITGB4,0.49852337523602036
D2,ITGB6,2.887225223309382e-7
D2,ITSN1,1
D2,JAG2,0.1893861057248621
D2,JAK1,1
D2,JAK3,0.6197351601280633
D2,JCHAIN,0.08540429696021402
D2,JMJD6,0.17381237661717255
D2,KAT6B,1
D2,KATNA1,1
D2,KCNAB2,0.47531189048368816
D2,KCTD10,0.06717952084248116
D2,KDM4B,0.015322785033879713
D2,KIAA0895L,1
D2,KIAA1211L,1
D2,KIAA1217,1
D2,KIAA1468,1
D2,KIAA1715,1
D2,KIF13B,1
D2,KIF2C,1
D2,KLF9,0.12275320486848341
D2,KMT2B,0.034039142830473317
D2,KMT2E,1
D2,KPNB1,0.48181974948489065
D2,KRAS,1
D2,KRT10,0.08377576042089867
D2,KRT17,1
D2,KRT5,1
D2,KRT8,3.036494610907222e-5
D2,KRT86,1
D2,LAMB2,0.10146822514355802
D2,LAMTOR2,0.027640381291778073
D2,LANCL1,1
D2,LARP1B,1
D2,LARP7,1
D2,LCK,1
D2,LCP1,0.499363074306178
D2,LGALS1,1.0635075062997129e-15
D2,LIMCH1,0.1202420111880221
D2,LIMK1,1.3985392436820335e-5
D2,LINC00176,0.0013639575241807746
D2,LINGO1,0.0014094543706198116
D2,LLGL1,1
D2,LMF1,1
D2,LMNA,4.402567207612008e-12
D2,LRRC8A,0.48169750386361604
D2,LRWD1,0.2753565822541316
D2,LST1,0.05218048464645156
D2,LTB4R,0.002682217616974945
D2,LTBP3,0.0023132583008993062
D2,LTF,0.06979714620606185
D2,LUC7L,1
D2,LUC7L3,0.002682217616974945
D2,LUM,6.292873030837667e-9
D2,LYL1,0.2417594134684691
D2,MAGEF1,0.056552869782855876
D2,MAGI1,1
D2,MAGOHB,1
D2,MAP1S,1
D2,MAP3K14,0.29946201191632865
D2,MAP3K6,1
D2,MAP4K2,0.031875979880055125
D2,MAPK9,1
D2,MAPKAPK5,1
D2,MAPT,1
D2,MARS,0.034039142830473317
D2,MAVS,1
D2,MCTS1,0.02638249048137412
D2,MDM2,1
D2,MED13L,1
D2,MED25,0.014995527203932175
D2,MELK,0.48171068273562173
D2,MEN1,1
D2,METTL12,0.07198861417085425
D2,METTL16,1
D2,MFAP4,1
D2,MFSD3,0.04644354990914684
D2,MFSD7,0.08540429696021402
D2,MGMT,1.8942686992521612e-5
D2,MGP,5.177571405848891e-6
D2,MIB2,0.5882844468061402
D2,MICAL1,1
D2,MICALL2,0.35046839059313734
D2,MID1IP1,0.019379703538995135
D2,MIF,1
D2,MIIP,0.8502859509335579
D2,MKI67,0.4371048711790897
D2,MKNK1,1
D2,MLLT4,0.643681731741159
D2,MLPH,6.576533442649899e-5
D2,MLST8,5.012918307654766e-6
D2,MMP11,5.2814005689235676e-8
D2,MMP9,0.04025805319894551
D2,MORC2,0.4343370971878051
D2,MPND,0.9452835138740834
D2,MPST,9.375436335741533e-6
D2,MRPL2,1
D2,MRPL21,0.008247267936288919
D2,MRPL23,0.0010640511913552276
D2,MRPL51,1.9939181440168615e-5
D2,MRPL54,0.041387147763247666
D2,MRPS22,1
D2,MS4A6A,1
D2,MST1R,0.18112587101406344
D2,MTG2,0.13539762084530943
D2,MTMR12,0.08957843653960183
D2,MUC1,4.2073558584922405e-4
D2,MUCL1,0.5822113416661865
D2,MUS81,0.004549206493291972
D2,MVP,0.0022742609914832824
D2,MX2,1
D2,MYBL2,0.1656892114023
D2,MYC,0.002198224465067729
D2,MYH10,0.19235106777800992
D2,MYL12B,1.064275964215367e-6
D2,MYL6B,0.3516426256817037
D2,MYL9,9.254106821623047e-17
D2,MYO1G,1
D2,MYO9B,1
D2,MZT2A,1.6637698707574e-5
D2,NAA10,8.51580829298461e-6
D2,NANS,1
D2,NAT1,0.9545915589791999
D2,NCKAP1L,1
D2,NCKAP5L,1
D2,NDC80,0.29500105105388524
D2,NDRG1,9.254106821623047e-17
D2,NDUFA1,0.0019557696229061715
D2,NDUFA12,1
D2,NDUFB2,1.3130260116244032e-8
D2,NDUFB3,0.003641088612781353
D2,NDUFB9,1.0227978913506325e-8
D2,NDUFC1,0.2547699533074876
D2,NDUFS1,0.11419741919530746
D2,NDUFV3,0.6417354155933044
D2,NEBL,0.7204182964979207
D2,NEK7,1
D2,NELFE,0.37735389357287596
D2,NFATC4,0.499363074306178
D2,NFIC,0.10789729478384069
D2,NINJ1,0.002806570378162862
D2,NIT2,0.3219480165668679
D2,NMRAL1,0.026869000824759487
D2,NR1H2,0.14448180185602766
D2,NR4A1,0.6393508632574957
D2,NRP1,1
D2,NSMCE1,0.7772690043076008
D2,NTMT1,0.40632018992451663
D2,NUF2,1
D2,NUP214,0.6512272201074438
D2,NUP93,0.535586924995361
D2,NXN,0.19833525867047663
D2,OASL,1
D2,OGFRL1,1
D2,OPTN,1
D2,ORC2,1
D2,ORC6,0.77637831714119665
D2,OSBPL8,1
D2,P4HA2,1
D2,PAF1,1
D2,PAFAH1B3,0.3770714788774467
D2,PAQR4,0.29413820653181766
D2,PARN,1
D2,PCCB,0.4371048711790897
D2,PCIF1,1
D2,PDCD5,0.05093075732104952
D2,PDGFRA,1
D2,PDGFRB,0.19971793187511616
D2,PER1,1
D2,PEX11G,1
D2,PEX14,0.5185112076236813
D2,PGLS,2.5954329168049195e-5
D2,PGR,1
D2,PHF11,1
D2,PHF13,0.6280396109098487
D2,PHF21A,0.8532099032411399
D2,PHGDH,0.08198736834085127
D2,PHKB,1
D2,PIGQ,0.03550090317611946
D2,PIH1D1,0.4718001647112593
D2,PILRA,1
D2,PIM2,1
D2,PITX1,0.07136008026644343
D2,PKNOX1,1
D2,PLAC9,0.6829658946997199
D2,PLEKHO2,0.19490569071026756
D2,PLIN2,1
D2,PLK1,1
D2,PLK2,0.2437438879773727
D2,PLLP,0.20102907426562525
D2,PLP2,0.12434645933560984
D2,PLPPR2,1.4563296975122773e-5
D2,PLSCR1,1
D2,PLTP,0.499363074306178
D2,PLVAP,0.008892670233617294
D2,PLXNA1,0.416053968045788
D2,PLXND1,9.200582785294409e-8
D2,PMP22,1
D2,PNISR,1
D2,PNMT,0.46019175767535636
D2,PNP,0.7289983003564103
D2,PNPLA6,0.019300555450511302
D2,PODNL1,0.28401085593292147
D2,PODXL,1
D2,POLR2E,0.0019693480879317475
D2,POLR2J,1.046710711908353e-6
D2,POR,6.1313742801149e-5
D2,POSTN,6.319928204864749e-6
D2,PPHLN1,0.7110315915642391
D2,PPIB,2.984810968906401e-5
D2,PPIH,1
D2,PPM1G,0.00661713196475576
D2,PPP1R1A,3.940923921093593e-7
D2,PPP1R1B,0.01783337676382219
D2,PPP1R37,0.499363074306178
D2,PRKAB1,0.49938792115990843
D2,PRKCSH,1.5415174113706197e-5
D2,PROSER1,1
D2,PRPF6,1
D2,PRPSAP1,0.4970346346024703
D2,PSCA,0.020635437208848067
D2,PSMD4,0.018648989436349968
D2,PSTPIP1,1
D2,PTGDS,0.0037321518068144546
D2,PTOV1,0.0037320435513175237
D2,PTP4A3,0.003026604220002682
D2,PTPRC,0.2971279661700955
D2,PTPRJ,1
D2,PTRF,1.1303333452737508e-6
D2,PTRH1,0.2358215136376566
D2,PTTG1,0.16364815442691535
D2,PUS3,1
D2,PWP1,0.31442687865427366
D2,PWWP2B,2.5954329168049195e-5
D2,PXDN,0.012652888120416487
D2,PYURF,0.3222299698050286
D2,QSOX1,6.376542461159388e-4
D2,R3HDM2,1
D2,RAB11FIP1,1.5197516879016843e-7
D2,RAB3A,0.4970346346024703
D2,RAB3GAP1,0.2632378144560576
D2,RAB3IL1,0.061358270893358074
D2,RABGAP1L,1
D2,RALBP1,1
D2,RALGAPA2,0.8419519586933497
D2,RAMP2,1
D2,RAP1B,0.9932650146603864
D2,RARS2,1
D2,RASA2,1
D2,RASGRP2,1
D2,RASSF3,1
D2,RBL1,1
D2,RBM42,0.3469798932914316
D2,RECQL4,0.09884241991423733
D2,RECQL5,0.9694774024284863
D2,REEP6,1
D2,RGS1,1
D2,RHOB,0.0031804187564067735
D2,RIOK1,1
D2,RMND1,1
D2,RNASET2,0.010463390397435825
D2,RND3,0.36148157956264537
D2,RNF135,0.499363074306178
D2,RNF170,1
D2,RRAS,1
D2,RRM2,0.027374849779189032
D2,RSL1D1,7.370214664401841e-5
D2,RSRP1,1
D2,RUVBL1,0.03458345584878513
D2,S100A14,1.184111351477575e-13
D2,S100A9,4.4057440339266374e-7
D2,SAMM50,0.499363074306178
D2,SASH1,0.5260232383177313
D2,SAT1,0.032344769622320337
D2,SCAF1,0.2530685692538638
D2,SCD,4.2073558584922405e-4
D2,SCNN1D,1
D2,SCX,9.91137677731155e-4
D2,SDHB,1
D2,SEC14L2,0.15718708777359428
D2,SEC23A,0.5756597518937143
D2,SEMA3B,1
D2,SEMA4B,0.026869000824759487
D2,SF3B4,0.03540321975590404
D2,SFSWAP,1
D2,SGTA,1.5893315855256677e-6
D2,SH3BP5L,1
D2,SIGLEC1,1
D2,SIGMAR1,0.009953869969822607
D2,SLC16A2,1
D2,SLC16A3,3.566270448495718e-5
D2,SLC22A18,1
D2,SLC25A24,1
D2,SLC2A1,0.3805378030307881
D2,SLC2A8,1
D2,SLC35A2,0.06975462603845356
D2,SLC39A6,0.4970346346024703
D2,SLC43A1,0.4776597471920022
D2,SLC4A5,0.20022606429633066
D2,SLC8B1,0.38412105390448825
D2,SLC9A3R2,0.03385527028787992
D2,SLC9A8,1
D2,SLFN13,1
D2,SLPI,1
D2,SMCHD1,1
D2,SMG9,0.3222299698050286
D2,SMYD2,0.782806038543893
D2,SNAPC3,1
D2,SNF8,0.007019765677736467
D2,SNRPD3,0.1028818620708286
D2,SNTA1,1
D2,SNX33,0.26672586945007093
D2,SNX8,1
D2,SOD3,0.06006382633987678
D2,SOS2,1
D2,SOX4,0.004549206493291972
D2,SP6,1.7299046675485002e-7
D2,SPAG9,0.34226529126714533
D2,SPARC,1.954169137023189e-10
D2,SPIN1,0.945941284461393
D2,SPSB1,1
D2,SRGN,1
D2,SRPX2,0.8168324110375235
D2,SRR,0.782806038543893
D2,SRRT,0.0034014046965565115
D2,SRSF1,1.8985657512302094e-5
D2,SRSF5,0.8454802281929651
D2,SSSCA1,0.535586924995361
D2,STAMBP,0.032344769622320337
D2,STAT5A,1
D2,STK17A,0.7207844017681467
D2,STK4,1
D2,STMN1,1.7004211348489373e-4
D2,STRN3,1
D2,STT3A,0.6410972194425024
D2,SUGP1,0.499363074306178
D2,SURF1,0.41339949894153616
D2,SVIL,1
D2,SYDE1,1
D2,SYK,1
D2,TACC3,0.08618809086890412
D2,TANC2,0.003054165970518026
D2,TARBP1,1
D2,TAX1BP1,1
D2,TAX1BP3,0.2859530864720199
D2,TBC1D10A,0.6417354155933044
D2,TBC1D23,0.4925402082539859
D2,TBCA,0.7204182964979207
D2,TBXAS1,0.42964784734374317
D2,TCEA2,1
D2,TCEA3,4.516829403468082e-5
D2,TCF25,1
D2,TDRD3,1
D2,TESK1,0.5882844468061402
D2,TESMIN,0.02586879127967195
D2,TEX10,1
D2,TEX2,0.9011066256195056
D2,TFF3,0.4530920907366245
D2,TGFBR2,1
D2,THBS1,4.372965886606547e-7
D2,THOC5,1
D2,THOC6,1
D2,TIGD5,0.1285385934404102
D2,TIMP1,0.001344243662453655
D2,TJP3,0.025553047163431857
D2,TM7SF2,1
D2,TMBIM6,2.2644025522382515e-4
D2,TMEM101,1
D2,TMEM123,6.909679722387611e-5
D2,TMEM14B,0.5298245224879701
D2,TMEM160,0.020864255575238612
D2,TMEM184A,1
D2,TMEM259,0.004549206493291972
D2,TMEM45B,0.010218090039007532
D2,TMEM86A,0.21717662873019342
D2,TMX1,1
D2,TNC,0.41339949894153616
D2,TNFRSF14,1
D2,TNFRSF21,1
D2,TNFRSF4,0.3254436530443177
D2,TNNT1,0.7823564726780154
D2,TOM1L2,0.012420063390214826
D2,TP53I3,0.8419519586933497
D2,TPM2,1.9939181440168615e-5
D2,TRAC,0.1858627152760234
D2,TRAF5,0.4375577770421759
D2,TRAP1,0.017733878199536993
D2,TRAPPC4,0.0037320435513175237
D2,TRIM14,0.26418031943707415
D2,TRIM22,1
D2,TRIM25,0.8820795957282973
D2,TRIM47,0.5090908862544499
D2,TSPAN33,0.6410972194425024
D2,TSR2,0.0078105572808965336
D2,TTC31,0.12434645933560984
D2,TTI1,1
D2,TXN2,0.5554270169121287
D2,TXNDC17,0.0011715656226918502
D2,TXNRD2,0.07251946842023255
D2,TYMS,1
D2,TYROBP,0.18620361219461062
D2,UBA52,7.273804375321518e-9
D2,UBA6,1
D2,UBAP2L,8.575542609205158e-5
D2,UBE2C,0.0024253271427109643
D2,UBE2T,0.47230010547302664
D2,UBE2W,1
D2,UBL7,0.1365889847777377
D2,UBR2,0.23259484807351385
D2,UBXN1,0.003054165970518026
D2,UCK1,0.645202478759885
D2,UFD1L,0.8782921592519146
D2,UQCRC1,0.0020928238418508553
D2,UXS1,0.001077436758277893
D2,UXT,0.028976999203776967
D2,VARS,0.5058690143850554
D2,VAV1,1
D2,VCAM1,1
D2,VEGFB,4.973096653496751e-7
D2,VIM,0.0035332416769530005
D2,VPS13D,0.47853829932493364
D2,VPS45,0.46818323397390316
D2,VWF,0.003610508888363414
D2,WDFY3,1
D2,WDR13,0.003871847561336043
D2,WDR34,7.273804375321518e-9
D2,WDR46,0.013519494520553335
D2,WDR73,1
D2,WDR74,4.625788336720647e-4
D2,WIPF1,1
D2,XAB2,2.9537894119431406e-5
D2,XIAP,1
D2,XPO6,0.43717611503230874
D2,YIPF4,1
D2,YTHDC1,1
D2,ZDHHC12,3.5030528258601508e-6
D2,ZFAND3,0.8099386812035759
D2,ZFP36,0.2530685692538638
D2,ZFPL1,0.032805343379783254
D2,ZFR,0.19661439095992028
D2,ZG16B,0.9918762638915444
D2,ZMAT5,1
D2,ZMYND19,0.002868792012351124
D2,ZMYND8,1
D2,ZNF217,0.12273913162080881
D2,ZNF337,1
D2,ZNF33B,0.645202478759885
D2,ZNF362,0.7870268465464753
D2,ZNF524,0.024401351857616323
D2,ZNF592,0.8043583095790884
D2,ZNF644,1
D2,ZNF668,0.12319596912874586
D2,ZNF771,0.2957334678623225
D2,ZNF787,0.2198142893039597
D2,ZNF791,1
D2,ZNF83,1
D2,ZNF91,1
D2,ZNRF1,0.0037339520940519156
D2,ZSWIM8,1
D3,A2M,2.6825917960328863e-6
D3,AAMDC,0.06626292650515199
D3,ABCA3,1
D3,ABCA7,1
D3,ABCF3,6.719648786671039e-4
D3,ABHD14A,1
D3,ABHD4,1
D3,ACAA1,1
D3,ACER3,0.5436130182298481
D3,ACTR3B,0.3349872715682022
D3,ADAM15,1.3668832906040923e-5
D3,ADCY3,0.03204259396124148
D3,ADI1,3.502997610845914e-6
D3,AEBP1,9.092733781079033e-12
D3,AES,2.8295137937556874e-14
D3,AGAP2,1
D3,AGO2,2.439522152957691e-5
D3,AGPAT2,2.30768683027163e-5
D3,AGR2,1
D3,AHCY,2.7902782825456603e-6
D3,AKAP9,0.03487681212707673
D3,AKR1A1,0.0020530128703870804
D3,AKT1S1,0.0019324201911110667
D3,ALDH16A1,1
D3,ALG3,0.00606887487460259
D3,ANGPTL4,1
D3,ANKLE2,0.1431048514895061
D3,ANKRD12,1
D3,ANKRD28,0.16541219210768893
D3,ANLN,0.2266884817241206
D3,ANO10,0.01936680860295427
D3,AP5B1,1
D3,AP5Z1,0.30435714013477433
D3,APBA2,1
D3,APBB2,0.03716664848307769
D3,APOBEC3G,1
D3,APOC1,0.002915631697994511
D3,AQP1,1
D3,ARF5,0.0037069901109693655
D3,ARF6,3.937572431686329e-6
D3,ARFGEF2,0.6842145098356096
D3,ARHGAP10,0.8916014567196504
D3,ARHGAP4,0.3129746096670397
D3,ARHGAP45,0.8389761560461488
D3,ARHGAP5,1
D3,ARHGEF10L,1
D3,ARHGEF3,0.8923403841558646
D3,ARHGEF40,1
D3,ARID1B,0.8153274782564729
D3,ARID3A,0.5743632793725867
D3,ARID4A,1
D3,ARID5A,1
D3,ARID5B,0.2856956648490114
D3,ARNT,0.019837073561460236
D3,ASCL2,0.002729488270632672
D3,ASH2L,0.0010621661629692362
D3,ASL,0.7754172401869466
D3,ASMTL,0.9937749623690276
D3,ASNA1,0.00170246304196044
D3,ASNS,0.1447161546347057
D3,ATAD1,0.005660609764912806
D3,ATF6B,0.2684716370147069
D3,ATG12,0.22018387751952223
D3,ATG16L2,0.03960683282971881
D3,ATL2,0.5743632793725867
D3,ATP5H,0.010912010844299479
D3,ATP5O,8.606952785120377e-4
D3,ATP6AP1,3.5013148110205504e-10
D3,ATP6V0D1,0.0019483179388628817
D3,AURKAIP1,0.002846042786571782
D3,AVEN,1
D3,BABAM1,0.001843414595866399
D3,BAD,3.306843683345828e-11
D3,BAG1,1
D3,BAIAP3,1
D3,BCAM,0.5604806084898243
D3,BCL2,1
D3,BCL2L12,0.1629566442726765
D3,BGN,1.4531535653835564e-10
D3,BICDL1,1
D3,BIN3,0.26752713472070105
D3,BIRC2,1.2203556925169628e-7
D3,BIRC5,0.005119585046351954
D3,BLVRA,0.4213077377285094
D3,BOK,2.9866137020519314e-6
D3,BOLA3,0.018610334872504984
D3,BRD9,6.5465652849992515e-6
D3,BRF1,0.0070275309450815405
D3,BRF2,1.130467370503473e-7
D3,BRK1,5.55767867456275e-7
D3,BRPF1,0.6501587180564499
D3,BSG,3.727179098992146e-14
D3,BST2,7.393935839605863e-8
D3,BTG1,9.521158700529503e-8
D3,C10orf10,1
D3,C10orf54,0.1629566442726765
D3,C12orf45,5.880059512790452e-4
D3,C15orf61,0.4271973002564417
D3,C19orf24,0.003317542516992063
D3,C19orf52,0.3181100100935893
D3,C19orf60,0.010374354783611862
D3,C1QB,6.261530582056536e-5
D3,C1R,8.595811735367834e-5
D3,C1S,8.738441690444031e-4
D3,C1orf216,0.8529749284567236
D3,C2,0.13966092505012792
D3,C2CD2L,1
D3,C3,9.086004292754202e-4
D3,C4orf48,2.1553146740335485e-11
D3,C5orf38,5.604533709869154e-5
D3,C6orf136,1
D3,C6orf48,0.0025538760569826517
D3,CADM4,0.38101755571674734
D3,CALML5,3.0088012424415155e-15
D3,CAMTA2,8.599513955458433e-4
D3,CAPG,1.2174078573034913e-4
D3,CARS2,0.05778480148338476
D3,CBLC,0.15182265552325735
D3,CCDC106,0.7775880642493715
D3,CCDC167,0.3323170353572962
D3,CCDC57,0.008844547278410022
D3,CCDC80,1
D3,CCDC88B,1
D3,CCL19,0.011130445018808105
D3,CCL2,0.2778696223293522
D3,CCL21,1
D3,CCM2,0.03716664848307769
D3,CCNB1,0.1244827868916641
D3,CCNB1IP1,2.30768683027163e-5
D3,CCNE1,0.3705936618617846
D3,CCNE2,8.310399186811178e-5
D3,CCS,0.0015035878228400598
D3,CCT4,5.979549461288348e-7
D3,CD14,3.652941414446565e-11
D3,CD320,2.849826539348122e-5
D3,CD3D,0.2519365441769563
D3,CD4,1
D3,CD52,0.5897483390512895
D3,CD68,1.4928064187574256e-4
D3,CD74,1.6924170680312058e-4
D3,CD79A,0.15047517856731027
D3,CDC20,0.9549518418482168
D3,CDC6,4.724512587689816e-4
D3,CDH11,5.9996083142802065e-6
D3,CDH3,0.13123451539155354
D3,CDK5RAP1,0.06712470600805473
D3,CENPF,0.07169234779728764
D3,CEP250,0.5014937599627828
D3,CEP55,0.0842967017692695
D3,CERCAM,0.06147179247039721
D3,CERS5,0.12304155741358398
D3,CES2,0.39238654200595263
D3,CFAP36,1
D3,CFDP1,1
D3,CGGBP1,0.11712777031272117
D3,CHCHD6,0.024923116983254227
D3,CHD1,0.6556145845736147
D3,CHD6,0.12913967502649257
D3,CHFR,8.789583851410523e-4
D3,CHST11,1
D3,CIR1,1
D3,CLASRP,0.005817031193632712
D3,CLDN3,1.6475674879469237e-15
D3,CLDN4,1.0103037534532258e-12
D3,CLU,9.070372391335935e-10
D3,CNN2,1.17656793311802e-5
D3,COL14A1,1
D3,COL3A1,5.798265019818514e-12
D3,COL4A1,1.1757680816148435e-5
D3,COL6A2,2.6643873457306335e-8
D3,COL8A2,0.004138238854600091
D3,COMMD1,1
D3,COMP,0.001566623326084724
D3,COPS7A,0.02845246585450247
D3,COQ4,0.003317542516992063
D3,CORO1A,0.18290410262320383
D3,CORO1B,8.153328536640068e-13
D3,CORO2A,0.017078195951247124
D3,CORO7,0.00741029036461515
D3,COX5A,5.310469764942576e-7
D3,CPNE1,5.9996083142802065e-6
D3,CPSF1,6.072670463958527e-5
D3,CPVL,1
D3,CRABP2,1.1867059961196622e-12
D3,CRACR2B,1.2425809326838686e-4
D3,CRELD2,0.14191995784396494
D3,CROCC,1
D3,CSF1,1
D3,CSF1R,0.1141463249800687
D3,CTDSPL,1.4471135738529568e-4
D3,CTIF,1
D3,CTSK,1.1761383409347249e-4
D3,CTU2,1
D3,CUTC,0.09893698128898877
D3,CUX1,4.5061282996640276e-5
D3,CX3CL1,1
D3,CXCL10,0.6320590419435099
D3,CXXC5,5.507698262316158e-6
D3,CYP27A1,0.1841270745826222
D3,DAPK3,8.861807208861152e-10
D3,DCAF6,0.019097211060029366
D3,DCXR,2.3756471890652926e-8
D3,DDAH1,1
D3,DDB2,0.022648327854146222
D3,DDIT3,3.188934102296921e-4
D3,DDRGK1,0.029833154394076515
D3,DDT,0.010905369579739114
D3,DEAF1,1
D3,DENND1A,1
D3,DERL3,0.7391282757678885
D3,DESI1,0.13607406809835504
D3,DHX16,1
D3,DLG1,1
D3,DMAP1,1
D3,DNAJB2,8.410574314064357e-7
D3,DNAJC1,1.62778970930985e-7
D3,DNAJC7,0.001404453691584479
D3,DOCK6,0.2920776404227557
D3,DPH3,0.13510400839781767
D3,DPM2,1.7577817052228312e-5
D3,DPP7,0.010116972134989756
D3,DPP9,1
D3,DPYSL3,3.291996871631423e-8
D3,DVL1,0.17606010987313314
D3,EBAG9,0.16732720447332053
D3,ECHDC2,1
D3,ECM1,4.209760924184359e-5
D3,EFEMP2,0.0022767079254170093
D3,EFHD2,0.002915631697994511
D3,EGFR,1
D3,EIF1AD,0.150018281151382
D3,EIF3B,1.3006464374415442e-6
D3,EIF3F,0.0024472976852271764
D3,EIF3G,1
D3,ELN,1.8065502358247317e-5
D3,ELOF1,0.0028909364786405918
D3,EMC3,0.002974707827991486
D3,ENPP1,0.06299877380369366
D3,EPHB3,6.902339115606136e-10
D3,ERAL1,0.02606278038798313
D3,ERBB2,2.6627116702122797e-11
D3,ERI3,6.397235352930968e-6
D3,ERMP1,0.07264893772482547
D3,ESR1,1
D3,ETFB,0.017078195951247124
D3,EVA1B,0.002503856793117122
D3,EXD3,0.18227670967101617
D3,EXO1,1
D3,EXOC5,0.0033198034714538452
D3,EXOSC1,0.06086522153055472
D3,EXOSC10,0.6928825194594145
D3,EXOSC2,0.0918179408747341
D3,EZH2,0.20224147358146172
D3,FAAH,1
D3,FADS2,2.2284128664661943e-8
D3,FAH,1
D3,FAIM2,0.6225953215996133
D3,FAM102A,0.03283446156929844
D3,FAM117A,0.4526109627517984
D3,FAM118A,1
D3,FAM160B1,1
D3,FAM173A,1.6190550431688714e-6
D3,FAM193B,0.6275225219595285
D3,FAM213B,0.015613843327458545
D3,FAM3A,5.827938402713731e-5
D3,FAM45A,0.08593642325278983
D3,FAP,1
D3,FARP1,0.08307673054402073
D3,FARSB,0.05996469134733906
D3,FASN,6.145762614001042e-7
D3,FBF1,1
D3,FBLN2,5.149850075272928e-5
D3,FCER1G,0.4300272460736085
D3,FDPS,0.006433644139058109
D3,FGFR1,1
D3,FGFR4,0.005660609764912806
D3,FKBP10,3.0758573103720944e-6
D3,FKBP8,9.618469097473032e-8
D3,FLNA,2.115232278369757e-17
D3,FN1,1.5747908375095242e-17
D3,FNBP4,0.4739976176368094
D3,FOXA1,2.7370370548318917e-5
D3,FOXC1,1
D3,FOXP4,4.04797823482109e-4
D3,FSTL1,4.5501364599851986e-4
D3,FSTL3,0.017523802946255794
D3,FUOM,0.0733409972796682
D3,FUS,3.587218378939356e-6
D3,FZD2,0.4393717157786841
D3,GALK1,1
D3,GANAB,1.8548140704423328e-11
D3,GAR1,0.05431842083850018
D3,GAS6,2.632912812029619e-12
D3,GATA3,1.044881689732333e-8
D3,GATC,0.001022627728951701
D3,GBP1,1
D3,GBP2,1
D3,GBP3,1
D3,GBP4,1
D3,GBP5,1
D3,GEMIN4,0.15182265552325735
D3,GLCCI1,1
D3,GLG1,0.07271035942326651
D3,GLTSCR2,0.024923116983254227
D3,GMFG,1
D3,GMPPA,1
D3,GNAI2,5.0350359641447313e-14
D3,GNAS,5.8450522284754565e-9
D3,GNL2,0.053788062114814676
D3,GPR108,1
D3,GPR160,0.0017916671976289974
D3,GPRC5A,0.003617997773423071
D3,GPS1,4.50707384609752e-7
D3,GPSM1,0.0017592896169823008
D3,GPX3,0.001404453691584479
D3,GRB7,1.1995471171917278e-8
D3,GRK3,1
D3,GSK3A,3.739046232739409e-6
D3,GSTM3,0.22822490487849864
D3,GYPC,0.38765963093247185
D3,HAGHL,0.036951558225797536
D3,HCFC1R1,4.214523644595531e-4
D3,HCST,1
D3,HDAC5,0.006103295320636935
D3,HDAC6,0.15555896118245122
D3,HELZ2,1
D3,HES1,0.0033313372899361465
D3,HLA-B,1.1417978430108097e-4
D3,HLA-DMA,1
D3,HLA-DMB,1
D3,HLA-DOA,1
D3,HLA-DPA1,0.14369642674867153
D3,HLA-DPB1,0.0018636506599720752
D3,HLA-DRA,0.043364372336748155
D3,HLA-DRB1,0.01977381789177616
D3,HMGB2,1.1208859948517965e-4
D3,HNRNPUL2,7.255983353629834e-11
D3,HOOK3,1
D3,HPS6,1
D3,HSD17B1,0.06299877380369366
D3,HSPA4,0.351749677636419
D3,HSPB1,1.256028215696289e-13
D3,HSPB11,1
D3,HYI,0.4602271598510935
D3,IDH3G,1
D3,IDUA,0.5730293257057316
D3,IER5L,0.00225628390177456
D3,IFI27,2.5257593836330645e-13
D3,IFI27L1,1
D3,IFI44L,1
D3,IGFBP2,3.847688306692374e-16
D3,IGFBP4,8.991110487535802e-5
D3,IGHA1,0.027076462460793174
D3,IGHG3,0.09207987039711021
D3,IGHG4,1
D3,IGHM,7.774083309206167e-7
D3,IGKC,0.003323957057169458
D3,IGLC2,6.863903387113355e-10
D3,IGLC3,4.50707384609752e-7
D3,IGLC7,0.02329820711539978
D3,IKZF3,1
D3,IL10RA,0.16653526217186748
D3,ILKAP,0.00738440619687608
D3,INAFM1,1
D3,INPP4B,1
D3,INPP5D,0.8171960953584861
D3,INPP5J,0.007041968006268542
D3,INTS8,4.214523644595531e-4
D3,ISG15,2.6953508950838723e-6
D3,ISLR,0.9465222423838721
D3,ITGA5,0.06637261512511441
D3,ITGB4,0.032664577390095505
D3,ITGB6,4.932078412413436e-10
D3,ITSN1,1
D3,JAG2,0.0033590535313616394
D3,JAK1,0.7084560178702666
D3,JAK3,0.8732441147019755
D3,JCHAIN,0.23130899503502517
D3,JMJD6,0.013563229707750075
D3,KAT6B,0.9818534011618625
D3,KATNA1,0.07282454665930743
D3,KCNAB2,0.1431048514895061
D3,KCTD10,6.409521184366389e-4
D3,KDM4B,8.034217822685628e-4
D3,KIAA0895L,0.05147626651804419
D3,KIAA1211L,0.5019479777391952
D3,KIAA1217,0.0023596763737862396
D3,KIAA1468,1
D3,KIAA1715,1
D3,KIF13B,1
D3,KIF2C,0.019097211060029366
D3,KLF9,0.03950899724672429
D3,KMT2B,0.006433644139058109
D3,KMT2E,0.1418816690924379
D3,KPNB1,0.15344780651744366
D3,KRAS,0.38765963093247185
D3,KRT10,6.359435716480218e-6
D3,KRT17,1
D3,KRT5,1
D3,KRT8,1.7960955616946238e-13
D3,KRT86,1
D3,LAMB2,0.028318603819737248
D3,LAMTOR2,8.818168578783866e-6
D3,LANCL1,1
D3,LARP1B,0.29014946315656037
D3,LARP7,0.03549151210511178
D3,LCK,1
D3,LCP1,1
D3,LGALS1,5.050198914555271e-16
D3,LIMCH1,0.08884139911632627
D3,LIMK1,1.4694260815271412e-5
D3,LINC00176,0.6281611562335775
D3,LINGO1,0.0032687469920613644
D3,LLGL1,1
D3,LMF1,0.43199445021562394
D3,LMNA,1.1746464973482838e-11
D3,LRRC8A,0.4160490052076834
D3,LRWD1,0.0035662322556690236
D3,LST1,0.25879691290629475
D3,LTB4R,1
D3,LTBP3,6.359435716480218e-6
D3,LTF,1
D3,LUC7L,0.1981544481222256
D3,LUC7L3,0.1141463249800687
D3,LUM,5.986985205648746e-13
D3,LYL1,1
D3,MAGEF1,7.823417318460721e-4
D3,MAGI1,0.5617532829762099
D3,MAGOHB,0.40238208939500647
D3,MAP1S,0.6216221608666692
D3,MAP3K14,1
D3,MAP3K6,0.36866349657432157
D3,MAP4K2,0.08277804615115708
D3,MAPK9,0.6889783107488777
D3,MAPKAPK5,0.05190451256644211
D3,MAPT,1
D3,MARS,8.765788532074738e-4
D3,MAVS,0.0918179408747341
D3,MCTS1,0.1338342533144312
D3,MDM2,0.013563229707750075
D3,MED13L,0.6556145845736147
D3,MED25,5.591964417187144e-4
D3,MELK,1
D3,MEN1,0.002457070084730972
D3,METTL12,2.8712650023318584e-5
D3,METTL16,1
D3,MFAP4,1
D3,MFSD3,0.2091322472221354
D3,MFSD7,0.04206666002738865
D3,MGMT,1.7097335183129962e-6
D3,MGP,1.5157303096813244e-6
D3,MIB2,0.7796690997832908
D3,MICAL1,1
D3,MICALL2,1
D3,MID1IP1,0.001710120133066583
D3,MIF,2.305348523287106e-8
D3,MIIP,0.17391987636709363
D3,MKI67,0.12848724771594885
D3,MKNK1,1
D3,MLLT4,0.006296142343320708
D3,MLPH,3.217647978369849e-5
D3,MLST8,0.01565387960267056
D3,MMP11,3.652941414446565e-11
D3,MMP9,1
D3,MORC2,1.4506570188937954e-4
D3,MPND,1
D3,MPST,2.636472512062223e-5
D3,MRPL2,0.029645936142605214
D3,MRPL21,0.01467928140120191
D3,MRPL23,8.685839447163522e-5
D3,MRPL51,1.3263547631968238e-6
D3,MRPL54,0.001346138956818696
D3,MRPS22,0.15590044089466443
D3,MS4A6A,1
D3,MST1R,1
D3,MTG2,0.05657130247866371
D3,MTMR12,1.964497486147677e-5
D3,MUC1,2.9999240056878833e-4
D3,MUCL1,1
D3,MUS81,7.054636133311328e-8
D3,MVP,0.27658190334178784
D3,MX2,0.38454913972588706
D3,MYBL2,0.1523519529157636
D3,MYC,5.62528448794208e-7
D3,MYH10,1
D3,MYL12B,1.0223178618914624e-6
D3,MYL6B,0.19003357637159837
D3,MYL9,2.115232278369757e-17
D3,MYO1G,1
D3,MYO9B,1
D3,MZT2A,4.183405912447061e-11
D3,NAA10,1.540126857188382e-5
D3,NANS,0.14114262633641356
D3,NAT1,1
D3,NCKAP1L,1
D3,NCKAP5L,0.015525880652009218
D3,NDC80,0.47964810549277126
D3,NDRG1,3.847688306692374e-16
D3,NDUFA1,2.0980641280045324e-10
D3,NDUFA12,0.009578374686210046
D3,NDUFB2,6.0103265703386636e-9
D3,NDUFB3,6.87903764425073e-6
D3,NDUFB9,2.6627116702122797e-11
D3,NDUFC1,0.003830599263395392
D3,NDUFS1,0.023915046910717618
D3,NDUFV3,0.12913967502649257
D3,NEBL,0.019097211060029366
D3,NEK7,1
D3,NELFE,1
D3,NFATC4,0.3664875995136132
D3,NFIC,0.0014660413230579868
D3,NINJ1,1.2810996996779536e-10
D3,NIT2,4.693819212305673e-4
D3,NMRAL1,1.1208859948517965e-4
D3,NR1H2,0.1523519529157636
D3,NR4A1,0.06336620725596907
D3,NRP1,1
D3,NSMCE1,0.539232542890784
D3,NTMT1,0.20504843932888198
D3,NUF2,0.08550841676066429
D3,NUP214,0.35881480669309607
D3,NUP93,0.053788062114814676
D3,NXN,0.16732720447332053
D3,OASL,1
D3,OGFRL1,0.044498252868884466
D3,OPTN,1
D3,ORC2,1
D3,ORC6,0.01661400217305986
D3,OSBPL8,0.8274316756473705
D3,P4HA2,1
D3,PAF1,0.6143429508182157
D3,PAFAH1B3,0.018324749339370578
D3,PAQR4,1
D3,PARN,0.10765503668022422
D3,PCCB,0.04145458374478771
D3,PCIF1,0.397016761584668
D3,PDCD5,0.0020530128703870804
D3,PDGFRA,0.4526109627517984
D3,PDGFRB,0.0015343138233888593
D3,PER1,0.40137219427055704
D3,PEX11G,1
D3,PEX14,0.5480192951376961
D3,PGLS,1.1922262167147974e-6
D3,PGR,1
D3,PHF11,1
D3,PHF13,0.13121805094745564
D3,PHF21A,1
D3,PHGDH,0.06712470600805473
D3,PHKB,1
D3,PIGQ,0.023183092848631154
D3,PIH1D1,0.20504843932888198
D3,PILRA,1
D3,PIM2,1
D3,PITX1,0.013563229707750075
D3,PKNOX1,1
D3,PLAC9,0.30443400702950096
D3,PLEKHO2,0.06066052649956438
D3,PLIN2,0.015950310033833476
D3,PLK1,0.04145458374478771
D3,PLK2,0.02604314640924766
D3,PLLP,0.8620382956032522
D3,PLP2,0.005719813282242246
D3,PLPPR2,1.6042762912747347e-4
D3,PLSCR1,1
D3,PLTP,0.0035837661458848714
D3,PLVAP,0.003226138120307399
D3,PLXNA1,1.595359136016153e-5
D3,PLXND1,1.0086958678699227e-13
D3,PMP22,0.009578374686210046
D3,PNISR,1
D3,PNMT,0.46476367195202045
D3,PNP,0.09791091367041838
D3,PNPLA6,0.28326494069276353
D3,PODNL1,0.05997030258162345
D3,PODXL,0.006559942538898953
D3,POLR2E,1.2810996996779536e-10
D3,POLR2J,1.5212053263377026e-10
D3,POR,1.614414544021647e-5
D3,POSTN,2.8198696838670442e-6
D3,PPHLN1,1.4113895966211203e-4
D3,PPIB,4.8448405925907516e-4
D3,PPIH,0.16624842471216184
D3,PPM1G,1.6808144297231027e-5
D3,PPP1R1A,2.482460651342212e-11
D3,PPP1R1B,0.018656183920149606
D3,PPP1R37,0.1825860236157879
D3,PRKAB1,1
D3,PRKCSH,3.791044560576866e-11
D3,PROSER1,1
D3,PRPF6,0.01689705789634563
D3,PRPSAP1,0.030516133749920956
D3,PSCA,8.851501704015064e-8
D3,PSMD4,0.01799844425404616
D3,PSTPIP1,1
D3,PTGDS,0.062251067015978864
D3,PTOV1,5.394081634915e-9
D3,PTP4A3,0.007533117060978579
D3,PTPRC,1
D3,PTPRJ,0.6216221608666692
D3,PTRF,6.854151050373581e-5
D3,PTRH1,1
D3,PTTG1,1
D3,PUS3,0.17861038011393232
D3,PWP1,0.0012793242130808922
D3,PWWP2B,0.006921996119882851
D3,PXDN,2.5001422252814025e-8
D3,PYURF,6.935939212391411e-5
D3,QSOX1,3.317171290350291e-6
D3,R3HDM2,0.8786278636353271
D3,RAB11FIP1,5.754641195245165e-9
D3,RAB3A,1
D3,RAB3GAP1,0.16535274521870102
D3,RAB3IL1,0.19880614953456488
D3,RABGAP1L,1
D3,RALBP1,1
D3,RALGAPA2,1
D3,RAMP2,1
D3,RAP1B,1
D3,RARS2,0.28087989054806195
D3,RASA2,1
D3,RASGRP2,1
D3,RASSF3,0.06147179247039721
D3,RBL1,1
D3,RBM42,0.0015170110713707528
D3,RECQL4,0.9847141525294982
D3,RECQL5,0.0015399315389193874
D3,REEP6,0.018101320786040605
D3,RGS1,1
D3,RHOB,1.1033590078701595e-8
D3,RIOK1,1
D3,RMND1,1
D3,RNASET2,0.001508735674568299
D3,RND3,0.5423817999732504
D3,RNF135,0.43199445021562394
D3,RNF170,1
D3,RRAS,0.40238208939500647
D3,RRM2,6.519012023789665e-6
D3,RSL1D1,0.0013742415174367445
D3,RSRP1,1
D3,RUVBL1,0.0012035260873618642
D3,S100A14,1.3600679664208426e-15
D3,S100A9,1.900378047774195e-8
D3,SAMM50,0.5028532119591393
D3,SASH1,0.08343417183364571
D3,SAT1,0.10695397179083985
D3,SCAF1,0.014035010409606433
D3,SCD,3.087949309102142e-6
D3,SCNN1D,0.6005746181510404
D3,SCX,1.8179080099918224e-5
D3,SDHB,0.5743632793725867
D3,SEC14L2,0.8158252597761266
D3,SEC23A,0.13817873120287946
D3,SEMA3B,1
D3,SEMA4B,0.0018868522042048916
D3,SF3B4,6.67483226122802e-7
D3,SFRP1,1
D3,SFSWAP,1
D3,SGTA,1.7168824647898859e-9
D3,SH3BP5L,1
D3,SIGLEC1,1
D3,SIGMAR1,0.007377668155883214
D3,SLC16A2,1
D3,SLC16A3,0.0028111676216094647
D3,SLC22A18,0.35881480669309607
D3,SLC25A24,0.009798556480953055
D3,SLC2A1,0.7129149838081719
D3,SLC2A8,0.7917874454245757
D3,SLC35A2,1.2325035703829242e-4
D3,SLC39A6,0.004179472164224983
D3,SLC43A1,0.5688595839659571
D3,SLC4A5,1
D3,SLC8B1,0.22145141723086686
D3,SLC9A3R2,0.0035823665122466965
D3,SLC9A8,1
D3,SLFN13,1
D3,SLPI,1
D3,SMCHD1,1
D3,SMG9,0.006433644139058109
D3,SMYD2,5.60159530491744e-5
D3,SNAPC3,0.39238654200595263
D3,SNF8,0.01872459154678871
D3,SNRPD3,0.023586344715260242
D3,SNTA1,1
D3,SNX33,0.0068691504572404236
D3,SNX8,0.24408235771654102
D3,SOD3,0.4501325995938784
D3,SOS2,0.6615232390955623
D3,SOX4,5.9996083142802065e-6
D3,SP6,1.355392038704567e-5
D3,SPAG9,0.3163412598906399
D3,SPARC,5.986985205648746e-13
D3,SPIN1,0.03283446156929844
D3,SPSB1,7.341766068619236e-4
D3,SRGN,1
D3,SRPX2,1
D3,SRR,0.006471860336996251
D3,SRRT,0.003219282574731438
D3,SRSF1,3.1457545345274373e-6
D3,SRSF5,0.00642646128240473
D3,SSSCA1,0.05705801803963322
D3,STAMBP,0.3664875995136132
D3,STAT5A,0.848942947853028
D3,STK17A,1
D3,STK4,0.84896405774925765
D3,STMN1,4.830778983309085e-5
D3,STRN3,0.3222113159475761
D3,STT3A,0.33895643666060143
D3,SUGP1,1
D3,SURF1,1
D3,SVIL,0.033309270429542355
D3,SYDE1,1
D3,SYK,1
D3,TACC3,0.05147626651804419
D3,TANC2,4.4626971830181385e-6
D3,TARBP1,0.27239451316852076
D3,TAX1BP1,1
D3,TAX1BP3,0.5028532119591393
D3,TBC1D10A,1
D3,TBC1D23,0.006433644139058109
D3,TBCA,0.4320785695484613
D3,TBXAS1,1
D3,TCEA2,0.46184553443762155
D3,TCEA3,1.6239070454541685e-4
D3,TCF25,0.19135930157611258
D3,TDRD3,1
D3,TESK1,0.017049214668081798
D3,TESMIN,0.0020530128703870804
D3,TEX10,0.11364174032595392
D3,TEX2,0.1987216217890844
D3,TFF3,0.8749955432171965
D3,TGFBR2,1
D3,THBS1,3.3869397125541497e-9
D3,THOC5,1
D3,THOC6,1
D3,TIGD5,6.94174963330463e-6
D3,TIMP1,0.043364372336748155
D3,TJP3,0.1418816690924379
D3,TM7SF2,0.19947419174668127
D3,TMBIM6,6.437245538669221e-10
D3,TMEM101,1
D3,TMEM123,2.2895519324381088e-10
D3,TMEM14B,0.05458890025681282
D3,TMEM160,4.910274801360601e-6
D3,TMEM184A,0.06299877380369366
D3,TMEM259,0.003328088085915694
D3,TMEM45B,0.131367184642147
D3,TMEM86A,0.07830149632610929
D3,TMX1,0.7846525942776792
D3,TNC,0.08382179696947957
D3,TNFRSF14,1
D3,TNFRSF21,0.8181150528245051
D3,TNFRSF4,1
D3,TNNT1,7.558889300676298e-4
D3,TOM1L2,0.053902057685875256
D3,TP53I3,0.28326494069276353
D3,TPM2,0.0033313372899361465
D3,TRAC,0.30435714013477433
D3,TRAF5,1
D3,TRAP1,0.003617997773423071
D3,TRAPPC4,0.00110066251593461
D3,TRIM14,1
D3,TRIM22,1
D3,TRIM25,0.13510400839781767
D3,TRIM47,0.06637261512511441
D3,TSPAN33,1
D3,TSR2,0.2856956648490114
D3,TTC31,1
D3,TTI1,1
D3,TXN2,0.006433644139058109
D3,TXNDC17,3.173863047730666e-5
D3,TXNRD2,0.20957036365553028
D3,TYMS,0.8892537472361554
D3,TYROBP,0.004780605782437623
D3,UBA52,3.409775167904637e-11
D3,UBA6,0.013788837016986194
D3,UBAP2L,0.002503856793117122
D3,UBE2C,0.040866563537840635
D3,UBE2T,1.4471135738529568e-4
D3,UBE2W,1
D3,UBL7,0.1141463249800687
D3,UBR2,0.14114262633641356
D3,UBXN1,0.021493760509814438
D3,UCK1,0.00225628390177456
D3,UFD1L,0.036450318571427096
D3,UQCRC1,1.6493937184723187e-4
D3,UXS1,5.6285643580039075e-9
D3,UXT,0.023915046910717618
D3,VARS,0.32952638831230296
D3,VAV1,1
D3,VCAM1,1
D3,VEGFB,7.774083309206167e-7
D3,VIM,7.152640272527385e-7
D3,VPS13D,0.0257233967987514
D3,VPS45,1
D3,VWF,1
D3,WDFY3,1.6453604585562722e-4
D3,WDR13,0.00663052558507688
D3,WDR34,9.237602458428327e-6
D3,WDR46,0.020356872025933254
D3,WDR73,0.030581081537626634
D3,WDR74,0.05657130247866371
D3,WIPF1,0.49010822644180785
D3,XAB2,0.006846560664940313
D3,XIAP,1
D3,XPO6,1
D3,YIPF4,0.017926796902673924
D3,YTHDC1,7.823417318460721e-4
D3,ZDHHC12,2.788220979276359e-6
D3,ZFAND3,0.35552248967690525
D3,ZFP36,1
D3,ZFPL1,0.06236546947012234
D3,ZFR,0.009578374686210046
D3,ZG16B,1
D3,ZMAT5,1
D3,ZMYND19,7.631199505512068e-8
D3,ZMYND8,1
D3,ZNF217,0.005721592042997234
D3,ZNF337,0.25554658401049235
D3,ZNF33B,0.41271117666723306
D3,ZNF362,1
D3,ZNF524,0.1627496531441328
D3,ZNF592,1
D3,ZNF644,0.19947419174668127
D3,ZNF668,0.04985639087228223
D3,ZNF771,1
D3,ZNF787,0.0017446287794201031
D3,ZNF791,1
D3,ZNF83,1
D3,ZNF91,1
D3,ZNRF1,0.0018493520927580903
D3,ZSWIM8,0.0016911332064076063
D4,A2M,3.385645054604124e-8
D4,AAMDC,1
D4,ABCA3,0.611643221590039
D4,ABCA7,0.933223326630166
D4,ABCF3,1.1667341165571449e-6
D4,ABHD14A,0.24203432988030762
D4,ABHD4,0.5187061124040435
D4,ACAA1,0.1566803194575529
D4,ACER3,0.5157494738840006
D4,ACTR3B,0.1949836505943397
D4,ADAM15,4.9550488639553624e-6
D4,ADCY3,0.9479711819460948
D4,ADI1,2.851739458025567e-7
D4,AEBP1,7.631719758431339e-18
D4,AES,1.1206887931823746e-10
D4,AGAP2,0.47676998724384484
D4,AGO2,0.015380021050755954
D4,AGPAT2,1.483794567872707e-6
D4,AGR2,0.28858178673651463
D4,AHCY,9.571104142583412e-5
D4,AKAP9,1
D4,AKR1A1,0.0016590730753571628
D4,AKT1S1,8.262833827817918e-7
D4,ALDH16A1,1
D4,ALG3,0.005704103865637075
D4,ANGPTL4,1
D4,ANKLE2,0.005513554554057014
D4,ANKRD12,1
D4,ANKRD28,0.022907634492800175
D4,ANLN,1
D4,ANO10,1
D4,AP5B1,1
D4,AP5Z1,0.29716455819927295
D4,APBA2,1
D4,APBB2,0.3422488064639158
D4,APOBEC3G,0.43706529261247967
D4,APOC1,2.1216378822517742e-10
D4,AQP1,0.005326288366073038
D4,ARF5,0.0019618724823344735
D4,ARF6,2.753124082634406e-5
D4,ARFGEF2,1
D4,ARHGAP10,1
D4,ARHGAP4,0.02151257745786719
D4,ARHGAP45,0.1291716273618748
D4,ARHGAP5,1
D4,ARHGEF10L,0.006761349393611143
D4,ARHGEF3,1
D4,ARHGEF40,0.7885453494758666
D4,ARID1B,0.4466467840905893
D4,ARID3A,1
D4,ARID4A,0.13099485892982926
D4,ARID5A,2.815568956405944e-6
D4,ARID5B,1
D4,ARNT,0.028346418967184518
D4,ASCL2,8.227055212688305e-4
D4,ASH2L,1.0485403828422522e-6
D4,ASL,0.0014817902768351164
D4,ASMTL,1.7592658438939987e-6
D4,ASNA1,2.9977984595285735e-7
D4,ASNS,0.010907952409996232
D4,ATAD1,0.14912593038723823
D4,ATF6B,0.004651138215304538
D4,ATG12,0.03290670024391397
D4,ATG16L2,1
D4,ATL2,0.006761349393611143
D4,ATP5H,0.04649353016314091
D4,ATP5O,5.185627154967456e-7
D4,ATP6AP1,4.7587039459990085e-18
D4,ATP6V0D1,7.552581836925893e-11
D4,AURKAIP1,4.762893299690985e-5
D4,AVEN,1
D4,BABAM1,0.001703913434084695
D4,BAD,1.7699664533073344e-9
D4,BAG1,0.17119518871725536
D4,BAIAP3,1
D4,BCAM,0.3084438256179263
D4,BCL2,1
D4,BCL2L12,0.026802843084476804
D4,BGN,1.1378372294869708e-18
D4,BICDL1,1
D4,BIN3,0.20674684962723133
D4,BIRC2,0.001929076845849195
D4,BIRC5,0.0012562737304758216
D4,BLVRA,0.0028272821493133863
D4,BOK,1.3008741850726479e-6
D4,BOLA3,0.1551201135474392
D4,BRD9,7.495242817057868e-6
D4,BRF1,7.73570613893101e-4
D4,BRF2,5.245785022380845e-6
D4,BRK1,1.6241475820032785e-6
D4,BRPF1,1
D4,BSG,7.324702212535887e-12
D4,BST2,7.895352012870726e-10
D4,BTG1,3.587883527986386e-8
D4,C10orf10,0.1825439583009047
D4,C10orf54,0.022376746715596574
D4,C12orf45,0.6629354282389746
D4,C15orf61,0.031392917211590994
D4,C19orf24,1.77224458400199e-8
D4,C19orf52,0.3638289325124775
D4,C19orf60,0.016650654976963438
D4,C1QB,4.635919857530389e-14
D4,C1R,2.749122663078692e-10
D4,C1S,4.450884255594926e-4
D4,C1orf216,0.009841971817016706
D4,C2,0.5602286777506362
D4,C2CD2L,0.047381208222653806
D4,C3,1.6450165477051522e-14
D4,C4orf48,1.8336714845020267e-8
D4,C5orf38,1.198672410099379e-4
D4,C6orf136,1
D4,C6orf48,0.023263672840649965
D4,CADM4,0.36135215618183514
D4,CALML5,1.1867059961196622e-12
D4,CAMTA2,0.5168076576921793
D4,CAPG,7.640632990333747e-15
D4,CARS2,0.008248119095309562
D4,CBLC,0.29716455819927295
D4,CCDC106,0.004642733231379182
D4,CCDC167,6.527189153739469e-8
D4,CCDC57,0.0691493694010292
D4,CCDC80,1
D4,CCDC88B,1
D4,CCL19,0.011120611647993725
D4,CCL2,0.07668977760422231
D4,CCL21,1
D4,CCM2,0.0022084849205376896
D4,CCNB1,0.1897293594155252
D4,CCNB1IP1,0.3167268957239972
D4,CCNE1,0.4185778525902909
D4,CCNE2,0.014362656267948677
D4,CCS,5.380028778109333e-7
D4,CCT4,5.164872944073156e-5
D4,CD14,1.593913453195756e-10
D4,CD320,1.1113341287985485e-11
D4,CD3D,1
D4,CD4,1
D4,CD52,0.003343161588571412
D4,CD68,1.0990520047369601e-10
D4,CD74,9.375080003377428e-10
D4,CD79A,1
D4,CDC20,0.28529614113326995
D4,CDC6,3.5579749237172535e-4
D4,CDH11,0.1949836505943397
D4,CDH3,0.3027715886891767
D4,CDK5RAP1,1
D4,CENPF,0.06490106072936505
D4,CEP250,0.16189122921221857
D4,CEP55,0.3080920232750076
D4,CERCAM,0.10760946380671664
D4,CERS5,0.004104931526235742
D4,CES2,0.6280746609178038
D4,CFAP36,0.597950187211425
D4,CFDP1,1
D4,CGGBP1,0.02238277929180922
D4,CHCHD6,0.05394511386406329
D4,CHD1,1
D4,CHD6,0.45151230750147114
D4,CHFR,0.008154669881256058
D4,CHST11,1
D4,CIR1,1
D4,CLASRP,1.8203042470656586e-4
D4,CLDN3,5.4189019503400296e-12
D4,CLDN4,2.293879704752535e-8
D4,CLU,4.910994647480936e-14
D4,CNN2,3.589485476054633e-6
D4,COL14A1,0.03744422525178452
D4,COL3A1,5.671880721140917e-13
D4,COL4A1,2.6556718549488887e-6
D4,COL6A2,1.3855594333072813e-11
D4,COL8A2,1.2842203720666705e-4
D4,COMMD1,0.21280009301825836
D4,COMP,8.156748957392025e-8
D4,COPS7A,0.7660702318328474
D4,COQ4,8.933890956490851e-6
D4,CORO1A,0.16613553221450814
D4,CORO1B,9.04379363105278e-9
D4,CORO2A,3.691396351707694e-4
D4,CORO7,3.1620558975556098e-6
D4,COX5A,8.687347980570901e-7
D4,CPNE1,2.591599018779492e-6
D4,CPSF1,0.0022020619007800985
D4,CPVL,0.29717145088056357
D4,CRABP2,1.2316197050920385e-9
D4,CRACR2B,0.0179244016635772
D4,CRELD2,0.0630918989948443
D4,CROCC,1
D4,CSF1,0.023263672840649965
D4,CSF1R,0.01944885443907411
D4,CTDSPL,0.0032227055605133933
D4,CTIF,0.0021874198827303076
D4,CTSK,8.156748957392025e-8
D4,CTU2,0.046298356026409825
D4,CUTC,1
D4,CUX1,2.1670643330944993e-7
D4,CX3CL1,1
D4,CXCL10,1
D4,CXXC5,3.5207557007786e-5
D4,CYP27A1,0.01662337876749396
D4,DAPK3,2.9319020056914217e-7
D4,DCAF6,0.044351868825083254
D4,DCXR,1.676152879470322e-7
D4,DDAH1,0.7431095840108443
D4,DDB2,4.0871259291649216e-5
D4,DDIT3,0.0015693976040171748
D4,DDRGK1,1.2885225309250186e-4
D4,DDT,0.0021874198827303076
D4,DEAF1,0.0021874198827303076
D4,DENND1A,1
D4,DERL3,0.14912593038723823
D4,DESI1,0.006007928684079671
D4,DHX16,0.22659552259673624
D4,DLG1,1
D4,DMAP1,5.184137545174036e-5
D4,DNAJB2,8.994876277045692e-5
D4,DNAJC1,1.0063733323464245e-6
D4,DNAJC7,0.0026269651386183084
D4,DOCK6,0.002218445011839764
D4,DPH3,1
D4,DPM2,0.0017144379170969959
D4,DPP7,4.1795723106298956e-9
D4,DPP9,0.033134140213876534
D4,DPYSL3,1.192279062358801e-8
D4,DVL1,0.13638925143358066
D4,EBAG9,0.18395290638404593
D4,ECHDC2,1
D4,ECM1,1.1206887931823746e-10
D4,EFEMP2,5.919647891066734e-10
D4,EFHD2,2.514214998517672e-6
D4,EGFR,1
D4,EIF1AD,0.09452316684815332
D4,EIF3B,1.77224458400199e-8
D4,EIF3F,0.03455734187168075
D4,EIF3G,0.005406601641253664
D4,ELN,1
D4,ELOF1,1.0667125883602222e-4
D4,EMC3,0.003933765564263619
D4,ENPP1,0.8491052803786326
D4,EPHB3,2.2680688079572044e-6
D4,ERAL1,0.0025441553756946535
D4,ERBB2,1.1215771825473826e-7
D4,ERI3,1.2416071597816502e-7
D4,ERMP1,0.010907952409996232
D4,ESR1,0.19384872795502764
D4,ETFB,9.384864642153297e-9
D4,EVA1B,9.29814318162505e-6
D4,EXD3,0.08242101872298206
D4,EXO1,1
D4,EXOC5,0.02056403813049965
D4,EXOSC1,0.026410766899254486
D4,EXOSC10,0.15538080145932093
D4,EXOSC2,0.22376907250182446
D4,EZH2,0.006187375716283416
D4,FAAH,0.0602083120145116
D4,FADS2,4.5484900932814226e-5
D4,FAH,0.0040695108813237815
D4,FAIM2,1
D4,FAM102A,0.005568460599159996
D4,FAM117A,0.2503577051712943
D4,FAM118A,1
D4,FAM160B1,0.7610111847700441
D4,FAM173A,7.545847372712763e-5
D4,FAM193B,6.610236334968851e-4
D4,FAM213B,8.57515667109432e-4
D4,FAM3A,1.1028812540613232e-7
D4,FAM45A,1
D4,FAP,1
D4,FARP1,0.025680890252870067
D4,FARSB,0.021428895910918323
D4,FASN,9.29814318162505e-6
D4,FBF1,0.4303748452161571
D4,FBLN2,9.178754030484335e-6
D4,FCER1G,0.00509604559144436
D4,FDPS,3.7936094428838086e-4
D4,FGFR1,0.002863869811739663
D4,FGFR4,0.024024681897026227
D4,FKBP10,2.8151070750891603e-6
D4,FKBP8,1.3486507386189577e-7
D4,FLNA,1.237306938001697e-19
D4,FN1,2.0052190197707824e-17
D4,FNBP4,1
D4,FOXA1,0.0014956020880492608
D4,FOXC1,1
D4,FOXP4,2.5501124918278733e-4
D4,FSTL1,0.0022020619007800985
D4,FSTL3,0.0018261130693576536
D4,FUOM,0.0019354972042356544
D4,FUS,3.3798132616063405e-5
D4,FZD2,0.0016439316687182604
D4,GALK1,7.999124745916305e-4
D4,GANAB,6.10493756141867e-8
D4,GAR1,0.022827275258297263
D4,GAS6,3.37232425290594e-11
D4,GATA3,8.311522521671833e-7
D4,GATC,0.003367127858334434
D4,GBP1,0.0053964807528521855
D4,GBP2,0.1130712825499117
D4,GBP3,0.3089193557093553
D4,GBP4,1
D4,GBP5,1
D4,GEMIN4,0.8218877527545855
D4,GLCCI1,0.0021874198827303076
D4,GLG1,2.861576733554979e-5
D4,GLTSCR2,4.0091971550259143e-4
D4,GMFG,0.6714383417852274
D4,GMPPA,0.004226769579420692
D4,GNAI2,1.872429623066645e-10
D4,GNAS,5.086329058628747e-7
D4,GNL2,2.4037294454616854e-6
D4,GPR108,0.0019258091896507418
D4,GPR160,0.010907952409996232
D4,GPRC5A,5.954494230818296e-7
D4,GPS1,6.807007141266117e-7
D4,GPSM1,6.832116667661562e-4
D4,GPX3,0.001596075880168083
D4,GRB7,5.275334725447801e-8
D4,GRK3,0.33294660806929816
D4,GSK3A,5.080257490903961e-7
D4,GSTM3,0.008712801940768846
D4,GYPC,0.3665222628955153
D4,HAGHL,0.02525461644740863
D4,HCFC1R1,3.217019846522114e-9
D4,HCST,1.4323455875259652e-4
D4,HDAC5,0.01829880224925181
D4,HDAC6,0.24903456679317434
D4,HELZ2,0.4117085717295231
D4,HES1,0.01316970681858306
D4,HLA-B,7.389137140811682e-9
D4,HLA-DMA,7.138220993429555e-5
D4,HLA-DMB,0.03299009196274217
D4,HLA-DOA,1
D4,HLA-DPA1,1.1211492534595618e-4
D4,HLA-DPB1,0.0012640453172915605
D4,HLA-DRA,7.479175554682483e-6
D4,HLA-DRB1,5.380028778109333e-7
D4,HMGB2,3.4629295482396376e-4
D4,HNRNPUL2,6.439285758985182e-4
D4,HOOK3,1
D4,HPS6,0.3638289325124775
D4,HSD17B1,6.64565046129752e-6
D4,HSPA4,0.052014964719507055
D4,HSPB1,1.7058181268831307e-10
D4,HSPB11,1
D4,HYI,0.1584500642053395
D4,IDH3G,0.0018857466373355173
D4,IDUA,0.002177383606834015
D4,IER5L,0.001226616212422187
D4,IFI27,3.480093500508913e-19
D4,IFI27L1,0.7657930483005091
D4,IFI44L,0.18054994592676116
D4,IGFBP2,3.1043878969744577e-10
D4,IGFBP4,7.908716609845344e-8
D4,IGHA1,1.4612214884854916e-7
D4,IGHG3,0.06937349494195796
D4,IGHG4,0.002262806928995237
D4,IGHM,2.565386230306773e-5
D4,IGKC,1
D4,IGLC2,1.7120653397457888e-6
D4,IGLC3,6.599581994129254e-5
D4,IGLC7,0.4918038997510185
D4,IKZF3,1
D4,IL10RA,0.4297134892191829
D4,ILKAP,0.009554292721047328
D4,INAFM1,1
D4,INPP4B,0.5872749822069888
D4,INPP5D,1
D4,INPP5J,0.3515717848588258
D4,INTS8,4.762893299690985e-5
D4,ISG15,4.154854863327009e-9
D4,ISLR,1.0670122873104564e-5
D4,ITGA5,0.03361132870167016
D4,ITGB4,0.0019618724823344735
D4,ITGB6,2.00069361358017e-8
D4,ITSN1,0.005676244604831641
D4,JAG2,1.2416071597816502e-7
D4,JAK1,1
D4,JAK3,5.789046682062719e-6
D4,JCHAIN,0.435466990218059
D4,JMJD6,7.964084257027874e-5
D4,KAT6B,1
D4,KATNA1,0.5459733534662715
D4,KCNAB2,0.9558028718818877
D4,KCTD10,0.001155544580865929
D4,KDM4B,8.374650788538076e-5
D4,KIAA0895L,0.2193877341603248
D4,KIAA1211L,3.7936094428838086e-4
D4,KIAA1217,4.0871259291649216e-5
D4,KIAA1468,0.16949964868813622
D4,KIAA1715,1
D4,KIF13B,1
D4,KIF2C,1
D4,KLF9,0.1937019275395693
D4,KMT2B,0.00111444551446503
D4,KMT2E,0.22083532799299013
D4,KPNB1,0.8491052803786326
D4,KRAS,0.03340071908953157
D4,KRT10,0.003343161588571412
D4,KRT17,1
D4,KRT5,1
D4,KRT8,4.635919857530389e-14
D4,KRT86,1
D4,LAMB2,0.052014964719507055
D4,LAMTOR2,6.486150097169709e-10
D4,LANCL1,1
D4,LARP1B,0.15476970885064412
D4,LARP7,0.14013330972865962
D4,LCK,0.3730331041405668
D4,LCP1,1
D4,LGALS1,1.0297350556003432e-14
D4,LIMCH1,0.015125622978176469
D4,LIMK1,1.601135700895677e-5
D4,LINC00176,0.05341376635455188
D4,LINGO1,2.4133766903330626e-4
D4,LLGL1,1
D4,LMF1,0.29263407260606783
D4,LMNA,2.749122663078692e-10
D4,LRRC8A,0.104588890334777
D4,LRWD1,0.07629390468761729
D4,LST1,3.471717239409459e-9
D4,LTB4R,0.05875366710094017
D4,LTBP3,4.3196779779656486e-5
D4,LTF,0.07522032860258612
D4,LUC7L,0.45151230750147114
D4,LUC7L3,2.728487482919807e-6
D4,LUM,1.2360538858535455e-15
D4,LYL1,0.04225460039927898
D4,MAGEF1,0.04944629069184267
D4,MAGI1,1
D4,MAGOHB,0.034816530982724345
D4,MAP1S,0.10323608896186398
D4,MAP3K14,0.7964527190883343
D4,MAP3K6,0.057489310225927286
D4,MAP4K2,0.00155169808981304
D4,MAPK9,0.06642182045078764
D4,MAPKAPK5,0.6147888082682709
D4,MAPT,1
D4,MARS,0.14912593038723823
D4,MAVS,0.1995227026355948
D4,MCTS1,0.0036022059337041607
D4,MDM2,0.010999101637098836
D4,MED13L,0.2295011255925203
D4,MED25,5.652436774728532e-5
D4,MELK,1
D4,MEN1,0.005422974006513833
D4,METTL12,0.29265391182498296
D4,METTL16,0.031816109958895125
D4,MFAP4,1
D4,MFSD3,4.551356171874213e-5
D4,MFSD7,2.9319020056914217e-7
D4,MGMT,1.261345049778091e-4
D4,MGP,9.313636751979436e-7
D4,MIB2,1
D4,MICAL1,1
D4,MICALL2,0.6280746609178038
D4,MID1IP1,0.0018261130693576536
D4,MIF,1.8150086972335601e-6
D4,MIIP,0.002421465553215491
D4,MKI67,0.3155217956221464
D4,MKNK1,1
D4,MLLT4,0.1410193213490539
D4,MLPH,0.00990138582994504
D4,MLST8,1.033552282885724e-5
D4,MMP11,3.7244997721771113e-6
D4,MMP9,0.006167409185937884
D4,MORC2,0.004651138215304538
D4,MPND,1
D4,MPST,0.0023384082836474533
D4,MRPL2,0.005607454183733652
D4,MRPL21,0.005488537452247246
D4,MRPL23,0.008459200134017639
D4,MRPL51,2.88558804590324e-7
D4,MRPL54,5.091753889735458e-6
D4,MRPS22,0.1141565717992979
D4,MS4A6A,6.610236334968851e-4
D4,MST1R,0.22259871302152145
D4,MTG2,0.010189271254436163
D4,MTMR12,0.03726703700968871
D4,MUC1,2.106685667340598e-7
D4,MUCL1,1
D4,MUS81,0.005402636606368126
D4,MVP,0.06477781149094447
D4,MX2,1
D4,MYBL2,0.002155463735073795
D4,MYC,3.7244997721771113e-6
D4,MYH10,0.11361171519413091
D4,MYL12B,2.26012605963006e-7
D4,MYL6B,2.7574498163924805e-5
D4,MYL9,3.628418559985118e-20
D4,MYO1G,1
D4,MYO9B,0.010318019993097245
D4,MZT2A,1.0542940627181685e-10
D4,NAA10,8.464824566567244e-11
D4,NANS,0.010907952409996232
D4,NAT1,1
D4,NCKAP1L,0.09717423114254424
D4,NCKAP5L,0.7920817360448876
D4,NDC80,1
D4,NDRG1,2.0741721896221182e-15
D4,NDUFA1,4.1253862206668007e-7
D4,NDUFA12,0.034816530982724345
D4,NDUFB2,6.053276591689048e-8
D4,NDUFB3,0.0017144379170969959
D4,NDUFB9,3.8993234644390277e-10
D4,NDUFC1,0.00509736106731906
D4,NDUFS1,0.13585901522422789
D4,NDUFV3,0.017598687498195435
D4,NEBL,0.0842033013896746
D4,NEK7,0.01211688432794844
D4,NELFE,0.174904561519461
D4,NFATC4,0.026330326324628128
D4,NFIC,0.003193035251392373
D4,NINJ1,1.5256601373522178e-7
D4,NIT2,2.7935689768419986e-5
D4,NMRAL1,0.0010685994908661634
D4,NR1H2,0.011815200364823747
D4,NR4A1,0.28100733918458903
D4,NRP1,0.3422538746078293
D4,NSMCE1,0.13092785735552662
D4,NTMT1,3.2391761102403054e-4
D4,NUF2,1
D4,NUP214,1
D4,NUP93,0.24637657331129362
D4,NXN,9.018804653069031e-4
D4,OASL,0.03003268117858574
D4,OGFRL1,0.1566803194575529
D4,OPTN,1
D4,ORC2,1
D4,ORC6,1
D4,OSBPL8,0.1868557672148728
D4,P4HA2,0.5674110427306585
D4,PAF1,1
D4,PAFAH1B3,6.2825663904868636e-6
D4,PAQR4,1
D4,PARN,1
D4,PCCB,0.021194008693293284
D4,PCIF1,0.01705784289995249
D4,PDCD5,0.032970281618818896
D4,PDGFRA,0.2432551014528029
D4,PDGFRB,1.445407102383757e-4
D4,PER1,0.9433293986859018
D4,PEX11G,0.07313662335912975
D4,PEX14,1
D4,PGLS,0.002239141548859764
D4,PGR,0.131088981440067
D4,PHF11,1
D4,PHF13,0.05189152303980476
D4,PHF21A,1
D4,PHGDH,1
D4,PHKB,0.01750372486226729
D4,PIGQ,0.010677027959556407
D4,PIH1D1,0.3738450715547462
D4,PILRA,1
D4,PIM2,0.549683742755338
D4,PITX1,1.325417906630721e-6
D4,PKNOX1,0.2193877341603248
D4,PLAC9,4.984687483801682e-4
D4,PLEKHO2,0.05838237081900824
D4,PLIN2,1
D4,PLK1,0.04185605041699426
D4,PLK2,0.02445412906596316
D4,PLLP,0.0027372244740329725
D4,PLP2,0.033755814892723085
D4,PLPPR2,3.6787862727578946e-6
D4,PLSCR1,1
D4,PLTP,0.0014016341189316617
D4,PLVAP,1.6869227674782877e-5
D4,PLXNA1,1.8239522988145757e-5
D4,PLXND1,7.745662109808065e-13
D4,PMP22,0.014910461060662586
D4,PNISR,0.02246331065945891
D4,PNMT,0.0016329710983672815
D4,PNP,0.4015887279958713
D4,PNPLA6,0.14052333398940234
D4,PODNL1,0.06527769765958806
D4,PODXL,0.2295395107649167
D4,POLR2E,2.420224482259719e-7
D4,POLR2J,7.233189191389762e-12
D4,POR,1.983484793533594e-6
D4,POSTN,1.2730604450244072e-9
D4,PPHLN1,0.03361132870167016
D4,PPIB,9.106204497791742e-12
D4,PPIH,0.07825808263680362
D4,PPM1G,0.001192250133820387
D4,PPP1R1A,1.1489886529061792e-7
D4,PPP1R1B,0.018199660963615884
D4,PPP1R37,0.017531350904169594
D4,PRKAB1,0.05263875561580427
D4,PRKCSH,7.784969240215854e-9
D4,PROSER1,1
D4,PRPF6,1.2842203720666705e-4
D4,PRPSAP1,0.0889067083041541
D4,PSCA,6.301108601383903e-7
D4,PSMD4,0.0022084849205376896
D4,PSTPIP1,0.3605640573699902
D4,PTGDS,0.1035729872646517
D4,PTOV1,1.7699025014199104e-9
D4,PTP4A3,2.547369771402075e-5
D4,PTPRC,0.2185727906678234
D4,PTPRJ,0.8561252556477043
D4,PTRF,6.601633428988044e-10
D4,PTRH1,0.17322257324778442
D4,PTTG1,1
D4,PUS3,0.5142213374454947
D4,PWP1,0.031816109958895125
D4,PWWP2B,2.591599018779492e-6
D4,PXDN,3.5207557007786e-5
D4,PYURF,0.3013768506865682
D4,QSOX1,1.9727656184146823e-7
D4,R3HDM2,0.011355073044625769
D4,RAB11FIP1,1.9727656184146823e-7
D4,RAB3A,0.3847010826612399
D4,RAB3GAP1,1.3367886750493557e-4
D4,RAB3IL1,0.08536160316232852
D4,RABGAP1L,0.11853913583143942
D4,RALBP1,1
D4,RALGAPA2,0.031816109958895125
D4,RAMP2,0.9150305194975019
D4,RAP1B,0.5363393799531415
D4,RARS2,1
D4,RASA2,0.05958602739655912
D4,RASGRP2,1
D4,RASSF3,0.04770992891732994
D4,RBL1,1
D4,RBM42,8.155788183164045e-8
D4,RECQL4,0.2548449990651098
D4,RECQL5,0.06957235820234889
D4,REEP6,0.032894712556131425
D4,RGS1,1
D4,RHOB,4.345186696108169e-6
D4,RIOK1,0.13774661980419126
D4,RMND1,1
D4,RNASET2,8.014696648057728e-5
D4,RND3,0.19731803756340352
D4,RNF135,0.1586106939131988
D4,RNF170,0.30678807911953826
D4,RRAS,8.153287639527348e-6
D4,RRM2,0.0013476626815048832
D4,RSL1D1,0.0021874198827303076
D4,RSRP1,1
D4,RUVBL1,0.00470197840861943
D4,S100A14,1.0990520047369601e-10
D4,S100A9,1.483794567872707e-6
D4,SAMM50,0.07055402002468722
D4,SASH1,0.1855242879971109
D4,SAT1,1.0810719200196944e-5
D4,SCAF1,0.0974533267235243
D4,SCD,1.8391265889026027e-5
D4,SCNN1D,1
D4,SCX,0.015817008903972814
D4,SDHB,0.12517888960170553
D4,SEC14L2,4.978643909259331e-4
D4,SEC23A,0.05103279115820854
D4,SEMA3B,1
D4,SEMA4B,0.028346418967184518
D4,SF3B4,1.2518082176677872e-4
D4,SFRP1,1
D4,SFSWAP,0.015125622978176469
D4,SGTA,3.870024655588884e-9
D4,SH3BP5L,0.0445531781967614
D4,SIGLEC1,0.001384207119255718
D4,SIGMAR1,0.03460294414777644
D4,SLC16A2,1
D4,SLC16A3,8.367130567750397e-5
D4,SLC22A18,0.4143291410714529
D4,SLC25A24,0.0028036794836545573
D4,SLC2A1,6.73371744549563e-4
D4,SLC2A8,0.01152942116845847
D4,SLC35A2,0.0018995288491925404
D4,SLC39A6,0.0016152864200697284
D4,SLC43A1,1
D4,SLC4A5,0.1545819162750417
D4,SLC8B1,9.084127231657175e-5
D4,SLC9A3R2,7.72670680568128e-5
D4,SLC9A8,1
D4,SLFN13,1
D4,SLPI,1
D4,SMCHD1,1
D4,SMG9,0.0017023728397165406
D4,SMYD2,0.1410193213490539
D4,SNAPC3,0.004853439562473696
D4,SNF8,2.723875773763061e-7
D4,SNRPD3,0.04818795340424272
D4,SNTA1,0.02434778017467256
D4,SNX33,0.001086462735058213
D4,SNX8,0.0040989723248890915
D4,SOD3,0.05341376635455188
D4,SOS2,0.0011314951640038456
D4,SOX4,7.140281479539152e-7
D4,SP6,0.0071427943812135825
D4,SPAG9,0.045625080789256096
D4,SPARC,1.2797180877074193e-11
D4,SPIN1,7.964084257027874e-5
D4,SPSB1,0.004104931526235742
D4,SRGN,0.24028396613548308
D4,SRPX2,0.002288941196902409
D4,SRR,0.20128139784766141
D4,SRRT,0.007390565803431287
D4,SRSF1,9.34848026045459e-6
D4,SRSF5,2.9319020056914217e-7
D4,SSSCA1,8.153287639527348e-6
D4,STAMBP,0.17373492135226176
D4,STAT5A,1
D4,STK17A,1
D4,STK4,1
D4,STMN1,1.4570202517192217e-6
D4,STRN3,0.059467457250626694
D4,STT3A,0.07489255706821958
D4,SUGP1,1
D4,SURF1,0.002198436145023566
D4,SVIL,1
D4,SYDE1,1
D4,SYK,0.47676998724384484
D4,TACC3,0.4690570737199313
D4,TANC2,0.019250250217679992
D4,TARBP1,0.026410766899254486
D4,TAX1BP1,1
D4,TAX1BP3,0.16648991754962614
D4,TBC1D10A,0.02564909863233465
D4,TBC1D23,0.13774661980419126
D4,TBCA,0.8664137377799868
D4,TBXAS1,0.6311650825823882
D4,TCEA2,1
D4,TCEA3,0.0028272821493133863
D4,TCF25,0.042114978309151334
D4,TDRD3,0.09771105859672582
D4,TESK1,0.052014964719507055
D4,TESMIN,0.024365360598289858
D4,TEX10,0.17132740971574859
D4,TEX2,0.1868557672148728
D4,TFF3,0.03183522474809769
D4,TGFBR2,0.0022943822124900748
D4,THBS1,1.927034135455665e-9
D4,THOC5,0.11501576588849009
D4,THOC6,1
D4,TIGD5,0.023946960344524496
D4,TIMP1,2.325177126240156e-10
D4,TJP3,1
D4,TM7SF2,0.1824375046402186
D4,TMBIM6,1.1374795368479911e-7
D4,TMEM101,1
D4,TMEM123,1.3868102855734614e-9
D4,TMEM14B,0.0179244016635772
D4,TMEM160,0.005568460599159996
D4,TMEM184A,0.8745378214382206
D4,TMEM259,6.790884418390891e-7
D4,TMEM45B,0.006761349393611143
D4,TMEM86A,0.01152942116845847
D4,TMX1,0.0028272821493133863
D4,TNC,0.05785885705611294
D4,TNFRSF14,0.05974358657721271
D4,TNFRSF21,0.29708099959348894
D4,TNFRSF4,5.721145843992512e-5
D4,TNNT1,0.002087887197207249
D4,TOM1L2,0.07751863413625099
D4,TP53I3,0.0058895979990439985
D4,TPM2,3.067995188388623e-16
D4,TRAC,0.3834391367199637
D4,TRAF5,0.21048962512029035
D4,TRAP1,1.983484793533594e-6
D4,TRAPPC4,9.332330528428174e-4
D4,TRIM14,0.055356720073571085
D4,TRIM22,1
D4,TRIM25,0.22659552259673624
D4,TRIM47,1
D4,TSPAN33,0.09522035348022526
D4,TSR2,0.2503577051712943
D4,TTC31,0.09540472669962527
D4,TTI1,1
D4,TXN2,0.0014005196311464951
D4,TXNDC17,2.5139711009174457e-5
D4,TXNRD2,0.0018916722664563998
D4,TYMS,0.01550209286595473
D4,TYROBP,0.005741951140497535
D4,UBA52,1.2257924779353135e-21
D4,UBA6,0.05224606093288395
D4,UBAP2L,0.0017023728397165406
D4,UBE2C,0.1868557672148728
D4,UBE2T,0.09417330275224184
D4,UBE2W,0.1785793277461514
D4,UBL7,8.57515667109432e-4
D4,UBR2,0.002110040788961456
D4,UBXN1,4.0871259291649216e-5
D4,UCK1,6.2974984284646315e-6
D4,UFD1L,0.06831635221990252
D4,UQCRC1,1.0485403828422522e-6
D4,UXS1,3.81211008694225e-9
D4,UXT,0.06485257324280959
D4,VARS,2.8151070750891603e-6
D4,VAV1,0.8834482815586884
D4,VCAM1,0.0010685994908661634
D4,VEGFB,8.179778677565975e-8
D4,VIM,1.4967463014121864e-13
D4,VPS13D,1
D4,VPS45,0.042114978309151334
D4,VWF,9.018804653069031e-4
D4,WDFY3,0.5402977789891273
D4,WDR13,4.830865102871986e-4
D4,WDR34,4.2887634437141954e-7
D4,WDR46,6.604526256806498e-4
D4,WDR73,0.05827213182698471
D4,WDR74,6.64565046129752e-6
D4,WIPF1,0.3422538746078293
D4,XAB2,1.1147020845569894e-4
D4,XIAP,0.47161512479772333
D4,XPO6,0.018346625188168705
D4,YIPF4,0.3422488064639158
D4,YTHDC1,0.1320081376284905
D4,ZDHHC12,0.004104931526235742
D4,ZFAND3,0.021747887028203575
D4,ZFP36,0.8691228679352014
D4,ZFPL1,5.245785022380845e-6
D4,ZFR,5.136062975932342e-6
D4,ZG16B,0.18077120970685223
D4,ZMAT5,0.03159072456615825
D4,ZMYND19,5.753701184906121e-6
D4,ZMYND8,0.14329017546415687
D4,ZNF217,9.178754030484335e-6
D4,ZNF337,0.7964527190883343
D4,ZNF33B,0.17119518871725536
D4,ZNF362,1
D4,ZNF524,0.0027431418528512603
D4,ZNF592,0.0028036794836545573
D4,ZNF644,0.6147888082682709
D4,ZNF668,0.08114479518267638
D4,ZNF771,1
D4,ZNF787,1.1122079292893128e-6
D4,ZNF791,1
D4,ZNF83,1
D4,ZNF91,0.1868557672148728
D4,ZNRF1,8.374650788538076e-5
D4,ZSWIM8,8.491936829346098e-4
D5,A2M,1.5323269061733013e-5
D5,AAMDC,0.6833705573808669
D5,ABCA3,0.09619301539087646
D5,ABCA7,0.13584863058257943
D5,ABCF3,5.954160986837849e-4
D5,ABHD14A,1
D5,ABHD4,1
D5,ACAA1,0.5101243843329795
D5,ACER3,1
D5,ACTR3B,1
D5,ADAM15,1.6161963983182018e-10
D5,ADCY3,1
D5,ADI1,0.51446457741048
D5,AEBP1,1.739701764692632e-7
D5,AES,1.1736912624136003e-7
D5,AGAP2,0.3956792577597448
D5,AGO2,0.010022020952155793
D5,AGPAT2,5.499778587103075e-4
D5,AGR2,0.07511754019501249
D5,AHCY,0.0021746849903103373
D5,AKAP9,0.41103874613762775
D5,AKR1A1,0.0615396424025477
D5,AKT1S1,7.465983558150509e-5
D5,ALDH16A1,1
D5,ALG3,0.06645687710748874
D5,ANGPTL4,0.29930160647419196
D5,ANKLE2,3.445718936873738e-4
D5,ANKRD12,1
D5,ANKRD28,1
D5,ANLN,1
D5,ANO10,1
D5,AP5B1,0.2614115316184312
D5,AP5Z1,7.415496220594296e-4
D5,APBA2,1
D5,APBB2,1
D5,APOBEC3G,1
D5,APOC1,0.020797825278582482
D5,AQP1,1
D5,ARF5,1
D5,ARF6,0.036124744289225984
D5,ARFGEF2,0.6505081788521803
D5,ARHGAP10,1
D5,ARHGAP4,1
D5,ARHGAP45,1
D5,ARHGAP5,1
D5,ARHGEF10L,1
D5,ARHGEF3,1
D5,ARHGEF40,1
D5,ARID1B,0.7400918314329895
D5,ARID3A,1
D5,ARID4A,1
D5,ARID5A,0.15483383724628683
D5,ARID5B,0.5967598281679908
D5,ARNT,1
D5,ASCL2,0.001192332155781024
D5,ASH2L,0.01555985423306259
D5,ASL,1
D5,ASMTL,0.19336954240376777
D5,ASNA1,1.7430558451311484e-4
D5,ASNS,1
D5,ATAD1,0.3131758651995489
D5,ATF6B,0.2799193805795968
D5,ATG12,0.23851807647437226
D5,ATG16L2,1
D5,ATL2,1
D5,ATP5H,0.7852918440416405
D5,ATP5O,0.026079616404664916
D5,ATP6AP1,8.340987952304e-5
D5,ATP6V0D1,0.22763174125401164
D5,AURKAIP1,0.0058337965165475205
D5,AVEN,0.243565476318166
D5,BABAM1,0.0645695845493577
D5,BAD,2.522383318500467e-5
D5,BAG1,1
D5,BAIAP3,1
D5,BCAM,0.18191373471293085
D5,BCL2,1
D5,BCL2L12,1
D5,BGN,0.02041296231374843
D5,BICDL1,0.4482684903906153
D5,BIN3,1
D5,BIRC2,0.026079616404664916
D5,BIRC5,0.06325027088831162
D5,BLVRA,5.349454711859202e-4
D5,BOK,6.837689019597611e-4
D5,BOLA3,0.009436303130199792
D5,BRD9,0.007394502092869008
D5,BRF1,0.13505767794301435
D5,BRF2,0.0012569737488374816
D5,BRK1,0.06156463255834752
D5,BRPF1,0.836636963310536
D5,BSG,4.694848752784026e-10
D5,BST2,5.217086567339509e-4
D5,BTG1,2.0386639475196845e-4
D5,C10orf10,1
D5,C10orf54,0.0799650097271069
D5,C12orf45,0.42938779959985535
D5,C15orf61,0.42198526769053507
D5,C19orf24,0.03793189938680563
D5,C19orf52,1
D5,C19orf60,0.42324606448541735
D5,C1QB,0.0042368356922104534
D5,C1R,0.015082398743983658
D5,C1S,0.2634943249304296
D5,C1orf216,0.5434412907104276
D5,C2,1
D5,C2CD2L,0.10398677903007433
D5,C3,7.359441794402468e-4
D5,C4orf48,4.288297805549376e-6
D5,C5orf38,5.58100859889456e-4
D5,C6orf136,1
D5,C6orf48,0.001884340417360028
D5,CADM4,0.06767971995924188
D5,CALML5,6.1791253694169975e-9
D5,CAMTA2,0.015621156018453661
D5,CAPG,0.03234945640033079
D5,CARS2,0.00830809345908822
D5,CBLC,0.20695668855109547
D5,CCDC106,0.020797825278582482
D5,CCDC167,0.9203581238018149
D5,CCDC57,0.0035632319823265413
D5,CCDC80,1
D5,CCDC88B,1
D5,CCL19,0.3278452314904174
D5,CCL2,0.26173908358737624
D5,CCL21,1
D5,CCM2,1.37030293529383e-4
D5,CCNB1,0.044030440524231426
D5,CCNB1IP1,0.7201170663950319
D5,CCNE1,1
D5,CCNE2,0.24842649410581916
D5,CCS,0.0645695845493577
D5,CCT4,3.6270920090065745e-5
D5,CD14,0.0046341505438898456
D5,CD320,1
D5,CD3D,1
D5,CD4,1
D5,CD52,0.6472376061800444
D5,CD68,0.010992026702051162
D5,CD74,4.7244402946059887e-4
D5,CD79A,1
D5,CDC20,0.4259441751440722
D5,CDC6,0.00906477171342115
D5,CDH11,0.8189301003843754
D5,CDH3,0.006701553686903753
D5,CDK5RAP1,1
D5,CENPF,1
D5,CEP250,1
D5,CEP55,0.7913013911197996
D5,CERCAM,0.044229913120012364
D5,CERS5,0.3810117015975456
D5,CES2,1
D5,CFAP36,0.39845177956425637
D5,CFDP1,0.6674707935414449
D5,CGGBP1,1
D5,CHCHD6,1
D5,CHD1,0.10239333900645088
D5,CHD6,1
D5,CHFR,0.23662565636727717
D5,CHST11,0.29930160647419196
D5,CIR1,1
D5,CLASRP,0.0019989610310196847
D5,CLDN3,1.801261455581035e-9
D5,CLDN4,1.4620658903481297e-7
D5,CLU,6.763932631153527e-4
D5,CNN2,2.933838957601982e-6
D5,COL14A1,0.26863450683453605
D5,COL3A1,3.6270920090065745e-5
D5,COL4A1,0.028843613490669752
D5,COL6A2,1.5323269061733013e-5
D5,COL8A2,0.17047209161453747
D5,COMMD1,0.0313993876998265
D5,COMP,9.43902256409778e-11
D5,COPS7A,0.41620675582423194
D5,COQ4,0.6886295759946226
D5,CORO1A,1
D5,CORO1B,7.096127605249172e-5
D5,CORO2A,0.7539071128508481
D5,CORO7,0.15901168344248812
D5,COX5A,0.004977890025686594
D5,CPNE1,0.007477535182910599
D5,CPSF1,0.2898443131401375
D5,CPVL,1
D5,CRABP2,3.61286493793248e-7
D5,CRACR2B,5.743302173818401e-4
D5,CRELD2,0.44278722642939045
D5,CROCC,1
D5,CSF1,0.3603600903175882
D5,CSF1R,0.10318431677901345
D5,CTDSPL,0.08836271569630708
D5,CTIF,0.12344143484915238
D5,CTSK,0.5620516985048166
D5,CTU2,0.8568913449381008
D5,CUTC,1
D5,CUX1,0.06242202650257896
D5,CX3CL1,1
D5,CXCL10,1
D5,CXXC5,1.301178092950427e-6
D5,CYP27A1,0.5689955543222275
D5,DAPK3,4.819803603264797e-5
D5,DCAF6,0.03181607146056996
D5,DCXR,0.0018148965413423675
D5,DDAH1,0.7852918440416405
D5,DDB2,1
D5,DDIT3,6.842017316402064e-4
D5,DDRGK1,0.4789715455975026
D5,DDT,0.06597099559179324
D5,DEAF1,0.1340536909504977
D5,DENND1A,0.07035467928453208
D5,DERL3,0.9351665485179561
D5,DESI1,1
D5,DHX16,0.017401509423499554
D5,DLG1,1
D5,DMAP1,1
D5,DNAJB2,3.7801432891578655e-5
D5,DNAJC1,4.1485196814674543e-4
D5,DNAJC7,4.4788688751830786e-4
D5,DOCK6,1
D5,DPH3,1
D5,DPM2,5.0952673442879176e-5
D5,DPP7,0.005071685050624267
D5,DPP9,0.41103874613762775
D5,DPYSL3,0.002065025978667876
D5,DVL1,0.07556936508954973
D5,EBAG9,1
D5,ECHDC2,1
D5,ECM1,9.135003978572823e-7
D5,EFEMP2,0.04511120176097805
D5,EFHD2,0.4867341618314069
D5,EGFR,1
D5,EIF1AD,1
D5,EIF3B,7.419293020265866e-4
D5,EIF3F,0.35302412462289234
D5,EIF3G,0.7761344104437676
D5,ELN,1
D5,ELOF1,0.05705754060822004
D5,EMC3,1
D5,ENPP1,0.02041296231374843
D5,EPHB3,1.1705668749466935e-7
D5,ERAL1,1
D5,ERBB2,1.669524313464651e-8
D5,ERI3,2.3766153231016347e-6
D5,ERMP1,0.7724435712460601
D5,ESR1,0.5545602112910607
D5,ETFB,2.1196355219593982e-4
D5,EVA1B,0.4235384021263565
D5,EXD3,0.036522339413445515
D5,EXO1,1
D5,EXOC5,0.1392040332617786
D5,EXOSC1,0.05296079967343457
D5,EXOSC10,0.061921657114513515
D5,EXOSC2,0.0645695845493577
D5,EZH2,0.407167429108778
D5,FAAH,1
D5,FADS2,1.5323269061733013e-5
D5,FAH,0.8603921892890536
D5,FAIM2,0.353203992405188
D5,FAM102A,0.19613231946419973
D5,FAM117A,0.01555985423306259
D5,FAM118A,1
D5,FAM160B1,0.38504872157759157
D5,FAM173A,5.836563191041885e-4
D5,FAM193B,1
D5,FAM213B,0.20973955276335832
D5,FAM3A,0.062236103811339434
D5,FAM45A,0.08605798553902819
D5,FAP,1
D5,FARP1,0.17552275338271398
D5,FARSB,0.7201170663950319
D5,FASN,1.301178092950427e-6
D5,FBF1,1
D5,FBLN2,0.51446457741048
D5,FCER1G,0.02041296231374843
D5,FDPS,0.013990973237357256
D5,FGFR1,1
D5,FGFR4,5.83156704412099e-4
D5,FKBP10,0.0032261275548261643
D5,FKBP8,0.0025571376376233392
D5,FLNA,1.4251707256224442e-6
D5,FN1,1.6161963983182018e-10
D5,FNBP4,1
D5,FOXA1,1
D5,FOXC1,1
D5,FOXP4,1.301178092950427e-6
D5,FSTL1,0.00285450314578329
D5,FSTL3,0.02041296231374843
D5,FUOM,4.5362292187742736e-4
D5,FUS,0.031055646602534598
D5,FZD2,0.4511870579798764
D5,GALK1,0.27258708780647756
D5,GANAB,2.1781137145186484e-6
D5,GAR1,0.013130894933673871
D5,GAS6,1.4251707256224442e-6
D5,GATA3,4.934051141519657e-8
D5,GATC,0.006731407626614256
D5,GBP1,1
D5,GBP2,1
D5,GBP3,1
D5,GBP4,0.45291954630956044
D5,GBP5,1
D5,GEMIN4,1
D5,GLCCI1,1
D5,GLG1,0.46295494598148385
D5,GLTSCR2,0.2731953189386327
D5,GMFG,0.7160653068211662
D5,GMPPA,0.0556209333430431
D5,GNAI2,2.521850582343491e-5
D5,GNAS,2.799405761400557e-6
D5,GNL2,1
D5,GPR108,1
D5,GPR160,0.04194851807847073
D5,GPRC5A,0.007477535182910599
D5,GPS1,0.019033615545750105
D5,GPSM1,0.0028124535836698194
D5,GPX3,0.6271127072623872
D5,GRB7,1.9542033282569425e-7
D5,GRK3,0.9839078658676188
D5,GSK3A,0.005651260488486478
D5,GSTM3,1
D5,GYPC,0.34832183685342033
D5,HAGHL,0.10131746731951868
D5,HCFC1R1,2.638236949756654e-7
D5,HCST,1
D5,HDAC5,0.7137218430764785
D5,HDAC6,1
D5,HELZ2,0.7027079328098013
D5,HES1,0.15788281258071452
D5,HLA-B,1.08441839663572e-4
D5,HLA-DMA,1
D5,HLA-DMB,0.12934807269161305
D5,HLA-DOA,1
D5,HLA-DPA1,0.002065025978667876
D5,HLA-DPB1,0.02337349230583045
D5,HLA-DRA,0.001060309497174281
D5,HLA-DRB1,0.0046192157211835585
D5,HMGB2,0.0027929183067294636
D5,HNRNPUL2,9.914166368818412e-8
D5,HOOK3,1
D5,HPS6,1
D5,HSD17B1,0.6662807590482207
D5,HSPA4,1
D5,HSPB1,1.6161963983182018e-10
D5,HSPB11,1
D5,HYI,1
D5,IDH3G,1
D5,IDUA,1
D5,IER5L,1.9542033282569425e-7
D5,IFI27,1.3216035273782573e-5
D5,IFI27L1,0.45437520618543703
D5,IFI44L,0.9186005094931369
D5,IGFBP2,9.43902256409778e-11
D5,IGFBP4,6.352112393248497e-4
D5,IGHA1,0.3178824045332528
D5,IGHG3,0.15539412788536616
D5,IGHG4,1
D5,IGHM,1.4643460879864597e-5
D5,IGKC,0.10705132174356062
D5,IGLC2,4.0009799116083535e-4
D5,IGLC3,0.004101088506223864
D5,IGLC7,0.0010443802993176934
D5,IKZF3,0.7724435712460601
D5,IL10RA,0.1871229075494872
D5,ILKAP,1
D5,INAFM1,1
D5,INPP4B,0.8152536757050716
D5,INPP5D,1
D5,INPP5J,0.9282312926590525
D5,INTS8,0.02720301159931413
D5,ISG15,0.012841582499805474
D5,ISLR,0.1555064827138972
D5,ITGA5,0.03226600052831249
D5,ITGB4,0.024778879124093267
D5,ITGB6,9.880206386313284e-8
D5,ITSN1,1
D5,JAG2,0.05935481223782567
D5,JAK1,0.9845231013558117
D5,JAK3,1
D5,JCHAIN,0.06033837693226095
D5,JMJD6,0.06134965335745811
D5,KAT6B,1
D5,KATNA1,1
D5,KCNAB2,1
D5,KCTD10,0.26924304336001936
D5,KDM4B,0.061921657114513515
D5,KIAA0895L,0.020444058930350298
D5,KIAA1211L,0.6040226736924496
D5,KIAA1217,0.028436292180615084
D5,KIAA1468,1
D5,KIAA1715,0.044441899279200905
D5,KIF13B,1
D5,KIF2C,1
D5,KLF9,1
D5,KMT2B,0.006694480719948825
D5,KMT2E,0.10318431677901345
D5,KPNB1,1
D5,KRAS,0.02574854884593486
D5,KRT10,0.5269967220650064
D5,KRT17,0.2634943249304296
D5,KRT8,1.720345268598618e-5
D5,KRT86,1
D5,LAMB2,0.22413490668967334
D5,LAMTOR2,0.01514945582491697
D5,LANCL1,1
D5,LARP1B,0.38345847968814256
D5,LARP7,0.574319758468341
D5,LCK,1
D5,LCP1,1
D5,LGALS1,1.636556415897565e-5
D5,LIMCH1,0.09619301539087646
D5,LIMK1,1.323130564449774e-5
D5,LINC00176,0.8152536757050716
D5,LINGO1,0.36314994029842373
D5,LLGL1,0.07035467928453208
D5,LMF1,1
D5,LMNA,1.9542033282569425e-7
D5,LRRC8A,0.574319758468341
D5,LRWD1,0.00623647849650732
D5,LST1,0.032626622734895194
D5,LTB4R,0.28553318083559853
D5,LTBP3,1.1366579051691902e-4
D5,LTF,1
D5,LUC7L,0.05938728646351061
D5,LUC7L3,1.1366579051691902e-4
D5,LUM,2.584696648452845e-4
D5,LYL1,0.836636963310536
D5,MAGEF1,8.292019999963183e-4
D5,MAGI1,0.9282312926590525
D5,MAGOHB,0.23851807647437226
D5,MAP1S,1
D5,MAP3K14,0.7634241666892597
D5,MAP3K6,1
D5,MAP4K2,0.23656218765043716
D5,MAPK9,0.7852918440416405
D5,MAPKAPK5,0.11533531622756443
D5,MAPT,1
D5,MARS,0.002219989215941579
D5,MAVS,1
D5,MCTS1,0.5220880624544783
D5,MDM2,0.032626622734895194
D5,MED13L,1
D5,MED25,0.0035632319823265413
D5,MELK,0.7566550972977629
D5,MEN1,1
D5,METTL12,0.26173908358737624
D5,METTL16,1
D5,MFAP4,1
D5,MFSD3,0.2731953189386327
D5,MFSD7,1
D5,MGMT,0.01238245512952299
D5,MGP,1.1587338241431684e-6
D5,MIB2,1
D5,MICAL1,1
D5,MICALL2,0.069502294379407
D5,MID1IP1,0.0010443802993176934
D5,MIF,0.4235369882271938
D5,MIIP,0.2992400302343389
D5,MKI67,0.08345963849849006
D5,MKNK1,0.09881788276687234
D5,MLLT4,0.1296663779640285
D5,MLPH,0.00285450314578329
D5,MLST8,1.909782157437463e-6
D5,MMP11,1.909782157437463e-6
D5,MMP9,0.011591480648766972
D5,MORC2,0.09246408191300062
D5,MPND,1
D5,MPST,9.884540136463382e-5
D5,MRPL2,0.9459647244592841
D5,MRPL21,0.17526284241877582
D5,MRPL23,0.08281409346585097
D5,MRPL51,8.292019999963183e-4
D5,MRPL54,1
D5,MRPS22,1
D5,MS4A6A,0.16774552762066727
D5,MST1R,0.41855000632677314
D5,MTG2,0.21209818733345923
D5,MTMR12,0.010474713305208173
D5,MUC1,8.150212975536346e-4
D5,MUCL1,1
D5,MUS81,2.540347647375986e-4
D5,MVP,0.058825529720918604
D5,MX2,1
D5,MYBL2,0.026759877449853746
D5,MYC,1.301178092950427e-6
D5,MYH10,0.0053302771312270176
D5,MYL12B,4.917773851217528e-5
D5,MYL6B,0.05619173678554616
D5,MYL9,4.7634739500251975e-6
D5,MYO1G,1
D5,MYO9B,0.0785806797914024
D5,MZT2A,8.751641276362187e-6
D5,NAA10,3.040000003504437e-4
D5,NANS,1
D5,NAT1,0.962873103169398
D5,NCKAP1L,1
D5,NCKAP5L,0.7637001783111327
D5,NDC80,1
D5,NDRG1,1.251062848163079e-10
D5,NDUFA1,0.0035330713279408525
D5,NDUFA12,0.09357691081347475
D5,NDUFB2,1.301178092950427e-6
D5,NDUFB3,0.5926535863781067
D5,NDUFB9,2.2945571508863799e-7
D5,NDUFC1,0.04554071568823205
D5,NDUFS1,0.09634398774161797
D5,NDUFV3,1
D5,NEBL,0.011591480648766972
D5,NEK7,1
D5,NELFE,1
D5,NFATC4,0.07472339775303545
D5,NFIC,0.23851807647437226
D5,NINJ1,5.370086383574841e-9
D5,NIT2,0.12498286741962898
D5,NMRAL1,0.002670529888582026
D5,NR1H2,1
D5,NR4A1,0.04488697677644724
D5,NRP1,0.09759040301420793
D5,NSMCE1,0.06859661863991012
D5,NTMT1,1
D5,NUF2,1
D5,NUP214,1
D5,NUP93,0.5620516985048166
D5,NXN,1
D5,OASL,1
D5,OGFRL1,0.07351510293040792
D5,OPTN,0.16834946215382068
D5,ORC2,1
D5,ORC6,0.7852918440416405
D5,OSBPL8,1
D5,P4HA2,1
D5,PAF1,0.3116932557931768
D5,PAFAH1B3,0.9839078658676188
D5,PAQR4,0.13505767794301435
D5,PARN,1
D5,PCCB,0.6439758280956894
D5,PCIF1,1
D5,PDCD5,0.26863450683453605
D5,PDGFRA,0.24444458342602002
D5,PDGFRB,0.16214851873804229
D5,PER1,0.7566550972977629
D5,PEX11G,0.4178511946595131
D5,PEX14,1
D5,PGLS,0.03215495742685752
D5,PGR,1
D5,PHF11,1
D5,PHF13,0.4326921961765656
D5,PHF21A,1
D5,PHGDH,1
D5,PHKB,1
D5,PIGQ,0.009846440011790863
D5,PIH1D1,0.12514203595742462
D5,PILRA,1
D5,PIM2,0.2731953189386327
D5,PITX1,0.0032261275548261643
D5,PKNOX1,1
D5,PLAC9,1
D5,PLEKHO2,0.836636963310536
D5,PLIN2,1
D5,PLK1,0.05934556591433242
D5,PLK2,0.7499349712974952
D5,PLLP,1
D5,PLP2,0.23656218765043716
D5,PLPPR2,0.09963607098287759
D5,PLSCR1,1
D5,PLTP,0.015533372486478979
D5,PLVAP,1
D5,PLXNA1,1
D5,PLXND1,1.301178092950427e-6
D5,PMP22,0.056397763233342876
D5,PNISR,1
D5,PNMT,0.14872873938193942
D5,PNP,0.4433277971995159
D5,PNPLA6,0.004642082552945077
D5,PODNL1,0.1582456110729884
D5,PODXL,1
D5,POLR2E,2.200443914054488e-4
D5,POLR2J,1.5323269061733013e-5
D5,POR,5.104983005447584e-4
D5,POSTN,1.2110302279377475e-5
D5,PPHLN1,0.36964800528161995
D5,PPIB,0.7499349712974952
D5,PPIH,0.22763174125401164
D5,PPM1G,0.1350176855100111
D5,PPP1R1A,1.9542033282569425e-7
D5,PPP1R1B,0.5970872741210442
D5,PPP1R37,0.07035972848428522
D5,PRKAB1,0.004473711651297318
D5,PRKCSH,5.3862962816316e-6
D5,PROSER1,0.24682083010602515
D5,PRPF6,0.005071685050624267
D5,PRPSAP1,0.04042352545376228
D5,PSCA,0.05807996360552479
D5,PSMD4,0.014709697029607545
D5,PSTPIP1,1
D5,PTGDS,0.04154123194441253
D5,PTOV1,6.352112393248497e-4
D5,PTP4A3,0.03851032672729964
D5,PTPRC,1
D5,PTPRJ,1
D5,PTRF,0.02913980459864821
D5,PTRH1,0.2753584822476519
D5,PTTG1,0.1856552979351336
D5,PUS3,0.7027079328098013
D5,PWP1,0.011340387755060428
D5,PWWP2B,0.005467204851734269
D5,PXDN,0.017401509423499554
D5,PYURF,0.05196729865689132
D5,QSOX1,0.028461906849712518
D5,R3HDM2,0.6886295759946226
D5,RAB11FIP1,1.1736912624136003e-7
D5,RAB3A,0.17675599310245932
D5,RAB3GAP1,0.04554071568823205
D5,RAB3IL1,1
D5,RABGAP1L,1
D5,RALBP1,1
D5,RALGAPA2,1
D5,RAMP2,1
D5,RAP1B,0.8416566849284417
D5,RARS2,1
D5,RASA2,1
D5,RASGRP2,1
D5,RASSF3,0.01555985423306259
D5,RBL1,1
D5,RBM42,0.43468841688264775
D5,RECQL4,0.411765550860743
D5,RECQL5,0.23996033898545727
D5,REEP6,0.02738883213422605
D5,RGS1,1
D5,RHOB,6.7224256749910785e-6
D5,RIOK1,0.024698113152314464
D5,RMND1,1
D5,RNASET2,0.02260829267760685
D5,RND3,0.5336554014079182
D5,RNF135,0.24842649410581916
D5,RNF170,1
D5,RRAS,1
D5,RRM2,7.415496220594296e-4
D5,RSL1D1,0.004452683453167508
D5,RSRP1,1
D5,RUVBL1,0.5022454789706091
D5,S100A14,6.255314240815394e-11
D5,S100A9,0.003932738455993217
D5,SAMM50,1
D5,SASH1,1
D5,SAT1,0.015082398743983658
D5,SCAF1,0.014208322705375885
D5,SCD,8.358191870295862e-5
D5,SCNN1D,1
D5,SCX,0.02738883213422605
D5,SDHB,0.14773345830961757
D5,SEC14L2,0.9449601036185964
D5,SEC23A,1
D5,SEMA3B,1
D5,SEMA4B,0.001893407074178783
D5,SF3B4,0.010387579033411934
D5,SFRP1,1
D5,SFSWAP,1
D5,SGTA,2.3774570782064374e-4
D5,SH3BP5L,1
D5,SIGLEC1,0.9428541192523251
D5,SIGMAR1,0.23574139490229493
D5,SLC16A2,1
D5,SLC16A3,0.02928565181208291
D5,SLC22A18,1
D5,SLC25A24,0.5902046894285226
D5,SLC2A1,0.5771826830419846
D5,SLC2A8,0.7813731781307532
D5,SLC35A2,0.030323153443588304
D5,SLC39A6,0.26863450683453605
D5,SLC43A1,1
D5,SLC4A5,0.32108216544251156
D5,SLC8B1,0.24682083010602515
D5,SLC9A3R2,0.016755006074240433
D5,SLC9A8,1
D5,SLFN13,1
D5,SLPI,0.7884408272695385
D5,SMCHD1,1
D5,SMG9,0.766839821096209
D5,SMYD2,0.2781871133902106
D5,SNAPC3,0.3785317961541031
D5,SNF8,0.12514203595742462
D5,SNRPD3,0.21457559676815385
D5,SNTA1,0.6282205772679653
D5,SNX33,1
D5,SNX8,1
D5,SOD3,0.25815150605227993
D5,SOS2,1
D5,SOX4,0.0048150397983761145
D5,SP6,0.019212752106345963
D5,SPAG9,1
D5,SPARC,1.301178092950427e-6
D5,SPIN1,0.07800338842756302
D5,SPSB1,0.02980115835998261
D5,SRGN,1
D5,SRPX2,1
D5,SRR,0.5368861461012033
D5,SRRT,0.3480243273737537
D5,SRSF1,0.05935481223782567
D5,SRSF5,0.45773725749904137
D5,SSSCA1,1
D5,STAMBP,1
D5,STAT5A,1
D5,STK17A,0.8878102255051857
D5,STK4,1
D5,STMN1,7.038523158630022e-6
D5,STRN3,0.39831977167731564
D5,STT3A,0.03426763212270453
D5,SUGP1,0.7852918440416405
D5,SURF1,1
D5,SVIL,0.2751092076986413
D5,SYDE1,0.6634181419165348
D5,SYK,1
D5,TACC3,1
D5,TANC2,0.00336624939615299
D5,TARBP1,1
D5,TAX1BP1,0.14390027792664078
D5,TAX1BP3,0.053587479342234734
D5,TBC1D10A,0.2581988474022756
D5,TBC1D23,0.48815060743600946
D5,TBCA,0.6738587571714278
D5,TBXAS1,0.665235038263166
D5,TCEA2,1
D5,TCEA3,0.013652702941375964
D5,TCF25,0.10569288220632533
D5,TDRD3,1
D5,TESK1,0.4295892463535263
D5,TESMIN,0.050942481755059554
D5,TEX10,0.06134965335745811
D5,TEX2,0.18948108935638827
D5,TFF3,0.05935481223782567
D5,TGFBR2,1
D5,THBS1,3.0075843937558304e-7
D5,THOC5,0.1630328347496874
D5,THOC6,1
D5,TIGD5,1
D5,TIMP1,0.009688831920775508
D5,TJP3,0.1350176855100111
D5,TM7SF2,1
D5,TMBIM6,0.0017224565701001817
D5,TMEM101,0.28705127970579064
D5,TMEM123,0.001550446479222124
D5,TMEM14B,0.9294453176548562
D5,TMEM160,0.0012518217189221733
D5,TMEM184A,0.23656218765043716
D5,TMEM259,0.003492323486438882
D5,TMEM45B,0.08248094200706825
D5,TMEM86A,1
D5,TMX1,1
D5,TNC,0.09246408191300062
D5,TNFRSF14,1
D5,TNFRSF21,1
D5,TNFRSF4,1
D5,TNNT1,0.15912465192939185
D5,TOM1L2,1
D5,TP53I3,0.18821658635248578
D5,TPM2,0.0021746849903103373
D5,TRAC,0.5147464163212677
D5,TRAF5,1
D5,TRAP1,0.001741757854177076
D5,TRAPPC4,0.20545135898409422
D5,TRIM14,1
D5,TRIM22,1
D5,TRIM25,0.07888914948582162
D5,TRIM47,0.7201170663950319
D5,TSPAN33,1
D5,TSR2,0.3178824045332528
D5,TTC31,0.464887360587306
D5,TTI1,1
D5,TXN2,0.0025571376376233392
D5,TXNDC17,0.008657224776368138
D5,TXNRD2,0.0037401036602093553
D5,TYMS,0.011591480648766972
D5,TYROBP,0.08894363852351639
D5,UBA52,0.013130894933673871
D5,UBA6,0.6475979209227205
D5,UBAP2L,0.020797825278582482
D5,UBE2C,0.1296663779640285
D5,UBE2T,0.05934556591433242
D5,UBE2W,0.3400785024307903
D5,UBL7,1
D5,UBR2,1
D5,UBXN1,0.011591480648766972
D5,UCK1,0.11355919988358748
D5,UFD1L,0.008938219115830374
D5,UQCRC1,7.940587674255e-4
D5,UXS1,7.509031330464847e-5
D5,UXT,0.2634943249304296
D5,VARS,1
D5,VAV1,1
D5,VCAM1,0.3072993796565227
D5,VEGFB,1.39697095909172e-4
D5,VIM,0.00882487089013819
D5,VPS13D,0.010387579033411934
D5,VPS45,0.8331760961633674
D5,VWF,0.12222174695583243
D5,WDFY3,0.18912888425902472
D5,WDR13,0.00273316841657018
D5,WDR34,2.638236949756654e-7
D5,WDR46,0.00336624939615299
D5,WDR73,0.7498838887558225
D5,WDR74,0.04236173394091084
D5,WIPF1,0.23232048249954754
D5,XAB2,0.019456470334399595
D5,XIAP,1
D5,XPO6,0.44463841691245487
D5,YIPF4,1
D5,YTHDC1,1
D5,ZDHHC12,1.5323269061733013e-5
D5,ZFAND3,0.204557618286802
D5,ZFP36,0.12137450013423345
D5,ZFPL1,1
D5,ZFR,0.03644741861635656
D5,ZG16B,1
D5,ZMAT5,0.6541910686444811
D5,ZMYND19,1.5323269061733013e-5
D5,ZMYND8,1
D5,ZNF217,0.07472339775303545
D5,ZNF337,0.07705863878787145
D5,ZNF33B,0.12699403958639538
D5,ZNF362,1
D5,ZNF524,0.2307100499406375
D5,ZNF592,1
D5,ZNF644,1
D5,ZNF668,1
D5,ZNF771,0.17854318931523291
D5,ZNF787,0.6634181419165348
D5,ZNF791,1
D5,ZNF83,0.43468841688264775
D5,ZNF91,1
D5,ZNRF1,0.11226806090223652
D5,ZSWIM8,0.2614115316184312
D6,A2M,6.492567217543237e-4
D6,AAMDC,0.2042492700396712
D6,ABCA3,0.5652500912511051
D6,ABCA7,0.05643982005374002
D6,ABCF3,0.013845761710474703
D6,ABHD14A,0.2895044284458243
D6,ABHD4,1
D6,ACAA1,1
D6,ACER3,0.8464395693169574
D6,ACTR3B,1
D6,ADAM15,8.12244851649742e-9
D6,ADCY3,0.07163099719913966
D6,ADI1,2.235710121403668e-5
D6,AEBP1,1.1232406706939453e-5
D6,AES,3.138867360982635e-12
D6,AGAP2,0.46312991335789216
D6,AGO2,0.07179115344229509
D6,AGPAT2,6.966937891100493e-7
D6,AGR2,1
D6,AHCY,0.0817078664838622
D6,AKAP9,0.11852862605856383
D6,AKR1A1,0.009953132986800204
D6,AKT1S1,4.5665599554034317e-7
D6,ALDH16A1,0.848209521950814
D6,ALG3,0.9549795197942307
D6,ANGPTL4,1
D6,ANKLE2,0.013353069463195108
D6,ANKRD12,0.7350590039959047
D6,ANKRD28,0.06470018895491421
D6,ANLN,1
D6,ANO10,0.7340739956023717
D6,AP5B1,0.3066173391073868
D6,AP5Z1,1
D6,APBA2,1
D6,APBB2,1
D6,APOBEC3G,1
D6,APOC1,4.507329960580405e-5
D6,AQP1,0.009776044680842715
D6,ARF5,0.6115975515782959
D6,ARF6,0.0038526877005328154
D6,ARFGEF2,1
D6,ARHGAP10,0.10130522204768495
D6,ARHGAP4,0.039154971892534564
D6,ARHGAP45,0.18745025006459398
D6,ARHGAP5,1
D6,ARHGEF10L,1
D6,ARHGEF3,1
D6,ARHGEF40,1
D6,ARID1B,0.11144770465221011
D6,ARID3A,1
D6,ARID4A,0.9402577079917849
D6,ARID5A,0.21019607386000416
D6,ARID5B,1
D6,ARNT,1
D6,ASCL2,0.03437167227816434
D6,ASH2L,0.45684571141431146
D6,ASL,1
D6,ASMTL,0.11240524146512067
D6,ASNA1,0.001085532340834285
D6,ASNS,0.4182241904772357
D6,ATAD1,1
D6,ATF6B,0.5325500896139935
D6,ATG12,1
D6,ATG16L2,1
D6,ATL2,0.576971528244661
D6,ATP5H,0.42678562561266126
D6,ATP5O,0.07598450915411094
D6,ATP6AP1,1.019141152826414e-5
D6,ATP6V0D1,0.004250357764488705
D6,AURKAIP1,0.01632105580786705
D6,AVEN,0.748110686199139
D6,BABAM1,4.482995451436713e-4
D6,BAD,1.54599881646205e-6
D6,BAG1,0.5400419001856327
D6,BAIAP3,0.5426883143174953
D6,BCAM,0.022344110507923114
D6,BCL2,1
D6,BCL2L12,1
D6,BGN,9.914962744308857e-6
D6,BICDL1,1
D6,BIN3,0.9791225461439004
D6,BIRC2,0.1383479565040025
D6,BIRC5,0.9402577079917849
D6,BLVRA,1
D6,BOK,0.0010507437910042545
D6,BOLA3,1
D6,BRD9,0.039154971892534564
D6,BRF1,0.10032863577866125
D6,BRF2,0.0017966223623383714
D6,BRK1,0.1302765211774705
D6,BRPF1,0.1571261303516156
D6,BSG,3.5159390894123675e-11
D6,BST2,2.622712608969543e-6
D6,BTG1,1.4867550794712753e-6
D6,C10orf10,1
D6,C10orf54,0.012170278640861131
D6,C12orf45,0.7694328890793171
D6,C15orf61,1
D6,C19orf24,0.060699435600505114
D6,C19orf52,1
D6,C19orf60,0.18325034980881968
D6,C1QB,7.43557708294029e-6
D6,C1R,3.192970125061362e-5
D6,C1S,5.77188482725287e-4
D6,C1orf216,1
D6,C2,0.2912480029711024
D6,C2CD2L,0.20473970744725897
D6,C3,1.651941051122861e-9
D6,C4orf48,0.0017966223623383714
D6,C5orf38,0.018266248161260792
D6,C6orf136,1
D6,C6orf48,0.048656967069910545
D6,CADM4,0.7902246126421795
D6,CALML5,3.5159390894123675e-11
D6,CAMTA2,1
D6,CAPG,4.507329960580405e-5
D6,CARS2,0.5109534912621941
D6,CBLC,0.05620396204530783
D6,CCDC106,0.3781547294662675
D6,CCDC167,0.04951218296869029
D6,CCDC57,0.10662531832041902
D6,CCDC80,0.07987880120289745
D6,CCDC88B,0.42432906607085213
D6,CCL19,0.0021986386325072355
D6,CCL2,0.18815922104570465
D6,CCL21,1
D6,CCM2,3.888135103747288e-6
D6,CCNB1,1
D6,CCNB1IP1,0.748989937448206
D6,CCNE1,1
D6,CCNE2,0.8162335195454624
D6,CCS,0.03085568908691698
D6,CCT4,0.013845761710474703
D6,CD14,9.85122405405851e-7
D6,CD320,0.03260808320760256
D6,CD3D,1
D6,CD4,0.5689186141995678
D6,CD52,0.04725382120304417
D6,CD68,1.5692361626466464e-6
D6,CD74,9.85122405405851e-7
D6,CD79A,0.6126113957734676
D6,CDC20,1
D6,CDC6,0.8460710012541608
D6,CDH11,0.050790026829806253
D6,CDH3,1
D6,CDK5RAP1,1
D6,CENPF,0.004214880716164794
D6,CEP250,0.02381793927291154
D6,CEP55,1
D6,CERCAM,0.13078685752228555
D6,CERS5,0.05571975255894496
D6,CES2,1
D6,CFAP36,1
D6,CFDP1,1
D6,CGGBP1,1.7727951124075228e-4
D6,CHCHD6,1
D6,CHD1,0.621537570296793
D6,CHD6,1
D6,CHFR,1
D6,CHST11,0.536346154208689
D6,CIR1,0.7785723396803481
D6,CLASRP,0.22022619078397718
D6,CLDN3,1.0005139713132148e-11
D6,CLDN4,1.9819107639273356e-7
D6,CLU,2.2989400859054065e-9
D6,CNN2,3.556152080736797e-10
D6,COL14A1,0.5689186141995678
D6,COL3A1,1.6225376092075782e-8
D6,COL4A1,1.1851997815230132e-6
D6,COL6A2,1.0005139713132148e-11
D6,COL8A2,0.002626052689492498
D6,COMMD1,1
D6,COMP,8.633771801792497e-14
D6,COPS7A,0.18833403380324373
D6,COQ4,0.17353479598806995
D6,CORO1A,0.3451151853940487
D6,CORO1B,9.600898751886622e-5
D6,CORO2A,0.1616609699715717
D6,CORO7,6.115611810233664e-6
D6,COX5A,0.5040916428742963
D6,CPNE1,0.0010507437910042545
D6,CPSF1,0.010275394916578822
D6,CPVL,0.0873838506935858
D6,CRABP2,0.002066990346637607
D6,CRACR2B,4.898183490251914e-4
D6,CRELD2,0.9098713895242454
D6,CROCC,1
D6,CSF1,0.38397745461072647
D6,CSF1R,0.06470018895491421
D6,CTDSPL,0.0686205819554501
D6,CTIF,0.8665360028157518
D6,CTSK,1.1060227808677755e-4
D6,CTU2,0.028806152139330504
D6,CUTC,0.08303643401811646
D6,CUX1,0.597183718035095
D6,CX3CL1,1
D6,CXCL10,0.021477597354978124
D6,CXXC5,4.0991385963126843e-5
D6,CYP27A1,0.42432906607085213
D6,DAPK3,1.9975153233255238e-5
D6,DCAF6,0.03592361959717133
D6,DCXR,0.4281068193298952
D6,DDAH1,0.8516795632062688
D6,DDB2,0.1475939525580021
D6,DDIT3,0.6280571894491745
D6,DDRGK1,0.22238739766519144
D6,DDT,0.1383479565040025
D6,DEAF1,0.03555519000564951
D6,DENND1A,0.1244712859573782
D6,DERL3,0.08254036420935913
D6,DESI1,0.4841466007393564
D6,DHX16,0.017887804935939434
D6,DLG1,0.10266017338181088
D6,DMAP1,3.600740048831648e-5
D6,DNAJB2,0.002066990346637607
D6,DNAJC1,0.0021986386325072355
D6,DNAJC7,0.002824319316528074
D6,DOCK6,1
D6,DPH3,1
D6,DPM2,6.575868238225399e-4
D6,DPP7,0.002211593308790359
D6,DPP9,1
D6,DPYSL3,8.338910261837711e-7
D6,DVL1,1
D6,EBAG9,1
D6,ECHDC2,0.9421296793676609
D6,ECM1,9.85122405405851e-7
D6,EFEMP2,1.5775236484610276e-5
D6,EFHD2,0.02708416350407125
D6,EGFR,1
D6,EIF1AD,0.2533467139576502
D6,EIF3B,1.2136442451492595e-9
D6,EIF3F,0.6471867617980673
D6,EIF3G,0.023912583959995525
D6,ELN,0.07313670052063419
D6,ELOF1,0.30045891571535416
D6,EMC3,1
D6,ENPP1,0.11328783743727061
D6,EPHB3,0.008171748454409683
D6,ERAL1,0.1752540128756522
D6,ERBB2,7.042164088028293e-5
D6,ERI3,0.0016242621616706174
D6,ERMP1,1
D6,ESR1,0.13061855529294214
D6,ETFB,1.523444035413235e-6
D6,EVA1B,0.02280884788345413
D6,EXD3,0.21565429863943536
D6,EXO1,0.579660513452226
D6,EXOC5,0.0037336790405933444
D6,EXOSC1,0.5040916428742963
D6,EXOSC10,1
D6,EXOSC2,1
D6,EZH2,1
D6,FAAH,1
D6,FADS2,1.6662013516575053e-4
D6,FAH,0.6238060017968172
D6,FAIM2,0.3311805490684032
D6,FAM102A,0.18545567461001508
D6,FAM117A,0.35360714860290904
D6,FAM118A,1
D6,FAM160B1,0.10854733177444577
D6,FAM173A,0.016242709992371332
D6,FAM193B,1
D6,FAM213B,0.7159986498033536
D6,FAM3A,0.01034157718090818
D6,FAM45A,0.8931253764976373
D6,FAP,0.05423738352198941
D6,FARP1,1
D6,FARSB,0.1426776035791619
D6,FASN,1.8323559391735693e-4
D6,FBF1,1
D6,FBLN2,0.013324257930655234
D6,FCER1G,0.1383479565040025
D6,FDPS,0.8857691543844011
D6,FGFR1,0.07407024722297839
D6,FGFR4,0.00802545459999742
D6,FKBP10,6.078033681425376e-4
D6,FKBP8,0.03550162151501888
D6,FLNA,1.0005139713132148e-11
D6,FN1,1.0005139713132148e-11
D6,FNBP4,1
D6,FOXA1,0.5288010518115073
D6,FOXC1,1
D6,FOXP4,1.3643773157998405e-6
D6,FSTL1,2.0788215573134357e-5
D6,FSTL3,7.604460759175935e-7
D6,FUOM,0.0023523287159281253
D6,FUS,0.02401495696273906
D6,FZD2,0.004664659845443525
D6,GALK1,0.002044082729373558
D6,GANAB,1.1895980393044196e-6
D6,GAR1,0.0709355913238549
D6,GAS6,9.85122405405851e-7
D6,GATA3,2.66011289791911e-7
D6,GATC,0.008825269386347144
D6,GBP1,1
D6,GBP2,0.9438775638899443
D6,GBP3,0.5221449065071185
D6,GBP4,1
D6,GBP5,0.4981055566647547
D6,GEMIN4,0.5102269616489283
D6,GLCCI1,1
D6,GLG1,0.06492113918741511
D6,GLTSCR2,0.12020124218277514
D6,GMFG,1
D6,GMPPA,0.02401495696273906
D6,GNAI2,2.2476142431339356e-9
D6,GNAS,9.85122405405851e-7
D6,GNL2,1
D6,GPR108,1
D6,GPR160,0.5825923554736944
D6,GPRC5A,0.6889194475569007
D6,GPS1,0.1383479565040025
D6,GPSM1,0.06607826888357704
D6,GPX3,0.08449109024083643
D6,GRB7,0.023884503235848106
D6,GRK3,1
D6,GSK3A,0.001085532340834285
D6,GSTM3,0.08552358834891133
D6,GYPC,0.012999799214041369
D6,HAGHL,0.031311862078585655
D6,HCFC1R1,4.55155868463513e-9
D6,HCST,0.11404164973081889
D6,HDAC5,0.02218926915518113
D6,HDAC6,0.6126113957734676
D6,HELZ2,0.07409460579185759
D6,HES1,0.0545135788728632
D6,HLA-B,2.2476142431339356e-9
D6,HLA-DMA,1.4866601547984222e-4
D6,HLA-DMB,1
D6,HLA-DOA,1
D6,HLA-DPA1,1.2564879039613128e-8
D6,HLA-DPB1,0.5426883143174953
D6,HLA-DRA,7.110105334017227e-8
D6,HLA-DRB1,1.8589859651346575e-4
D6,HMGB2,0.002393847777306405
D6,HNRNPUL2,4.781651362869221e-7
D6,HOOK3,1
D6,HPS6,0.9907555527505015
D6,HSD17B1,0.11245477750006926
D6,HSPA4,0.1033151258846482
D6,HSPB1,3.0105723855139005e-9
D6,HSPB11,1
D6,HYI,0.9346591393710976
D6,IDH3G,1
D6,IDUA,1
D6,IER5L,3.519458985057277e-8
D6,IFI27,7.110281921997332e-10
D6,IFI27L1,1
D6,IFI44L,0.032499638717479185
D6,IGFBP2,1.9828673528950303e-10
D6,IGFBP4,0.0023619152099517917
D6,IGHA1,2.853194235074502e-5
D6,IGHG3,4.476430899827764e-5
D6,IGHG4,0.245619074437238
D6,IGHM,8.660963576480787e-4
D6,IGKC,0.03338591941104438
D6,IGLC2,8.671921816184169e-11
D6,IGLC3,2.7096495679381314e-7
D6,IGLC7,0.0027747407903239477
D6,IKZF3,1
D6,IL10RA,0.07409460579185759
D6,ILKAP,1
D6,INAFM1,1
D6,INPP4B,1
D6,INPP5D,0.25905308944592903
D6,INPP5J,0.35022147758029404
D6,INTS8,0.37052552632334107
D6,ISG15,9.608436384291024e-6
D6,ISLR,0.18833403380324373
D6,ITGA5,0.39349096214637536
D6,ITGB4,0.25988692899278404
D6,ITGB6,5.780361830553618e-4
D6,ITSN1,1
D6,JAG2,0.0033357165768184258
D6,JAK1,1
D6,JAK3,0.0031371561425704055
D6,JCHAIN,1.2809252531912791e-05
D6,JMJD6,0.15017332559906604
D6,KAT6B,1
D6,KATNA1,1
D6,KCNAB2,1
D6,KCTD10,0.05844835148634749
D6,KDM4B,0.275700686238191
D6,KIAA0895L,1
D6,KIAA1211L,1
D6,KIAA1217,0.08159897927752166
D6,KIAA1468,1
D6,KIAA1715,0.7902246126421795
D6,KIF13B,0.9311169551468292
D6,KIF2C,1
D6,KLF9,0.9797666960898498
D6,KMT2B,6.352449266884823e-4
D6,KMT2E,0.7228606378509318
D6,KPNB1,0.1616609699715717
D6,KRAS,0.4374270054918909
D6,KRT10,0.1616609699715717
D6,KRT17,0.19195585272544533
D6,KRT8,1.9562172351645268e-6
D6,KRT86,1
D6,LAMB2,0.42441608196899844
D6,LAMTOR2,5.577913509271393e-6
D6,LANCL1,0.28876655725818967
D6,LARP1B,1
D6,LARP7,0.22473137760000667
D6,LCK,1
D6,LCP1,0.20473970744725897
D6,LGALS1,1.1635175799547574e-6
D6,LIMCH1,0.003886740442820877
D6,LIMK1,4.55155868463513e-9
D6,LINC00176,0.24095994727829795
D6,LINGO1,0.7061664894808336
D6,LLGL1,0.3055948607591955
D6,LMF1,1
D6,LMNA,2.7085532561805264e-7
D6,LRRC8A,1
D6,LRWD1,0.010290927987758446
D6,LST1,0.0409057645617296
D6,LTB4R,1
D6,LTBP3,4.680592625347604e-6
D6,LTF,1
D6,LUC7L,1
D6,LUC7L3,0.039369560899398214
D6,LUM,5.627540768618867e-11
D6,LYL1,0.05371309446548354
D6,MAGEF1,0.0012817133375451737
D6,MAGI1,1
D6,MAGOHB,1
D6,MAP1S,0.4089648655393857
D6,MAP3K14,0.005464162191583785
D6,MAP3K6,1
D6,MAP4K2,0.1327430980129949
D6,MAPK9,1
D6,MAPKAPK5,0.30278130055282376
D6,MAPT,1
D6,MARS,0.21981118190460486
D6,MAVS,1
D6,MCTS1,1
D6,MDM2,1
D6,MED13L,0.23130614660087984
D6,MED25,0.018804241196953963
D6,MELK,0.870975110608021
D6,MEN1,0.19376636699549887
D6,METTL12,0.7466407480984559
D6,METTL16,0.9311169551468292
D6,MFAP4,0.9346591393710976
D6,MFSD3,0.8162335195454624
D6,MFSD7,0.04935783369011215
D6,MGMT,0.03634908227823334
D6,MGP,0.010290927987758446
D6,MIB2,1
D6,MICAL1,1
D6,MICALL2,0.09043063704429229
D6,MID1IP1,0.010275394916578822
D6,MIF,1
D6,MIIP,0.0029028007338708734
D6,MKI67,1
D6,MKNK1,0.24821855959694508
D6,MLLT4,1
D6,MLPH,0.32400997288803507
D6,MLST8,0.005042365644230679
D6,MMP11,1.4708064463354367e-6
D6,MMP9,6.008710025497035e-4
D6,MORC2,0.22207566398443335
D6,MPND,0.0802765171693942
D6,MPST,1.9562172351645268e-6
D6,MRPL2,0.9259315649720786
D6,MRPL21,0.6516972838777312
D6,MRPL23,0.02401495696273906
D6,MRPL51,0.012794588410846287
D6,MRPL54,0.01192695362607802
D6,MRPS22,0.44047566955753414
D6,MS4A6A,0.05407582233336678
D6,MST1R,1
D6,MTG2,0.013353069463195108
D6,MTMR12,0.4953784462600985
D6,MUC1,0.0030813990897994954
D6,MUCL1,1
D6,MUS81,0.03432810344872347
D6,MVP,4.021651494812191e-4
D6,MX2,0.20208415286024314
D6,MYBL2,1
D6,MYC,0.06400713049190493
D6,MYH10,0.004005757670596222
D6,MYL12B,0.17926118964969617
D6,MYL6B,0.19104896876305233
D6,MYL9,6.481066065513495e-9
D6,MYO1G,0.00802545459999742
D6,MYO9B,0.0049003549408549296
D6,MZT2A,1.0185578533508451e-7
D6,NAA10,0.04389533900861276
D6,NANS,0.4657632620835958
D6,NAT1,1
D6,NCKAP1L,1
D6,NCKAP5L,0.12446012725032538
D6,NDC80,1
D6,NDRG1,3.556152080736797e-10
D6,NDUFA1,0.032499638717479185
D6,NDUFA12,1
D6,NDUFB2,0.027877002984047838
D6,NDUFB3,0.8857691543844011
D6,NDUFB9,0.001807671704643201
D6,NDUFC1,0.9323441878281887
D6,NDUFS1,1
D6,NDUFV3,0.13896286098972166
D6,NEBL,0.9549795197942307
D6,NEK7,1
D6,NELFE,1
D6,NFATC4,0.0768229522717869
D6,NFIC,0.04951218296869029
D6,NINJ1,1.2240163137367893e-7
D6,NIT2,0.23383588146999262
D6,NMRAL1,1.1895980393044196e-6
D6,NR1H2,1
D6,NR4A1,0.12428224738105288
D6,NRP1,0.5188529974443353
D6,NSMCE1,0.9526729861729223
D6,NTMT1,0.022595425882810178
D6,NUF2,0.9483619565817382
D6,NUP214,0.6649843451560452
D6,NUP93,0.4495813967445096
D6,NXN,0.25988692899278404
D6,OASL,1
D6,OGFRL1,1
D6,OPTN,1
D6,ORC2,1
D6,ORC6,1
D6,OSBPL8,1
D6,P4HA2,1
D6,PAF1,1
D6,PAFAH1B3,0.18815922104570465
D6,PAQR4,1
D6,PARN,1
D6,PCCB,0.007650608536153527
D6,PCIF1,0.8220747669854679
D6,PDCD5,1
D6,PDGFRA,0.748557232980351
D6,PDGFRB,0.009776044680842715
D6,PER1,1
D6,PEX11G,0.22473137760000667
D6,PEX14,1
D6,PGLS,0.039369560899398214
D6,PGR,1
D6,PHF11,1
D6,PHF13,1
D6,PHF21A,0.4953784462600985
D6,PHGDH,0.16268033103754564
D6,PHKB,0.16057679740663072
D6,PIGQ,0.02401495696273906
D6,PIH1D1,1
D6,PILRA,0.14914704549189936
D6,PIM2,0.9886672623987993
D6,PITX1,0.061812606324354515
D6,PKNOX1,1
D6,PLAC9,0.6077994120264001
D6,PLEKHO2,0.4907267925657016
D6,PLIN2,1
D6,PLK1,1
D6,PLK2,0.1383479565040025
D6,PLLP,0.004383246180262741
D6,PLP2,0.042384832148287456
D6,PLPPR2,0.004643686750957111
D6,PLSCR1,0.9402577079917849
D6,PLTP,0.03057405370777622
D6,PLVAP,0.0038306681825853385
D6,PLXNA1,0.0038624798682221355
D6,PLXND1,2.2420481149875965e-11
D6,PMP22,0.3392936659347267
D6,PNISR,0.906116908938385
D6,PNMT,0.11919493710004297
D6,PNP,1
D6,PNPLA6,4.916524456514699e-4
D6,PODNL1,0.17443686172866782
D6,PODXL,0.039154971892534564
D6,POLR2E,1.1895980393044196e-6
D6,POLR2J,0.014343560644089499
D6,POR,0.0038306681825853385
D6,POSTN,9.918346293854122e-8
D6,PPHLN1,1
D6,PPIB,1.3452288689925579e-12
D6,PPIH,1
D6,PPM1G,0.864251277229345
D6,PPP1R1A,0.0016235338155469133
D6,PPP1R1B,0.4158308691295575
D6,PPP1R37,0.0409057645617296
D6,PRKAB1,1
D6,PRKCSH,8.671921816184169e-11
D6,PROSER1,0.4176273268340401
D6,PRPF6,0.01750027610860577
D6,PRPSAP1,0.9172389830866003
D6,PSCA,0.005088908762230165
D6,PSMD4,1
D6,PSTPIP1,0.0873838506935858
D6,PTGDS,5.603435456660394e-5
D6,PTOV1,0.001337599420153785
D6,PTP4A3,0.17183644259202427
D6,PTPRC,0.09121393111626529
D6,PTPRJ,0.1778597046013428
D6,PTRF,4.967589141620023e-7
D6,PTRH1,1
D6,PTTG1,0.9421296793676609
D6,PUS3,0.3884437070234141
D6,PWP1,1
D6,PWWP2B,7.597260822122477e-4
D6,PXDN,0.19820759382520348
D6,PYURF,0.028084383140508172
D6,QSOX1,0.11973839592955124
D6,R3HDM2,1
D6,RAB11FIP1,0.002419064637706186
D6,RAB3A,0.31232310775624617
D6,RAB3GAP1,1
D6,RAB3IL1,0.864251277229345
D6,RABGAP1L,0.1033151258846482
D6,RALBP1,1
D6,RALGAPA2,1
D6,RAMP2,1
D6,RAP1B,0.739581321732849
D6,RARS2,1
D6,RASA2,1
D6,RASGRP2,1
D6,RASSF3,0.49047887911265764
D6,RBL1,0.6703741733850873
D6,RBM42,1.6361658869371627e-5
D6,RECQL4,1
D6,RECQL5,0.1620110160978331
D6,REEP6,1
D6,RGS1,1
D6,RHOB,0.002393847777306405
D6,RIOK1,0.45286995534323393
D6,RMND1,1
D6,RNASET2,6.621654470379329e-4
D6,RND3,1
D6,RNF135,1
D6,RNF170,0.6447829313150887
D6,RRAS,0.03550162151501888
D6,RRM2,0.017515345045973376
D6,RSL1D1,0.38397745461072647
D6,RSRP1,0.04935783369011215
D6,RUVBL1,0.2112507940756811
D6,S100A14,1.0005139713132148e-11
D6,S100A9,0.015231609267804558
D6,SAMM50,0.21468101461418262
D6,SASH1,1
D6,SAT1,0.0026018450649012083
D6,SCAF1,0.17670687130553148
D6,SCD,0.02401495696273906
D6,SCNN1D,1
D6,SCX,0.11240524146512067
D6,SDHB,1
D6,SEC14L2,1
D6,SEC23A,1
D6,SEMA3B,1
D6,SEMA4B,1
D6,SF3B4,1
D6,SFRP1,1
D6,SFSWAP,0.9352240937193632
D6,SGTA,2.2841756709684022e-5
D6,SH3BP5L,1
D6,SIGLEC1,1
D6,SIGMAR1,1
D6,SLC16A2,1
D6,SLC16A3,0.0022189174607395996
D6,SLC22A18,0.8162335195454624
D6,SLC25A24,0.2850995250631241
D6,SLC2A1,1
D6,SLC2A8,0.0013535305021157196
D6,SLC35A2,0.07313670052063419
D6,SLC39A6,0.12189886570347588
D6,SLC43A1,0.003213215228280163
D6,SLC4A5,1
D6,SLC8B1,0.22715146977667827
D6,SLC9A3R2,5.07662227316291e-4
D6,SLC9A8,1
D6,SLFN13,1
D6,SLPI,1
D6,SMCHD1,0.783875012895969
D6,SMG9,0.1635765369700583
D6,SMYD2,0.08191814749878919
D6,SNAPC3,1
D6,SNF8,0.025194836406041282
D6,SNRPD3,0.5467988241912064
D6,SNTA1,0.7631377651641283
D6,SNX33,0.748989937448206
D6,SNX8,0.0059016443220435534
D6,SOD3,0.07987880120289745
D6,SOS2,1
D6,SOX4,2.5488963951924085e-4
D6,SP6,0.007142506071363973
D6,SPAG9,0.0874136425294194
D6,SPARC,1.6926182097804931e-9
D6,SPIN1,1
D6,SPSB1,0.11919493710004297
D6,SRGN,1
D6,SRPX2,0.8396913107411522
D6,SRR,0.703815174981433
D6,SRRT,1
D6,SRSF1,0.035435717835425075
D6,SRSF5,1
D6,SSSCA1,0.8498157979383255
D6,STAMBP,0.5529801858323632
D6,STAT5A,1
D6,STK17A,1
D6,STK4,1
D6,STMN1,0.004054601517455176
D6,STRN3,1
D6,STT3A,0.0935565693116694
D6,SUGP1,1
D6,SURF1,0.7364679167002657
D6,SVIL,0.5040916428742963
D6,SYDE1,1
D6,SYK,1
D6,TACC3,1
D6,TANC2,0.04330006881270401
D6,TARBP1,0.44047566955753414
D6,TAX1BP1,0.906116908938385
D6,TAX1BP3,1
D6,TBC1D10A,0.46290808742015577
D6,TBC1D23,1
D6,TBCA,1
D6,TBXAS1,0.929501455429287
D6,TCEA2,1
D6,TCEA3,0.5662602121887302
D6,TCF25,4.9448175155103595e-5
D6,TDRD3,1
D6,TESK1,1
D6,TESMIN,0.03551822399043764
D6,TEX10,0.027877002984047838
D6,TEX2,0.5529801858323632
D6,TFF3,0.05857393421485027
D6,TGFBR2,0.010618929460437224
D6,THBS1,1.17521491513236e-5
D6,THOC5,1
D6,THOC6,0.07510898378358734
D6,TIGD5,0.11028280863145024
D6,TIMP1,6.250666337804773e-7
D6,TJP3,0.2112507940756811
D6,TM7SF2,1
D6,TMBIM6,3.536135465010546e-5
D6,TMEM101,1
D6,TMEM123,0.003886740442820877
D6,TMEM14B,0.2146668141029583
D6,TMEM160,5.762190006363847e-4
D6,TMEM184A,1
D6,TMEM259,3.0105723855139005e-9
D6,TMEM45B,0.5426883143174953
D6,TMEM86A,0.19442881288093133
D6,TMX1,0.8103282855296785
D6,TNC,0.03544445010011228
D6,TNFRSF14,0.04951218296869029
D6,TNFRSF21,0.9515684053467296
D6,TNFRSF4,0.017057265568116042
D6,TNNT1,0.23023911434875513
D6,TOM1L2,1
D6,TP53I3,0.536346154208689
D6,TPM2,1.3301362506585507e-5
D6,TRAC,0.25988692899278404
D6,TRAF5,0.9549795197942307
D6,TRAP1,0.15793471347134605
D6,TRAPPC4,0.2895044284458243
D6,TRIM14,0.13061855529294214
D6,TRIM22,0.20454413413945086
D6,TRIM25,1
D6,TRIM47,1
D6,TSPAN33,0.9213392593298588
D6,TSR2,1
D6,TTC31,1
D6,TTI1,1
D6,TXN2,0.030284125411300954
D6,TXNDC17,0.02401495696273906
D6,TXNRD2,0.3324482808856967
D6,TYMS,1
D6,TYROBP,0.007112011629477561
D6,UBA52,3.0105723855139005e-9
D6,UBA6,0.5689186141995678
D6,UBAP2L,0.040653989046218676
D6,UBE2C,0.18545567461001508
D6,UBE2T,1
D6,UBE2W,0.6295570521609382
D6,UBL7,0.4899554097767183
D6,UBR2,0.044608184151436206
D6,UBXN1,0.11788909581164579
D6,UCK1,0.15150268041270226
D6,UFD1L,1
D6,UQCRC1,3.367997382473796e-5
D6,UXS1,1.6361658869371627e-5
D6,UXT,0.7290668253770277
D6,VARS,0.006355906850917804
D6,VAV1,1
D6,VCAM1,0.16632684584355673
D6,VEGFB,0.009776044680842715
D6,VIM,1.2397468863962574e-7
D6,VPS13D,0.31326470379789206
D6,VPS45,1
D6,VWF,0.8857691543844011
D6,WDFY3,0.5040916428742963
D6,WDR13,0.05395701924570087
D6,WDR34,1.7087398088902906e-7
D6,WDR46,5.157790720959134e-4
D6,WDR73,0.5426883143174953
D6,WDR74,0.22186597831401147
D6,WIPF1,0.4953784462600985
D6,XAB2,4.573694223990914e-7
D6,XIAP,0.05151727070871874
D6,XPO6,0.39703201374533165
D6,YIPF4,0.28715341207054024
D6,YTHDC1,0.929501455429287
D6,ZDHHC12,2.480350050114158e-4
D6,ZFAND3,0.5065602241493007
D6,ZFP36,0.08497770270290717
D6,ZFPL1,0.7694328890793171
D6,ZFR,0.01163645613701506
D6,ZG16B,1
D6,ZMAT5,1
D6,ZMYND19,1.751061520067791e-5
D6,ZMYND8,0.05857393421485027
D6,ZNF217,1
D6,ZNF337,1
D6,ZNF33B,1
D6,ZNF362,0.9016286263634584
D6,ZNF524,0.3451151853940487
D6,ZNF592,1
D6,ZNF644,1
D6,ZNF668,1
D6,ZNF771,0.31033355109670957
D6,ZNF787,1.2809252531912791e-05
D6,ZNF791,1
D6,ZNF83,1
D6,ZNF91,1
D6,ZNRF1,0.041924650521089575
D6,ZSWIM8,0.0210551448396522
E1,A2M,2.970461170085159e-16
E1,AAMDC,8.84824169564668e-5
E1,ABCA3,0.009094840488732036
E1,ABCA7,0.00621374716275386
E1,ABCF3,0.4333168669127713
E1,ABHD14A,0.3727871504467309
E1,ABHD4,1
E1,ACAA1,0.3155273586792709
E1,ACER3,1
E1,ACTR3B,1
E1,ADAM15,9.83552110572058e-6
E1,ADCY3,0.9234299882560504
E1,ADI1,0.01159229151202099
E1,AEBP1,4.302286466902591e-16
E1,AES,1.4227489905402544e-17
E1,AGAP2,1
E1,AGO2,1
E1,AGPAT2,2.952682923550492e-6
E1,AGR2,1.993467653464588e-8
E1,AHCY,0.05641020920241414
E1,AKAP9,0.08573617487004755
E1,AKR1A1,6.713613375160905e-15
E1,AKT1S1,0.1737906486706069
E1,ALDH16A1,0.3570731638109924
E1,ALG3,3.7098441566951084e-4
E1,ANGPTL4,1.2871897112385017e-5
E1,ANKLE2,8.853147823459347e-4
E1,ANKRD12,1
E1,ANKRD28,1
E1,ANLN,1
E1,ANO10,1
E1,AP5B1,1
E1,AP5Z1,0.5776921156524601
E1,APBA2,0.05920194725330255
E1,APBB2,0.9285074021574568
E1,APOBEC3G,1
E1,APOC1,1.1028747401169535e-17
E1,AQP1,0.016005252991088247
E1,ARF5,1
E1,ARF6,0.18539656624028003
E1,ARFGEF2,1
E1,ARHGAP10,1
E1,ARHGAP4,0.01843612351393573
E1,ARHGAP45,0.008038783595119886
E1,ARHGAP5,1
E1,ARHGEF10L,1
E1,ARHGEF3,0.4565693703704124
E1,ARHGEF40,0.037907615789891894
E1,ARID1B,0.176555681035501
E1,ARID3A,0.026898171950438116
E1,ARID4A,1
E1,ARID5A,0.5195740455630942
E1,ARID5B,1
E1,ARNT,1
E1,ASCL2,0.04540182454793781
E1,ASH2L,1
E1,ASL,1
E1,ASMTL,0.04540182454793781
E1,ASNA1,0.029176325374832657
E1,ASNS,1.4265921680770885e-6
E1,ATAD1,1
E1,ATF6B,0.37472951854045755
E1,ATG12,1
E1,ATG16L2,1
E1,ATL2,1
E1,ATP5H,0.021577550156367954
E1,ATP5O,6.992970277258803e-6
E1,ATP6AP1,2.9237578319631232e-12
E1,ATP6V0D1,0.02422846421073594
E1,AURKAIP1,2.8753775998131e-7
E1,AVEN,0.24319347449695275
E1,BABAM1,0.17376413377647107
E1,BAD,0.359338061190034
E1,BAG1,0.0022677752782301465
E1,BAIAP3,1
E1,BCAM,0.04283392481436606
E1,BCL2,1
E1,BCL2L12,1
E1,BGN,5.016343028254375e-16
E1,BICDL1,0.1259796663018234
E1,BIN3,0.05692779844817165
E1,BIRC2,0.19153018664597685
E1,BIRC5,9.400089638814887e-7
E1,BLVRA,0.34965718213391134
E1,BOK,0.7884612797363076
E1,BOLA3,0.01044290727618477
E1,BRD9,0.09590554875899318
E1,BRF1,0.33726241332579376
E1,BRF2,1
E1,BRK1,1.5069733783999855e-5
E1,BRPF1,1
E1,BSG,2.8080243617793513e-19
E1,BST2,3.460485116689433e-16
E1,BTG1,0.021577550156367954
E1,C10orf10,0.09395688607500093
E1,C10orf54,5.835433372927844e-4
E1,C12orf45,1
E1,C15orf61,1
E1,C19orf24,0.09956292951219411
E1,C19orf52,1
E1,C19orf60,0.2553176807664423
E1,C1QB,4.4902389042365595e-13
E1,C1R,0.01159229151202099
E1,C1S,2.4367275681025625e-9
E1,C1orf216,0.05931804686508966
E1,C2,0.02279229172226155
E1,C2CD2L,0.03454310884238954
E1,C3,1.589808862548368e-20
E1,C4orf48,7.668511641362546e-11
E1,C5orf38,0.16186007879415767
E1,C6orf136,0.9098733282971786
E1,C6orf48,0.08492533246876173
E1,CADM4,0.32849475018381985
E1,CALML5,3.501669677182966e-17
E1,CAMTA2,1
E1,CAPG,0.009988250552946889
E1,CARS2,0.7193241503177986
E1,CBLC,1
E1,CCDC106,0.8872719706804296
E1,CCDC167,2.1646718968956326e-4
E1,CCDC57,0.035027181835088544
E1,CCDC80,1
E1,CCDC88B,0.04400233542736778
E1,CCL19,1.3481994187487708e-6
E1,CCL2,1
E1,CCL21,0.16664006342065155
E1,CCM2,0.11400778928947748
E1,CCNB1,0.2456549697642933
E1,CCNB1IP1,1
E1,CCNE1,1.5557357144678434e-11
E1,CCNE2,0.46524201711042334
E1,CCS,3.4591425861095846e-5
E1,CCT4,0.058577252915332646
E1,CD14,4.019121785041721e-6
E1,CD320,8.40313078792743e-5
E1,CD3D,7.284503421288611e-4
E1,CD4,0.005633430549167188
E1,CD52,4.9753090509714554e-8
E1,CD68,3.4088397014662546e-11
E1,CD74,1.0025587475027346e-34
E1,CD79A,2.387737464998365e-6
E1,CDC20,0.029176325374832657
E1,CDC6,0.1078137522237405
E1,CDH11,1
E1,CDH3,0.018371831781052898
E1,CDK5RAP1,0.2710597644421464
E1,CENPF,1
E1,CEP250,0.022032994312202535
E1,CEP55,1
E1,CERCAM,0.0546923782423553
E1,CERS5,1
E1,CES2,0.46235243197262826
E1,CFAP36,1
E1,CFDP1,1
E1,CGGBP1,0.09680565480365273
E1,CHCHD6,0.08639451932860481
E1,CHD1,1
E1,CHD6,1
E1,CHFR,0.19831008318170865
E1,CHST11,0.5249731791993258
E1,CIR1,0.04599036726249634
E1,CLASRP,1
E1,CLDN3,1.4941511220679484e-15
E1,CLDN4,1.0922202740034873e-13
E1,CLU,5.0607268325259125e-9
E1,CNN2,3.431025601909855e-7
E1,COL14A1,1
E1,COL3A1,9.385468732362242e-7
E1,COL4A1,0.2621177440059675
E1,COL6A2,3.38419986848546e-11
E1,COL8A2,0.44770180943956916
E1,COMMD1,8.459223370075527e-6
E1,COMP,0.0028806791645454607
E1,COPS7A,0.34655602028341675
E1,COQ4,0.010661156645971379
E1,CORO1A,1
E1,CORO1B,0.3834342333572842
E1,CORO2A,1
E1,CORO7,0.001721480570707924
E1,COX5A,0.005155149187796562
E1,CPNE1,6.878967519182736e-5
E1,CPSF1,0.002873625312365945
E1,CPVL,1
E1,CRABP2,4.007940145111543e-4
E1,CRACR2B,0.6366068482307224
E1,CRELD2,0.004228274785355098
E1,CROCC,0.7969294767946005
E1,CSF1,1
E1,CSF1R,1.038714902000781e-5
E1,CTDSPL,0.007968299222304189
E1,CTIF,0.10115048616831027
E1,CTSK,1
E1,CTU2,0.08703644500191922
E1,CUTC,1
E1,CUX1,1.2434114519150556e-6
E1,CX3CL1,0.08492533246876173
E1,CXCL10,6.289735426151273e-6
E1,CXXC5,0.0014670406902639848
E1,CYP27A1,1
E1,DAPK3,0.042980384077443604
E1,DCAF6,1
E1,DCXR,2.2371112861518908e-5
E1,DDAH1,0.07125814587081908
E1,DDB2,0.39076509060232456
E1,DDIT3,1
E1,DDRGK1,0.010751243946517237
E1,DDT,0.3118588861962146
E1,DEAF1,0.35614159330281514
E1,DENND1A,1
E1,DERL3,6.94462564955799e-15
E1,DESI1,1.8700910505173326e-5
E1,DHX16,1
E1,DLG1,0.19857267361384778
E1,DMAP1,0.011375913049296277
E1,DNAJB2,0.004179511844006573
E1,DNAJC1,0.09817553734834095
E1,DNAJC7,0.1750174337673714
E1,DOCK6,1
E1,DPH3,0.3567951931546538
E1,DPM2,7.484306416869004e-7
E1,DPP7,1.3982603947792645e-11
E1,DPP9,0.024718086166935826
E1,DPYSL3,0.34965718213391134
E1,DVL1,0.051196535410183694
E1,EBAG9,1
E1,ECHDC2,1
E1,ECM1,9.622365564458372e-4
E1,EFEMP2,8.211797111097562e-4
E1,EFHD2,0.0012054892012615492
E1,EGFR,1
E1,EIF1AD,0.39299828670967596
E1,EIF3B,4.4891822338857255e-5
E1,EIF3F,1
E1,EIF3G,8.318659322156749e-7
E1,ELN,1
E1,ELOF1,0.02402347730560825
E1,EMC3,0.06437630547068178
E1,ENPP1,1
E1,EPHB3,1
E1,ERAL1,0.006826882075597193
E1,ERBB2,7.495862618818071e-27
E1,ERI3,6.962410586307158e-6
E1,ERMP1,7.484306416869004e-7
E1,ESR1,1
E1,ETFB,7.731580022947426e-6
E1,EVA1B,8.172384948073898e-8
E1,EXD3,1
E1,EXO1,1
E1,EXOC5,1
E1,EXOSC1,0.7092967979459307
E1,EXOSC10,0.019293242831702615
E1,EXOSC2,0.5557657390868481
E1,EZH2,1
E1,FAAH,0.6335151597145461
E1,FADS2,1.5871418696885887e-18
E1,FAH,0.004240200482498432
E1,FAIM2,1
E1,FAM102A,0.2778182314785653
E1,FAM117A,1
E1,FAM118A,1
E1,FAM160B1,1
E1,FAM173A,0.004202890292840043
E1,FAM193B,0.0019019502305930467
E1,FAM213B,0.4774499984076973
E1,FAM3A,0.1414313297852901
E1,FAM45A,1
E1,FAP,1
E1,FARP1,0.3058490146702943
E1,FARSB,1
E1,FASN,1.0282209404519742e-20
E1,FBF1,0.6161100714417518
E1,FBLN2,0.07544883727376202
E1,FCER1G,0.25250777524538925
E1,FDPS,3.9115869751022476e-23
E1,FGFR1,0.2512788897399202
E1,FGFR4,0.4550141356309908
E1,FKBP10,0.07766093140212478
E1,FKBP8,0.007599924447454975
E1,FLNA,8.436317519365363e-24
E1,FN1,1.3816119705343259e-13
E1,FNBP4,1
E1,FOXA1,0.4166641129841178
E1,FOXC1,1
E1,FOXP4,0.0036123279233909243
E1,FSTL1,0.0011792754303027707
E1,FSTL3,0.0874353049230776
E1,FUOM,0.025384419182941875
E1,FUS,0.17387000649780604
E1,FZD2,0.2275314877067105
E1,GALK1,0.42654740099333244
E1,GANAB,4.6992138580188165e-7
E1,GAR1,0.09312579376311012
E1,GAS6,0.10508550369848862
E1,GATA3,1
E1,GATC,1
E1,GBP1,0.8872719706804296
E1,GBP2,0.13782398717821004
E1,GBP3,0.009988250552946889
E1,GBP4,0.5132759228239799
E1,GBP5,1
E1,GEMIN4,0.08036025751543824
E1,GLCCI1,1
E1,GLG1,8.320840709631765e-5
E1,GLTSCR2,5.130336790585175e-12
E1,GMFG,0.006491828971521984
E1,GMPPA,0.007837029517569758
E1,GNAI2,3.821583763062202e-12
E1,GNAS,3.3963305495666474e-14
E1,GNL2,0.00876509288557022
E1,GPR108,0.21303280324733767
E1,GPR160,0.17699253843042162
E1,GPRC5A,1
E1,GPS1,2.2995361527969747e-4
E1,GPSM1,1
E1,GPX3,0.0447555184270331
E1,GRB7,3.158391103652768e-20
E1,GRK3,0.8212793101770477
E1,GSK3A,0.019604344061393556
E1,GSTM3,1
E1,GYPC,8.211797111097562e-4
E1,HAGHL,1
E1,HCFC1R1,4.1110009597908766e-7
E1,HCST,0.0024215380955449704
E1,HDAC5,0.08345979423930423
E1,HDAC6,0.006491828971521984
E1,HELZ2,0.00974209752735859
E1,HES1,0.03983477752470408
E1,HLA-B,1.2378164847045047e-29
E1,HLA-DMA,1.8587287442416623e-4
E1,HLA-DMB,3.92556833773801e-6
E1,HLA-DOA,0.6431102900779512
E1,HLA-DPA1,8.987603089319296e-6
E1,HLA-DPB1,0.11279946038508706
E1,HLA-DRA,9.557671606442704e-10
E1,HLA-DRB1,3.1082022578916183e-10
E1,HMGB2,1
E1,HNRNPUL2,9.827827012043543e-7
E1,HOOK3,1
E1,HPS6,1
E1,HSD17B1,1
E1,HSPA4,0.6911544601915741
E1,HSPB1,6.483630530115097e-22
E1,HSPB11,1
E1,HYI,0.037443282781047416
E1,IDH3G,5.797809306786249e-4
E1,IDUA,1
E1,IER5L,0.0034159055503316074
E1,IFI27,1.4461641367223159e-24
E1,IFI27L1,0.30532868289358944
E1,IFI44L,0.1823947864679426
E1,IGFBP2,6.944409309155771e-4
E1,IGFBP4,4.668993176805214e-10
E1,IGHA1,1.1388094473538475e-33
E1,IGHG3,2.6687904945879192e-37
E1,IGHG4,3.7879860232858104e-16
E1,IGHM,7.064542176291168e-27
E1,IGKC,2.5282501061976195e-30
E1,IGLC2,1.6449781841156956e-23
E1,IGLC3,4.285938967288972e-25
E1,IGLC7,2.6941433425419355e-13
E1,IKZF3,0.6335151597145461
E1,IL10RA,0.2213481156452609
E1,ILKAP,0.010661156645971379
E1,INAFM1,1
E1,INPP4B,0.21030849727914872
E1,INPP5D,0.6875581606995422
E1,INPP5J,1
E1,INTS8,0.025351051408329366
E1,ISG15,7.794619117562466e-10
E1,ISLR,0.1907860653432638
E1,ITGA5,0.6861545403277007
E1,ITGB4,0.04514088746561044
E1,ITGB6,0.19465239301077505
E1,ITSN1,1
E1,JAG2,1
E1,JAK1,1
E1,JAK3,0.0017505596387762715
E1,JCHAIN,1.3351886502084561e-6
E1,JMJD6,1
E1,KAT6B,0.4195855717228612
E1,KATNA1,1
E1,KCNAB2,1
E1,KCTD10,1
E1,KDM4B,0.07881788971344052
E1,KIAA0895L,1
E1,KIAA1211L,1
E1,KIAA1217,0.17472305669729474
E1,KIAA1468,1
E1,KIAA1715,0.7006985375493198
E1,KIF13B,1
E1,KIF2C,1
E1,KLF9,1
E1,KMT2B,0.19101981299778165
E1,KMT2E,0.33893724361953625
E1,KPNB1,1
E1,KRAS,1
E1,KRT10,0.007968299222304189
E1,KRT17,0.5765876226243983
E1,KRT5,1
E1,KRT8,2.60141547354156e-6
E1,KRT86,1
E1,LAMB2,1.6505720529305358e-6
E1,LAMTOR2,4.880848260588197e-4
E1,LANCL1,1
E1,LARP1B,1
E1,LARP7,0.6282908794606369
E1,LCK,0.10540532300127187
E1,LCP1,0.02826395382614562
E1,LGALS1,3.1431672329655912e-12
E1,LIMCH1,0.9557989475222
E1,LIMK1,0.0014670406902639848
E1,LINC00176,1
E1,LINGO1,1
E1,LLGL1,1
E1,LMF1,0.2703424643819496
E1,LMNA,1.2407239077495755e-13
E1,LRRC8A,1
E1,LRWD1,1
E1,LST1,0.27806941185194883
E1,LTB4R,1
E1,LTBP3,0.0017818293708572687
E1,LTF,1.3088554464405127e-17
E1,LUC7L,1
E1,LUC7L3,0.19808270709956222
E1,LUM,9.445429724242902e-5
E1,LYL1,0.16664006342065155
E1,MAGEF1,1
E1,MAGI1,1
E1,MAGOHB,1
E1,MAP1S,0.39699615662522153
E1,MAP3K14,0.0698488004461933
E1,MAP3K6,1
E1,MAP4K2,1
E1,MAPK9,0.16572843759058092
E1,MAPKAPK5,0.6361694694272321
E1,MAPT,1
E1,MARS,2.04313457399223e-6
E1,MAVS,0.03421067889914804
E1,MCTS1,1
E1,MDM2,0.3172677119941156
E1,MED13L,1
E1,MED25,0.1986083976892376
E1,MELK,1
E1,MEN1,1
E1,METTL12,0.8308136363632047
E1,METTL16,0.07210966299128498
E1,MFAP4,1
E1,MFSD3,1
E1,MFSD7,0.2256967722656013
E1,MGMT,2.369243033459673e-6
E1,MGP,1.5578443674470452e-7
E1,MIB2,1
E1,MICAL1,0.07680249481859029
E1,MICALL2,0.04149415151074587
E1,MID1IP1,0.42130919694026847
E1,MIF,0.004289975773374274
E1,MIIP,0.46524201711042334
E1,MKI67,0.21322842061123384
E1,MKNK1,0.8667778252517759
E1,MLLT4,0.02602611082334402
E1,MLPH,0.021309077097981344
E1,MLST8,8.221282500881337e-5
E1,MMP11,0.0024215380955449704
E1,MMP9,7.689534123505108e-12
E1,MORC2,0.39076509060232456
E1,MPND,0.004228274785355098
E1,MPST,9.172390081727626e-4
E1,MRPL2,0.004820386529802641
E1,MRPL21,1
E1,MRPL23,1
E1,MRPL51,0.01055329010474039
E1,MRPL54,0.0033763731144228057
E1,MRPS22,1
E1,MS4A6A,1
E1,MST1R,6.383273829513245e-4
E1,MTG2,1
E1,MTMR12,1
E1,MUC1,7.471757536649635e-10
E1,MUCL1,1.228152530550517e-18
E1,MUS81,0.02422846421073594
E1,MVP,0.0011089206947743253
E1,MX2,0.239158798213026
E1,MYBL2,0.0017108207564354079
E1,MYC,1
E1,MYH10,1
E1,MYL12B,0.004938625110151347
E1,MYL6B,0.013781277969078663
E1,MYL9,1.0281730715415142e-11
E1,MYO1G,1
E1,MYO9B,0.05692779844817165
E1,MZT2A,0.0019528407066543955
E1,NAA10,4.0857437086306725e-8
E1,NANS,1.7741971911192817e-6
E1,NAT1,1
E1,NCKAP1L,0.9644120749522886
E1,NCKAP5L,1
E1,NDC80,1
E1,NDRG1,1.1993582949040133e-10
E1,NDUFA1,0.031011869714404238
E1,NDUFA12,1
E1,NDUFB2,0.1787936978388015
E1,NDUFB3,0.5804634955216251
E1,NDUFB9,6.108813392972993e-13
E1,NDUFC1,0.07680249481859029
E1,NDUFS1,1
E1,NDUFV3,0.04476054208204681
E1,NEBL,0.803653396588527
E1,NEK7,0.9285074021574568
E1,NELFE,0.3745390980127431
E1,NFATC4,1
E1,NFIC,0.006491828971521984
E1,NINJ1,3.4112417025887427e-4
E1,NIT2,0.15612925071974618
E1,NMRAL1,0.01683090881928351
E1,NR1H2,0.41433012124138147
E1,NR4A1,1
E1,NRP1,7.647347048960986e-4
E1,NSMCE1,0.043459269583799
E1,NTMT1,0.20986831162083622
E1,NUF2,1
E1,NUP214,0.019613547161129726
E1,NUP93,1
E1,NXN,0.01014099433635312
E1,OASL,1
E1,OGFRL1,0.4333168669127713
E1,OPTN,0.6335151597145461
E1,ORC2,1
E1,ORC6,0.19153018664597685
E1,OSBPL8,1
E1,P4HA2,0.3142642206704031
E1,PAF1,1
E1,PAFAH1B3,0.025642683921639355
E1,PAQR4,1
E1,PARN,1
E1,PCCB,0.1986083976892376
E1,PCIF1,0.05353425270166906
E1,PDCD5,1
E1,PDGFRA,1
E1,PDGFRB,0.5056660682590033
E1,PER1,0.07049987894812781
E1,PEX11G,1
E1,PEX14,1
E1,PGLS,0.07023174488187478
E1,PGR,1
E1,PHF11,1
E1,PHF13,0.7006985375493198
E1,PHF21A,1
E1,PHGDH,0.02278054071385962
E1,PHKB,0.0705420290491028
E1,PIGQ,0.5027801163177208
E1,PIH1D1,0.9595088982793184
E1,PILRA,0.021783262319560962
E1,PIM2,1.2308581999697945e-10
E1,PITX1,0.012356874310872755
E1,PKNOX1,1
E1,PLAC9,1
E1,PLEKHO2,0.5275362749557576
E1,PLIN2,0.03389365026156614
E1,PLK1,0.048010344156334005
E1,PLK2,6.052875985499862e-4
E1,PLLP,1
E1,PLP2,5.81526037884327e-7
E1,PLPPR2,0.05352627829320782
E1,PLSCR1,1
E1,PLTP,7.337702306740659e-8
E1,PLVAP,0.12027864898911089
E1,PLXNA1,0.4506697667290915
E1,PLXND1,1.1029335916708897e-4
E1,PMP22,0.8283487371262659
E1,PNISR,0.08774880986716857
E1,PNMT,5.983837087994223e-27
E1,PNP,0.07211436731654756
E1,PNPLA6,0.010552847774599677
E1,PODNL1,0.23240469802388594
E1,PODXL,1
E1,POLR2E,0.061058274639765917
E1,POLR2J,0.09836124621114618
E1,POR,0.009094840488732036
E1,POSTN,1.019774570695564e-5
E1,PPHLN1,0.01961724480486012
E1,PPIB,1.2332051635785584e-7
E1,PPIH,0.003925609434351115
E1,PPM1G,2.521490494533967e-9
E1,PPP1R1A,1.296083380939215e-4
E1,PPP1R1B,6.055789899070638e-29
E1,PPP1R37,1
E1,PRKAB1,0.39699615662522153
E1,PRKCSH,1.0671046469583717e-6
E1,PROSER1,1
E1,PRPF6,0.013387870788811554
E1,PRPSAP1,1
E1,PSCA,0.0017827309256719338
E1,PSMD4,0.016711771982631095
E1,PSTPIP1,0.046303779100756635
E1,PTGDS,2.321557408328396e-7
E1,PTOV1,3.148238811875162e-5
E1,PTP4A3,1.4244414173049817e-4
E1,PTPRC,1
E1,PTPRJ,1
E1,PTRF,5.581580647284152e-6
E1,PTRH1,1
E1,PTTG1,1
E1,PUS3,1
E1,PWP1,1
E1,PWWP2B,1
E1,PXDN,3.941150937879773e-8
E1,PYURF,0.04400233542736778
E1,QSOX1,4.668993176805214e-10
E1,R3HDM2,0.5704759838229185
E1,RAB11FIP1,0.3405781367827112
E1,RAB3A,1
E1,RAB3GAP1,0.001023523831879818
E1,RAB3IL1,0.2256967722656013
E1,RABGAP1L,0.10115048616831027
E1,RALBP1,1
E1,RALGAPA2,1
E1,RAMP2,0.05224069384062328
E1,RAP1B,1
E1,RARS2,1
E1,RASA2,1
E1,RASGRP2,0.8936084659048453
E1,RASSF3,0.0016736933752639403
E1,RBL1,0.24230134415782717
E1,RBM42,9.37711570569149e-6
E1,RECQL4,0.44046559889134557
E1,RECQL5,1
E1,REEP6,0.34965718213391134
E1,RGS1,0.4506697667290915
E1,RHOB,0.007607475337539111
E1,RIOK1,0.008039368681655322
E1,RMND1,1
E1,RNASET2,1.6241650770492533e-5
E1,RND3,1
E1,RNF135,0.9664858383513878
E1,RNF170,0.40284783250137035
E1,RRAS,1
E1,RRM2,1
E1,RSL1D1,9.091552139262128e-11
E1,RSRP1,1
E1,RUVBL1,0.024153272440495865
E1,S100A14,2.7563158812159805e-11
E1,S100A9,5.776755585685989e-52
E1,SAMM50,0.0018138749151002185
E1,SASH1,1
E1,SAT1,1
E1,SCAF1,0.9983353317564977
E1,SCD,3.877927837663651e-6
E1,SCNN1D,1
E1,SCX,1
E1,SDHB,0.994447264110452
E1,SEC14L2,0.04992505267206639
E1,SEC23A,1
E1,SEMA3B,1
E1,SEMA4B,0.3727871504467309
E1,SF3B4,0.1817552683261209
E1,SFRP1,0.769416641478618
E1,SFSWAP,0.11259253136809726
E1,SGTA,3.926586431480487e-4
E1,SH3BP5L,0.21919679045950022
E1,SIGLEC1,0.4565530025970897
E1,SIGMAR1,1.4230071205603192e-5
E1,SLC16A2,1
E1,SLC16A3,4.9753090509714554e-8
E1,SLC22A18,8.560588222089414e-4
E1,SLC25A24,1
E1,SLC2A1,1
E1,SLC2A8,0.3794274404031228
E1,SLC35A2,0.006661189471053382
E1,SLC39A6,1
E1,SLC43A1,1
E1,SLC4A5,1
E1,SLC8B1,0.5692765588894738
E1,SLC9A3R2,1
E1,SLC9A8,1
E1,SLFN13,1
E1,SLPI,3.2005206803028297e-9
E1,SMCHD1,0.049569639669333636
E1,SMG9,0.005376139987561468
E1,SMYD2,0.7591234742950179
E1,SNAPC3,0.9228249002996727
E1,SNF8,1.0629107665431716e-6
E1,SNRPD3,0.21254804379639738
E1,SNTA1,0.0011292475651026763
E1,SNX33,1
E1,SNX8,0.7763213759456332
E1,SOD3,0.2977038307190818
E1,SOS2,1
E1,SOX4,0.14898199607590507
E1,SP6,1
E1,SPAG9,1
E1,SPARC,1.5410931367152298e-6
E1,SPIN1,0.19671751910052723
E1,SPSB1,0.8185138632221126
E1,SRGN,0.04540182454793781
E1,SRPX2,1
E1,SRR,0.03244179904581581
E1,SRRT,4.129675785677923e-4
E1,SRSF1,0.0506714853873388
E1,SRSF5,0.009897811783220484
E1,SSSCA1,9.462352998587313e-8
E1,STAMBP,1
E1,STAT5A,0.13416704598522397
E1,STK17A,0.6530549550483505
E1,STK4,1
E1,STMN1,0.17387000649780604
E1,STRN3,1
E1,STT3A,0.4153984929209331
E1,SUGP1,0.35614159330281514
E1,SURF1,0.01862618873798466
E1,SVIL,1
E1,SYDE1,0.7773413789960598
E1,SYK,0.05468412411310445
E1,TACC3,0.6036172438586986
E1,TANC2,9.309957571816606e-5
E1,TARBP1,0.4689703582552341
E1,TAX1BP1,1
E1,TAX1BP3,3.942648793963808e-13
E1,TBC1D10A,0.013922177907844918
E1,TBC1D23,1
E1,TBCA,1
E1,TBXAS1,0.0012552524030710244
E1,TCEA2,0.027075518093270967
E1,TCEA3,0.0036689441907079706
E1,TCF25,1.9016568811414916e-5
E1,TDRD3,1
E1,TESK1,0.00805077529965006
E1,TESMIN,1
E1,TEX10,0.08171004242865168
E1,TEX2,1
E1,TFF3,1
E1,TGFBR2,1
E1,THBS1,2.183030011192164e-5
E1,THOC5,0.007566562122300085
E1,THOC6,1
E1,TIGD5,1
E1,TIMP1,8.671773883806856e-11
E1,TJP3,0.0043453988455954716
E1,TM7SF2,8.712184370893539e-8
E1,TMBIM6,0.002660177103623915
E1,TMEM101,0.037503567586509585
E1,TMEM123,6.152363157599281e-4
E1,TMEM14B,0.047384737671020624
E1,TMEM160,1.7384119981562188e-7
E1,TMEM184A,9.931675071114864e-4
E1,TMEM259,6.972376370341889e-4
E1,TMEM45B,0.3881472618009061
E1,TMEM86A,0.9644120749522886
E1,TMX1,1
E1,TNC,0.051196535410183694
E1,TNFRSF14,0.43097655576873894
E1,TNFRSF21,0.4713072478354834
E1,TNFRSF4,1
E1,TNNT1,1
E1,TOM1L2,1
E1,TP53I3,0.46524201711042334
E1,TPM2,2.2970681224550783e-7
E1,TRAC,0.3727871504467309
E1,TRAF5,0.24603018231165188
E1,TRAP1,0.036723971998274346
E1,TRAPPC4,1
E1,TRIM14,1
E1,TRIM22,1
E1,TRIM25,0.05753459929816797
E1,TRIM47,0.12150437871000408
E1,TSPAN33,0.051073793461511675
E1,TSR2,1
E1,TTC31,0.021360808718480718
E1,TTI1,0.9400876851173847
E1,TXN2,5.021506560257124e-4
E1,TXNDC17,0.08950862770820885
E1,TXNRD2,0.04930690744816406
E1,TYMS,0.07014355793123406
E1,TYROBP,3.1082022578916183e-10
E1,UBA52,6.11511633960943e-28
E1,UBA6,0.10919952263928537
E1,UBAP2L,0.35614159330281514
E1,UBE2C,1
E1,UBE2T,0.007729815057954508
E1,UBE2W,0.6861545403277007
E1,UBL7,0.0026740993790714818
E1,UBR2,0.2705352454797692
E1,UBXN1,0.13569275921471521
E1,UCK1,0.4689703582552341
E1,UFD1L,0.010661156645971379
E1,UQCRC1,5.14623474415237e-10
E1,UXS1,0.034320123123860916
E1,UXT,1
E1,VARS,0.12027864898911089
E1,VAV1,1
E1,VCAM1,1
E1,VEGFB,5.795785875995564e-4
E1,VIM,1.309636744754126e-9
E1,VPS13D,8.211797111097562e-4
E1,VPS45,1
E1,VWF,6.045864902459683e-10
E1,WDFY3,0.08036025751543824
E1,WDR13,0.034320123123860916
E1,WDR34,4.74234817903816e-6
E1,WDR46,0.19153018664597685
E1,WDR73,1
E1,WDR74,0.044620350772389815
E1,WIPF1,1
E1,XAB2,0.9664858383513878
E1,XIAP,1
E1,XPO6,0.832248288292976
E1,YIPF4,0.005718232751416782
E1,YTHDC1,1
E1,ZDHHC12,0.3405781367827112
E1,ZFAND3,0.046238314804483656
E1,ZFP36,0.38331266367932165
E1,ZFPL1,0.11279946038508706
E1,ZFR,0.2546687240909066
E1,ZG16B,0.029176325374832657
E1,ZMAT5,0.03554734379657576
E1,ZMYND19,0.34028816960381364
E1,ZMYND8,1
E1,ZNF217,0.012849942578138604
E1,ZNF337,1
E1,ZNF33B,0.011090166412073183
E1,ZNF362,0.35614159330281514
E1,ZNF524,0.01653758551236862
E1,ZNF592,0.7264758177648609
E1,ZNF644,1
E1,ZNF668,0.004283291847492498
E1,ZNF771,0.8464077928114276
E1,ZNF787,0.5765876226243983
E1,ZNF791,1
E1,ZNF83,1
E1,ZNF91,1
E1,ZNRF1,0.01014099433635312
E1,ZSWIM8,0.03155991146954112
E2,A2M,2.2528356686721722e-9
E2,AAMDC,0.04368959946347982
E2,ABCA3,7.1100816745557325e-6
E2,ABCA7,0.876561208537845
E2,ABCF3,0.20525082409354004
E2,ABHD14A,0.5428598656063902
E2,ABHD4,1
E2,ACAA1,0.02859315929287817
E2,ACER3,1
E2,ACTR3B,0.22499343755893378
E2,ADAM15,0.35944994635250727
E2,ADCY3,0.07660129286881995
E2,ADI1,0.017854123797521725
E2,AEBP1,5.68622580314781e-17
E2,AES,1.589549140147808e-8
E2,AGAP2,1
E2,AGO2,1
E2,AGPAT2,0.06590284475971908
E2,AGR2,0.03788554535307161
E2,AHCY,0.5964989288656379
E2,AKAP9,0.17969019312166024
E2,AKR1A1,7.314223535785545e-9
E2,AKT1S1,0.2266407766191026
E2,ALDH16A1,1
E2,ALG3,4.3663471824881105e-5
E2,ANGPTL4,0.06364015944939738
E2,ANKLE2,1
E2,ANKRD12,1
E2,ANKRD28,1
E2,ANLN,1
E2,ANO10,0.13036982739881137
E2,AP5B1,1
E2,AP5Z1,0.7089384028340565
E2,APBA2,1
E2,APBB2,1
E2,APOBEC3G,0.0832411178378312
E2,APOC1,5.138722821908833e-13
E2,AQP1,0.011279012840328043
E2,ARF5,0.6388220992142086
E2,ARF6,1
E2,ARFGEF2,1
E2,ARHGAP10,1
E2,ARHGAP4,0.48258156846992645
E2,ARHGAP45,0.16883637582382915
E2,ARHGAP5,1
E2,ARHGEF10L,1
E2,ARHGEF3,1
E2,ARHGEF40,0.7707113557665939
E2,ARID1B,0.06309789003935606
E2,ARID3A,0.18504902263036968
E2,ARID4A,1
E2,ARID5A,0.042591107438265996
E2,ARID5B,0.7648549109200822
E2,ARNT,1
E2,ASCL2,0.03476300930480858
E2,ASH2L,1
E2,ASL,0.8976468768147529
E2,ASMTL,0.09502186641429006
E2,ASNA1,1
E2,ASNS,6.43694339556419e-4
E2,ATAD1,0.18606951887489231
E2,ATF6B,1
E2,ATG12,0.4052617098277399
E2,ATG16L2,1
E2,ATL2,1
E2,ATP5H,1
E2,ATP5O,0.4639175609545493
E2,ATP6AP1,8.099659097234107e-14
E2,ATP6V0D1,0.055840338317127786
E2,AURKAIP1,1.588702432720685e-5
E2,AVEN,1
E2,BABAM1,0.006850365821542585
E2,BAD,0.6629332935629394
E2,BAG1,1.209944023725317e-4
E2,BAIAP3,0.7068472066569064
E2,BCAM,1
E2,BCL2,0.08492595543512195
E2,BCL2L12,0.5909973942936064
E2,BGN,3.0775240011209565e-11
E2,BICDL1,0.01901096601755716
E2,BIN3,1
E2,BIRC2,1
E2,BIRC5,0.051020197647018505
E2,BLVRA,0.1326162711053213
E2,BOK,1
E2,BOLA3,1
E2,BRD9,1
E2,BRF1,0.27288017783067875
E2,BRF2,0.8889289379625287
E2,BRK1,2.8482860106195172e-5
E2,BRPF1,0.8514543491856554
E2,BSG,1.4032577331400303e-6
E2,BST2,3.635120845302804e-10
E2,BTG1,0.48258156846992645
E2,C10orf10,6.246499645929653e-6
E2,C10orf54,1
E2,C12orf45,0.45422289989376424
E2,C15orf61,1
E2,C19orf24,0.07989225845523064
E2,C19orf52,1
E2,C19orf60,0.6388220992142086
E2,C1QB,3.63532522632413e-10
E2,C1R,0.006401795080709792
E2,C1S,3.713072973706441e-5
E2,C1orf216,1
E2,C2,0.004864112179920925
E2,C2CD2L,1
E2,C3,8.099659097234107e-14
E2,C4orf48,0.4640840209089134
E2,C5orf38,1
E2,C6orf136,1
E2,C6orf48,1
E2,CADM4,0.2893804562971385
E2,CALML5,1.4956092188077474e-9
E2,CAMTA2,1
E2,CAPG,1.47807002146095e-5
E2,CARS2,0.5428598656063902
E2,CBLC,1
E2,CCDC106,1
E2,CCDC167,0.006877237377588558
E2,CCDC57,1
E2,CCDC80,0.3977832113286443
E2,CCDC88B,0.23631813221431508
E2,CCL19,0.004970317492762309
E2,CCL2,1
E2,CCL21,0.005581633244841694
E2,CCM2,1
E2,CCNB1,1
E2,CCNB1IP1,0.06496592227829501
E2,CCNE1,2.7879279099151246e-6
E2,CCNE2,0.15485943684765333
E2,CCS,1.1455861736550093e-6
E2,CCT4,1
E2,CD14,0.01782616044243071
E2,CD320,0.3254107617438775
E2,CD3D,1
E2,CD4,0.3895424660771598
E2,CD52,9.61192895673025e-10
E2,CD68,2.588083349283564e-5
E2,CD74,1.2129796289335743e-19
E2,CD79A,0.0036481799457787996
E2,CDC20,0.09502186641429006
E2,CDC6,1
E2,CDH11,1
E2,CDH3,0.10526186254277682
E2,CDK5RAP1,1
E2,CENPF,0.0035989388742464538
E2,CEP250,1
E2,CEP55,1
E2,CERCAM,0.027935404894618574
E2,CERS5,1
E2,CES2,1
E2,CFAP36,0.6526256873528395
E2,CFDP1,1
E2,CGGBP1,0.13643898067832363
E2,CHCHD6,1
E2,CHD1,0.7089384028340565
E2,CHD6,0.28924839587409007
E2,CHFR,1
E2,CHST11,1
E2,CIR1,0.9637089397954041
E2,CLASRP,0.17674684464141485
E2,CLDN3,2.1302660815373786e-7
E2,CLDN4,2.579499789911866e-7
E2,CLU,1.6921169599767778e-7
E2,CNN2,1.3813752741029159e-6
E2,COL14A1,1
E2,COL3A1,0.0010253310391574212
E2,COL4A1,0.034564107188254714
E2,COL6A2,0.002077122216524901
E2,COL8A2,1
E2,COMMD1,1
E2,COMP,0.006596651047543275
E2,COPS7A,1
E2,COQ4,0.1783902568263606
E2,CORO1A,1
E2,CORO1B,0.09354191849123997
E2,CORO2A,1
E2,CORO7,1
E2,COX5A,0.023089816709705478
E2,CPNE1,0.0020773366066142115
E2,CPSF1,0.11447137205845646
E2,CPVL,0.6079142685847819
E2,CRABP2,0.002919386414291712
E2,CRACR2B,0.1293477600065276
E2,CRELD2,0.04892677277389042
E2,CROCC,1
E2,CSF1,0.44747392740557157
E2,CSF1R,3.49876941832187e-5
E2,CTDSPL,0.06159383940159653
E2,CTIF,0.08297606126777596
E2,CTSK,1
E2,CTU2,0.7101538443972644
E2,CUTC,1
E2,CUX1,4.680296539506817e-4
E2,CX3CL1,0.14009054976473181
E2,CXCL10,0.0069343407543733205
E2,CXXC5,0.0028371142195275567
E2,CYP27A1,1.1873526921487303e-5
E2,DAPK3,0.26332042594471866
E2,DCAF6,0.9287872203618494
E2,DCXR,7.470036106672684e-4
E2,DDAH1,1
E2,DDB2,0.01129626939487146
E2,DDIT3,1
E2,DDRGK1,0.0551187773589062
E2,DDT,0.0011502100524553405
E2,DEAF1,0.6134276734878855
E2,DENND1A,1
E2,DERL3,8.607499581548015e-8
E2,DESI1,0.0013272963512559756
E2,DHX16,0.46638146068756026
E2,DLG1,0.41520862312359264
E2,DMAP1,1
E2,DNAJB2,0.09115236045440216
E2,DNAJC1,0.5233109176616344
E2,DNAJC7,0.034564107188254714
E2,DOCK6,1
E2,DPH3,1
E2,DPM2,0.26991093691814766
E2,DPP7,2.8225326805285774e-4
E2,DPP9,1
E2,DPYSL3,0.15402358248894893
E2,DVL1,1
E2,EBAG9,1
E2,ECHDC2,1
E2,ECM1,0.3697176385957269
E2,EFEMP2,0.03527056832792322
E2,EFHD2,0.6629332935629394
E2,EGFR,0.28924839587409007
E2,EIF1AD,1
E2,EIF3B,0.004864112179920925
E2,EIF3F,0.7414948767473205
E2,EIF3G,0.05337037433028555
E2,ELN,1
E2,ELOF1,1
E2,EMC3,0.942288457139158
E2,ENPP1,1
E2,EPHB3,1
E2,ERAL1,0.09895982476835531
E2,ERBB2,6.329498136688622e-15
E2,ERI3,0.4203387120854526
E2,ERMP1,1.9799948383446567e-6
E2,ESR1,1
E2,ETFB,0.052140478168188516
E2,EVA1B,0.0035860239277796285
E2,EXD3,1
E2,EXO1,1
E2,EXOC5,1
E2,EXOSC1,1
E2,EXOSC10,2.579499789911866e-7
E2,EXOSC2,1
E2,EZH2,1
E2,FAAH,0.9402127260349352
E2,FADS2,1.774887816777722e-13
E2,FAH,0.03982459299003491
E2,FAIM2,0.9703327922456884
E2,FAM102A,0.24482874583185715
E2,FAM117A,0.06013453017327775
E2,FAM118A,1
E2,FAM160B1,1
E2,FAM173A,0.6263976914775298
E2,FAM193B,0.47897330975717034
E2,FAM213B,1
E2,FAM3A,0.10704448379411356
E2,FAM45A,1
E2,FAP,1
E2,FARP1,0.6741923826425937
E2,FARSB,0.6562120080800377
E2,FASN,4.72120159262874e-13
E2,FBF1,1
E2,FBLN2,0.03298841334105193
E2,FCER1G,0.1193234123348131
E2,FDPS,3.734977619359476e-19
E2,FGFR1,1
E2,FGFR4,0.014415983855034422
E2,FKBP10,1
E2,FKBP8,0.011984014996277267
E2,FLNA,3.7336033002931364e-10
E2,FN1,7.214368147947957e-11
E2,FNBP4,1
E2,FOXA1,0.6221613826912392
E2,FOXC1,1
E2,FOXP4,0.8750738147036424
E2,FSTL1,0.4052617098277399
E2,FSTL3,0.1964767853058364
E2,FUOM,0.15485943684765333
E2,FUS,0.04715947538981303
E2,FZD2,0.021947313027423553
E2,GALK1,0.41832837055452116
E2,GANAB,0.0017278224065382433
E2,GAR1,1
E2,GAS6,9.156455932788648e-4
E2,GATA3,1
E2,GATC,1
E2,GBP1,0.062885539105628
E2,GBP2,1
E2,GBP3,0.7111768094966402
E2,GBP4,1
E2,GBP5,1
E2,GEMIN4,1
E2,GLCCI1,1
E2,GLG1,0.012550277700813428
E2,GLTSCR2,7.938455019749123e-7
E2,GMFG,0.0036481799457787996
E2,GMPPA,7.470036106672684e-4
E2,GNAI2,1.4599732539612392e-4
E2,GNAS,1.2520176985404503e-10
E2,GNL2,0.06409354781207055
E2,GPR108,1
E2,GPR160,0.002499342886246035
E2,GPRC5A,1
E2,GPS1,6.682195106245402e-4
E2,GPSM1,1
E2,GPX3,0.0069343407543733205
E2,GRB7,5.253541159960858e-11
E2,GRK3,1
E2,GSK3A,0.3560447912425555
E2,GSTM3,0.07241476848487888
E2,GYPC,0.04544162056491898
E2,HAGHL,0.15485943684765333
E2,HCFC1R1,0.02791095361314089
E2,HCST,0.7618587435356682
E2,HDAC5,1
E2,HDAC6,1
E2,HELZ2,1.022877109143049e-6
E2,HES1,0.9619240277828203
E2,HLA-B,2.3583392377752663e-19
E2,HLA-DMA,5.717157088834042e-4
E2,HLA-DMB,1.6235834297817263e-5
E2,HLA-DOA,1
E2,HLA-DPA1,0.3201060881651145
E2,HLA-DPB1,0.023238310396728
E2,HLA-DRA,7.160788003065259e-5
E2,HLA-DRB1,2.165670643438618e-5
E2,HMGB2,0.06451604644028015
E2,HNRNPUL2,0.01374283616617076
E2,HOOK3,1
E2,HPS6,1
E2,HSD17B1,1
E2,HSPA4,0.417404111073592
E2,HSPB1,1.6993627903981963e-9
E2,HSPB11,1
E2,HYI,0.24395280417054374
E2,IDH3G,0.02952598558576154
E2,IDUA,0.47897330975717034
E2,IER5L,0.5834657726452259
E2,IFI27,5.676682867327414e-12
E2,IFI27L1,1
E2,IFI44L,0.016615420485583482
E2,IGFBP2,0.05957685707128717
E2,IGFBP4,7.00398038466901e-12
E2,IGHA1,3.4500994385835534e-26
E2,IGHG3,4.573762996653539e-27
E2,IGHG4,1.6993627903981963e-9
E2,IGHM,3.18615422235923e-22
E2,IGKC,5.553715752709021e-28
E2,IGLC2,2.5729449902953666e-22
E2,IGLC3,1.1493775624540295e-18
E2,IGLC7,5.612984115680836e-10
E2,IKZF3,1
E2,IL10RA,1
E2,ILKAP,1
E2,INAFM1,1
E2,INPP4B,0.4639175609545493
E2,INPP5D,1
E2,INPP5J,1
E2,INTS8,1
E2,ISG15,9.496688680629697e-5
E2,ISLR,0.40330802244717445
E2,ITGA5,0.3871299308336724
E2,ITGB4,0.08050125636643916
E2,ITGB6,0.6554171010449831
E2,ITSN1,1
E2,JAG2,1
E2,JAK1,1
E2,JAK3,0.020573048436877656
E2,JCHAIN,2.2268179551184146e-5
E2,JMJD6,1
E2,KAT6B,1
E2,KATNA1,0.009310791383404942
E2,KCNAB2,1
E2,KCTD10,1
E2,KDM4B,1
E2,KIAA0895L,0.10877387389019716
E2,KIAA1211L,1
E2,KIAA1217,1
E2,KIAA1468,1
E2,KIAA1715,1
E2,KIF13B,1
E2,KIF2C,1
E2,KLF9,0.007943958401220532
E2,KMT2B,0.5736513177225323
E2,KMT2E,1
E2,KPNB1,0.03780897491680676
E2,KRAS,1
E2,KRT10,0.008138164991346699
E2,KRT14,1
E2,KRT17,1
E2,KRT5,1
E2,KRT8,4.087347567635869e-7
E2,KRT86,1
E2,LAMB2,1.5960826493494276e-5
E2,LAMTOR2,0.0027614205066515927
E2,LANCL1,1
E2,LARP1B,0.14393059627806767
E2,LARP7,1
E2,LCK,1
E2,LCP1,0.012767659604314996
E2,LGALS1,2.544982779258294e-8
E2,LIMCH1,0.13186378672600974
E2,LIMK1,0.014011861008235515
E2,LINC00176,1
E2,LINGO1,1
E2,LLGL1,1
E2,LMF1,0.7066505130278085
E2,LMNA,1.6261150404120594e-5
E2,LRRC8A,0.992396166120192
E2,LRWD1,1
E2,LST1,1
E2,LTB4R,1
E2,LTBP3,0.34070652041520644
E2,LTF,2.2126407123212934e-19
E2,LUC7L,1
E2,LUC7L3,0.2347909682120219
E2,LUM,0.003914723151580831
E2,LYL1,0.7089384028340565
E2,MAGEF1,1
E2,MAGI1,1
E2,MAGOHB,1
E2,MAP1S,0.6562120080800377
E2,MAP3K14,1
E2,MAP3K6,0.41832837055452116
E2,MAP4K2,1
E2,MAPK9,0.2260505176879168
E2,MAPKAPK5,0.4246885942756234
E2,MAPT,1
E2,MARS,2.1157057516261155e-6
E2,MAVS,0.10761521339546476
E2,MCTS1,0.3914510643166764
E2,MDM2,1
E2,MED13L,0.33914189507196796
E2,MED25,1
E2,MELK,1
E2,MEN1,1
E2,METTL12,0.06404023055105824
E2,METTL16,1
E2,MFAP4,1
E2,MFSD3,1
E2,MFSD7,0.5834657726452259
E2,MGMT,0.9493925513111271
E2,MGP,7.470036106672684e-4
E2,MIA,1
E2,MIB2,1
E2,MICAL1,0.09265456331258348
E2,MICALL2,0.24482874583185715
E2,MID1IP1,0.02561412961394359
E2,MIF,0.04091795099848802
E2,MIIP,1
E2,MKI67,1
E2,MKNK1,1
E2,MLLT4,0.976235365821347
E2,MLPH,0.10921916766151037
E2,MLST8,0.0013498914889901873
E2,MMP11,8.807337654664146e-6
E2,MMP9,0.0019116180697176703
E2,MORC2,1
E2,MPND,0.2536135838154693
E2,MPST,0.3348588727068307
E2,MRPL2,0.9958515233226137
E2,MRPL21,1
E2,MRPL23,0.2088367293933414
E2,MRPL51,1
E2,MRPL54,0.7413993147365255
E2,MRPS22,1
E2,MS4A6A,0.37309682915764136
E2,MST1R,0.2561005211607015
E2,MTG2,1
E2,MTMR12,1
E2,MUC1,0.003001188513950857
E2,MUCL1,7.831021692216188e-21
E2,MUS81,0.6095996069697089
E2,MVP,0.0441861771775328
E2,MX2,0.028260388286264048
E2,MYBL2,0.21374328041183857
E2,MYC,0.09354191849123997
E2,MYH10,0.6562120080800377
E2,MYL12B,8.243578620925567e-4
E2,MYL6B,0.33700854058515883
E2,MYL9,0.0026386837935053254
E2,MYO1G,1
E2,MYO9B,0.058832006433754656
E2,MZT2A,1
E2,NAA10,0.002563525148384095
E2,NANS,1
E2,NAT1,1
E2,NCKAP1L,1
E2,NCKAP5L,1
E2,NDC80,1
E2,NDRG1,1.1080123324890579e-7
E2,NDUFA1,0.3838842648872004
E2,NDUFA12,1
E2,NDUFB2,0.7068472066569064
E2,NDUFB3,0.5727113737062004
E2,NDUFB9,1.2301642578351764e-8
E2,NDUFC1,0.9084149291982458
E2,NDUFS1,0.027925160234270278
E2,NDUFV3,0.018569746742188167
E2,NEBL,0.01142297016182743
E2,NEK7,0.4986819897966697
E2,NELFE,0.001048892209952402
E2,NFATC4,1
E2,NFIC,0.03010481773426083
E2,NINJ1,4.4644769191000195e-5
E2,NIT2,0.23531700843975922
E2,NMRAL1,1
E2,NR1H2,0.4881436553400958
E2,NR4A1,1
E2,NRP1,0.003914723151580831
E2,NSMCE1,0.21899039652153673
E2,NTMT1,1
E2,NUF2,1
E2,NUP214,4.3942005269508354e-5
E2,NUP93,0.016895172984182347
E2,NXN,0.19634887644512966
E2,OASL,0.5867403534683391
E2,OGFRL1,1
E2,OPTN,1
E2,ORC2,1
E2,ORC6,1
E2,OSBPL8,0.6217577217095025
E2,P4HA2,1
E2,PAF1,1
E2,PAFAH1B3,0.20715312214426815
E2,PAQR4,1
E2,PARN,1
E2,PCCB,1
E2,PCIF1,0.10806047491729757
E2,PDCD5,1
E2,PDGFRA,1
E2,PDGFRB,0.04609520526917903
E2,PER1,1
E2,PEX11G,1
E2,PEX14,1
E2,PGLS,0.0013498637211011597
E2,PHF11,0.6562120080800377
E2,PHF13,0.837836382089952
E2,PHF21A,0.4355343209419432
E2,PHGDH,1
E2,PHKB,1
E2,PIGQ,0.7615400303942391
E2,PIH1D1,0.7101538443972644
E2,PILRA,0.13213403177947378
E2,PIM2,7.970859831710861e-13
E2,PITX1,1
E2,PKNOX1,1
E2,PLAC9,1
E2,PLEKHO2,0.0036934313362480824
E2,PLIN2,0.06466658350418854
E2,PLK1,0.017913973466490776
E2,PLK2,0.00472807031130611
E2,PLLP,0.36138616489276754
E2,PLP2,2.379178849480877e-7
E2,PLPPR2,0.22499343755893378
E2,PLSCR1,0.2576707984760447
E2,PLTP,0.003914723151580831
E2,PLVAP,0.7648549109200822
E2,PLXNA1,0.7982704468532454
E2,PLXND1,1.4785205858009477e-5
E2,PMP22,0.10204262810695337
E2,PNISR,0.0367241182178926
E2,PNMT,6.289427191342948e-20
E2,PNP,1
E2,PNPLA6,1
E2,PODNL1,0.13009897154702418
E2,PODXL,1
E2,POLR2E,0.09433002387213923
E2,POLR2J,0.4219351255353388
E2,POR,0.031912066132325764
E2,POSTN,0.032639927113401
E2,PPHLN1,0.876561208537845
E2,PPIB,2.217278605109569e-10
E2,PPIH,0.13009897154702418
E2,PPM1G,7.030147021837477e-4
E2,PPP1R1A,0.02791095361314089
E2,PPP1R1B,1.1547932234086898e-22
E2,PPP1R37,1
E2,PRKAB1,0.212141093604685
E2,PRKCSH,1.9877237769767747e-4
E2,PROSER1,1
E2,PRPF6,0.06173850193262371
E2,PRPSAP1,1
E2,PSCA,0.01633997224116992
E2,PSMD4,7.013219040744683e-4
E2,PSTPIP1,0.4292588179895984
E2,PTGDS,0.002974231390664834
E2,PTOV1,4.232569677830026e-5
E2,PTP4A3,0.06872927562530146
E2,PTPRC,1
E2,PTPRJ,1
E2,PTRF,0.007011315573474093
E2,PTRH1,1
E2,PTTG1,0.010985909712794917
E2,PUS3,0.038060121838578036
E2,PWP1,0.13009897154702418
E2,PWWP2B,0.485451385030579
E2,PXDN,1.0206656113562337e-4
E2,PYURF,1
E2,QSOX1,4.2803312915266e-9
E2,R3HDM2,0.5964989288656379
E2,RAB11FIP1,1
E2,RAB3A,0.7982704468532454
E2,RAB3GAP1,1
E2,RAB3IL1,1
E2,RABGAP1L,1
E2,RALBP1,1
E2,RALGAPA2,0.2592131104062182
E2,RAMP2,0.010624144893291032
E2,RAP1B,1
E2,RARS2,1
E2,RASA2,0.5688668708363533
E2,RASGRP2,1
E2,RASSF3,1
E2,RBL1,1
E2,RBM42,1
E2,RECQL4,1
E2,RECQL5,1
E2,REEP6,0.9299774630787723
E2,RGS1,0.35852944011824683
E2,RHOB,0.03758170387093659
E2,RIOK1,0.4578793342897721
E2,RMND1,0.009026901869237542
E2,RNASET2,0.02940360593492105
E2,RND3,1
E2,RNF135,1
E2,RNF170,1
E2,RRAS,1
E2,RRM2,0.4633978746091156
E2,RSL1D1,1.3665054952725541e-6
E2,RSRP1,1
E2,RUVBL1,1
E2,S100A14,0.07910293378306747
E2,S100A9,1.471825470217705e-20
E2,SAMM50,4.496808611688879e-5
E2,SASH1,1
E2,SAT1,0.04268523588038191
E2,SCAF1,1
E2,SCD,2.1415932896159638e-7
E2,SCNN1D,1
E2,SCX,1
E2,SDHB,0.11889025381993243
E2,SEC14L2,1
E2,SEC23A,1
E2,SEMA3B,1
E2,SEMA4B,9.548592817612888e-5
E2,SF3B4,0.8263879472140583
E2,SFRP1,0.44747392740557157
E2,SFSWAP,1
E2,SGTA,0.12077380751397418
E2,SH3BP5L,0.20082917027389852
E2,SIGLEC1,0.3458938015606511
E2,SIGMAR1,3.509473225298358e-7
E2,SLC16A2,1
E2,SLC16A3,4.725580832322824e-4
E2,SLC22A18,0.07862380789988266
E2,SLC25A24,1
E2,SLC2A1,1
E2,SLC2A8,0.25426536113371134
E2,SLC35A2,0.18486017157258303
E2,SLC39A6,0.8525440700866621
E2,SLC43A1,1
E2,SLC4A5,1
E2,SLC8B1,0.058183320450128494
E2,SLC9A3R2,0.4604264438677181
E2,SLC9A8,1
E2,SLFN13,0.13006097933867128
E2,SLPI,1.5336290334764972e-10
E2,SMCHD1,0.4756693260365495
E2,SMG9,1
E2,SMYD2,1
E2,SNAPC3,1
E2,SNF8,0.1345595844684831
E2,SNRPD3,0.03367016486978007
E2,SNTA1,0.08424622299078642
E2,SNX33,0.11889025381993243
E2,SNX8,1
E2,SOD3,0.2670069194989275
E2,SOS2,1
E2,SOX4,0.0027443013343188367
E2,SP6,0.0067454031850234224
E2,SPAG9,0.21224479617222963
E2,SPARC,1.1286588034153485e-5
E2,SPIN1,0.04430777837519875
E2,SPSB1,0.03982459299003491
E2,SRGN,0.055159749601664476
E2,SRPX2,0.23248415325771363
E2,SRR,1
E2,SRRT,6.42846936644425e-4
E2,SRSF1,0.5018042571890835
E2,SRSF5,1.049038769342268e-7
E2,SSSCA1,0.017913973466490776
E2,STAMBP,1
E2,STAT5A,0.13036982739881137
E2,STK17A,1
E2,STK4,0.5068277169885239
E2,STMN1,0.013163036262763628
E2,STRN3,0.14864577589591144
E2,STT3A,0.07815850934440957
E2,SUGP1,0.2117446003895284
E2,SURF1,0.40857614389160907
E2,SVIL,1
E2,SYDE1,0.133106448940259
E2,SYK,0.08095021090028524
E2,TACC3,0.12077654248697864
E2,TANC2,0.04715947538981303
E2,TARBP1,0.032154857418010684
E2,TAX1BP1,1
E2,TAX1BP3,7.00398038466901e-12
E2,TBC1D10A,1
E2,TBC1D23,1
E2,TBCA,0.6580380556728559
E2,TBXAS1,1
E2,TCEA2,0.34736020517328314
E2,TCEA3,1
E2,TCF25,0.14385292031143737
E2,TDRD3,1
E2,TESK1,5.483565118300979e-4
E2,TESMIN,1
E2,TEX10,0.0035860239277796285
E2,TEX2,1
E2,TFF3,0.21768493439181016
E2,TGFBR2,1
E2,THBS1,0.15488688121573002
E2,THOC5,1
E2,THOC6,1
E2,TIGD5,1
E2,TIMP1,3.500742582729143e-7
E2,TJP3,0.018118906255276457
E2,TM7SF2,0.025424643536167704
E2,TMBIM6,0.011891264383564948
E2,TMEM101,0.010232936409223124
E2,TMEM123,3.708128555493445e-7
E2,TMEM14B,0.1964767853058364
E2,TMEM160,0.01901096601755716
E2,TMEM184A,1
E2,TMEM259,3.504158745446013e-5
E2,TMEM45B,0.004033484888146734
E2,TMEM86A,1
E2,TMX1,1
E2,TNC,0.4253495527067964
E2,TNFRSF14,1
E2,TNFRSF21,0.18041095390093875
E2,TNFRSF4,1
E2,TNNT1,1
E2,TOM1L2,0.22487323786580743
E2,TP53I3,1
E2,TPM2,0.012679223377774752
E2,TRAC,0.017002283019855815
E2,TRAF5,1
E2,TRAP1,0.6079142685847819
E2,TRAPPC4,0.09579829439259928
E2,TRIM14,0.28924839587409007
E2,TRIM22,1
E2,TRIM25,6.657015967625985e-4
E2,TRIM47,0.20525082409354004
E2,TSPAN33,0.5216904932962336
E2,TSR2,0.028260388286264048
E2,TTC31,1
E2,TTI1,0.5661046851007396
E2,TXN2,0.20495006239291788
E2,TXNDC17,1
E2,TXNRD2,1
E2,TYMS,1
E2,TYROBP,9.383754718268305e-13
E2,UBA52,2.4299638397105004e-6
E2,UBA6,1
E2,UBAP2L,0.07994550061804521
E2,UBE2C,0.0650607288599362
E2,UBE2T,0.5977583114772922
E2,UBE2W,0.6891347361842324
E2,UBL7,0.03037023954661975
E2,UBR2,1
E2,UBXN1,0.09502186641429006
E2,UCK1,0.638504428100042
E2,UFD1L,0.0036481799457787996
E2,UQCRC1,0.021432628460173343
E2,UXS1,0.1444667766735677
E2,UXT,1
E2,VARS,0.016121669248326854
E2,VAV1,0.17278845106534746
E2,VCAM1,1
E2,VEGFB,3.1966011516812256e-5
E2,VIM,1.0580105029073233e-5
E2,VPS13D,0.5986157793542732
E2,VPS45,0.4366130926349629
E2,VWF,1.8623688215875925e-7
E2,WDFY3,1
E2,WDR13,1
E2,WDR34,0.5885073949190157
E2,WDR46,0.7127744307984327
E2,WDR73,1
E2,WDR74,0.004864112179920925
E2,WIPF1,0.018996850465706962
E2,XAB2,1
E2,XIAP,0.13009897154702418
E2,XPO6,0.13446953991733973
E2,YIPF4,1
E2,YTHDC1,0.32128279621573286
E2,ZDHHC12,0.3749915028668591
E2,ZFAND3,1
E2,ZFP36,0.10204262810695337
E2,ZFPL1,0.35944994635250727
E2,ZFR,0.07994550061804521
E2,ZG16B,0.6629332935629394
E2,ZMAT5,0.3450276389904454
E2,ZMYND19,0.014050211411683436
E2,ZMYND8,1
E2,ZNF217,0.3697176385957269
E2,ZNF337,1
E2,ZNF33B,0.41520862312359264
E2,ZNF362,0.6562120080800377
E2,ZNF524,1
E2,ZNF592,1
E2,ZNF644,0.7648549109200822
E2,ZNF668,1
E2,ZNF771,1
E2,ZNF787,0.8077435478370864
E2,ZNF791,0.4106113432092879
E2,ZNF83,1
E2,ZNF91,0.36303679749720286
E2,ZNRF1,0.10815831362571787
E2,ZSWIM8,1
E3,A2M,4.92831099245476e-14
E3,AAMDC,1
E3,ABCA3,1
E3,ABCA7,1
E3,ABCF3,1
E3,ABHD14A,0.5690672926675131
E3,ABHD4,1
E3,ACAA1,0.04706137767428899
E3,ACER3,1
E3,ACTR3B,1
E3,ADAM15,0.0015202595943505253
E3,ADCY3,1
E3,ADI1,7.74632138542895e-4
E3,AEBP1,1.2062169021584607e-23
E3,AES,7.60451044700432e-16
E3,AGAP2,0.8757680606552185
E3,AGO2,0.007202775766095926
E3,AGPAT2,0.0025047267435633165
E3,AGR2,0.0026519896852391714
E3,AHCY,0.008584223664689488
E3,AKAP9,1
E3,AKR1A1,1.0543268040435118e-9
E3,AKT1S1,0.0025510420978979466
E3,ALDH16A1,0.6900040824018893
E3,ALG3,0.002430831899723101
E3,ANGPTL4,3.5690667614445747e-4
E3,ANKLE2,0.33364050986006144
E3,ANKRD12,1
E3,ANKRD28,1
E3,ANLN,0.04237996885551561
E3,ANO10,0.046425128288357244
E3,AP5B1,0.6792925346756703
E3,AP5Z1,0.5266855090890409
E3,APBA2,0.4488908421893916
E3,APBB2,0.5466507432620519
E3,APOBEC3G,1
E3,APOC1,3.7786718859447946e-22
E3,AQP1,0.04513663554748981
E3,ARF5,0.65429168214815
E3,ARF6,0.3646600625609692
E3,ARFGEF2,1
E3,ARHGAP10,1
E3,ARHGAP4,5.192191537508855e-9
E3,ARHGAP45,1.8070689674551141e-9
E3,ARHGAP5,0.491761007325857
E3,ARHGEF10L,0.577797527942094
E3,ARHGEF3,0.0069739065248115815
E3,ARHGEF40,0.11753874937356729
E3,ARID1B,0.015969927321710674
E3,ARID3A,0.05943855301098564
E3,ARID4A,0.5624593627376665
E3,ARID5A,1.169237573090657e-4
E3,ARID5B,1
E3,ARNT,0.17854541336101665
E3,ASCL2,5.260580145579917e-4
E3,ASH2L,0.34404227040358143
E3,ASL,0.7466993773157979
E3,ASMTL,5.299789895705826e-4
E3,ASNA1,0.004822042033860765
E3,ASNS,8.986184520450096e-7
E3,ATAD1,0.005942626296184671
E3,ATF6B,1
E3,ATG12,0.0631705523601123
E3,ATG16L2,1
E3,ATL2,0.1420749513384144
E3,ATP5H,0.003313764846995977
E3,ATP5O,9.070630509894361e-5
E3,ATP6AP1,2.722451370416471e-10
E3,ATP6V0D1,2.2938478798441315e-6
E3,AURKAIP1,0.0038808080511083384
E3,AVEN,1
E3,BABAM1,0.00625768348365778
E3,BAD,0.02382319833249715
E3,BAG1,7.873551895702948e-6
E3,BAIAP3,1
E3,BCAM,0.0011532380728768654
E3,BCL2,0.28479626470790126
E3,BCL2L12,0.18742372269059415
E3,BGN,6.799826798593201e-18
E3,BICDL1,0.0070494148870603
E3,BIN3,1
E3,BIRC2,0.4946163617784339
E3,BIRC5,0.0025510420978979466
E3,BLVRA,1.024379887036376e-7
E3,BOK,1
E3,BOLA3,1
E3,BRD9,5.250914491568406e-4
E3,BRF1,0.30021136739247267
E3,BRF2,1
E3,BRK1,2.692956460473738e-5
E3,BRPF1,0.4371785546924474
E3,BSG,4.838766971565397e-11
E3,BST2,8.135859749713178e-15
E3,BTG1,0.40483404117973915
E3,C10orf10,0.01263471644157215
E3,C10orf54,5.0925366242192695e-6
E3,C12orf45,0.0012415085641955927
E3,C15orf61,1
E3,C19orf24,0.02328823811837835
E3,C19orf52,1
E3,C19orf60,0.17646069148942817
E3,C1QB,1.2246106102463342e-12
E3,C1R,5.0925366242192695e-6
E3,C1S,7.60451044700432e-16
E3,C1orf216,0.17854541336101665
E3,C2,0.0019352703380003764
E3,C2CD2L,0.5962340627648738
E3,C3,5.791971751169048e-29
E3,C4orf48,0.0014703735847651663
E3,C5orf38,0.65429168214815
E3,C6orf136,0.2652164619826615
E3,C6orf48,0.022842945054089694
E3,CADM4,0.07880625450618221
E3,CALML5,5.6703493957863354e-8
E3,CAMTA2,0.17708319082721663
E3,CAPG,5.588242636288155e-11
E3,CARS2,0.016085787027894653
E3,CBLC,1
E3,CCDC106,0.5743223016520281
E3,CCDC167,3.7978730344865354e-11
E3,CCDC57,0.07642572324267051
E3,CCDC80,0.3174102521275657
E3,CCDC88B,1
E3,CCL19,5.4006964537610864e-5
E3,CCL2,1
E3,CCL21,0.2810961096685007
E3,CCM2,0.26822943085143275
E3,CCNB1,1
E3,CCNB1IP1,0.524532689202807
E3,CCNE1,1.024379887036376e-7
E3,CCNE2,0.26637400664490896
E3,CCS,0.02424874460383647
E3,CCT4,7.384079463872833e-4
E3,CD14,1.4787429878749102e-7
E3,CD320,0.1282594118831726
E3,CD3D,0.1271869180730511
E3,CD4,2.878508656364245e-6
E3,CD52,3.0982648439232257e-13
E3,CD68,2.5489082343716164e-15
E3,CD74,1.3649914191201893e-25
E3,CD79A,7.036269367360679e-6
E3,CDC20,0.09392572722981561
E3,CDC6,0.056140914725413424
E3,CDH11,1
E3,CDH3,2.2002125357616427e-6
E3,CDK5RAP1,0.9953155372267822
E3,CENPF,0.0039844696575463395
E3,CEP250,0.7221154724635873
E3,CEP55,1
E3,CERCAM,3.092640683021975e-5
E3,CERS5,0.9893074491426886
E3,CES2,0.027977025038245493
E3,CFAP36,0.18938481766493093
E3,CFDP1,0.37340501071420357
E3,CGGBP1,0.34527448105468445
E3,CHCHD6,1
E3,CHD1,1
E3,CHD6,0.032655413570218506
E3,CHFR,1
E3,CHST11,0.004974913807319215
E3,CIR1,0.0026925946566235064
E3,CLASRP,0.6040297174475964
E3,CLDN3,1.7196659633246396e-13
E3,CLDN4,8.58387020750898e-15
E3,CLU,3.313578291681141e-5
E3,CNN2,1.197397041129749e-13
E3,COL14A1,1
E3,COL3A1,6.265449633818455e-14
E3,COL4A1,3.6601082234274566e-4
E3,COL6A2,9.655447144025498e-15
E3,COL8A2,1
E3,COMMD1,0.55432965429889125
E3,COMP,7.532016799329569e-6
E3,COPS7A,4.083796321482442e-5
E3,COQ4,0.002251603547794229
E3,CORO1A,0.26186320684960684
E3,CORO1B,7.213237430801474e-6
E3,CORO2A,1
E3,CORO7,4.1110987308942404e-5
E3,COX5A,4.532060688978328e-4
E3,CPNE1,4.073409341193018e-6
E3,CPSF1,1
E3,CPVL,0.6744215072685136
E3,CRABP2,7.057299871047993e-6
E3,CRACR2B,0.2209472710761047
E3,CRELD2,5.6692009325706e-5
E3,CROCC,0.2772236189895106
E3,CSF1,0.2524041415941757
E3,CSF1R,0.001079391899366918
E3,CTDSPL,1
E3,CTIF,0.19948606861185825
E3,CTSK,0.038934560850830524
E3,CTU2,0.9775152604042365
E3,CUTC,1
E3,CUX1,0.0028496701396520134
E3,CX3CL1,0.0036860026585537717
E3,CXCL10,6.184429917234442e-4
E3,CXXC5,1.2946144940515603e-5
E3,CYP27A1,0.12528692281528234
E3,DAPK3,0.5662052741800684
E3,DCAF6,0.8947944230346886
E3,DCXR,0.06019541305733767
E3,DDAH1,1
E3,DDB2,1
E3,DDIT3,1
E3,DDRGK1,0.06421691462125402
E3,DDT,0.002419842710036771
E3,DEAF1,6.735685070808809e-4
E3,DENND1A,0.8412058482409728
E3,DERL3,4.693690996559504e-10
E3,DESI1,0.0021940360340920104
E3,DHX16,1
E3,DLG1,0.313298153440364
E3,DMAP1,1
E3,DNAJB2,0.05215706291846973
E3,DNAJC1,0.01247456438253944
E3,DNAJC7,0.16312209393763
E3,DOCK6,1
E3,DPH3,1
E3,DPM2,1
E3,DPP7,7.036269367360679e-6
E3,DPP9,0.0026925946566235064
E3,DPYSL3,0.05602215523496049
E3,DVL1,1
E3,EBAG9,1
E3,ECHDC2,0.09370089484330038
E3,ECM1,0.0027618087182901805
E3,EFEMP2,0.07880625450618221
E3,EFHD2,0.0070494148870603
E3,EGFR,1
E3,EIF1AD,0.3064221405284816
E3,EIF3B,3.5277785221849415e-4
E3,EIF3F,0.012966115302679514
E3,EIF3G,4.903022406534735e-4
E3,ELN,1
E3,ELOF1,0.17835323875270281
E3,EMC3,4.473854537381534e-4
E3,ENPP1,1
E3,EPHB3,0.24423507490558236
E3,ERAL1,0.019709827798368305
E3,ERBB2,6.172268588198286e-23
E3,ERI3,0.18742372269059415
E3,ERMP1,0.12798889344038944
E3,ESR1,1
E3,ETFB,7.138295946684634e-7
E3,EVA1B,1.9888207485480852e-4
E3,EXD3,1
E3,EXO1,0.618693360222991
E3,EXOC5,0.39487515595975897
E3,EXOSC1,1
E3,EXOSC10,0.0013546512089445384
E3,EXOSC2,0.006456084028182934
E3,EZH2,1
E3,FAAH,0.20359294442873438
E3,FADS2,3.911941128912737e-16
E3,FAH,0.5332598983740647
E3,FAIM2,0.6647545708099405
E3,FAM102A,0.08421509689377137
E3,FAM117A,0.0026206532886351185
E3,FAM118A,0.13197947779883315
E3,FAM160B1,1
E3,FAM173A,0.24177204108938183
E3,FAM193B,0.34171788830375194
E3,FAM213B,1
E3,FAM3A,1
E3,FAM45A,1
E3,FAP,0.44088803927553966
E3,FARP1,6.689505709278767e-6
E3,FARSB,0.2209472710761047
E3,FASN,6.895692607316789e-17
E3,FBF1,1
E3,FBLN2,6.072451597584059e-5
E3,FCER1G,7.595007231489309e-5
E3,FDPS,9.628472621404694e-19
E3,FGFR1,1
E3,FGFR4,0.027854156829266778
E3,FKBP10,0.0020934893465800984
E3,FKBP8,5.0925366242192695e-6
E3,FLNA,1.2425307924184263e-19
E3,FN1,2.0621414575725765e-21
E3,FNBP4,0.21450679411296425
E3,FOXA1,0.0099773304852848
E3,FOXC1,1
E3,FOXP4,0.0023931084229813996
E3,FSTL1,0.01535235370816963
E3,FSTL3,0.09370089484330038
E3,FUOM,0.027747707744559976
E3,FUS,0.0039292972424609445
E3,FZD2,1
E3,GALK1,0.7855490583117465
E3,GANAB,5.601678685715207e-8
E3,GAR1,0.6744215072685136
E3,GAS6,4.9234063332250065e-5
E3,GATA3,0.5418367087700424
E3,GATC,1
E3,GBP1,0.363982877989432
E3,GBP2,0.18037711154968233
E3,GBP3,0.002078950873990121
E3,GBP4,1.43324256484483e-5
E3,GBP5,1
E3,GEMIN4,0.3007885421492268
E3,GLCCI1,0.04237996885551561
E3,GLG1,1.2133778989640753e-5
E3,GLTSCR2,1.8105556530811482e-11
E3,GMFG,4.321696955440318e-8
E3,GMPPA,8.913398180671453e-5
E3,GNAI2,1.0039496417962874e-12
E3,GNAS,3.7676879321284454e-18
E3,GNL2,0.05081707902185338
E3,GPR108,0.006014051473622749
E3,GPR160,1
E3,GPRC5A,0.6755906072825448
E3,GPS1,0.02032223177795607
E3,GPSM1,1
E3,GPX3,1.712491291990439e-8
E3,GRB7,1.8241595548461023e-13
E3,GRK3,1
E3,GSK3A,0.009018408157868571
E3,GSTM3,0.20179979961443034
E3,GYPC,6.915185341927737e-7
E3,HAGHL,0.061280840003637455
E3,HCFC1R1,0.002271984827193019
E3,HCST,0.0016397034157706251
E3,HDAC5,1
E3,HDAC6,1
E3,HELZ2,0.0010116223415023177
E3,HES1,0.057706445074984354
E3,HLA-B,2.936474854300406e-28
E3,HLA-DMA,4.903401759352198e-6
E3,HLA-DMB,2.1743821751690101e-16
E3,HLA-DOA,0.0811768753447609
E3,HLA-DPA1,0.001238555227436328
E3,HLA-DPB1,0.00013555668845987077
E3,HLA-DRA,5.810897405482607e-13
E3,HLA-DRB1,3.5631149862224696e-11
E3,HMGB2,1
E3,HNRNPUL2,3.4061131171066227e-4
E3,HOOK3,1
E3,HPS6,1
E3,HSD17B1,1
E3,HSPA4,0.4131194129839696
E3,HSPB1,1.4642083383380085e-13
E3,HSPB11,1
E3,HYI,0.6375456857563663
E3,IDH3G,0.5624593627376665
E3,IDUA,0.5434917749639847
E3,IER5L,0.010613841425043105
E3,IFI27,2.188991465815323e-12
E3,IFI27L1,0.1279548969894521
E3,IFI44L,0.0014310711390569495
E3,IGFBP2,0.015679286749887195
E3,IGFBP4,9.184579576847507e-14
E3,IGHA1,7.195456028709091e-43
E3,IGHG3,2.4078457374704147e-42
E3,IGHG4,1.1599783835944445e-12
E3,IGHM,5.745408463105264e-36
E3,IGKC,1.1939942555992419e-22
E3,IGLC2,6.533038785946626e-29
E3,IGLC3,2.593288807515254e-26
E3,IGLC7,6.265449633818455e-14
E3,IKZF3,0.02287745228352561
E3,IL10RA,0.002078950873990121
E3,ILKAP,1
E3,INAFM1,1
E3,INPP4B,1
E3,INPP5D,9.267058910527791e-5
E3,INPP5J,1
E3,INTS8,0.6178007672946979
E3,ISG15,1.2025587114443214e-5
E3,ISLR,0.0020990467397770077
E3,ITGA5,6.535337062927033e-4
E3,ITGB4,0.006602446958844315
E3,ITGB6,0.021972235051009155
E3,ITSN1,0.00946580890655334
E3,JAG2,0.36476467610608415
E3,JAK1,0.0024038243700090483
E3,JAK3,1.0602094290337288e-7
E3,JCHAIN,4.098662226345431e-6
E3,JMJD6,0.17646069148942817
E3,KAT6B,1
E3,KATNA1,1
E3,KCNAB2,0.03210910597822412
E3,KCTD10,0.30279221954121366
E3,KDM4B,0.4919549093435603
E3,KIAA0895L,0.7341392413538107
E3,KIAA1211L,0.9219010650972527
E3,KIAA1217,0.004872966024190835
E3,KIAA1468,1
E3,KIAA1715,1
E3,KIF13B,1
E3,KIF2C,1
E3,KLF9,0.1233132192552261
E3,KMT2B,0.033729798626297276
E3,KMT2E,0.17854541336101665
E3,KPNB1,4.4458315093718644e-4
E3,KRAS,0.6744215072685136
E3,KRT10,0.015969927321710674
E3,KRT17,1
E3,KRT5,1
E3,KRT8,0.0013654333556355615
E3,KRT86,0.36300613225833633
E3,LAMB2,6.279426406078511e-11
E3,LAMTOR2,4.024733591914903e-8
E3,LANCL1,1
E3,LARP1B,0.014984928437404435
E3,LARP7,1
E3,LCK,0.9893074491426886
E3,LCP1,0.5262679089690969
E3,LGALS1,2.6156592430460268e-20
E3,LIMCH1,0.9951956117514362
E3,LIMK1,0.001274736824377469
E3,LINC00176,0.5624593627376665
E3,LINGO1,1
E3,LLGL1,0.0912044458795404
E3,LMF1,0.30183646589895474
E3,LMNA,3.5694598797574583e-7
E3,LRRC8A,0.6634899810723489
E3,LRWD1,0.3681770334411597
E3,LST1,0.002862487584958292
E3,LTB4R,1
E3,LTBP3,0.0022072158264312544
E3,LTF,7.020039927028855e-22
E3,LUC7L,1
E3,LUC7L3,1
E3,LUM,7.253462845305212e-13
E3,LYL1,1
E3,MAGEF1,1
E3,MAGI1,1
E3,MAGOHB,1
E3,MAP1S,0.35415047205063716
E3,MAP3K14,1
E3,MAP3K6,0.6912440736195392
E3,MAP4K2,0.6634899810723489
E3,MAPK9,0.02619083645047359
E3,MAPKAPK5,1
E3,MAPT,0.6499358531994401
E3,MARS,1.6680038211843944e-6
E3,MAVS,1
E3,MCTS1,1
E3,MDM2,0.004280826144248661
E3,MED13L,1
E3,MED25,0.2602136372924622
E3,MELK,1
E3,MEN1,0.5802740041542561
E3,METTL12,0.0022962124735683917
E3,METTL16,0.08525771758198672
E3,MFAP4,0.034207324400286024
E3,MFSD3,0.6470554607069093
E3,MFSD7,0.00212850361591116
E3,MGMT,0.5782653041854103
E3,MGP,1.5500787795979886e-15
E3,MIA,1
E3,MIB2,1
E3,MICAL1,0.22688053195996322
E3,MICALL2,0.9892707192783585
E3,MID1IP1,0.020947261158483894
E3,MIF,0.5034427142491724
E3,MIIP,0.13636697648750043
E3,MKI67,0.10732528725723287
E3,MKNK1,0.47693266736627304
E3,MLLT4,2.692956460473738e-5
E3,MLPH,0.07113241767162039
E3,MLST8,0.0060690560679847174
E3,MMP11,1.456252124490709e-6
E3,MMP9,9.084569710344058e-11
E3,MORC2,0.9893074491426886
E3,MPND,0.017412068197432573
E3,MPST,4.496496216697625e-4
E3,MRPL2,0.25517014454819886
E3,MRPL21,0.08757184660209259
E3,MRPL23,1
E3,MRPL51,0.01810248877576911
E3,MRPL54,0.002581074684630999
E3,MRPS22,0.37410536629090924
E3,MS4A6A,0.11038066790083359
E3,MST1R,0.05994330746706003
E3,MTG2,0.38975904868598665
E3,MTMR12,0.06200348191244003
E3,MUC1,5.774416921735612e-7
E3,MUCL1,1.6086522659182547e-29
E3,MUS81,0.0034750497843716883
E3,MVP,0.0028180403809866766
E3,MX2,0.05029776791980114
E3,MYBL2,0.1279548969894521
E3,MYC,1
E3,MYH10,1
E3,MYL12B,3.117507476136338e-7
E3,MYL6B,0.6018681610041505
E3,MYL9,2.1993006877893352e-13
E3,MYO1G,0.20397390016696051
E3,MYO9B,9.530469588788831e-7
E3,MZT2A,0.007819048461083064
E3,NAA10,1.943210689869381e-7
E3,NANS,0.16293682541884194
E3,NCKAP1L,0.8444400338365123
E3,NCKAP5L,1
E3,NDC80,1
E3,NDRG1,7.822468827906848e-12
E3,NDUFA1,0.34934152977405275
E3,NDUFA12,1
E3,NDUFB2,0.016834415005330224
E3,NDUFB3,4.2146223296243444e-4
E3,NDUFB9,1.0374606479109285e-4
E3,NDUFC1,0.30677559768598944
E3,NDUFS1,0.5543560366959815
E3,NDUFV3,3.3638888998131246e-4
E3,NEBL,0.2938805928395292
E3,NEK7,1
E3,NELFE,5.747333095926478e-9
E3,NFATC4,1
E3,NFIC,0.14904871279694532
E3,NINJ1,2.109581453592155e-6
E3,NIT2,1
E3,NMRAL1,0.05168784341803155
E3,NR1H2,0.6647545708099405
E3,NR4A1,1
E3,NRP1,0.019204951729597183
E3,NSMCE1,0.11102345999454277
E3,NTMT1,0.5434917749639847
E3,NUF2,0.054415764351903394
E3,NUP214,0.05377234271816325
E3,NUP93,3.6601082234274566e-4
E3,NXN,7.00028763793073e-5
E3,OASL,1
E3,OGFRL1,1
E3,OPTN,0.017374412191363063
E3,ORC2,1
E3,ORC6,0.3139819888243646
E3,OSBPL8,1
E3,P4HA2,0.3677065032107483
E3,PAF1,1
E3,PAFAH1B3,0.011845862628215215
E3,PAQR4,1
E3,PARN,0.4992691268620931
E3,PCCB,0.9423781969008738
E3,PCIF1,0.003837479623397018
E3,PDCD5,0.41821760454881496
E3,PDGFRA,1
E3,PDGFRB,0.006961408693527517
E3,PER1,0.9423781969008738
E3,PEX11G,0.39487515595975897
E3,PEX14,1
E3,PGLS,0.016322722173774687
E3,PGR,1
E3,PHF11,1
E3,PHF13,0.6688969857794
E3,PHF21A,0.9158610777805594
E3,PHGDH,0.0016219789250351009
E3,PHKB,0.0039844696575463395
E3,PIGQ,0.014980666142301863
E3,PIH1D1,1
E3,PILRA,0.03403071350776261
E3,PIM2,8.012753906697998e-12
E3,PITX1,1
E3,PKNOX1,0.10483464423328069
E3,PLAC9,1
E3,PLEKHO2,0.19707614589500544
E3,PLIN2,0.025804510642010788
E3,PLK1,0.5189551383932461
E3,PLK2,0.006838659074514168
E3,PLLP,1
E3,PLP2,3.911941128912737e-16
E3,PLPPR2,0.0010941408657623595
E3,PLSCR1,1
E3,PLTP,1.155874293401234e-5
E3,PLVAP,8.281691926821679e-5
E3,PLXNA1,0.045334460360331834
E3,PLXND1,7.985014092797605e-4
E3,PMP22,0.01274052117090752
E3,PNISR,1
E3,PNMT,2.0829309096759637e-26
E3,PNP,1
E3,PNPLA6,1
E3,PODNL1,0.05053694151827016
E3,PODXL,0.3729094357499573
E3,POLR2E,0.0030280769784680264
E3,POLR2J,0.005682667823565989
E3,POR,0.0014454874000706846
E3,POSTN,2.934371123918591e-11
E3,PPHLN1,0.018775640603086462
E3,PPIB,1.6332984184759278e-6
E3,PPIH,0.26186320684960684
E3,PPM1G,5.798847941415569e-4
E3,PPP1R1A,2.722451370416471e-10
E3,PPP1R1B,4.5379177380313504e-27
E3,PPP1R37,0.12113033063668054
E3,PRKAB1,0.006796780703656235
E3,PRKCSH,1.184403720454265e-6
E3,PROSER1,1
E3,PRPF6,0.0070494148870603
E3,PRPSAP1,0.007391673511403695
E3,PSCA,0.026295925694452833
E3,PSMD4,0.007648746236965378
E3,PSTPIP1,0.05053694151827016
E3,PTGDS,2.2958322103027275e-9
E3,PTOV1,0.0021047834820053443
E3,PTP4A3,1.0797712142791723e-4
E3,PTPRC,0.10827940174390135
E3,PTPRJ,0.08785333183807946
E3,PTRF,1.6790090089597144e-6
E3,PTRH1,1
E3,PTTG1,0.01781382957864577
E3,PUS3,1
E3,PWP1,1
E3,PWWP2B,1
E3,PXDN,3.990699826140242e-10
E3,PYURF,0.06924403433163591
E3,QSOX1,7.428727169026799e-7
E3,R3HDM2,0.13610347234977108
E3,RAB11FIP1,0.668659768103334
E3,RAB3A,1
E3,RAB3GAP1,1
E3,RAB3IL1,0.19436364372249085
E3,RABGAP1L,1
E3,RALBP1,1
E3,RALGAPA2,0.28479626470790126
E3,RAMP2,0.8761083223204527
E3,RAP1B,1
E3,RARS2,0.5359476934214233
E3,RASA2,1
E3,RASGRP2,1
E3,RASSF3,0.12163252033883674
E3,RBL1,1
E3,RBM42,0.0028417178208229006
E3,RECQL4,1
E3,RECQL5,1
E3,REEP6,1
E3,RGS1,0.7765135752337367
E3,RHOB,3.07297914988214e-7
E3,RIOK1,1
E3,RMND1,0.08029716479522896
E3,RNASET2,8.375599506909465e-4
E3,RND3,0.6394780626790149
E3,RNF135,0.46544252246342843
E3,RNF170,1
E3,RRAS,5.402223633349228e-4
E3,RRM2,0.1070597484295416
E3,RSL1D1,0.03158150785751471
E3,RSRP1,1
E3,RUVBL1,0.004341847804355378
E3,S100A14,1.8760486215864777e-10
E3,S100A9,1.0047250766334421e-39
E3,SAMM50,1
E3,SASH1,1
E3,SAT1,2.851289887772046e-9
E3,SCAF1,0.23195499153292112
E3,SCD,1.1013486685205235e-5
E3,SCNN1D,1
E3,SCX,0.8446383849303691
E3,SDHB,0.02879253555053188
E3,SEC14L2,1
E3,SEC23A,1
E3,SEMA3B,1
E3,SEMA4B,1.2804352208268895e-4
E3,SF3B4,1
E3,SFRP1,1
E3,SFSWAP,0.0063091364457625925
E3,SGTA,0.006130301024016916
E3,SH3BP5L,0.018916504395445687
E3,SIGLEC1,0.25555953928746333
E3,SIGMAR1,2.692956460473738e-5
E3,SLC16A2,1
E3,SLC16A3,0.0015689228156465784
E3,SLC22A18,0.02328823811837835
E3,SLC25A24,1
E3,SLC2A1,9.675078033676371e-4
E3,SLC2A8,0.7855490583117465
E3,SLC35A2,0.05215706291846973
E3,SLC39A6,1
E3,SLC43A1,0.6647545708099405
E3,SLC4A5,1
E3,SLC8B1,1
E3,SLC9A3R2,0.0016644957962159775
E3,SLC9A8,1
E3,SLFN13,1
E3,SLPI,1.645913910515066e-16
E3,SMCHD1,0.10162086540380535
E3,SMG9,0.17854541336101665
E3,SMYD2,0.03403071350776261
E3,SNAPC3,0.011282183804069998
E3,SNF8,0.2726518610457476
E3,SNRPD3,0.02328823811837835
E3,SNTA1,1
E3,SNX33,1
E3,SNX8,0.5254498642222627
E3,SOD3,0.0014454874000706846
E3,SOS2,1
E3,SOX4,0.02879253555053188
E3,SP6,0.8490097606680865
E3,SPAG9,0.6900040824018893
E3,SPARC,1.844149483019779e-15
E3,SPIN1,0.0067709511087113376
E3,SPSB1,0.23589658917922907
E3,SRGN,0.18308003224224823
E3,SRPX2,0.06315296643846079
E3,SRR,1
E3,SRRT,1.5727297412791496e-4
E3,SRSF1,0.01781382957864577
E3,SRSF5,0.026295925694452833
E3,SSSCA1,1.727017314496621e-4
E3,STAMBP,1
E3,STAT5A,0.026015927942497352
E3,STK17A,0.6744215072685136
E3,STK4,1
E3,STMN1,0.02424874460383647
E3,STRN3,0.5802740041542561
E3,STT3A,0.005235049945890189
E3,SUGP1,1
E3,SURF1,9.867032553384173e-4
E3,SVIL,0.9657820414054035
E3,SYDE1,0.45904794773469815
E3,SYK,6.965958891106574e-6
E3,TACC3,0.02424874460383647
E3,TANC2,0.010389905303601612
E3,TARBP1,1
E3,TAX1BP1,0.7772680440072203
E3,TAX1BP3,1.0696466937763001e-16
E3,TBC1D10A,0.4366448986546709
E3,TBC1D23,7.222680582687369e-4
E3,TBCA,0.5747112657796474
E3,TBXAS1,0.31385945483489003
E3,TCEA2,0.42876800502320633
E3,TCEA3,6.102918855110655e-4
E3,TCF25,0.027747707744559976
E3,TDRD3,1
E3,TESK1,0.060007383593687055
E3,TESMIN,0.81875281631366
E3,TEX10,0.04628495413555308
E3,TEX2,0.1663087383063349
E3,TFF3,1
E3,TGFBR2,1
E3,THBS1,4.129196743086097e-6
E3,THOC5,1
E3,THOC6,0.4998501801224122
E3,TIGD5,1
E3,TIMP1,1.1386489515502217e-14
E3,TJP3,3.086865271096833e-4
E3,TM7SF2,4.94350410400975e-6
E3,TMBIM6,2.4020372931435147e-7
E3,TMEM101,0.005682667823565989
E3,TMEM123,5.3226188279517596e-05
E3,TMEM14B,0.10809326776743822
E3,TMEM160,0.018641956046847284
E3,TMEM184A,0.011704066050460721
E3,TMEM259,0.13112040348309748
E3,TMEM45B,0.005246426702032501
E3,TMEM86A,1
E3,TMX1,1
E3,TNC,0.053212975817929394
E3,TNFRSF14,0.902690394283728
E3,TNFRSF21,4.9234063332250065e-5
E3,TNFRSF4,0.28138623690849457
E3,TNNT1,1
E3,TOM1L2,0.0013697957321296282
E3,TP53I3,1
E3,TPM2,1.637174537520605e-6
E3,TRAC,2.191567949637271e-4
E3,TRAF5,1
E3,TRAP1,0.4222126900874045
E3,TRAPPC4,3.1844891654299985e-4
E3,TRIM14,0.007414596756243979
E3,TRIM22,0.019793379423770893
E3,TRIM25,0.08421509689377137
E3,TRIM47,0.11600977010182716
E3,TSPAN33,0.7820121950330794
E3,TSR2,1
E3,TTC31,0.21450679411296425
E3,TTI1,0.12017642401738945
E3,TXN2,0.026295925694452833
E3,TXNDC17,0.002289469608189051
E3,TXNRD2,0.3729094357499573
E3,TYMS,0.2992260777108794
E3,TYROBP,5.115163307002971e-15
E3,UBA52,4.5379177380313504e-27
E3,UBA6,1
E3,UBAP2L,2.175737465244714e-4
E3,UBE2C,0.06019541305733767
E3,UBE2T,0.6647545708099405
E3,UBE2W,0.24047390521783468
E3,UBL7,0.689308688893497
E3,UBR2,0.006312846984325906
E3,UBXN1,0.08155392129015981
E3,UCK1,1
E3,UFD1L,0.014082360334128238
E3,UQCRC1,4.580281884019259e-8
E3,UXS1,0.033736940367201686
E3,UXT,0.0012412167313027875
E3,VARS,0.21809256923873144
E3,VAV1,0.6792925346756703
E3,VCAM1,0.9776691990026353
E3,VEGFB,4.614430526941837e-8
E3,VIM,1.875633469203722e-9
E3,VPS13D,1
E3,VPS45,0.18953476615712794
E3,VWF,4.825210726492607e-8
E3,WDFY3,0.7637804632842993
E3,WDR13,1
E3,WDR34,0.002334431222879619
E3,WDR46,1
E3,WDR73,1
E3,WDR74,0.7190715271718421
E3,WIPF1,0.006348379788720501
E3,XAB2,0.5572836175374143
E3,XIAP,1
E3,XPO6,0.014620840634106631
E3,YIPF4,0.577797527942094
E3,YTHDC1,0.00969386192555433
E3,ZDHHC12,1.3082151802457488e-4
E3,ZFAND3,0.020619590906966825
E3,ZFP36,0.8314813052071822
E3,ZFPL1,0.9735550238591736
E3,ZFR,1
E3,ZG16B,0.08914265130687972
E3,ZMAT5,0.011559268786347644
E3,ZMYND19,1
E3,ZMYND8,0.0710267203265459
E3,ZNF217,0.016322722173774687
E3,ZNF337,1
E3,ZNF33B,0.41425817865733583
E3,ZNF362,0.19436364372249085
E3,ZNF524,0.012698464997807904
E3,ZNF592,1
E3,ZNF644,0.41821760454881496
E3,ZNF668,0.18108709742287102
E3,ZNF771,0.040088228270772276
E3,ZNF787,1
E3,ZNF791,0.6634899810723489
E3,ZNF83,1
E3,ZNF91,1
E3,ZNRF1,0.36300613225833633
E3,ZSWIM8,1
F1,A2M,0.10893872216261347
F1,AAMDC,1
F1,ABCA3,0.6318776048261252
F1,ABCA7,1
F1,ABCF3,1
F1,ABHD14A,1
F1,ABHD4,1
F1,ACAA1,0.22193772138270965
F1,ACER3,1
F1,ACTR3B,1
F1,ADAM15,0.03304484876537181
F1,ADCY3,1
F1,ADI1,0.32420589309680375
F1,AEBP1,0.006069904669566057
F1,AES,3.842550006293588e-9
F1,AGAP2,1
F1,AGO2,1
F1,AGPAT2,1
F1,AGR2,0.018199561326787496
F1,AHCY,0.45468673639361074
F1,AKAP9,1
F1,AKR1A1,2.7607642007570204e-7
F1,AKT1S1,1.9982699154295463e-6
F1,ALDH16A1,1
F1,ALG3,0.28074826067087394
F1,ANGPTL4,1
F1,ANKLE2,1
F1,ANKRD12,1
F1,ANKRD28,1
F1,ANLN,1
F1,ANO10,1
F1,AP5B1,1
F1,AP5Z1,0.8999644558866069
F1,APBA2,1
F1,APBB2,1
F1,APOBEC3G,1
F1,APOC1,5.545543083614893e-7
F1,AQP1,1
F1,ARF5,0.3652809127827413
F1,ARF6,0.4221948162236977
F1,ARFGEF2,1
F1,ARHGAP10,1
F1,ARHGAP4,0.610805021133484
F1,ARHGAP45,1
F1,ARHGAP5,1
F1,ARHGEF10L,1
F1,ARHGEF3,1
F1,ARHGEF40,1
F1,ARID1B,1
F1,ARID3A,0.9884163140590675
F1,ARID4A,1
F1,ARID5A,1
F1,ARID5B,1
F1,ARNT,0.6523036071073101
F1,ASCL2,1
F1,ASH2L,1
F1,ASL,1
F1,ASMTL,0.057707869763550766
F1,ASNA1,0.24301063032394163
F1,ASNS,0.12247929304901276
F1,ATAD1,1
F1,ATF6B,1
F1,ATG12,1
F1,ATG16L2,1
F1,ATL2,1
F1,ATP5H,0.06764867156627553
F1,ATP5O,0.3038614378104245
F1,ATP6AP1,4.5618582147591324e-10
F1,ATP6V0D1,0.09412212628041247
F1,AURKAIP1,0.007295730773832061
F1,AVEN,1
F1,BABAM1,0.0712064362625646
F1,BAD,0.003721071636319492
F1,BAG1,1.329356535226125e-4
F1,BAIAP3,1
F1,BCAM,1
F1,BCL2,1
F1,BCL2L12,1
F1,BGN,0.043796540000540396
F1,BICDL1,1
F1,BIN3,1
F1,BIRC2,1
F1,BIRC5,1
F1,BLVRA,1
F1,BOK,1
F1,BOLA3,0.4521274821511646
F1,BRD9,1
F1,BRF1,0.002317163714085735
F1,BRF2,0.282706823359335
F1,BRK1,2.5661524196013352e-5
F1,BRPF1,0.9044166084363529
F1,BSG,4.1749021198974083e-4
F1,BST2,4.100219075551936e-8
F1,BTG1,1
F1,C10orf10,1
F1,C10orf54,1
F1,C12orf45,0.19705710169384535
F1,C15orf61,1
F1,C19orf24,1
F1,C19orf52,1
F1,C19orf60,0.6787463170772284
F1,C1QB,0.0033596936275419875
F1,C1R,0.22193772138270965
F1,C1S,1
F1,C1orf216,1
F1,C2,0.8664191829425738
F1,C2CD2L,1
F1,C3,3.586720780129834e-5
F1,C4orf48,1.2573937942457301e-6
F1,C5orf38,1
F1,C6orf136,1
F1,C6orf48,0.7247545183553636
F1,CADM4,0.5135417616442989
F1,CALML5,4.474202336721429e-12
F1,CAMTA2,1
F1,CAPG,1
F1,CARS2,0.09987556259807367
F1,CBLC,1
F1,CCDC106,1
F1,CCDC167,1
F1,CCDC57,1
F1,CCDC80,1
F1,CCDC88B,1
F1,CCL19,1
F1,CCL2,1
F1,CCL21,0.9884163140590675
F1,CCM2,1
F1,CCNB1,1
F1,CCNB1IP1,0.0069223697508540806
F1,CCNE1,1
F1,CCNE2,1
F1,CCS,1
F1,CCT4,0.5607978502209503
F1,CD14,1
F1,CD320,0.9095418851996491
F1,CD3D,0.005444014720026445
F1,CD4,0.002456844915332441
F1,CD52,0.06568473427367423
F1,CD68,0.6769009992837335
F1,CD74,6.5661122715763545e-9
F1,CD79A,0.0029689278205386736
F1,CDC20,1
F1,CDC6,1
F1,CDH11,1
F1,CDH3,1
F1,CDK5RAP1,0.6914108036405789
F1,CENPF,1
F1,CEP250,1
F1,CEP55,1
F1,CERCAM,0.5230769155717461
F1,CERS5,1
F1,CES2,1
F1,CFAP36,1
F1,CFDP1,1
F1,CGGBP1,1
F1,CHCHD6,1
F1,CHD1,1
F1,CHD6,0.8367658512742391
F1,CHFR,1
F1,CHST11,0.6787463170772284
F1,CIR1,1
F1,CLASRP,1
F1,CLDN3,2.2900416021737995e-5
F1,CLDN4,1.3906224491200484e-6
F1,CLU,0.39769966452411826
F1,CNN2,1
F1,COL14A1,1
F1,COL3A1,1
F1,COL4A1,0.27398056619071076
F1,COL6A2,1
F1,COL8A2,1
F1,COMMD1,1
F1,COMP,0.2799043132518888
F1,COPS7A,0.3933773845929745
F1,COQ4,1
F1,CORO1A,1
F1,CORO1B,0.00761783734689372
F1,CORO2A,0.5798811632915898
F1,CORO7,1
F1,COX5A,2.0860483426785397e-6
F1,CPNE1,0.9034402245666465
F1,CPSF1,1
F1,CPVL,1
F1,CRABP2,0.0698259870170243
F1,CRACR2B,0.2904736228777743
F1,CRELD2,0.623339772514465
F1,CROCC,1
F1,CSF1,1
F1,CSF1R,1
F1,CTDSPL,1
F1,CTIF,1
F1,CTSK,1
F1,CTU2,0.22193772138270965
F1,CUTC,1
F1,CUX1,1
F1,CX3CL1,1
F1,CXCL10,1
F1,CXXC5,0.07442836421318896
F1,CYP27A1,1
F1,DAPK3,0.15586896072222406
F1,DCAF6,1
F1,DCXR,1.1719902403964965e-7
F1,DDAH1,0.019604019016835495
F1,DDB2,1
F1,DDIT3,1
F1,DDRGK1,1
F1,DDT,0.31342725058441995
F1,DEAF1,1
F1,DENND1A,1
F1,DERL3,0.011655811941876667
F1,DESI1,1
F1,DHX16,1
F1,DLG1,1
F1,DMAP1,1
F1,DNAJB2,1
F1,DNAJC1,1
F1,DNAJC7,0.40378450232621615
F1,DOCK6,1
F1,DPH3,1
F1,DPM2,0.11754011303987646
F1,DPP7,0.038673010782796176
F1,DPP9,1
F1,DPYSL3,1
F1,DVL1,0.22193772138270965
F1,EBAG9,1
F1,ECHDC2,1
F1,ECM1,7.151486366110501e-10
F1,EFEMP2,1
F1,EFHD2,0.14689209750827573
F1,EGFR,1
F1,EIF1AD,1
F1,EIF3B,1.7188050260021567e-5
F1,EIF3F,1
F1,EIF3G,0.09987556259807367
F1,ELN,1
F1,ELOF1,0.025346136122833814
F1,EMC3,1
F1,ENPP1,1
F1,EPHB3,1
F1,ERAL1,0.5060158274206207
F1,ERBB2,3.171797472452992e-28
F1,ERI3,0.14297802357058434
F1,ERMP1,0.5976117426262644
F1,ESR1,1
F1,ETFB,0.0073195734566616375
F1,EVA1B,0.5616651278257752
F1,EXD3,1
F1,EXO1,1
F1,EXOC5,1
F1,EXOSC1,1
F1,EXOSC10,0.01352591268144518
F1,EXOSC2,0.6764087659371077
F1,EZH2,1
F1,FAAH,1
F1,FADS2,1.153144873153927e-14
F1,FAH,0.2763618923188702
F1,FAIM2,1
F1,FAM102A,1
F1,FAM117A,1
F1,FAM118A,1
F1,FAM160B1,1
F1,FAM173A,1
F1,FAM193B,1
F1,FAM213B,1
F1,FAM3A,1
F1,FAM45A,1
F1,FAP,1
F1,FARP1,1
F1,FARSB,1
F1,FASN,1.190666181824897e-17
F1,FBF1,1
F1,FBLN2,1
F1,FCER1G,0.2799043132518888
F1,FDPS,2.0171266427488718e-4
F1,FGFR1,0.5532830263078938
F1,FGFR4,1
F1,FKBP10,0.1501504355351404
F1,FKBP8,1
F1,FLNA,0.7322692053993699
F1,FN1,0.09015009604530766
F1,FNBP4,1
F1,FOXA1,1.1807328674438129e-5
F1,FOXC1,1
F1,FOXP4,0.0023693367920728484
F1,FSTL1,1
F1,FSTL3,0.778211624448245
F1,FUOM,1
F1,FUS,1
F1,FZD2,1
F1,GALK1,1
F1,GANAB,0.007295730773832061
F1,GAR1,1
F1,GAS6,1
F1,GATA3,0.005043959291997386
F1,GATC,0.3038614378104245
F1,GBP1,1
F1,GBP2,1
F1,GBP3,1
F1,GBP4,1
F1,GBP5,1
F1,GEMIN4,1
F1,GLCCI1,0.3998832766702804
F1,GLG1,1
F1,GLTSCR2,1.0969686374528241e-6
F1,GMFG,5.891607255678306e-4
F1,GMPPA,1
F1,GNAI2,6.9741896434973505e-6
F1,GNAS,4.483976202606966e-10
F1,GNL2,1
F1,GPR108,0.19529016076506175
F1,GPR160,0.008812053792549911
F1,GPRC5A,0.005982753398319464
F1,GPS1,5.254380156850369e-4
F1,GPSM1,1
F1,GPX3,0.20811182652881025
F1,GRB7,4.4429593298919506e-10
F1,GRK3,1
F1,GSK3A,1
F1,GSTM3,1
F1,GYPC,0.5331552208289851
F1,HAGHL,0.49886166164397483
F1,HCFC1R1,1
F1,HCST,1
F1,HDAC5,1
F1,HDAC6,1
F1,HELZ2,1
F1,HES1,0.5141949401894556
F1,HLA-B,5.849134172807076e-5
F1,HLA-DMA,0.0011637938143217788
F1,HLA-DMB,6.138344882432522e-8
F1,HLA-DOA,1
F1,HLA-DPA1,0.006144116257811012
F1,HLA-DPB1,0.5607978502209503
F1,HLA-DRA,1
F1,HLA-DRB1,0.0047553290469287204
F1,HMGB2,1
F1,HNRNPUL2,0.7538925993621182
F1,HOOK3,1
F1,HPS6,1
F1,HSD17B1,1
F1,HSPA4,0.007295730773832061
F1,HSPB1,1.4982649232364656e-8
F1,HSPB11,1
F1,HYI,1
F1,IDH3G,0.03780602555389871
F1,IDUA,1
F1,IER5L,1
F1,IFI27,0.16287420640891892
F1,IFI27L1,0.6348605127428179
F1,IFI44L,1
F1,IGFBP2,4.3132554194188584e-14
F1,IGFBP4,0.0994139754029086
F1,IGHA1,3.3597129943119712e-6
F1,IGHG3,4.792207470546468e-10
F1,IGHG4,2.486901546961787e-12
F1,IGHM,5.0531858992273966e-17
F1,IGKC,2.3205696903508714e-19
F1,IGLC2,6.099491231771774e-15
F1,IGLC3,6.123053051231671e-13
F1,IGLC7,0.016741822914835298
F1,IKZF3,1
F1,IL10RA,1
F1,ILKAP,1
F1,INAFM1,1
F1,INPP4B,1
F1,INPP5D,1
F1,INPP5J,1
F1,INTS8,0.04465443271454543
F1,ISG15,0.6764087659371077
F1,ISLR,0.9880892870620231
F1,ITGA5,1
F1,ITGB4,0.017646426990513407
F1,ITGB6,4.433482284487009e-8
F1,ITSN1,1
F1,JAG2,1
F1,JAK1,1
F1,JAK3,1
F1,JCHAIN,0.1939292672843426
F1,JMJD6,1
F1,KAT6B,1
F1,KATNA1,1
F1,KCNAB2,1
F1,KCTD10,1
F1,KDM4B,0.553811924371745
F1,KIAA0895L,1
F1,KIAA1211L,1
F1,KIAA1217,1
F1,KIAA1468,1
F1,KIAA1715,1
F1,KIF13B,1
F1,KIF2C,1
F1,KLF9,1
F1,KMT2B,1
F1,KMT2E,1
F1,KPNB1,1
F1,KRAS,1
F1,KRT10,1
F1,KRT14,1
F1,KRT17,1
F1,KRT5,1
F1,KRT8,4.4737746949210253e-10
F1,KRT86,1
F1,LAMB2,1
F1,LAMTOR2,2.2274315262520847e-4
F1,LANCL1,1
F1,LARP1B,0.8409527291224302
F1,LARP7,1
F1,LCK,0.16042008592332402
F1,LCP1,1
F1,LGALS1,0.16042008592332402
F1,LIMCH1,1
F1,LIMK1,0.5435574233705075
F1,LINC00176,1
F1,LINGO1,1
F1,LLGL1,1
F1,LMF1,1
F1,LMNA,7.913515231857269e-5
F1,LRRC8A,1
F1,LRWD1,1
F1,LST1,1
F1,LTB4R,1
F1,LTBP3,0.8007152231295993
F1,LTF,0.22193772138270965
F1,LUC7L,1
F1,LUC7L3,4.3189935085128285e-7
F1,LUM,1
F1,LYL1,1
F1,MAGEF1,1
F1,MAGI1,1
F1,MAGOHB,1
F1,MAP1S,0.1212080485127516
F1,MAP3K14,1
F1,MAP3K6,1
F1,MAP4K2,1
F1,MAPK9,1
F1,MAPKAPK5,1
F1,MAPT,1
F1,MARS,1
F1,MAVS,0.11850989807799692
F1,MCTS1,1
F1,MDM2,1
F1,MED13L,0.5315950461214571
F1,MED25,1
F1,MELK,1
F1,MEN1,1
F1,METTL12,0.016240910120047046
F1,METTL16,1
F1,MFAP4,1
F1,MFSD3,1
F1,MFSD7,1
F1,MGMT,0.16956581859154693
F1,MGP,4.876399450000904e-11
F1,MIA,1
F1,MIB2,1
F1,MICAL1,0.7359032578119719
F1,MICALL2,0.5598794094560039
F1,MID1IP1,1
F1,MIF,1.6849550386589204e-5
F1,MIIP,1
F1,MKI67,1
F1,MKNK1,0.4718409906061593
F1,MLLT4,1
F1,MLPH,0.10893872216261347
F1,MLST8,1
F1,MMP11,0.2559986881595765
F1,MMP9,1
F1,MORC2,1
F1,MPND,1
F1,MPST,0.0023693367920728484
F1,MRPL2,1
F1,MRPL21,1
F1,MRPL23,0.44402519401790347
F1,MRPL51,1
F1,MRPL54,0.6634583363415316
F1,MRPS22,1
F1,MS4A6A,1
F1,MST1R,1
F1,MTG2,1
F1,MTMR12,1
F1,MUC1,0.02512240786923162
F1,MUCL1,1.3033995403347795e-6
F1,MUS81,0.8007152231295993
F1,MVP,1
F1,MX2,1
F1,MYBL2,1
F1,MYC,1
F1,MYH10,1
F1,MYL12B,0.39363377651921627
F1,MYL6B,1
F1,MYL9,0.33840342769357856
F1,MYO1G,1
F1,MYO9B,1
F1,MZT2A,0.20619863280161968
F1,NAA10,0.9034402245666465
F1,NANS,0.7949654676536162
F1,NAT1,1
F1,NCKAP1L,1
F1,NCKAP5L,1
F1,NDC80,1
F1,NDRG1,1.0543268424175393e-5
F1,NDUFA1,1
F1,NDUFA12,1
F1,NDUFB2,1
F1,NDUFB3,1
F1,NDUFB9,4.792207470546468e-10
F1,NDUFC1,0.22193772138270965
F1,NDUFS1,1
F1,NDUFV3,1
F1,NEBL,1
F1,NEK7,0.43674530306958737
F1,NELFE,0.24468175302477693
F1,NFATC4,1
F1,NFIC,1
F1,NINJ1,1
F1,NIT2,1
F1,NMRAL1,0.026992074955096344
F1,NR1H2,1
F1,NR4A1,1
F1,NRP1,1
F1,NSMCE1,0.02265705441552604
F1,NTMT1,0.2650175086870804
F1,NUF2,1
F1,NUP214,1
F1,NUP93,0.3145092362391732
F1,NXN,1
F1,OASL,0.9399665728300709
F1,OGFRL1,1
F1,OPTN,1
F1,ORC2,1
F1,ORC6,1
F1,OSBPL8,0.5859362386398297
F1,P4HA2,1
F1,PAF1,1
F1,PAFAH1B3,0.15265883016224915
F1,PAQR4,1
F1,PARN,0.1939292672843426
F1,PCCB,1
F1,PCIF1,1
F1,PDCD5,0.5607978502209503
F1,PDGFRA,1
F1,PDGFRB,1
F1,PER1,1
F1,PEX11G,1
F1,PEX14,1
F1,PGLS,0.0029689278205386736
F1,PHF11,1
F1,PHF13,0.33833066726993377
F1,PHF21A,1
F1,PHGDH,0.05885583502946604
F1,PHKB,0.9172543256453607
F1,PIGQ,0.20619863280161968
F1,PIH1D1,1
F1,PILRA,0.20619863280161968
F1,PIM2,0.0012665013887207211
F1,PITX1,1.0543268424175393e-5
F1,PKNOX1,1
F1,PLAC9,1
F1,PLEKHO2,0.8998439471800664
F1,PLIN2,1
F1,PLK1,0.839789764607751
F1,PLK2,5.388286685083871e-13
F1,PLLP,1
F1,PLP2,3.719144610122779e-8
F1,PLPPR2,0.7431915738275348
F1,PLSCR1,1
F1,PLTP,1
F1,PLVAP,0.6918958330200667
F1,PLXNA1,1
F1,PLXND1,1
F1,PMP22,1
F1,PNISR,1
F1,PNMT,1.290943684968011e-12
F1,PNP,0.20811182652881025
F1,PNPLA6,1
F1,PODNL1,1
F1,PODXL,1
F1,POLR2E,0.22653023073390724
F1,POLR2J,0.10583972510221906
F1,POR,0.018124697798917476
F1,POSTN,1
F1,PPHLN1,1
F1,PPIB,0.0014912862015856313
F1,PPIH,1
F1,PPM1G,0.11302397157749004
F1,PPP1R1A,0.0841505870946821
F1,PPP1R1B,0.17363165953372273
F1,PPP1R37,1
F1,PRKAB1,1
F1,PRKCSH,0.01699437416589772
F1,PROSER1,1
F1,PRPF6,1
F1,PRPSAP1,0.34524394755492893
F1,PSCA,1
F1,PSMD4,0.14289116096792173
F1,PSTPIP1,1
F1,PTGDS,0.006489559034363947
F1,PTOV1,0.007295730773832061
F1,PTP4A3,1
F1,PTPRC,1
F1,PTPRJ,1
F1,PTRF,1
F1,PTRH1,1
F1,PTTG1,1
F1,PUS3,0.9044166084363529
F1,PWP1,1
F1,PWWP2B,0.8501033475254441
F1,PXDN,1
F1,PYURF,1
F1,QSOX1,1
F1,R3HDM2,1
F1,RAB11FIP1,0.6685872567616264
F1,RAB3A,1
F1,RAB3GAP1,1
F1,RAB3IL1,1
F1,RABGAP1L,1
F1,RALBP1,1
F1,RALGAPA2,1
F1,RAMP2,1
F1,RAP1B,0.610805021133484
F1,RARS2,1
F1,RASA2,1
F1,RASGRP2,0.6840262745206995
F1,RASSF3,1
F1,RBL1,1
F1,RBM42,1
F1,RECQL4,1
F1,RECQL5,1
F1,REEP6,1
F1,RGS1,1
F1,RHOB,0.009671051114342686
F1,RIOK1,1
F1,RMND1,0.5440705707502241
F1,RNASET2,0.9352017938101813
F1,RND3,1
F1,RNF135,1
F1,RNF170,1
F1,RRAS,0.3933773845929745
F1,RRM2,1
F1,RSL1D1,0.005670246327930473
F1,RSRP1,1
F1,RUVBL1,0.5607978502209503
F1,S100A14,7.612378801695381e-15
F1,S100A9,0.029243340914656555
F1,SAMM50,1
F1,SASH1,1
F1,SAT1,0.42264722223363826
F1,SCAF1,1
F1,SCD,2.4979760304131007e-10
F1,SCNN1D,1
F1,SCX,1
F1,SDHB,0.2647545212092577
F1,SEC14L2,1
F1,SEC23A,1
F1,SEMA3B,1
F1,SEMA4B,0.6318776048261252
F1,SF3B4,1
F1,SFSWAP,1
F1,SGTA,0.0660859640937545
F1,SH3BP5L,1
F1,SIGLEC1,0.5404941836393264
F1,SIGMAR1,0.3933773845929745
F1,SLC16A2,0.44669013354412224
F1,SLC16A3,1
F1,SLC22A18,0.8007152231295993
F1,SLC25A24,1
F1,SLC2A1,0.6854336354252144
F1,SLC2A8,0.7247545183553636
F1,SLC35A2,1
F1,SLC39A6,0.35714167201655816
F1,SLC43A1,1
F1,SLC4A5,1
F1,SLC8B1,1
F1,SLC9A3R2,0.2763618923188702
F1,SLC9A8,1
F1,SLFN13,1
F1,SLPI,1
F1,SMCHD1,1
F1,SMG9,0.8007152231295993
F1,SMYD2,1
F1,SNAPC3,1
F1,SNF8,7.276415882369042e-7
F1,SNRPD3,0.004089375411835812
F1,SNTA1,1
F1,SNX33,1
F1,SNX8,1
F1,SOD3,1
F1,SOS2,1
F1,SOX4,0.2448657948705383
F1,SP6,1
F1,SPAG9,0.00426240309350428
F1,SPARC,0.44809966580223126
F1,SPIN1,1
F1,SPSB1,1
F1,SRGN,0.9226733744888753
F1,SRPX2,1
F1,SRR,1
F1,SRRT,0.08241378474517322
F1,SRSF1,0.019604019016835495
F1,SRSF5,1
F1,SSSCA1,1
F1,STAMBP,1
F1,STAT5A,1
F1,STK17A,1
F1,STK4,1
F1,STMN1,0.032006268205170864
F1,STRN3,1
F1,STT3A,0.5607978502209503
F1,SUGP1,1
F1,SURF1,1
F1,SVIL,1
F1,SYDE1,1
F1,SYK,1
F1,TACC3,1
F1,TANC2,0.018601670887343796
F1,TARBP1,1
F1,TAX1BP1,1
F1,TAX1BP3,3.72831443262723e-7
F1,TBC1D10A,1
F1,TBC1D23,1
F1,TBCA,1
F1,TBXAS1,1
F1,TCEA2,1
F1,TCEA3,1
F1,TCF25,0.2435553585349117
F1,TDRD3,0.3159894016912038
F1,TESK1,0.057160881084768564
F1,TESMIN,1
F1,TEX10,1
F1,TEX2,1
F1,TFF3,1
F1,TGFBR2,1
F1,THBS1,1
F1,THOC5,1
F1,THOC6,1
F1,TIGD5,1
F1,TIMP1,0.0876125446252609
F1,TJP3,0.2904736228777743
F1,TM7SF2,0.00965417473638707
F1,TMBIM6,0.007295730773832061
F1,TMEM101,1
F1,TMEM123,0.0076476259901304645
F1,TMEM14B,1
F1,TMEM160,0.5607978502209503
F1,TMEM184A,1
F1,TMEM259,1
F1,TMEM45B,0.2368063471107515
F1,TMEM86A,0.44402519401790347
F1,TMX1,1
F1,TNC,0.42312979976866455
F1,TNFRSF14,0.21337500267559173
F1,TNFRSF21,1
F1,TNFRSF4,1
F1,TNNT1,1
F1,TOM1L2,0.0019074830333836248
F1,TP53I3,1
F1,TPM2,1
F1,TRAC,0.3319275572423408
F1,TRAF5,1
F1,TRAP1,0.02213764333507022
F1,TRAPPC4,1
F1,TRIM14,1
F1,TRIM22,1
F1,TRIM25,1
F1,TRIM47,1
F1,TSPAN33,1
F1,TSR2,1
F1,TTC31,1
F1,TTI1,1
F1,TXN2,0.11850989807799692
F1,TXNDC17,0.3973574616017366
F1,TXNRD2,0.23150506818627092
F1,TYMS,1
F1,TYROBP,0.1710211664928547
F1,UBA52,1.190666181824897e-17
F1,UBA6,1
F1,UBAP2L,0.7247545183553636
F1,UBE2C,1
F1,UBE2T,1
F1,UBE2W,0.18036694901411957
F1,UBL7,1
F1,UBR2,1
F1,UBXN1,0.6764087659371077
F1,UCK1,1
F1,UFD1L,1
F1,UQCRC1,1.8130337406722714e-8
F1,UXS1,1
F1,UXT,0.7295575727144404
F1,VARS,4.1749021198974083e-4
F1,VAV1,1
F1,VCAM1,0.8022218402432723
F1,VEGFB,0.007362739157814222
F1,VIM,0.015145878715006897
F1,VPS13D,0.5060158274206207
F1,VPS45,0.6356110040739932
F1,VWF,1
F1,WDFY3,0.5692511200799071
F1,WDR13,1
F1,WDR34,0.6787463170772284
F1,WDR46,0.11964986087495236
F1,WDR73,1
F1,WDR74,1
F1,WIPF1,1
F1,XAB2,1
F1,XIAP,1
F1,XPO6,0.20619863280161968
F1,YIPF4,1
F1,YTHDC1,1
F1,ZDHHC12,0.0024734494293260204
F1,ZFAND3,0.28445644860604247
F1,ZFP36,1
F1,ZFPL1,1
F1,ZFR,1
F1,ZG16B,1
F1,ZMAT5,1
F1,ZMYND19,1
F1,ZMYND8,1
F1,ZNF217,1
F1,ZNF337,1
F1,ZNF33B,0.32420589309680375
F1,ZNF362,1
F1,ZNF524,0.14296705271788862
F1,ZNF592,1
F1,ZNF644,1
F1,ZNF668,0.68963812753555
F1,ZNF771,1
F1,ZNF787,0.14297802357058434
F1,ZNF791,1
F1,ZNF83,1
F1,ZNF91,1
F1,ZNRF1,0.5315950461214571
F1,ZSWIM8,0.2799043132518888
F2,A2M,1
F2,AAMDC,1
F2,ABCA3,1
F2,ABCA7,1
F2,ABCF3,0.3929467862727331
F2,ABHD14A,1
F2,ABHD4,0.045941389228481413
F2,ACAA1,1
F2,ACER3,1
F2,ACTR3B,1
F2,ADAM15,0.018870642051787682
F2,ADCY3,1
F2,ADI1,1
F2,AEBP1,1.3360428366637593e-15
F2,AES,5.093866652367377e-4
F2,AGAP2,1
F2,AGO2,1
F2,AGPAT2,1
F2,AGR2,0.045918789818453584
F2,AHCY,0.6887344615533318
F2,AKAP9,1
F2,AKR1A1,0.0031648172556412607
F2,AKT1S1,1
F2,ALDH16A1,1
F2,ALG3,6.063755903548483e-5
F2,ANGPTL4,1
F2,ANKLE2,1
F2,ANKRD12,1
F2,ANKRD28,1
F2,ANLN,1
F2,ANO10,1
F2,AP5B1,1
F2,AP5Z1,1
F2,APBA2,1
F2,APBB2,1
F2,APOBEC3G,1
F2,APOC1,5.7036718270204274e-5
F2,AQP1,1
F2,ARF5,0.5156419266283376
F2,ARF6,0.2964062278471828
F2,ARFGEF2,1
F2,ARHGAP10,0.8332825644344559
F2,ARHGAP4,0.8488994784557472
F2,ARHGAP45,1
F2,ARHGAP5,1
F2,ARHGEF10L,1
F2,ARHGEF3,1
F2,ARHGEF40,1
F2,ARID1B,1
F2,ARID3A,1
F2,ARID4A,1
F2,ARID5A,1
F2,ARID5B,1
F2,ARNT,1
F2,ASCL2,1
F2,ASH2L,1
F2,ASL,1
F2,ASMTL,1
F2,ASNA1,0.04702685761949668
F2,ASNS,1
F2,ATAD1,0.8393560781081781
F2,ATF6B,1
F2,ATG12,1
F2,ATG16L2,1
F2,ATL2,1
F2,ATP5H,1
F2,ATP5O,0.4015036954589318
F2,ATP6AP1,5.981941361249189e-4
F2,ATP6V0D1,0.011089562719199576
F2,AURKAIP1,0.08179021305106313
F2,AVEN,1
F2,BABAM1,0.8827853153581824
F2,BAD,1
F2,BAG1,0.8032167519839489
F2,BAIAP3,1
F2,BCAM,0.006279807290761713
F2,BCL2,1
F2,BCL2L12,1
F2,BGN,1.042895218112183e-5
F2,BICDL1,1
F2,BIN3,1
F2,BIRC2,1
F2,BIRC5,1
F2,BLVRA,1
F2,BOK,0.6210713158911618
F2,BOLA3,1
F2,BRD9,1
F2,BRF1,1
F2,BRF2,1
F2,BRK1,1
F2,BRPF1,1
F2,BSG,0.05997559363638939
F2,BST2,2.7832957575123294e-4
F2,BTG1,1
F2,C10orf10,1
F2,C10orf54,1
F2,C12orf45,1
F2,C15orf61,1
F2,C19orf24,0.3441176198310687
F2,C19orf52,1
F2,C19orf60,0.2657666354012291
F2,C1QB,0.01033842377153121
F2,C1R,0.7234426835312888
F2,C1S,1
F2,C1orf216,1
F2,C2,4.665143050382055e-5
F2,C2CD2L,1
F2,C3,5.788963187621589e-13
F2,C4orf48,0.24477189922839757
F2,C5orf38,1
F2,C6orf136,1
F2,C6orf48,1
F2,CADM4,1
F2,CALML5,2.0490441740459489e-4
F2,CAMTA2,1
F2,CAPG,0.05997559363638939
F2,CARS2,0.021076098403873495
F2,CBLC,1
F2,CCDC106,1
F2,CCDC167,1
F2,CCDC57,1
F2,CCDC80,0.37631164911998227
F2,CCDC88B,1
F2,CCL19,0.006319724353954798
F2,CCL2,1
F2,CCL21,1
F2,CCM2,1
F2,CCNB1,1
F2,CCNB1IP1,1
F2,CCNE1,1
F2,CCNE2,1
F2,CCS,1
F2,CCT4,1
F2,CD14,0.17944496536944932
F2,CD320,1
F2,CD3D,1
F2,CD4,0.007111683605257836
F2,CD52,2.1254697865690014e-9
F2,CD68,0.7850294526508785
F2,CD74,5.246432464419931e-8
F2,CD79A,0.32811480962969936
F2,CDC20,1
F2,CDC6,0.784887114269507
F2,CDH11,0.40772463510033574
F2,CDH3,1
F2,CDK5RAP1,0.6092358459760424
F2,CENPF,1
F2,CEP250,1
F2,CEP55,1
F2,CERCAM,1
F2,CERS5,0.014358192366007458
F2,CES2,1
F2,CFAP36,1
F2,CFDP1,1
F2,CGGBP1,0.9101913523622438
F2,CHCHD6,1
F2,CHD1,1
F2,CHD6,1
F2,CHFR,1
F2,CHST11,1
F2,CIR1,1
F2,CLASRP,1
F2,CLDN3,0.010584050048145442
F2,CLDN4,3.04499172238929e-5
F2,CLU,0.14009324118173372
F2,CNN2,1
F2,COL14A1,1
F2,COL3A1,0.07970121398397953
F2,COL4A1,0.009402706157581583
F2,COL6A2,0.44285360560782905
F2,COL8A2,1
F2,COMMD1,1
F2,COMP,0.9101913523622438
F2,COPS7A,1
F2,COQ4,0.26304347122037064
F2,CORO1A,0.683653361832566
F2,CORO1B,1
F2,CORO2A,1
F2,CORO7,0.7850294526508785
F2,COX5A,1
F2,CPNE1,1
F2,CPSF1,1
F2,CPVL,1
F2,CRABP2,1
F2,CRACR2B,6.139656969482375e-8
F2,CRELD2,0.0195891596538392
F2,CROCC,1
F2,CSF1,1
F2,CSF1R,0.008454836341088836
F2,CTDSPL,0.7944644170343979
F2,CTIF,1
F2,CTSK,1
F2,CTU2,1
F2,CUTC,1
F2,CUX1,0.24477189922839757
F2,CX3CL1,1
F2,CXCL10,1
F2,CXXC5,0.005438991933016473
F2,CYP27A1,1
F2,DAPK3,1
F2,DCAF6,1
F2,DCXR,3.7935140090297464e-9
F2,DDAH1,1
F2,DDB2,1
F2,DDIT3,1
F2,DDRGK1,0.8616862556418393
F2,DDT,1
F2,DEAF1,0.12061058858319604
F2,DENND1A,1
F2,DERL3,0.4964846844479422
F2,DESI1,0.3330653665056964
F2,DHX16,1
F2,DLG1,1
F2,DMAP1,0.15827634937981638
F2,DNAJB2,0.2017875830188285
F2,DNAJC1,1
F2,DNAJC7,1
F2,DOCK6,1
F2,DPH3,0.4411100336345861
F2,DPM2,1
F2,DPP7,0.09230928212237573
F2,DPP9,1
F2,DPYSL3,1
F2,DVL1,0.14442792303845797
F2,EBAG9,1
F2,ECHDC2,1
F2,ECM1,0.0320087607133383
F2,EFEMP2,0.6952128222329095
F2,EFHD2,1
F2,EGFR,1
F2,EIF1AD,1
F2,EIF3B,0.0070321663699123155
F2,EIF3F,1
F2,EIF3G,2.081313927349604e-6
F2,ELN,1
F2,ELOF1,0.8032167519839489
F2,EMC3,0.8677097266550283
F2,ENPP1,0.8332825644344559
F2,EPHB3,1
F2,ERAL1,1
F2,ERBB2,5.977607854453605e-25
F2,ERI3,0.009402706157581583
F2,ERMP1,0.6316043439009563
F2,ESR1,1
F2,ETFB,0.8348370162741069
F2,EVA1B,1
F2,EXD3,0.8488994784557472
F2,EXO1,1
F2,EXOC5,0.39650504605035714
F2,EXOSC1,1
F2,EXOSC10,1
F2,EXOSC2,1
F2,EZH2,1
F2,FAAH,1
F2,FADS2,4.002161106674268e-8
F2,FAH,0.23893636068599197
F2,FAIM2,1
F2,FAM102A,1
F2,FAM117A,1
F2,FAM118A,1
F2,FAM160B1,1
F2,FAM173A,0.2329362430783802
F2,FAM193B,1
F2,FAM213B,1
F2,FAM3A,0.18279464276560076
F2,FAM45A,1
F2,FAP,1
F2,FARP1,1
F2,FARSB,1
F2,FASN,5.742770708529546e-15
F2,FBF1,1
F2,FBLN2,1
F2,FCER1G,1
F2,FDPS,1.7069611316197923e-6
F2,FGFR1,1
F2,FGFR4,1
F2,FKBP10,1
F2,FKBP8,1
F2,FLNA,0.4988979941080372
F2,FN1,1.3203493350590108e-4
F2,FNBP4,1
F2,FOXA1,0.003742105593895218
F2,FOXC1,1
F2,FOXP4,0.8833368937381707
F2,FSTL1,1
F2,FSTL3,1
F2,FUOM,1
F2,FUS,0.8833368937381707
F2,FZD2,0.9176355913890103
F2,GALK1,1
F2,GANAB,1
F2,GAR1,1
F2,GAS6,1
F2,GATA3,0.42403610832499694
F2,GATC,1
F2,GBP1,1
F2,GBP2,0.9176355913890103
F2,GBP3,1
F2,GBP4,1
F2,GBP5,1
F2,GEMIN4,1
F2,GLCCI1,1
F2,GLG1,1
F2,GLTSCR2,1
F2,GMFG,1
F2,GMPPA,0.021076098403873495
F2,GNAI2,0.04682742407005233
F2,GNAS,1.772040760833996e-8
F2,GNL2,1
F2,GPR108,0.2870995062782425
F2,GPR160,1
F2,GPRC5A,0.26304347122037064
F2,GPS1,1
F2,GPSM1,1
F2,GPX3,1
F2,GRB7,1.9991219541253222e-11
F2,GRK3,1
F2,GSK3A,1
F2,GSTM3,1
F2,GYPC,1
F2,HAGHL,1
F2,HCFC1R1,1
F2,HCST,0.5971281990556209
F2,HDAC5,1
F2,HDAC6,0.5893674928091537
F2,HELZ2,1
F2,HES1,0.3848143704969536
F2,HLA-B,7.650958397287652e-7
F2,HLA-DMA,1.255724258283095e-6
F2,HLA-DMB,1
F2,HLA-DOA,0.2745549321539224
F2,HLA-DPA1,0.6081730114537033
F2,HLA-DPB1,0.0684715164833725
F2,HLA-DRA,0.683653361832566
F2,HLA-DRB1,0.01238028227515275
F2,HMGB2,1
F2,HNRNPUL2,1
F2,HOOK3,1
F2,HPS6,1
F2,HSD17B1,1
F2,HSPA4,0.5075791718363888
F2,HSPB1,0.008984561101292256
F2,HSPB11,1
F2,HYI,1
F2,IDH3G,1
F2,IDUA,0.14277000581864752
F2,IER5L,1
F2,IFI27,0.10520294233488499
F2,IFI27L1,1
F2,IFI44L,1
F2,IGFBP2,0.01971656318746106
F2,IGFBP4,0.001540724174473101
F2,IGHA1,6.313454941672696e-7
F2,IGHG3,8.415540645835826e-9
F2,IGHG4,3.0392056735013344e-12
F2,IGHM,3.579555114490759e-8
F2,IGKC,9.02684319890745e-14
F2,IGLC2,4.9118475531334697e-11
F2,IGLC3,2.3390186609611128e-14
F2,IGLC7,0.039574341102896315
F2,IKZF3,1
F2,IL10RA,1
F2,ILKAP,0.7014249748176231
F2,INAFM1,1
F2,INPP4B,1
F2,INPP5D,1
F2,INPP5J,1
F2,INTS8,1
F2,ISG15,1
F2,ISLR,1
F2,ITGA5,1
F2,ITGB4,0.48131753078086237
F2,ITGB6,1.922241306903048e-9
F2,ITSN1,0.5151247104798824
F2,JAG2,1
F2,JAK1,1
F2,JAK3,1
F2,JCHAIN,0.008454836341088836
F2,JMJD6,1
F2,KAT6B,1
F2,KATNA1,1
F2,KCNAB2,1
F2,KCTD10,0.08075631469909407
F2,KDM4B,1
F2,KIAA0895L,1
F2,KIAA1211L,1
F2,KIAA1217,1
F2,KIAA1468,1
F2,KIAA1715,1
F2,KIF13B,1
F2,KIF2C,1
F2,KLF9,1
F2,KMT2B,0.5151247104798824
F2,KMT2E,1
F2,KPNB1,1
F2,KRAS,1
F2,KRT10,0.46250093067372106
F2,KRT14,1
F2,KRT17,1
F2,KRT5,1
F2,KRT8,5.4030323084468166e-12
F2,KRT86,1
F2,LAMB2,0.045941389228481413
F2,LAMTOR2,1.2435321647006437e-4
F2,LANCL1,0.29708531741574756
F2,LARP1B,1
F2,LARP7,1
F2,LCK,0.0582188287536032
F2,LCP1,1
F2,LGALS1,0.18088100682208635
F2,LIMCH1,1
F2,LIMK1,0.8156439072163715
F2,LINC00176,1
F2,LINGO1,1
F2,LLGL1,1
F2,LMF1,1
F2,LMNA,0.01937699322336685
F2,LRRC8A,1
F2,LRWD1,1
F2,LST1,1
F2,LTB4R,1
F2,LTBP3,0.1652845570180625
F2,LTF,8.778410425386015e-14
F2,LUC7L,1
F2,LUC7L3,7.086669974508388e-6
F2,LUM,1
F2,LYL1,1
F2,MAGEF1,1
F2,MAGI1,1
F2,MAGOHB,1
F2,MAP1S,5.209071231834581e-4
F2,MAP3K14,1
F2,MAP3K6,1
F2,MAP4K2,0.7850294526508785
F2,MAPK9,1
F2,MAPKAPK5,1
F2,MAPT,1
F2,MARS,1
F2,MAVS,1
F2,MCTS1,1
F2,MDM2,1
F2,MED13L,1
F2,MED25,1
F2,MELK,1
F2,MEN1,1
F2,METTL12,1
F2,METTL16,1
F2,MFAP4,0.1878314832830667
F2,MFSD3,1
F2,MFSD7,1
F2,MGMT,1
F2,MGP,4.002161106674268e-8
F2,MIA,1
F2,MIB2,1
F2,MICAL1,1
F2,MICALL2,1
F2,MID1IP1,1
F2,MIF,0.00850116162375813
F2,MIIP,1
F2,MKI67,1
F2,MKNK1,1
F2,MLLT4,1
F2,MLPH,7.689785169925904e-7
F2,MLST8,0.08411973281350583
F2,MMP11,3.605370845516036e-5
F2,MMP9,0.6330776055771694
F2,MORC2,1
F2,MPND,1
F2,MPST,1
F2,MRPL2,1
F2,MRPL21,1
F2,MRPL23,1
F2,MRPL51,0.31205599359019065
F2,MRPL54,1
F2,MRPS22,1
F2,MS4A6A,1
F2,MST1R,0.8930111577795287
F2,MTG2,1
F2,MTMR12,1
F2,MUC1,0.11197388891463034
F2,MUCL1,1.9793906204381053e-7
F2,MUS81,1
F2,MVP,0.8348370162741069
F2,MX2,1
F2,MYBL2,1
F2,MYC,1
F2,MYH10,0.8942785332694753
F2,MYL12B,0.006196566550721177
F2,MYL6B,0.9101913523622438
F2,MYL9,0.05871232405292163
F2,MYO1G,1
F2,MYO9B,0.9014573440975688
F2,MZT2A,0.3097067136304073
F2,NAA10,0.4564500293882321
F2,NANS,1
F2,NAT1,1
F2,NCKAP1L,0.8332825644344559
F2,NCKAP5L,1
F2,NDC80,1
F2,NDRG1,1.7225694393908968e-4
F2,NDUFA1,1
F2,NDUFA12,1
F2,NDUFB2,0.5227920627538689
F2,NDUFB3,1
F2,NDUFB9,0.009366990775275948
F2,NDUFC1,1
F2,NDUFS1,1
F2,NDUFV3,2.2587978196861568e-5
F2,NEBL,1
F2,NEK7,1
F2,NELFE,0.5367958234385036
F2,NFATC4,1
F2,NFIC,1
F2,NINJ1,1
F2,NIT2,0.8638475215200891
F2,NMRAL1,0.023304004603314887
F2,NR1H2,0.8245319630769515
F2,NR4A1,1
F2,NRP1,1
F2,NSMCE1,0.07364066016717351
F2,NTMT1,1
F2,NUF2,1
F2,NUP214,1
F2,NUP93,1
F2,NXN,1
F2,OASL,1
F2,OGFRL1,1
F2,OPTN,1
F2,ORC2,1
F2,ORC6,1
F2,OSBPL8,1
F2,P4HA2,1
F2,PAF1,0.6041855859802162
F2,PAFAH1B3,0.047287003753070246
F2,PAQR4,1
F2,PARN,1
F2,PCCB,1
F2,PCIF1,1
F2,PDCD5,1
F2,PDGFRA,1
F2,PDGFRB,1
F2,PER1,0.5825197549471093
F2,PEX11G,1
F2,PEX14,1
F2,PGLS,0.12543487289612557
F2,PGR,1
F2,PHF11,1
F2,PHF13,1
F2,PHF21A,0.4576690241096339
F2,PHGDH,3.4157599528387674e-4
F2,PHKB,0.8677097266550283
F2,PIGQ,1
F2,PIH1D1,1
F2,PILRA,0.06443155053871162
F2,PIM2,0.05698193625570249
F2,PITX1,0.22067598478325426
F2,PKNOX1,1
F2,PLAC9,1
F2,PLEKHO2,0.5151247104798824
F2,PLIN2,1
F2,PLK1,1
F2,PLK2,3.9435584674987774e-8
F2,PLLP,1
F2,PLP2,0.030574571133175053
F2,PLPPR2,1
F2,PLSCR1,1
F2,PLTP,1
F2,PLVAP,1
F2,PLXNA1,1
F2,PLXND1,1
F2,PMP22,1
F2,PNISR,1
F2,PNMT,0.00259033497532582
F2,PNP,1
F2,PNPLA6,1
F2,PODNL1,1
F2,PODXL,1
F2,POLR2E,0.12923127852264674
F2,POLR2J,0.7951691809443293
F2,POR,1
F2,POSTN,1
F2,PPHLN1,1
F2,PPIB,0.41592434292083785
F2,PPIH,1
F2,PPM1G,1
F2,PPP1R1A,1
F2,PPP1R1B,1
F2,PPP1R37,1
F2,PRKAB1,0.7850294526508785
F2,PRKCSH,0.38590190313170064
F2,PROSER1,1
F2,PRPF6,1
F2,PRPSAP1,0.8825604356907628
F2,PSCA,0.5834752582179128
F2,PSMD4,0.011315996202055338
F2,PSTPIP1,1
F2,PTGDS,0.3731974424123638
F2,PTOV1,0.05056052647796174
F2,PTP4A3,0.6041855859802162
F2,PTPRC,1
F2,PTPRJ,1
F2,PTRF,1
F2,PTRH1,1
F2,PTTG1,1
F2,PUS3,1
F2,PWP1,1
F2,PWWP2B,1
F2,PXDN,1
F2,PYURF,1
F2,QSOX1,1
F2,R3HDM2,1
F2,RAB11FIP1,1
F2,RAB3A,1
F2,RAB3GAP1,1
F2,RAB3IL1,1
F2,RABGAP1L,1
F2,RALBP1,1
F2,RALGAPA2,1
F2,RAMP2,1
F2,RAP1B,1
F2,RARS2,1
F2,RASA2,1
F2,RASGRP2,1
F2,RASSF3,1
F2,RBL1,1
F2,RBM42,1
F2,RECQL4,1
F2,RECQL5,0.9477515457316005
F2,REEP6,0.003295172739911578
F2,RGS1,1
F2,RHOB,0.0062544051486444095
F2,RIOK1,1
F2,RMND1,1
F2,RNASET2,0.5117552321039129
F2,RND3,0.7521177476291124
F2,RNF135,1
F2,RNF170,1
F2,RRAS,0.8827853153581824
F2,RRM2,0.5227920627538689
F2,RSL1D1,0.011632791954308832
F2,RSRP1,0.5117552321039129
F2,RUVBL1,1
F2,S100A14,5.003630029520849e-9
F2,S100A9,0.417642388765769
F2,SAMM50,0.014470886549474852
F2,SASH1,1
F2,SAT1,1
F2,SCAF1,1
F2,SCD,3.7935140090297464e-9
F2,SCNN1D,0.15143251247660017
F2,SCX,1
F2,SDHB,1
F2,SEC14L2,0.42403610832499694
F2,SEC23A,1
F2,SEMA3B,1
F2,SEMA4B,1
F2,SF3B4,0.6091192513562339
F2,SFRP1,1
F2,SFSWAP,1
F2,SGTA,0.8417557784259322
F2,SH3BP5L,1
F2,SIGLEC1,1
F2,SIGMAR1,0.002834536123908245
F2,SLC16A2,1
F2,SLC16A3,0.113635484116973
F2,SLC22A18,0.8827853153581824
F2,SLC25A24,1
F2,SLC2A1,0.3598070571959332
F2,SLC2A8,1
F2,SLC35A2,1
F2,SLC39A6,1
F2,SLC43A1,1
F2,SLC4A5,0.798547230374914
F2,SLC8B1,1
F2,SLC9A3R2,1
F2,SLC9A8,1
F2,SLFN13,0.025207241864769993
F2,SLPI,1
F2,SMCHD1,1
F2,SMG9,1
F2,SMYD2,1
F2,SNAPC3,0.9464600144434134
F2,SNF8,0.0017773449996424965
F2,SNRPD3,1
F2,SNTA1,0.46250093067372106
F2,SNX33,1
F2,SNX8,0.5400553033474929
F2,SOD3,1
F2,SOS2,1
F2,SOX4,0.048385859958594936
F2,SP6,1
F2,SPAG9,1
F2,SPARC,0.5117552321039129
F2,SPIN1,1
F2,SPSB1,1
F2,SRGN,1
F2,SRPX2,1
F2,SRR,1
F2,SRRT,1
F2,SRSF1,1
F2,SRSF5,0.0017766755089431395
F2,SSSCA1,1
F2,STAMBP,1
F2,STAT5A,1
F2,STK17A,1
F2,STK4,1
F2,STMN1,0.021076098403873495
F2,STRN3,1
F2,STT3A,1
F2,SUGP1,1
F2,SURF1,1
F2,SVIL,1
F2,SYDE1,1
F2,SYK,1
F2,TACC3,1
F2,TANC2,0.01149255290412038
F2,TARBP1,1
F2,TAX1BP1,0.1222333950346226
F2,TAX1BP3,0.08075631469909407
F2,TBC1D10A,1
F2,TBC1D23,1
F2,TBCA,1
F2,TBXAS1,1
F2,TCEA2,0.8875283743655175
F2,TCEA3,1
F2,TCF25,0.9005377388032137
F2,TDRD3,1
F2,TESK1,1
F2,TESMIN,1
F2,TEX10,1
F2,TEX2,1
F2,TFF3,0.6059346654490578
F2,TGFBR2,1
F2,THBS1,1
F2,THOC5,0.8616862556418393
F2,THOC6,1
F2,TIGD5,1
F2,TIMP1,0.006499340180045661
F2,TJP3,0.11770219219421893
F2,TM7SF2,0.009293558430786728
F2,TMBIM6,1
F2,TMEM101,0.24343708508432607
F2,TMEM123,1
F2,TMEM14B,1
F2,TMEM160,0.2329362430783802
F2,TMEM184A,1
F2,TMEM259,0.4634253509139367
F2,TMEM45B,1
F2,TMEM86A,0.05997559363638939
F2,TMX1,1
F2,TNC,1
F2,TNFRSF14,1
F2,TNFRSF21,1
F2,TNFRSF4,1
F2,TNNT1,1
F2,TOM1L2,0.005416733593397906
F2,TP53I3,1
F2,TPM2,1
F2,TRAC,0.026109141242027584
F2,TRAF5,1
F2,TRAP1,0.0195891596538392
F2,TRAPPC4,1
F2,TRIM14,1
F2,TRIM22,1
F2,TRIM25,0.16304538711366467
F2,TRIM47,0.7890465375465968
F2,TSPAN33,1
F2,TSR2,1
F2,TTC31,1
F2,TTI1,1
F2,TXN2,1
F2,TXNDC17,1
F2,TXNRD2,1
F2,TYMS,1
F2,TYROBP,1
F2,UBA52,7.086669974508388e-6
F2,UBA6,1
F2,UBAP2L,0.5331575775384899
F2,UBE2C,1
F2,UBE2T,1
F2,UBE2W,1
F2,UBL7,1
F2,UBR2,1
F2,UBXN1,1
F2,UCK1,1
F2,UFD1L,1
F2,UQCRC1,5.371463551476285e-6
F2,UXS1,1
F2,UXT,1
F2,VARS,0.07043386940462125
F2,VAV1,1
F2,VCAM1,1
F2,VEGFB,0.021076098403873495
F2,VIM,1
F2,VPS13D,1
F2,VPS45,1
F2,VWF,0.007111683605257836
F2,WDFY3,1
F2,WDR13,1
F2,WDR34,1
F2,WDR46,1
F2,WDR73,1
F2,WDR74,0.12923127852264674
F2,WIPF1,1
F2,XAB2,1
F2,XIAP,1
F2,XPO6,0.9481256214087034
F2,YIPF4,1
F2,YTHDC1,1
F2,ZDHHC12,0.7850294526508785
F2,ZFAND3,1
F2,ZFP36,1
F2,ZFPL1,1
F2,ZFR,1
F2,ZG16B,0.38953469117846184
F2,ZMAT5,0.39788409395017604
F2,ZMYND19,0.18279464276560076
F2,ZMYND8,1
F2,ZNF217,1
F2,ZNF337,1
F2,ZNF33B,1
F2,ZNF362,0.805512276856346
F2,ZNF524,1
F2,ZNF592,1
F2,ZNF644,1
F2,ZNF668,1
F2,ZNF771,1
F2,ZNF787,0.48131753078086237
F2,ZNF791,1
F2,ZNF83,1
F2,ZNF91,1
F2,ZNRF1,1
F2,ZSWIM8,0.3515780616256008
F3,A2M,1
F3,AAMDC,1
F3,ABCA3,1
F3,ABCA7,1
F3,ABCF3,0.6003490505743317
F3,ABHD14A,1
F3,ABHD4,1
F3,ACAA1,0.547836586530532
F3,ACER3,1
F3,ACTR3B,1
F3,ADAM15,0.9622494736831854
F3,ADCY3,1
F3,ADI1,1
F3,AEBP1,0.020164624125262157
F3,AES,0.007720805148210395
F3,AGAP2,1
F3,AGO2,1
F3,AGPAT2,0.8942269261370323
F3,AGR2,1.1512632752114575e-4
F3,AHCY,0.7537231942366743
F3,AKAP9,1
F3,AKR1A1,5.84192492306942e-10
F3,AKT1S1,1
F3,ALDH16A1,1
F3,ALG3,1
F3,ANGPTL4,1
F3,ANKLE2,1
F3,ANKRD12,1
F3,ANKRD28,0.4393291082335722
F3,ANLN,1
F3,ANO10,1
F3,AP5B1,1
F3,AP5Z1,1
F3,APBA2,1
F3,APBB2,1
F3,APOBEC3G,1
F3,APOC1,7.422381419361529e-5
F3,AQP1,1
F3,ARF5,1
F3,ARF6,1
F3,ARFGEF2,1
F3,ARHGAP10,1
F3,ARHGAP4,1
F3,ARHGAP45,0.01797503309161717
F3,ARHGAP5,1
F3,ARHGEF10L,1
F3,ARHGEF3,1
F3,ARHGEF40,1
F3,ARID1B,1
F3,ARID3A,1
F3,ARID4A,1
F3,ARID5A,1
F3,ARID5B,1
F3,ARNT,1
F3,ASCL2,1
F3,ASH2L,1
F3,ASL,1
F3,ASMTL,1
F3,ASNA1,1
F3,ASNS,1
F3,ATAD1,1
F3,ATF6B,1
F3,ATG12,1
F3,ATG16L2,1
F3,ATL2,1
F3,ATP5H,1
F3,ATP5O,1
F3,ATP6AP1,0.7021229278703668
F3,ATP6V0D1,0.028773974346629306
F3,AURKAIP1,0.7939310436258467
F3,AVEN,1
F3,BABAM1,1
F3,BAD,1
F3,BAG1,0.08329788666830189
F3,BAIAP3,1
F3,BCAM,1
F3,BCL2,1
F3,BCL2L12,1
F3,BGN,0.14029823271458092
F3,BICDL1,1
F3,BIN3,1
F3,BIRC2,1
F3,BIRC5,1
F3,BLVRA,1
F3,BOK,1
F3,BOLA3,1
F3,BRD9,1
F3,BRF1,1
F3,BRF2,1
F3,BRK1,1.6732213323124537e-5
F3,BRPF1,1
F3,BSG,1
F3,BST2,0.730285976036063
F3,BTG1,1
F3,C10orf10,1
F3,C10orf54,1
F3,C12orf45,1
F3,C15orf61,1
F3,C19orf24,1
F3,C19orf52,1
F3,C19orf60,1
F3,C1QB,0.013370615233456383
F3,C1R,0.012640310600858106
F3,C1S,0.033093387874018804
F3,C1orf216,1
F3,C2,1
F3,C2CD2L,1
F3,C3,5.978457576745773e-8
F3,C4orf48,0.2902175372608101
F3,C5orf38,1
F3,C6orf136,1
F3,C6orf48,1
F3,CADM4,1
F3,CALML5,5.194334022902232e-4
F3,CAMTA2,1
F3,CAPG,0.022463857944004177
F3,CARS2,1
F3,CBLC,1
F3,CCDC106,1
F3,CCDC167,1
F3,CCDC57,1
F3,CCDC80,1
F3,CCDC88B,1
F3,CCL19,0.005745561284428993
F3,CCL2,1
F3,CCL21,0.026911844072914977
F3,CCM2,1
F3,CCNB1,1
F3,CCNB1IP1,0.04657871768227296
F3,CCNE1,1
F3,CCNE2,1
F3,CCS,1
F3,CCT4,1
F3,CD14,1.8837417960181944e-4
F3,CD320,1
F3,CD3D,1.352585208756165e-6
F3,CD4,0.003439602429676865
F3,CD52,8.725831197881541e-7
F3,CD68,0.10991013760324651
F3,CD74,8.422263930652138e-8
F3,CD79A,5.593645040538858e-4
F3,CDC20,1
F3,CDC6,1
F3,CDH11,1
F3,CDH3,1
F3,CDK5RAP1,1
F3,CENPF,1
F3,CEP250,1
F3,CEP55,1
F3,CERCAM,1
F3,CERS5,1
F3,CES2,1
F3,CFAP36,1
F3,CFDP1,1
F3,CGGBP1,1
F3,CHCHD6,1
F3,CHD1,1
F3,CHD6,1
F3,CHFR,1
F3,CHST11,1
F3,CIR1,0.9828288118347202
F3,CLASRP,1
F3,CLDN3,0.14889089312354167
F3,CLDN4,1.6732213323124537e-5
F3,CLU,0.9897246122100486
F3,CNN2,1
F3,COL14A1,1
F3,COL3A1,1
F3,COL4A1,1
F3,COL6A2,0.01793466938102584
F3,COL8A2,1
F3,COMMD1,0.9297651286780004
F3,COMP,1
F3,COPS7A,1
F3,COQ4,1
F3,CORO1A,0.06998998673590452
F3,CORO1B,0.23135679512635457
F3,CORO2A,1
F3,CORO7,0.11617404141188739
F3,COX5A,0.0011590070607447758
F3,CPNE1,1
F3,CPSF1,1
F3,CPVL,1
F3,CRABP2,1
F3,CRACR2B,0.1522998955811707
F3,CRELD2,1
F3,CROCC,1
F3,CSF1,1
F3,CSF1R,0.2243142147411068
F3,CTDSPL,1
F3,CTIF,1
F3,CTSK,1
F3,CTU2,1
F3,CUTC,1
F3,CUX1,1
F3,CX3CL1,1
F3,CXCL10,1
F3,CXXC5,0.9828288118347202
F3,CYP27A1,1
F3,DAPK3,0.5642563722341655
F3,DCAF6,1
F3,DCXR,0.02523694320777036
F3,DDAH1,0.35021135630716776
F3,DDB2,1
F3,DDIT3,1
F3,DDRGK1,1
F3,DDT,0.2509204544893504
F3,DEAF1,1
F3,DENND1A,1
F3,DERL3,1
F3,DESI1,1
F3,DHX16,1
F3,DLG1,1
F3,DMAP1,1
F3,DNAJB2,1
F3,DNAJC1,1
F3,DNAJC7,1
F3,DOCK6,1
F3,DPH3,1
F3,DPM2,1
F3,DPP7,1
F3,DPP9,1
F3,DPYSL3,1
F3,DVL1,1
F3,EBAG9,0.8942269261370323
F3,ECHDC2,1
F3,ECM1,0.09807000962863872
F3,EFEMP2,1
F3,EFHD2,1
F3,EGFR,1
F3,EIF1AD,1
F3,EIF3B,0.055381353724252236
F3,EIF3F,1
F3,EIF3G,1
F3,ELN,1
F3,ELOF1,1
F3,EMC3,1
F3,ENPP1,1
F3,EPHB3,1
F3,ERAL1,0.002214155147930688
F3,ERBB2,8.174423328951476e-10
F3,ERI3,0.6812469783087512
F3,ERMP1,1
F3,ESR1,1
F3,ETFB,1
F3,EVA1B,1
F3,EXD3,1
F3,EXO1,1
F3,EXOC5,1
F3,EXOSC1,1
F3,EXOSC10,0.09821490117034046
F3,EXOSC2,1
F3,EZH2,1
F3,FAAH,0.8249886153680939
F3,FADS2,0.1522998955811707
F3,FAH,1
F3,FAIM2,1
F3,FAM102A,1
F3,FAM117A,1
F3,FAM118A,1
F3,FAM160B1,1
F3,FAM173A,1
F3,FAM193B,1
F3,FAM213B,1
F3,FAM3A,1
F3,FAM45A,1
F3,FAP,1
F3,FARP1,1
F3,FARSB,1
F3,FASN,1.3611795020537107e-14
F3,FBF1,1
F3,FBLN2,1
F3,FCER1G,1
F3,FDPS,1
F3,FGFR1,1
F3,FGFR4,1
F3,FKBP10,1
F3,FKBP8,1
F3,FLNA,1
F3,FN1,0.062440406133137935
F3,FNBP4,1
F3,FOXA1,0.8942269261370323
F3,FOXC1,1
F3,FOXP4,0.005659377843069458
F3,FSTL1,1
F3,FSTL3,1
F3,FUOM,1
F3,FUS,0.4912508443908937
F3,FZD2,1
F3,GALK1,1
F3,GANAB,1
F3,GAR1,1
F3,GAS6,1
F3,GATA3,1
F3,GATC,1
F3,GBP1,1
F3,GBP2,1
F3,GBP3,1
F3,GBP4,1
F3,GBP5,1
F3,GEMIN4,1
F3,GLCCI1,1
F3,GLG1,0.2491006944015738
F3,GLTSCR2,1.2005463821297308e-8
F3,GMFG,0.0023951627550743795
F3,GMPPA,1
F3,GNAI2,0.5056692496876387
F3,GNAS,1.9863926733704946e-5
F3,GNL2,1
F3,GPR108,1
F3,GPR160,0.4449503191169386
F3,GPRC5A,0.8450179075682528
F3,GPS1,0.30425465870914575
F3,GPSM1,1
F3,GPX3,1
F3,GRB7,5.152621805819222e-6
F3,GRK3,1
F3,GSK3A,0.9828288118347202
F3,GSTM3,0.012520778142849397
F3,GYPC,1
F3,HAGHL,0.06859972949435202
F3,HCFC1R1,1
F3,HCST,0.5056692496876387
F3,HDAC5,1
F3,HDAC6,1
F3,HELZ2,1
F3,HES1,1
F3,HLA-B,4.789646490084979e-6
F3,HLA-DMA,0.10900824604019495
F3,HLA-DMB,1.5045612252603612e-17
F3,HLA-DOA,0.7368800686967729
F3,HLA-DPA1,1
F3,HLA-DPB1,6.048741529318282e-5
F3,HLA-DRA,0.011897985446494575
F3,HLA-DRB1,1.4360728883164125e-5
F3,HMGB2,1
F3,HNRNPUL2,0.5606893039338124
F3,HOOK3,1
F3,HPS6,1
F3,HSD17B1,1
F3,HSPA4,1
F3,HSPB1,7.651044409540062e-9
F3,HSPB11,1
F3,HYI,0.5056692496876387
F3,IDH3G,1
F3,IDUA,1
F3,IER5L,1
F3,IFI27,0.6804943904460339
F3,IFI27L1,1
F3,IFI44L,1
F3,IGFBP2,0.012443780426694124
F3,IGFBP4,0.049757205567571114
F3,IGHA1,9.697882079205465e-5
F3,IGHG3,6.310280967865246e-8
F3,IGHG4,4.5375721428268715e-7
F3,IGHM,3.163205067061256e-9
F3,IGKC,7.473462079637511e-20
F3,IGLC2,5.7193985007845315e-11
F3,IGLC3,1.3489147407510687e-12
F3,IGLC7,0.007084231486355985
F3,IKZF3,1
F3,IL10RA,1
F3,ILKAP,1
F3,INAFM1,1
F3,INPP4B,1
F3,INPP5D,3.031734893404529e-4
F3,INPP5J,1
F3,INTS8,1
F3,ISG15,1
F3,ISLR,0.001519873219223707
F3,ITGA5,1
F3,ITGB4,1
F3,ITGB6,0.010103133337158194
F3,ITSN1,1
F3,JAG2,1
F3,JAK1,1
F3,JAK3,1
F3,JCHAIN,0.002163739696670974
F3,JMJD6,1
F3,KAT6B,1
F3,KATNA1,1
F3,KCNAB2,1
F3,KCTD10,1
F3,KDM4B,1
F3,KIAA0895L,1
F3,KIAA1211L,1
F3,KIAA1217,1
F3,KIAA1468,1
F3,KIAA1715,1
F3,KIF13B,1
F3,KIF2C,1
F3,KLF9,1
F3,KMT2B,0.6998313847478396
F3,KMT2E,1
F3,KPNB1,1
F3,KRAS,1
F3,KRT10,1
F3,KRT14,1
F3,KRT17,1
F3,KRT5,1
F3,KRT8,0.003439602429676865
F3,KRT86,1
F3,LAMB2,0.6979783401791712
F3,LAMTOR2,1
F3,LANCL1,1
F3,LARP1B,1
F3,LARP7,1
F3,LCK,0.054797864030291285
F3,LCP1,0.5053484660422345
F3,LGALS1,0.0014961080071265861
F3,LIMCH1,1
F3,LIMK1,1
F3,LINC00176,1
F3,LINGO1,1
F3,LLGL1,1
F3,LMF1,1
F3,LMNA,1
F3,LRRC8A,1
F3,LRWD1,1
F3,LST1,1
F3,LTB4R,1
F3,LTBP3,1
F3,LTF,1
F3,LUC7L,1
F3,LUC7L3,0.012640310600858106
F3,LUM,1
F3,LYL1,1
F3,MAGEF1,1
F3,MAGI1,1
F3,MAGOHB,1
F3,MAP1S,1
F3,MAP3K14,1
F3,MAP3K6,1
F3,MAP4K2,1
F3,MAPK9,1
F3,MAPKAPK5,1
F3,MAPT,1
F3,MARS,0.8006666413265932
F3,MAVS,0.003439602429676865
F3,MCTS1,1
F3,MDM2,1
F3,MED13L,1
F3,MED25,1
F3,MELK,1
F3,MEN1,1
F3,METTL12,1.5307560233094966e-5
F3,METTL16,1
F3,MFAP4,0.11788451666277955
F3,MFSD3,1
F3,MFSD7,1
F3,MGMT,1
F3,MGP,8.174423328951476e-10
F3,MIA,1
F3,MIB2,1
F3,MICAL1,1
F3,MICALL2,1
F3,MID1IP1,1
F3,MIF,1
F3,MIIP,1
F3,MKI67,1
F3,MKNK1,1
F3,MLLT4,1
F3,MLPH,2.3395722823049187e-4
F3,MLST8,1
F3,MMP11,0.04805925133919261
F3,MMP9,1
F3,MORC2,1
F3,MPND,1
F3,MPST,1
F3,MRPL2,1
F3,MRPL21,1
F3,MRPL23,1
F3,MRPL51,1
F3,MRPL54,1
F3,MRPS22,1
F3,MS4A6A,1
F3,MST1R,0.4393291082335722
F3,MTG2,1
F3,MTMR12,1
F3,MUC1,1
F3,MUCL1,1.923215191625836e-8
F3,MUS81,1
F3,MVP,0.35256949702300916
F3,MX2,1
F3,MYBL2,1
F3,MYC,1
F3,MYH10,1
F3,MYL12B,1
F3,MYL6B,1
F3,MYL9,0.8942269261370323
F3,MYO1G,1
F3,MYO9B,1
F3,MZT2A,1
F3,NAA10,1
F3,NANS,1
F3,NAT1,1
F3,NCKAP1L,1
F3,NCKAP5L,1
F3,NDC80,1
F3,NDRG1,0.02803946418950253
F3,NDUFA1,1
F3,NDUFA12,1
F3,NDUFB2,0.03171219524291634
F3,NDUFB3,1
F3,NDUFB9,0.055381353724252236
F3,NDUFC1,1
F3,NDUFS1,1
F3,NDUFV3,1
F3,NEBL,1
F3,NEK7,1
F3,NELFE,1
F3,NFATC4,1
F3,NFIC,1
F3,NINJ1,1
F3,NIT2,1
F3,NMRAL1,1
F3,NR1H2,1
F3,NR4A1,1
F3,NRP1,1
F3,NSMCE1,1
F3,NTMT1,1
F3,NUF2,1
F3,NUP214,1
F3,NUP93,1
F3,NXN,1
F3,OASL,1
F3,OGFRL1,1
F3,OPTN,0.730285976036063
F3,ORC2,1
F3,ORC6,1
F3,OSBPL8,1
F3,P4HA2,1
F3,PAF1,0.2599958144419278
F3,PAFAH1B3,1
F3,PAQR4,1
F3,PARN,1
F3,PCCB,1
F3,PCIF1,1
F3,PDCD5,1
F3,PDGFRA,1
F3,PDGFRB,1
F3,PER1,1
F3,PEX11G,1
F3,PEX14,0.8400652502272055
F3,PGLS,1
F3,PGR,1
F3,PHF11,1
F3,PHF13,1
F3,PHF21A,1
F3,PHGDH,1
F3,PHKB,1
F3,PIGQ,1
F3,PIH1D1,1
F3,PILRA,1
F3,PIM2,9.130555797128621e-6
F3,PITX1,0.013482603856500628
F3,PKNOX1,1
F3,PLAC9,1
F3,PLEKHO2,1
F3,PLIN2,1
F3,PLK1,1
F3,PLK2,6.955109746982126e-4
F3,PLLP,1
F3,PLP2,8.725831197881541e-7
F3,PLPPR2,0.2820785810826738
F3,PLSCR1,1
F3,PLTP,0.4279757894284091
F3,PLVAP,1
F3,PLXNA1,1
F3,PLXND1,0.6112098854160857
F3,PMP22,1
F3,PNISR,1
F3,PNMT,0.002756915127008266
F3,PNP,0.14971426030380489
F3,PNPLA6,1
F3,PODNL1,1
F3,PODXL,1
F3,POLR2E,1
F3,POLR2J,1
F3,POR,1
F3,POSTN,1
F3,PPHLN1,1
F3,PPIB,1
F3,PPIH,1
F3,PPM1G,1
F3,PPP1R1A,0.11788451666277955
F3,PPP1R1B,1
F3,PPP1R37,1
F3,PRKAB1,1
F3,PRKCSH,1
F3,PROSER1,1
F3,PRPF6,0.23573182771432946
F3,PRPSAP1,1
F3,PSCA,0.7824704045952713
F3,PSMD4,1
F3,PSTPIP1,0.0796561328465952
F3,PTGDS,0.06588316324142027
F3,PTOV1,1
F3,PTP4A3,0.07740492350815759
F3,PTPRC,1
F3,PTPRJ,1
F3,PTRF,0.30425465870914575
F3,PTRH1,1
F3,PTTG1,1
F3,PUS3,1
F3,PWP1,1
F3,PWWP2B,0.9828288118347202
F3,PXDN,1
F3,PYURF,1
F3,QSOX1,1
F3,R3HDM2,1
F3,RAB11FIP1,1
F3,RAB3A,1
F3,RAB3GAP1,1
F3,RAB3IL1,1
F3,RABGAP1L,1
F3,RALBP1,1
F3,RALGAPA2,1
F3,RAMP2,1
F3,RAP1B,1
F3,RARS2,1
F3,RASA2,1
F3,RASGRP2,0.06546562002141766
F3,RASSF3,1
F3,RBL1,1
F3,RBM42,0.44560709117835623
F3,RECQL4,1
F3,RECQL5,1
F3,REEP6,1
F3,RGS1,1
F3,RHOB,1
F3,RIOK1,1
F3,RMND1,0.9495626654808015
F3,RNASET2,1
F3,RND3,1
F3,RNF135,1
F3,RNF170,1
F3,RRAS,1
F3,RRM2,1
F3,RSL1D1,1
F3,RSRP1,1
F3,RUVBL1,1
F3,S100A14,3.370987479519347e-5
F3,S100A9,0.7883906977272657
F3,SAMM50,1
F3,SASH1,1
F3,SAT1,1
F3,SCAF1,1
F3,SCD,2.833239748186537e-6
F3,SCNN1D,1
F3,SCX,1
F3,SDHB,1
F3,SEC14L2,1
F3,SEC23A,1
F3,SEMA3B,1
F3,SEMA4B,1
F3,SF3B4,1
F3,SFSWAP,1
F3,SGTA,0.5606893039338124
F3,SH3BP5L,1
F3,SIGLEC1,1
F3,SIGMAR1,1
F3,SLC16A2,1
F3,SLC16A3,1
F3,SLC22A18,1
F3,SLC25A24,1
F3,SLC2A1,1
F3,SLC2A8,0.969136518283086
F3,SLC35A2,1
F3,SLC39A6,1
F3,SLC43A1,1
F3,SLC4A5,1
F3,SLC8B1,1
F3,SLC9A3R2,0.5606893039338124
F3,SLC9A8,1
F3,SLFN13,1
F3,SLPI,1
F3,SMCHD1,1
F3,SMG9,1
F3,SMYD2,1
F3,SNAPC3,1
F3,SNF8,0.2820785810826738
F3,SNRPD3,1
F3,SNTA1,1
F3,SNX33,1
F3,SNX8,1
F3,SOD3,1
F3,SOS2,0.6569411948868956
F3,SOX4,1
F3,SP6,1
F3,SPAG9,1
F3,SPARC,1
F3,SPIN1,1
F3,SPSB1,1
F3,SRGN,1
F3,SRPX2,1
F3,SRR,1
F3,SRRT,1
F3,SRSF1,1
F3,SRSF5,1
F3,SSSCA1,1
F3,STAMBP,1
F3,STAT5A,1
F3,STK17A,1
F3,STK4,1
F3,STMN1,1
F3,STRN3,0.04019763992314879
F3,STT3A,1
F3,SUGP1,1
F3,SURF1,1
F3,SVIL,0.07740492350815759
F3,SYDE1,1
F3,SYK,0.7139807184577768
F3,TACC3,1
F3,TANC2,1
F3,TARBP1,1
F3,TAX1BP1,1
F3,TAX1BP3,0.007383025005543611
F3,TBC1D10A,1
F3,TBC1D23,1
F3,TBCA,1
F3,TBXAS1,1
F3,TCEA2,1
F3,TCEA3,1
F3,TCF25,0.4829816180479856
F3,TDRD3,1
F3,TESK1,1
F3,TESMIN,1
F3,TEX10,1
F3,TEX2,1
F3,TFF3,1
F3,TGFBR2,1
F3,THBS1,1
F3,THOC5,1
F3,THOC6,1
F3,TIGD5,1
F3,TIMP1,0.003439602429676865
F3,TJP3,1
F3,TM7SF2,1
F3,TMBIM6,0.045106655879134726
F3,TMEM101,1
F3,TMEM123,1
F3,TMEM14B,1
F3,TMEM160,1
F3,TMEM184A,1
F3,TMEM259,1
F3,TMEM45B,1
F3,TMEM86A,1
F3,TMX1,1
F3,TNC,1
F3,TNFRSF14,0.2314102709430991
F3,TNFRSF21,1
F3,TNFRSF4,1
F3,TNNT1,1
F3,TOM1L2,0.07740492350815759
F3,TP53I3,1
F3,TPM2,1
F3,TRAC,0.011419400369448104
F3,TRAF5,1
F3,TRAP1,0.6426199027229875
F3,TRAPPC4,1
F3,TRIM14,1
F3,TRIM22,0.6665818485905873
F3,TRIM25,1
F3,TRIM47,1
F3,TSPAN33,1
F3,TSR2,1
F3,TTC31,1
F3,TTI1,1
F3,TXN2,0.10688595054572937
F3,TXNDC17,1
F3,TXNRD2,1
F3,TYMS,1
F3,TYROBP,0.004132852724429354
F3,UBA52,0.007442182825877636
F3,UBA6,1
F3,UBAP2L,1
F3,UBE2C,1
F3,UBE2T,1
F3,UBE2W,1
F3,UBL7,1
F3,UBR2,1
F3,UBXN1,1
F3,UCK1,1
F3,UFD1L,1
F3,UQCRC1,0.13880918978147502
F3,UXS1,1
F3,UXT,0.0848047498089921
F3,VARS,1
F3,VAV1,1
F3,VCAM1,1
F3,VEGFB,1
F3,VIM,0.062440406133137935
F3,VPS13D,1
F3,VPS45,1
F3,VWF,0.07526829562063364
F3,WDFY3,1
F3,WDR13,1
F3,WDR34,1
F3,WDR46,1
F3,WDR73,1
F3,WDR74,1
F3,WIPF1,1
F3,XAB2,0.7021229278703668
F3,XIAP,1
F3,XPO6,1
F3,YIPF4,1
F3,YTHDC1,1
F3,ZDHHC12,1
F3,ZFAND3,1
F3,ZFP36,1
F3,ZFPL1,1
F3,ZFR,1
F3,ZG16B,1
F3,ZMAT5,1
F3,ZMYND19,1
F3,ZMYND8,1
F3,ZNF217,1
F3,ZNF337,1
F3,ZNF33B,1
F3,ZNF362,1
F3,ZNF524,1
F3,ZNF592,1
F3,ZNF644,0.8864312808147509
F3,ZNF668,1
F3,ZNF771,1
F3,ZNF787,1
F3,ZNF791,1
F3,ZNF83,1
F3,ZNF91,1
F3,ZNRF1,1
F3,ZSWIM8,1
G1,A2M,0.054487520731329675
G1,AAMDC,1
G1,ABCA3,1
G1,ABCA7,1
G1,ABCF3,0.899161433663819
G1,ABHD14A,1
G1,ABHD4,1
G1,ACAA1,1
G1,ACER3,1
G1,ACTR3B,1
G1,ADAM15,2.3748885024431335e-5
G1,ADCY3,1
G1,ADI1,0.02392085824636398
G1,AEBP1,1.0650727438025788e-9
G1,AES,0.1044642116423622
G1,AGAP2,1
G1,AGO2,1
G1,AGPAT2,1
G1,AGR2,0.007568760315139047
G1,AHCY,0.3952339476701698
G1,AKAP9,1
G1,AKR1A1,1
G1,AKT1S1,1
G1,ALDH16A1,1
G1,ALG3,1
G1,ANGPTL4,0.3305300493292215
G1,ANKLE2,1
G1,ANKRD12,1
G1,ANKRD28,1
G1,ANLN,0.07123279892387403
G1,ANO10,1
G1,AP5B1,1
G1,AP5Z1,1
G1,APBA2,1
G1,APBB2,1
G1,APOBEC3G,1
G1,APOC1,0.10249693640245353
G1,AQP1,1
G1,ARF5,1
G1,ARF6,1
G1,ARFGEF2,1
G1,ARHGAP10,1
G1,ARHGAP4,1
G1,ARHGAP45,1
G1,ARHGAP5,0.6129020105743944
G1,ARHGEF10L,1
G1,ARHGEF3,1
G1,ARHGEF40,1
G1,ARID1B,1
G1,ARID3A,1
G1,ARID4A,1
G1,ARID5A,1
G1,ARID5B,1
G1,ARNT,1
G1,ASCL2,1
G1,ASH2L,1
G1,ASL,1
G1,ASMTL,1
G1,ASNA1,0.08882972523175332
G1,ASNS,1
G1,ATAD1,1
G1,ATF6B,1
G1,ATG12,1
G1,ATG16L2,1
G1,ATL2,1
G1,ATP5H,1
G1,ATP5O,0.3983940680917855
G1,ATP6AP1,0.054355169401328514
G1,ATP6V0D1,1
G1,AURKAIP1,1
G1,AVEN,1
G1,BABAM1,0.9805132507899503
G1,BAD,0.4521469715430574
G1,BAG1,1
G1,BAIAP3,1
G1,BCAM,0.06668586886174277
G1,BCL2,1
G1,BCL2L12,1
G1,BGN,9.56287392479971e-4
G1,BICDL1,1
G1,BIN3,0.3983940680917855
G1,BIRC2,1
G1,BIRC5,1
G1,BLVRA,0.6275393868071183
G1,BOK,1
G1,BOLA3,1
G1,BRD9,0.13849794491255504
G1,BRF1,1
G1,BRF2,0.6755832012342743
G1,BRK1,1
G1,BRPF1,1
G1,BSG,0.026977289568636202
G1,BST2,7.329013526775867e-7
G1,BTG1,0.11156122878390104
G1,C10orf10,1
G1,C10orf54,1
G1,C12orf45,1
G1,C15orf61,1
G1,C19orf24,1
G1,C19orf52,1
G1,C19orf60,1
G1,C1QB,1
G1,C1R,0.7451003441216716
G1,C1S,0.455212325153426
G1,C1orf216,1
G1,C2,1
G1,C2CD2L,1
G1,C3,4.080894644166633e-5
G1,C4orf48,1
G1,C5orf38,1
G1,C6orf136,1
G1,C6orf48,1
G1,CADM4,1
G1,CALML5,1
G1,CAMTA2,1
G1,CAPG,0.030037070888323292
G1,CARS2,1
G1,CBLC,1
G1,CCDC106,1
G1,CCDC167,0.5390323385817252
G1,CCDC57,1
G1,CCDC80,1
G1,CCDC88B,1
G1,CCL19,0.9101121054334427
G1,CCL2,0.06001801538504417
G1,CCL21,0.021258042311070327
G1,CCM2,0.1044642116423622
G1,CCNB1,1
G1,CCNB1IP1,1
G1,CCNE1,1
G1,CCNE2,1
G1,CCS,1
G1,CCT4,1
G1,CD14,1
G1,CD320,1
G1,CD3D,1
G1,CD4,0.6182210930607088
G1,CD52,0.6028015788447748
G1,CD68,0.14544613155422106
G1,CD74,0.02858058051821097
G1,CD79A,0.9849727106548871
G1,CDC20,1
G1,CDC6,1
G1,CDH11,0.3983940680917855
G1,CDH3,0.1044642116423622
G1,CDK5RAP1,1
G1,CENPF,1
G1,CEP250,1
G1,CEP55,1
G1,CERCAM,1
G1,CERS5,1
G1,CES2,1
G1,CFAP36,1
G1,CFDP1,1
G1,CGGBP1,1
G1,CHCHD6,1
G1,CHD1,1
G1,CHD6,1
G1,CHFR,1
G1,CHST11,1
G1,CIR1,1
G1,CLASRP,0.7451003441216716
G1,CLDN3,0.008847621083638658
G1,CLDN4,0.0527822659734394
G1,CLU,3.1985589417780387e-4
G1,CNN2,0.008847621083638658
G1,COL14A1,1
G1,COL3A1,1.3898383209176622e-16
G1,COL4A1,0.37646086127859135
G1,COL6A2,0.0508589937806405
G1,COL8A2,0.417839897263156
G1,COMMD1,1
G1,COMP,2.8811277270386714e-6
G1,COPS7A,1
G1,COQ4,1
G1,CORO1A,1
G1,CORO1B,1
G1,CORO2A,0.16066617470743585
G1,CORO7,1
G1,COX5A,1
G1,CPNE1,0.05851766767521752
G1,CPSF1,0.399187470892825
G1,CPVL,1
G1,CRABP2,0.019777800387680473
G1,CRACR2B,0.1409986601771708
G1,CRELD2,1
G1,CROCC,1
G1,CSF1,1
G1,CSF1R,1
G1,CTDSPL,1
G1,CTIF,1
G1,CTSK,0.010853258573385446
G1,CTU2,1
G1,CUTC,1
G1,CUX1,1
G1,CX3CL1,7.3435863165514695e-6
G1,CXCL10,1
G1,CXXC5,0.1414052796569171
G1,CYP27A1,1
G1,DAPK3,1
G1,DCAF6,1
G1,DCXR,1
G1,DDAH1,0.6448014331048034
G1,DDB2,1
G1,DDIT3,1
G1,DDRGK1,1
G1,DDT,1
G1,DEAF1,1
G1,DENND1A,1
G1,DERL3,1
G1,DESI1,1
G1,DHX16,1
G1,DLG1,0.5390323385817252
G1,DMAP1,1
G1,DNAJB2,1
G1,DNAJC1,1
G1,DNAJC7,1
G1,DOCK6,1
G1,DPH3,1
G1,DPM2,1
G1,DPP7,1
G1,DPP9,1
G1,DPYSL3,7.3435863165514695e-6
G1,DVL1,1
G1,EBAG9,1
G1,ECHDC2,0.6453485181937396
G1,ECM1,0.023200668172091782
G1,EFEMP2,0.7642078052926581
G1,EFHD2,1
G1,EGFR,1
G1,EIF1AD,1
G1,EIF3B,0.006483558741185099
G1,EIF3F,1
G1,EIF3G,1
G1,ELN,1
G1,ELOF1,1
G1,EMC3,1
G1,ENPP1,0.6755832012342743
G1,EPHB3,0.08978832665153923
G1,ERAL1,1
G1,ERBB2,6.923918139468097e-5
G1,ERI3,1
G1,ERMP1,1
G1,ESR1,0.007568760315139047
G1,ETFB,1
G1,EVA1B,0.6755832012342743
G1,EXD3,1
G1,EXO1,1
G1,EXOC5,1
G1,EXOSC1,1
G1,EXOSC10,1
G1,EXOSC2,1
G1,EZH2,1
G1,FAAH,1
G1,FADS2,2.521038305822205e-6
G1,FAH,1
G1,FAIM2,1
G1,FAM102A,1
G1,FAM117A,1
G1,FAM118A,1
G1,FAM160B1,1
G1,FAM173A,1
G1,FAM193B,7.600948097834726e-6
G1,FAM213B,1
G1,FAM3A,1
G1,FAM45A,1
G1,FAP,0.06728142097292171
G1,FARP1,1
G1,FARSB,1
G1,FASN,0.1519685395831406
G1,FBF1,1
G1,FBLN2,1
G1,FCER1G,1
G1,FDPS,1
G1,FGFR1,0.10491122128136474
G1,FGFR4,0.008947398512146362
G1,FKBP10,1
G1,FKBP8,1
G1,FLNA,2.2778178958954248e-5
G1,FN1,6.510653931678414e-10
G1,FNBP4,1
G1,FOXA1,0.10249693640245353
G1,FOXC1,1
G1,FOXP4,0.08728442784282334
G1,FSTL1,2.005661383425162e-4
G1,FSTL3,1
G1,FUOM,1
G1,FUS,1
G1,FZD2,1
G1,GALK1,1
G1,GANAB,0.24305540954148724
G1,GAR1,1
G1,GAS6,1.2742278765683248e-7
G1,GATA3,0.06668586886174277
G1,GATC,1
G1,GBP1,0.09412329988969054
G1,GBP2,1
G1,GBP3,1
G1,GBP4,1
G1,GBP5,1
G1,GEMIN4,1
G1,GLCCI1,1
G1,GLG1,0.6755832012342743
G1,GLTSCR2,1
G1,GMFG,1
G1,GMPPA,1
G1,GNAI2,1
G1,GNAS,3.393582728215514e-5
G1,GNL2,0.5390323385817252
G1,GPR108,1
G1,GPR160,0.46170301931275276
G1,GPRC5A,0.4102568470680103
G1,GPS1,1
G1,GPSM1,1
G1,GPX3,0.417839897263156
G1,GRB7,0.007568760315139047
G1,GRK3,1
G1,GSK3A,0.3952339476701698
G1,GSTM3,1
G1,GYPC,1
G1,HAGHL,1
G1,HCFC1R1,0.02659843035923324
G1,HCST,1
G1,HDAC5,0.8507122395567016
G1,HDAC6,1
G1,HELZ2,0.059058023552874594
G1,HES1,0.018469802330615875
G1,HLA-B,4.76067773399473e-5
G1,HLA-DMA,0.399187470892825
G1,HLA-DMB,1
G1,HLA-DOA,1
G1,HLA-DPA1,1
G1,HLA-DPB1,0.8379834415040037
G1,HLA-DRA,1.2742278765683248e-7
G1,HLA-DRB1,0.6028015788447748
G1,HMGB2,1
G1,HNRNPUL2,1
G1,HOOK3,0.32782218049527945
G1,HPS6,0.8507122395567016
G1,HSD17B1,1
G1,HSPA4,1
G1,HSPB1,0.005067873096312766
G1,HSPB11,1
G1,HYI,0.44148382370922407
G1,IDH3G,1
G1,IDUA,1
G1,IER5L,1
G1,IFI27,1.3286217572612778e-6
G1,IFI27L1,1
G1,IFI44L,0.004033507783709704
G1,IGFBP2,0.001960927359048477
G1,IGFBP4,0.1044642116423622
G1,IGHA1,1
G1,IGHG3,0.2944371334808365
G1,IGHG4,2.0242514573919084e-7
G1,IGHM,1
G1,IGKC,0.1336255255254551
G1,IGLC2,3.393582728215514e-5
G1,IGLC3,1
G1,IGLC7,0.6275393868071183
G1,IKZF3,1
G1,IL10RA,0.4130259227056461
G1,ILKAP,1
G1,INAFM1,1
G1,INPP4B,1
G1,INPP5D,1
G1,INPP5J,1
G1,INTS8,0.6448014331048034
G1,ISG15,1.146969102113394e-6
G1,ISLR,1
G1,ITGA5,1
G1,ITGB4,0.30814990310773566
G1,ITGB6,3.154921984822736e-4
G1,ITSN1,1
G1,JAG2,1
G1,JAK1,0.019909109567367324
G1,JAK3,1
G1,JCHAIN,1
G1,JMJD6,0.24305540954148724
G1,KAT6B,1
G1,KATNA1,1
G1,KCNAB2,1
G1,KCTD10,1
G1,KDM4B,1
G1,KIAA0895L,1
G1,KIAA1211L,1
G1,KIAA1217,0.11156122878390104
G1,KIAA1468,1
G1,KIAA1715,0.2458823006206704
G1,KIF13B,1
G1,KIF2C,0.44148382370922407
G1,KLF9,1
G1,KMT2B,1
G1,KMT2E,1
G1,KPNB1,1
G1,KRAS,1
G1,KRT10,1
G1,KRT14,1
G1,KRT17,0.5044738654533385
G1,KRT5,1
G1,KRT8,0.0028417291759306068
G1,KRT86,1
G1,LAMB2,0.4150106148334001
G1,LAMTOR2,0.08728442784282334
G1,LANCL1,1
G1,LARP1B,1
G1,LARP7,1
G1,LCK,1
G1,LCP1,1
G1,LGALS1,0.08374152611669937
G1,LIMCH1,1
G1,LIMK1,1
G1,LINC00176,1
G1,LINGO1,1
G1,LLGL1,1
G1,LMF1,1
G1,LMNA,0.5282092552324237
G1,LRRC8A,0.27616567018555194
G1,LRWD1,1
G1,LST1,1
G1,LTB4R,1
G1,LTBP3,0.03203521587015079
G1,LTF,0.037047517473367764
G1,LUC7L,1
G1,LUC7L3,0.6668054268591529
G1,LUM,8.416953468944876e-16
G1,LYL1,0.7658929403281262
G1,MAGEF1,1
G1,MAGI1,1
G1,MAGOHB,1
G1,MAP1S,1
G1,MAP3K14,1
G1,MAP3K6,1
G1,MAP4K2,1
G1,MAPK9,1
G1,MAPKAPK5,1
G1,MAPT,1
G1,MARS,1
G1,MAVS,1
G1,MCTS1,1
G1,MDM2,1
G1,MED13L,1
G1,MED25,1
G1,MELK,1
G1,MEN1,1
G1,METTL12,1
G1,METTL16,1
G1,MFAP4,0.03807108506196478
G1,MFSD3,1
G1,MFSD7,1
G1,MGMT,1
G1,MGP,4.4067119228073353e-7
G1,MIA,1
G1,MIB2,1
G1,MICAL1,1
G1,MICALL2,0.8621366717668594
G1,MID1IP1,0.05656630644293279
G1,MIF,1
G1,MIIP,1
G1,MKI67,1
G1,MKNK1,1
G1,MLLT4,1
G1,MLPH,0.09058121127930498
G1,MLST8,1
G1,MMP11,1.3898383209176622e-16
G1,MMP9,1
G1,MORC2,0.8507122395567016
G1,MPND,1
G1,MPST,0.6558301331942211
G1,MRPL2,1
G1,MRPL21,0.025101171826538437
G1,MRPL23,1
G1,MRPL51,0.4847421613428466
G1,MRPL54,1
G1,MRPS22,1
G1,MS4A6A,1
G1,MST1R,1
G1,MTG2,1
G1,MTMR12,1
G1,MUC1,1.7033915705984317e-4
G1,MUCL1,0.008847621083638658
G1,MUS81,1
G1,MVP,0.5920802340564508
G1,MX2,1
G1,MYBL2,0.1343627606629035
G1,MYC,1
G1,MYH10,1
G1,MYL12B,0.014038057853702133
G1,MYL6B,1
G1,MYL9,1.7111843890205698e-4
G1,MYO1G,1
G1,MYO9B,1
G1,MZT2A,1
G1,NAA10,1
G1,NANS,1
G1,NAT1,1
G1,NCKAP1L,1
G1,NCKAP5L,1
G1,NDC80,1
G1,NDRG1,0.019909109567367324
G1,NDUFA1,1
G1,NDUFA12,0.06666616911581963
G1,NDUFB2,0.09197325161626761
G1,NDUFB3,0.8637503163607055
G1,NDUFB9,0.2944371334808365
G1,NDUFC1,1
G1,NDUFS1,1
G1,NDUFV3,1
G1,NEBL,0.18941458359668456
G1,NEK7,0.5282092552324237
G1,NELFE,0.6793957747256503
G1,NFATC4,1
G1,NFIC,1
G1,NINJ1,0.10333513067524243
G1,NIT2,0.14358489340070119
G1,NMRAL1,0.09412329988969054
G1,NR1H2,1
G1,NR4A1,0.1044642116423622
G1,NRP1,0.6866740849776842
G1,NSMCE1,1
G1,NTMT1,1
G1,NUF2,1
G1,NUP214,1
G1,NUP93,1
G1,NXN,1
G1,OASL,1
G1,OGFRL1,1
G1,OPTN,1
G1,ORC2,1
G1,ORC6,1
G1,OSBPL8,1
G1,P4HA2,1
G1,PAF1,1
G1,PAFAH1B3,1
G1,PAQR4,0.06001801538504417
G1,PARN,1
G1,PCCB,1
G1,PCIF1,1
G1,PDCD5,1
G1,PDGFRA,1
G1,PDGFRB,0.03181054585060331
G1,PER1,1
G1,PEX11G,1
G1,PEX14,1
G1,PGLS,1
G1,PGR,1
G1,PHF11,1
G1,PHF13,1
G1,PHF21A,1
G1,PHGDH,1
G1,PHKB,1
G1,PIGQ,0.1044642116423622
G1,PIH1D1,1
G1,PILRA,1
G1,PIM2,1
G1,PITX1,1
G1,PKNOX1,1
G1,PLAC9,1
G1,PLEKHO2,1
G1,PLIN2,0.03768796015193075
G1,PLK1,1
G1,PLK2,1
G1,PLLP,1
G1,PLP2,1
G1,PLPPR2,1
G1,PLSCR1,0.29746064511155623
G1,PLTP,0.4628515388558729
G1,PLVAP,1
G1,PLXNA1,1
G1,PLXND1,0.0035536972548468122
G1,PMP22,1
G1,PNISR,0.8783023888480227
G1,PNMT,0.03360975083548644
G1,PNP,0.3983940680917855
G1,PNPLA6,0.1732506910974053
G1,PODNL1,1
G1,PODXL,0.8637503163607055
G1,POLR2E,1
G1,POLR2J,1
G1,POR,0.4208095129572042
G1,POSTN,0.006382777389338812
G1,PPHLN1,1
G1,PPIB,1
G1,PPIH,1
G1,PPM1G,1
G1,PPP1R1A,0.0908401595999413
G1,PPP1R1B,0.4639783761576432
G1,PPP1R37,1
G1,PRKAB1,1
G1,PRKCSH,0.0037505665797739687
G1,PROSER1,1
G1,PRPF6,1
G1,PRPSAP1,1
G1,PSCA,1
G1,PSMD4,1
G1,PSTPIP1,0.4308082015159112
G1,PTGDS,1
G1,PTOV1,1
G1,PTP4A3,1
G1,PTPRC,1
G1,PTPRJ,1
G1,PTRF,0.006337100438515606
G1,PTRH1,1
G1,PTTG1,1
G1,PUS3,1
G1,PWP1,1
G1,PWWP2B,1
G1,PXDN,0.054487520731329675
G1,PYURF,1
G1,QSOX1,0.026977289568636202
G1,R3HDM2,1
G1,RAB11FIP1,2.457029338684321e-5
G1,RAB3A,1
G1,RAB3GAP1,0.026761929514850923
G1,RAB3IL1,1
G1,RABGAP1L,1
G1,RALBP1,1
G1,RALGAPA2,1
G1,RAMP2,1
G1,RAP1B,1
G1,RARS2,1
G1,RASA2,1
G1,RASGRP2,1
G1,RASSF3,1
G1,RBL1,1
G1,RBM42,1
G1,RECQL4,1
G1,RECQL5,1
G1,REEP6,1
G1,RGS1,1
G1,RHOB,0.08728442784282334
G1,RIOK1,1
G1,RMND1,1
G1,RNASET2,0.11368728291957331
G1,RND3,1
G1,RNF135,1
G1,RNF170,0.06459593311961807
G1,RRAS,0.14424994179539669
G1,RRM2,1
G1,RSL1D1,1
G1,RSRP1,1
G1,RUVBL1,1
G1,S100A14,5.2800409445053304e-5
G1,S100A9,2.7927900855442793e-6
G1,SAMM50,1
G1,SASH1,1
G1,SAT1,0.001867852850163073
G1,SCAF1,1
G1,SCD,1
G1,SCNN1D,1
G1,SCX,0.8637503163607055
G1,SDHB,1
G1,SEC14L2,0.34373326983108443
G1,SEC23A,1
G1,SEMA3B,1
G1,SEMA4B,0.8507122395567016
G1,SF3B4,1
G1,SFRP1,0.01696377916504401
G1,SFSWAP,1
G1,SGTA,1
G1,SH3BP5L,0.1336255255254551
G1,SIGLEC1,1
G1,SIGMAR1,1
G1,SLC16A2,1
G1,SLC16A3,0.39399456251286563
G1,SLC22A18,0.6558301331942211
G1,SLC25A24,1
G1,SLC2A1,1
G1,SLC2A8,1
G1,SLC35A2,1
G1,SLC39A6,0.014735526667804116
G1,SLC43A1,1
G1,SLC4A5,1
G1,SLC8B1,1
G1,SLC9A3R2,1
G1,SLC9A8,1
G1,SLFN13,1
G1,SLPI,0.8507122395567016
G1,SMCHD1,1
G1,SMG9,1
G1,SMYD2,1
G1,SNAPC3,1
G1,SNF8,1
G1,SNRPD3,1
G1,SNTA1,1
G1,SNX33,1
G1,SNX8,1
G1,SOD3,1
G1,SOS2,1
G1,SOX4,0.4572619031040732
G1,SP6,1
G1,SPAG9,0.09964732972981656
G1,SPARC,2.2939731458148485e-9
G1,SPIN1,0.3946157053181236
G1,SPSB1,0.010209115323018061
G1,SRGN,1
G1,SRPX2,0.6453485181937396
G1,SRR,1
G1,SRRT,1
G1,SRSF1,1
G1,SRSF5,1
G1,SSSCA1,1
G1,STAMBP,1
G1,STAT5A,1
G1,STK17A,1
G1,STK4,1
G1,STMN1,1
G1,STRN3,0.4524854245307299
G1,STT3A,1
G1,SUGP1,1
G1,SURF1,1
G1,SVIL,1
G1,SYDE1,1
G1,SYK,1
G1,TACC3,1
G1,TANC2,1
G1,TARBP1,0.5618704886463771
G1,TAX1BP1,0.37963442154014937
G1,TAX1BP3,0.6668054268591529
G1,TBC1D10A,1
G1,TBC1D23,1
G1,TBCA,1
G1,TBXAS1,1
G1,TCEA2,1
G1,TCEA3,1
G1,TCF25,1
G1,TDRD3,1
G1,TESK1,1
G1,TESMIN,1
G1,TEX10,1
G1,TEX2,0.813869227871994
G1,TFF3,0.36396324124407914
G1,TGFBR2,1
G1,THBS1,0.36396324124407914
G1,THOC5,0.6755832012342743
G1,THOC6,1
G1,TIGD5,1
G1,TIMP1,0.031257714166579735
G1,TJP3,1
G1,TM7SF2,1
G1,TMBIM6,0.33639260746464195
G1,TMEM101,1
G1,TMEM123,6.652483529775143e-11
G1,TMEM14B,1
G1,TMEM160,1
G1,TMEM184A,1
G1,TMEM259,1
G1,TMEM45B,1
G1,TMEM86A,1
G1,TMX1,1
G1,TNC,0.08796111505063187
G1,TNFRSF14,0.9101121054334427
G1,TNFRSF21,1
G1,TNFRSF4,1
G1,TNNT1,0.11282092326938611
G1,TOM1L2,0.6558301331942211
G1,TP53I3,0.35413261594765144
G1,TPM2,0.054355169401328514
G1,TRAC,0.11156122878390104
G1,TRAF5,1
G1,TRAP1,1
G1,TRAPPC4,1
G1,TRIM14,1
G1,TRIM22,0.6755832012342743
G1,TRIM25,0.8507122395567016
G1,TRIM47,0.8507122395567016
G1,TSPAN33,1
G1,TSR2,1
G1,TTC31,1
G1,TTI1,1
G1,TXN2,1
G1,TXNDC17,0.04314658997806336
G1,TXNRD2,1
G1,TYMS,1
G1,TYROBP,0.24305540954148724
G1,UBA52,0.2944371334808365
G1,UBA6,0.4208095129572042
G1,UBAP2L,1
G1,UBE2C,1
G1,UBE2T,0.6755832012342743
G1,UBE2W,1
G1,UBL7,1
G1,UBR2,1
G1,UBXN1,1
G1,UCK1,1
G1,UFD1L,1
G1,UQCRC1,1
G1,UXS1,1
G1,UXT,1
G1,VARS,1
G1,VAV1,1
G1,VCAM1,1
G1,VEGFB,1
G1,VIM,0.010209115323018061
G1,VPS13D,0.6558301331942211
G1,VPS45,1
G1,VWF,1
G1,WDFY3,1
G1,WDR13,0.3208400318370507
G1,WDR34,0.059058023552874594
G1,WDR46,1
G1,WDR73,1
G1,WDR74,1
G1,WIPF1,0.9471081074961384
G1,XAB2,1
G1,XIAP,0.8542748756818598
G1,XPO6,1
G1,YIPF4,0.5044738654533385
G1,YTHDC1,1
G1,ZDHHC12,1
G1,ZFAND3,0.1044642116423622
G1,ZFP36,0.3324966379103811
G1,ZFPL1,0.08728442784282334
G1,ZFR,1
G1,ZG16B,0.054487520731329675
G1,ZMAT5,1
G1,ZMYND19,1
G1,ZMYND8,0.7394467615654139
G1,ZNF217,0.27464506598970817
G1,ZNF337,1
G1,ZNF33B,1
G1,ZNF362,1
G1,ZNF524,1
G1,ZNF592,1
G1,ZNF644,0.004426747163628876
G1,ZNF668,1
G1,ZNF771,1
G1,ZNF787,1
G1,ZNF791,1
G1,ZNF83,1
G1,ZNF91,1
G1,ZNRF1,1
G1,ZSWIM8,1
G2,A2M,0.8262607771457746
G2,AAMDC,1
G2,ABCA3,0.22968964123173083
G2,ABCA7,1
G2,ABCF3,0.067857106490195
G2,ABHD14A,1
G2,ABHD4,0.35603336622044823
G2,ACAA1,0.35054174971431223
G2,ACER3,1
G2,ACTR3B,1
G2,ADAM15,4.453772061333488e-7
G2,ADCY3,0.12919752280970231
G2,ADI1,0.05053758044245945
G2,AEBP1,9.458371052171425e-19
G2,AES,2.7111676189105666e-4
G2,AGAP2,1
G2,AGO2,1
G2,AGPAT2,0.5162423869961588
G2,AGR2,1.6970184353498112e-4
G2,AHCY,1
G2,AKAP9,1
G2,AKR1A1,1
G2,AKT1S1,1
G2,ALDH16A1,0.7315239365491739
G2,ALG3,0.5281288774790014
G2,ANGPTL4,0.34053513182785794
G2,ANKLE2,1
G2,ANKRD12,1
G2,ANKRD28,0.9852767081979805
G2,ANLN,1
G2,ANO10,1
G2,AP5B1,1
G2,AP5Z1,0.2373518376484421
G2,APBA2,0.6633611243770849
G2,APBB2,1
G2,APOBEC3G,1
G2,APOC1,3.178406117483685e-8
G2,AQP1,1
G2,ARF5,1
G2,ARF6,1
G2,ARFGEF2,1
G2,ARHGAP10,1
G2,ARHGAP4,1
G2,ARHGAP45,1
G2,ARHGAP5,1
G2,ARHGEF10L,1
G2,ARHGEF3,0.1484867237899356
G2,ARHGEF40,0.7212479542464552
G2,ARID1B,0.43974467564547914
G2,ARID3A,0.13460849627535107
G2,ARID4A,1
G2,ARID5A,1
G2,ARID5B,1
G2,ARNT,1
G2,ASCL2,1
G2,ASH2L,0.14488059256009156
G2,ASL,0.055939221301224674
G2,ASMTL,0.9008177911784385
G2,ASNA1,0.02040127466101893
G2,ASNS,1
G2,ATAD1,1
G2,ATF6B,1
G2,ATG12,1
G2,ATG16L2,1
G2,ATL2,0.9955732642082465
G2,ATP5H,1
G2,ATP5O,0.45357004689534336
G2,ATP6AP1,8.964209139788142e-6
G2,ATP6V0D1,1
G2,AURKAIP1,0.290465370525511
G2,AVEN,1
G2,BABAM1,0.004589817315411999
G2,BAD,0.1484867237899356
G2,BAG1,1
G2,BAIAP3,0.8750257209263328
G2,BCAM,0.038517148567208906
G2,BCL2,1
G2,BCL2L12,1
G2,BGN,6.511762757238193e-6
G2,BICDL1,1
G2,BIN3,1
G2,BIRC2,1
G2,BIRC5,0.12973454118564867
G2,BLVRA,1
G2,BOK,0.46510685981531413
G2,BOLA3,1
G2,BRD9,1
G2,BRF1,1
G2,BRF2,0.9573387246261947
G2,BRK1,1
G2,BRPF1,1
G2,BSG,2.2750744212154142e-4
G2,BST2,5.885586658677099e-8
G2,BTG1,0.31433590146192814
G2,C10orf10,0.15723320677975855
G2,C10orf54,1
G2,C12orf45,1
G2,C15orf61,1
G2,C19orf24,0.5281288774790014
G2,C19orf52,1
G2,C19orf60,0.9955732642082465
G2,C1QB,0.4747466852720751
G2,C1R,0.34053513182785794
G2,C1S,0.02197492384703322
G2,C1orf216,1
G2,C2,1
G2,C2CD2L,0.303901012452291
G2,C3,0.06170819675792004
G2,C4orf48,0.03972775519246236
G2,C5orf38,0.49169976598751647
G2,C6orf136,1
G2,C6orf48,1
G2,CADM4,1
G2,CALML5,1
G2,CAMTA2,1
G2,CAPG,0.006667387513154942
G2,CARS2,1
G2,CBLC,0.046503257557048164
G2,CCDC106,1
G2,CCDC167,0.12973454118564867
G2,CCDC57,0.3105222736841867
G2,CCDC80,0.9190283862575472
G2,CCDC88B,1
G2,CCL19,0.15682194080123724
G2,CCL2,6.90885144696277e-6
G2,CCL21,1
G2,CCM2,0.12919752280970231
G2,CCNB1,1
G2,CCNB1IP1,1
G2,CCNE1,1
G2,CCNE2,1
G2,CCS,7.41384619589779e-5
G2,CCT4,0.6873471121517106
G2,CD14,1
G2,CD320,1
G2,CD3D,1
G2,CD4,1
G2,CD52,1
G2,CD68,0.007354874643983136
G2,CD74,0.1909818159427702
G2,CD79A,1
G2,CDC20,1
G2,CDC6,1
G2,CDH11,1
G2,CDH3,0.022349918518432314
G2,CDK5RAP1,0.7833634461456865
G2,CENPF,1
G2,CEP250,0.7187116272788955
G2,CEP55,1
G2,CERCAM,0.10518453620644179
G2,CERS5,1
G2,CES2,1
G2,CFAP36,1
G2,CFDP1,1
G2,CGGBP1,1
G2,CHCHD6,1
G2,CHD1,1
G2,CHD6,1
G2,CHFR,1
G2,CHST11,1
G2,CIR1,1
G2,CLASRP,1
G2,CLDN3,0.03661976201442554
G2,CLDN4,6.93155976590393e-6
G2,CLU,4.777302071462801e-8
G2,CNN2,0.8393473323711667
G2,COL14A1,0.5900947663317645
G2,COL3A1,4.2814528517517316e-8
G2,COL4A1,0.01938522385061955
G2,COL6A2,0.027474869264109747
G2,COL8A2,0.034906716035999145
G2,COMMD1,1
G2,COMP,3.076803505055401e-8
G2,COPS7A,1
G2,COQ4,1
G2,CORO1A,1
G2,CORO1B,0.04244605550981239
G2,CORO2A,0.6542165599698505
G2,CORO7,0.6944462664043374
G2,COX5A,1
G2,CPNE1,0.048314072412463924
G2,CPSF1,1
G2,CPVL,1
G2,CRABP2,0.01080794514119008
G2,CRACR2B,0.042632064199465254
G2,CRELD2,0.6633611243770849
G2,CROCC,1
G2,CSF1,1
G2,CSF1R,1
G2,CTDSPL,0.13081934708892345
G2,CTIF,1
G2,CTSK,0.010237974456944814
G2,CTU2,1
G2,CUTC,0.8015858910191821
G2,CUX1,1
G2,CX3CL1,0.0014064932597685263
G2,CXCL10,0.11062162118731557
G2,CXXC5,0.9955732642082465
G2,CYP27A1,1
G2,DAPK3,1
G2,DCAF6,0.8507635449029182
G2,DCXR,1
G2,DDAH1,1
G2,DDB2,1
G2,DDIT3,1
G2,DDRGK1,0.8838878236920742
G2,DDT,0.43974467564547914
G2,DEAF1,0.21225289154682456
G2,DENND1A,1
G2,DERL3,1
G2,DESI1,0.08105474845347733
G2,DHX16,1
G2,DLG1,1
G2,DMAP1,1
G2,DNAJB2,0.2294762183110688
G2,DNAJC1,0.8852355100248797
G2,DNAJC7,1
G2,DOCK6,1
G2,DPH3,1
G2,DPM2,0.11662742283529243
G2,DPP7,0.05053758044245945
G2,DPP9,1
G2,DPYSL3,0.01938522385061955
G2,DVL1,1
G2,EBAG9,1
G2,ECHDC2,0.1971475935022853
G2,ECM1,0.07781334005356873
G2,EFEMP2,0.1861919195220705
G2,EFHD2,0.006693778985393949
G2,EGFR,0.23839315161788205
G2,EIF1AD,0.570603737410355
G2,EIF3B,0.008993985051667947
G2,EIF3F,0.07566688021375466
G2,EIF3G,0.046503257557048164
G2,ELN,0.7515505097079976
G2,ELOF1,1
G2,EMC3,0.3933626341486917
G2,ENPP1,0.7833634461456865
G2,EPHB3,0.06810249075999864
G2,ERAL1,1
G2,ERBB2,2.5032647158666852e-06
G2,ERI3,0.0035037523262984277
G2,ERMP1,1
G2,ESR1,0.20056291436467763
G2,ETFB,0.6792099837048482
G2,EVA1B,0.43921194470439895
G2,EXD3,1
G2,EXO1,1
G2,EXOC5,1
G2,EXOSC1,1
G2,EXOSC10,1
G2,EXOSC2,1
G2,EZH2,1
G2,FAAH,0.38937905712275034
G2,FADS2,1.1256317309264202e-11
G2,FAH,0.009470296704037706
G2,FAIM2,1
G2,FAM102A,1
G2,FAM117A,1
G2,FAM118A,1
G2,FAM160B1,1
G2,FAM173A,0.7833634461456865
G2,FAM193B,5.936033770913293e-6
G2,FAM213B,1
G2,FAM3A,1
G2,FAM45A,1
G2,FAP,0.2721415910361843
G2,FARP1,1
G2,FARSB,1
G2,FASN,0.004589817315411999
G2,FBF1,1
G2,FBLN2,0.298647680721017
G2,FCER1G,1
G2,FDPS,1
G2,FGFR1,1
G2,FGFR4,3.414480346154688e-5
G2,FKBP10,0.22007323465801218
G2,FKBP8,0.4817990791999324
G2,FLNA,2.010453507462001e-4
G2,FN1,3.458042078814812e-5
G2,FNBP4,1
G2,FOXA1,1
G2,FOXC1,1
G2,FOXP4,0.4065036712852766
G2,FSTL1,4.3125920429211114e-4
G2,FSTL3,0.6668045057342783
G2,FUOM,1
G2,FUS,0.3707408125388281
G2,FZD2,1
G2,GALK1,0.7612221730781389
G2,GANAB,0.010993144926357007
G2,GAR1,1
G2,GAS6,6.247256106641631e-12
G2,GATA3,0.0378499554063241
G2,GATC,1
G2,GBP1,1
G2,GBP2,0.1908220528263515
G2,GBP3,0.8454822044541257
G2,GBP4,1
G2,GBP5,1
G2,GEMIN4,1
G2,GLCCI1,1
G2,GLG1,0.1471479506953806
G2,GLTSCR2,0.5279432803718563
G2,GMFG,1
G2,GMPPA,0.034478157710349046
G2,GNAI2,0.01865454188002858
G2,GNAS,2.8835139248593654e-5
G2,GNL2,0.19345323766161507
G2,GPR108,0.07860039411232028
G2,GPR160,1
G2,GPRC5A,0.03661976201442554
G2,GPS1,1
G2,GPSM1,1
G2,GPX3,0.7680587605562613
G2,GRB7,0.0018857284251749987
G2,GRK3,1
G2,GSK3A,0.2252750793735561
G2,GSTM3,1
G2,GYPC,1
G2,HAGHL,1
G2,HCFC1R1,9.460741919191696e-7
G2,HCST,1
G2,HDAC5,0.06474381714465152
G2,HDAC6,1
G2,HELZ2,0.0032841027992189112
G2,HES1,0.006322374758152733
G2,HLA-B,2.186592472226757e-5
G2,HLA-DMA,1
G2,HLA-DMB,0.9955732642082465
G2,HLA-DOA,1
G2,HLA-DPA1,0.7833634461456865
G2,HLA-DPB1,1
G2,HLA-DRA,2.641243463155628e-4
G2,HLA-DRB1,1
G2,HMGB2,1
G2,HNRNPUL2,0.19345323766161507
G2,HOOK3,1
G2,HPS6,1
G2,HSD17B1,1
G2,HSPA4,0.8186891012260435
G2,HSPB1,9.942972375627514e-5
G2,HSPB11,1
G2,HYI,1
G2,IDH3G,1
G2,IDUA,1
G2,IER5L,1
G2,IFI27,6.028678890527192e-9
G2,IFI27L1,0.6005478485935558
G2,IFI44L,0.001444101862359458
G2,IGFBP2,0.0024626802566860527
G2,IGFBP4,2.89583109468883e-5
G2,IGHA1,0.7578913611563501
G2,IGHG3,1.0670988809182463e-11
G2,IGHG4,6.247256106641631e-12
G2,IGHM,0.8565777591918674
G2,IGKC,0.033353317393018965
G2,IGLC2,2.090163048522651e-9
G2,IGLC3,0.45981494542249796
G2,IGLC7,0.37579917349037334
G2,IKZF3,1
G2,IL10RA,1
G2,ILKAP,1
G2,INAFM1,1
G2,INPP4B,0.7478148583433483
G2,INPP5D,1
G2,INPP5J,1
G2,INTS8,1
G2,ISG15,2.0120291979732783e-9
G2,ISLR,0.28100308710042454
G2,ITGA5,1
G2,ITGB4,0.05053758044245945
G2,ITGB6,0.004589817315411999
G2,ITSN1,1
G2,JAG2,0.34868550002359316
G2,JAK1,0.11695140607115417
G2,JAK3,1
G2,JCHAIN,1
G2,JMJD6,0.33067550442449684
G2,KAT6B,1
G2,KATNA1,1
G2,KCNAB2,1
G2,KCTD10,1
G2,KDM4B,1
G2,KIAA0895L,1
G2,KIAA1211L,1
G2,KIAA1217,1
G2,KIAA1468,1
G2,KIAA1715,0.37640334853521284
G2,KIF13B,1
G2,KIF2C,0.8838878236920742
G2,KLF9,1
G2,KMT2B,0.8838878236920742
G2,KMT2E,1
G2,KPNB1,1
G2,KRAS,1
G2,KRT10,1
G2,KRT14,0.7139431598013777
G2,KRT17,0.17006303378864704
G2,KRT5,1
G2,KRT8,3.984845900224322e-5
G2,KRT86,1
G2,LAMB2,0.030001629017034192
G2,LAMTOR2,0.34163085169127405
G2,LANCL1,1
G2,LARP1B,1
G2,LARP7,1
G2,LCK,1
G2,LCP1,1
G2,LGALS1,1.1442734691785536e-4
G2,LIMCH1,0.41707265846651176
G2,LIMK1,0.11803213010766579
G2,LINC00176,0.28100308710042454
G2,LINGO1,1
G2,LLGL1,1
G2,LMF1,1
G2,LMNA,1.27018942830575e-4
G2,LRRC8A,1
G2,LRWD1,1
G2,LST1,1
G2,LTB4R,1
G2,LTBP3,0.029852694925998402
G2,LTF,2.383123178904221e-11
G2,LUC7L,1
G2,LUC7L3,1
G2,LUM,4.447370968890286e-10
G2,LYL1,1
G2,MAGEF1,0.00812962522975703
G2,MAGI1,0.6050992279176322
G2,MAGOHB,1
G2,MAP1S,1
G2,MAP3K14,1
G2,MAP3K6,1
G2,MAP4K2,1
G2,MAPK9,1
G2,MAPKAPK5,1
G2,MAPT,1
G2,MARS,0.22007323465801218
G2,MAVS,0.7187116272788955
G2,MCTS1,0.042905011698195834
G2,MDM2,1
G2,MED13L,1
G2,MED25,0.23881899562754724
G2,MELK,1
G2,MEN1,1
G2,METTL12,1
G2,METTL16,1
G2,MFAP4,1
G2,MFSD3,1
G2,MFSD7,1
G2,MGMT,1
G2,MGP,2.12114536324843e-5
G2,MIA,1
G2,MIB2,0.4747466852720751
G2,MICAL1,1
G2,MICALL2,0.5889124146053866
G2,MID1IP1,0.010775540638104203
G2,MIF,1
G2,MIIP,0.12569919730856216
G2,MKI67,1
G2,MKNK1,1
G2,MLLT4,1
G2,MLPH,0.0038721823337785756
G2,MLST8,0.22007323465801218
G2,MMP11,1.185750294909209e-15
G2,MMP9,1
G2,MORC2,1
G2,MPND,1
G2,MPST,1
G2,MRPL2,1
G2,MRPL21,0.24699712924109385
G2,MRPL23,1
G2,MRPL51,0.5670179708589352
G2,MRPL54,1
G2,MRPS22,1
G2,MS4A6A,0.8375021815720155
G2,MST1R,1
G2,MTG2,1
G2,MTMR12,1
G2,MUC1,5.845141711665162e-5
G2,MUCL1,2.641243463155628e-4
G2,MUS81,1
G2,MVP,0.018191870984533298
G2,MX2,1
G2,MYBL2,0.20056291436467763
G2,MYC,0.14198141450044688
G2,MYH10,1
G2,MYL12B,0.013761277047542216
G2,MYL6B,1
G2,MYL9,4.785219552709233e-5
G2,MYO1G,1
G2,MYO9B,0.8819520031834428
G2,MZT2A,0.3724888820264127
G2,NAA10,0.45374840863629506
G2,NANS,1
G2,NAT1,1
G2,NCKAP1L,1
G2,NCKAP5L,1
G2,NDC80,1
G2,NDRG1,1.3768335337695184e-5
G2,NDUFA1,0.586371969933006
G2,NDUFA12,1
G2,NDUFB2,1
G2,NDUFB3,0.15723320677975855
G2,NDUFB9,0.1484867237899356
G2,NDUFC1,0.22007323465801218
G2,NDUFS1,0.3071860760119325
G2,NDUFV3,1
G2,NEBL,1
G2,NEK7,0.3071860760119325
G2,NELFE,1
G2,NFATC4,1
G2,NFIC,1
G2,NINJ1,0.05217199539310043
G2,NIT2,0.9955732642082465
G2,NMRAL1,0.02945312307611174
G2,NR1H2,1
G2,NR4A1,0.0018036064562442537
G2,NRP1,0.33514046695427935
G2,NSMCE1,1
G2,NTMT1,0.5764779194600498
G2,NUF2,1
G2,NUP214,1
G2,NUP93,1
G2,NXN,1
G2,OASL,3.7793768024119894e-4
G2,OGFRL1,1
G2,OPTN,1
G2,ORC2,1
G2,ORC6,1
G2,OSBPL8,1
G2,P4HA2,0.6792099837048482
G2,PAF1,1
G2,PAFAH1B3,1
G2,PAQR4,1
G2,PARN,1
G2,PCCB,1
G2,PCIF1,1
G2,PDCD5,1
G2,PDGFRA,0.536551435412455
G2,PDGFRB,0.3661085914062277
G2,PER1,1
G2,PEX11G,1
G2,PEX14,1
G2,PGLS,0.9483390254222819
G2,PGR,1
G2,PHF11,1
G2,PHF13,1
G2,PHF21A,1
G2,PHGDH,0.43921194470439895
G2,PHKB,1
G2,PIGQ,1
G2,PIH1D1,1
G2,PILRA,1
G2,PIM2,1
G2,PITX1,1
G2,PKNOX1,1
G2,PLAC9,1
G2,PLEKHO2,1
G2,PLIN2,1
G2,PLK1,1
G2,PLK2,0.13807271462513265
G2,PLLP,1
G2,PLP2,1
G2,PLPPR2,0.15958302572308897
G2,PLSCR1,0.20103155340923295
G2,PLTP,1
G2,PLVAP,1
G2,PLXNA1,0.8262607771457746
G2,PLXND1,0.01080794514119008
G2,PMP22,0.6821516175824908
G2,PNISR,0.11622762905668367
G2,PNMT,0.45981494542249796
G2,PNP,1
G2,PNPLA6,1
G2,PODNL1,1
G2,PODXL,1
G2,POLR2E,0.029852694925998402
G2,POLR2J,1
G2,POR,0.033353317393018965
G2,POSTN,2.50534173153659e-6
G2,PPHLN1,1
G2,PPIB,0.043030189503452
G2,PPIH,1
G2,PPM1G,0.6821516175824908
G2,PPP1R1A,1
G2,PPP1R1B,0.19345323766161507
G2,PPP1R37,1
G2,PRKAB1,0.3447519796811128
G2,PRKCSH,0.010619337343335655
G2,PROSER1,1
G2,PRPF6,0.7833634461456865
G2,PRPSAP1,0.22007323465801218
G2,PSCA,1
G2,PSMD4,0.01116344619050498
G2,PSTPIP1,1
G2,PTGDS,0.6005478485935558
G2,PTOV1,1
G2,PTP4A3,1
G2,PTPRC,1
G2,PTPRJ,1
G2,PTRF,0.024908247169761935
G2,PTRH1,1
G2,PTTG1,1
G2,PUS3,1
G2,PWP1,1
G2,PWWP2B,0.8481431773369235
G2,PXDN,0.01320690899968844
G2,PYURF,1
G2,QSOX1,0.05300904853444758
G2,R3HDM2,1
G2,RAB11FIP1,2.8835139248593654e-5
G2,RAB3A,1
G2,RAB3GAP1,1
G2,RAB3IL1,0.8186891012260435
G2,RABGAP1L,1
G2,RALBP1,1
G2,RALGAPA2,1
G2,RAMP2,0.7607618823708865
G2,RAP1B,1
G2,RARS2,1
G2,RASA2,1
G2,RASGRP2,1
G2,RASSF3,1
G2,RBL1,1
G2,RBM42,0.3009985937142688
G2,RECQL4,1
G2,RECQL5,1
G2,REEP6,0.6638060897552465
G2,RGS1,1
G2,RHOB,0.09191204248442486
G2,RIOK1,1
G2,RMND1,1
G2,RNASET2,0.19345323766161507
G2,RND3,1
G2,RNF135,0.5508481077203822
G2,RNF170,1
G2,RRAS,1
G2,RRM2,1
G2,RSL1D1,0.7680587605562613
G2,RSRP1,1
G2,RUVBL1,1
G2,S100A14,9.942972375627514e-5
G2,S100A9,0.00812962522975703
G2,SAMM50,1
G2,SASH1,1
G2,SAT1,0.0044986534221421225
G2,SCAF1,1
G2,SCD,0.33740293684862943
G2,SCNN1D,1
G2,SCX,1
G2,SDHB,1
G2,SEC14L2,1
G2,SEC23A,1
G2,SEMA3B,1
G2,SEMA4B,1
G2,SF3B4,1
G2,SFRP1,0.0016396209397416162
G2,SFSWAP,0.7607618823708865
G2,SGTA,1
G2,SH3BP5L,0.2033287721307578
G2,SIGLEC1,0.5731151532234399
G2,SIGMAR1,1
G2,SLC16A2,1
G2,SLC16A3,1
G2,SLC22A18,1
G2,SLC25A24,0.288077807885213
G2,SLC2A1,0.1989857147872277
G2,SLC2A8,1
G2,SLC35A2,1
G2,SLC39A6,0.02645760241408664
G2,SLC43A1,1
G2,SLC4A5,1
G2,SLC8B1,0.2033287721307578
G2,SLC9A3R2,0.3884468366244827
G2,SLC9A8,1
G2,SLFN13,1
G2,SLPI,0.9955732642082465
G2,SMCHD1,1
G2,SMG9,1
G2,SMYD2,1
G2,SNAPC3,1
G2,SNF8,1
G2,SNRPD3,0.886060668231577
G2,SNTA1,1
G2,SNX33,0.010993144926357007
G2,SNX8,1
G2,SOD3,1
G2,SOS2,1
G2,SOX4,0.11508169630408019
G2,SP6,0.6638060897552465
G2,SPAG9,1
G2,SPARC,2.0500342475662857e-5
G2,SPIN1,1
G2,SPSB1,0.13460849627535107
G2,SRGN,0.8838878236920742
G2,SRPX2,0.46327401175545735
G2,SRR,1
G2,SRRT,1
G2,SRSF1,0.6638060897552465
G2,SRSF5,1
G2,SSSCA1,1
G2,STAMBP,1
G2,STAT5A,1
G2,STK17A,1
G2,STK4,1
G2,STMN1,0.43974467564547914
G2,STRN3,0.29655286508449985
G2,STT3A,0.8253317797180902
G2,SUGP1,1
G2,SURF1,1
G2,SVIL,1
G2,SYDE1,1
G2,SYK,1
G2,TACC3,1
G2,TANC2,1
G2,TARBP1,0.11662742283529243
G2,TAX1BP1,1
G2,TAX1BP3,0.8565777591918674
G2,TBC1D10A,1
G2,TBC1D23,0.8268507966780217
G2,TBCA,1
G2,TBXAS1,0.7139431598013777
G2,TCEA2,1
G2,TCEA3,0.2252750793735561
G2,TCF25,1
G2,TDRD3,1
G2,TESK1,1
G2,TESMIN,1
G2,TEX10,1
G2,TEX2,1
G2,TFF3,0.8838878236920742
G2,TGFBR2,1
G2,THBS1,1.5658602943161666e-4
G2,THOC5,1
G2,THOC6,1
G2,TIGD5,1
G2,TIMP1,0.030001629017034192
G2,TJP3,0.22600151709689523
G2,TM7SF2,0.011233982405476005
G2,TMBIM6,5.089753089893051e-4
G2,TMEM101,1
G2,TMEM123,7.287564952363829e-9
G2,TMEM14B,0.9813250772670201
G2,TMEM160,1
G2,TMEM184A,0.011537043825089112
G2,TMEM259,0.05217199539310043
G2,TMEM45B,1
G2,TMEM86A,1
G2,TMX1,1
G2,TNC,3.2421629762312395e-4
G2,TNFRSF14,1
G2,TNFRSF21,1
G2,TNFRSF4,1
G2,TNNT1,1
G2,TOM1L2,0.05217199539310043
G2,TP53I3,1
G2,TPM2,1.6842991891561997e-4
G2,TRAC,1
G2,TRAF5,1
G2,TRAP1,1
G2,TRAPPC4,1
G2,TRIM14,1
G2,TRIM22,1
G2,TRIM25,1
G2,TRIM47,1
G2,TSPAN33,1
G2,TSR2,1
G2,TTC31,1
G2,TTI1,1
G2,TXN2,0.1471479506953806
G2,TXNDC17,0.309396797480329
G2,TXNRD2,1
G2,TYMS,1
G2,TYROBP,0.7612221730781389
G2,UBA52,0.008209689206526767
G2,UBA6,0.8718504969565741
G2,UBAP2L,0.4747466852720751
G2,UBE2C,1
G2,UBE2T,0.7239083940654684
G2,UBE2W,1
G2,UBL7,1
G2,UBR2,1
G2,UBXN1,1
G2,UCK1,1
G2,UFD1L,1
G2,UQCRC1,1
G2,UXS1,0.040367767387080304
G2,UXT,1
G2,VARS,1
G2,VAV1,1
G2,VCAM1,1
G2,VEGFB,0.11062162118731557
G2,VIM,0.0027904189611773853
G2,VPS13D,1
G2,VPS45,1
G2,VWF,1
G2,WDFY3,1
G2,WDR13,0.14713192125135394
G2,WDR34,0.05117461889834002
G2,WDR46,0.4115257819123005
G2,WDR73,1
G2,WDR74,1
G2,WIPF1,1
G2,XAB2,0.3585547659151041
G2,XIAP,1
G2,XPO6,0.8262607771457746
G2,YIPF4,1
G2,YTHDC1,1
G2,ZDHHC12,0.47276933863777987
G2,ZFAND3,0.03661976201442554
G2,ZFP36,0.04033218242698145
G2,ZFPL1,1
G2,ZFR,1
G2,ZG16B,0.5269722493570503
G2,ZMAT5,1
G2,ZMYND19,0.7198705543226703
G2,ZMYND8,1
G2,ZNF217,1
G2,ZNF337,1
G2,ZNF33B,0.8507635449029182
G2,ZNF362,1
G2,ZNF524,1
G2,ZNF592,1
G2,ZNF644,0.0200804704793123
G2,ZNF668,1
G2,ZNF771,1
G2,ZNF787,1
G2,ZNF791,1
G2,ZNF83,1
G2,ZNF91,1
G2,ZNRF1,0.6668045057342783
G2,ZSWIM8,1
G3,A2M,0.8609477831318477
G3,AAMDC,1
G3,ABCA3,1
G3,ABCA7,1
G3,ABCF3,1
G3,ABHD14A,1
G3,ABHD4,1
G3,ACAA1,1
G3,ACER3,1
G3,ACTR3B,1
G3,ADAM15,4.751198758633563e-7
G3,ADCY3,1
G3,ADI1,0.23905086402295528
G3,AEBP1,8.750138691161265e-17
G3,AES,0.15331064762834637
G3,AGAP2,1
G3,AGO2,1
G3,AGPAT2,9.78779836308581e-6
G3,AGR2,0.006690342877683252
G3,AHCY,1
G3,AKAP9,1
G3,AKR1A1,1
G3,AKT1S1,0.2782112896562691
G3,ALDH16A1,1
G3,ALG3,0.03826364297149467
G3,ANGPTL4,2.1825069444003197e-4
G3,ANKLE2,0.9347785060368318
G3,ANKRD12,1
G3,ANKRD28,0.09168730362983141
G3,ANLN,1
G3,ANO10,1
G3,AP5B1,1
G3,AP5Z1,0.04025486706833413
G3,APBA2,1
G3,APBB2,1
G3,APOBEC3G,1
G3,APOC1,7.828743120646044e-5
G3,AQP1,0.2479216354444498
G3,ARF5,1
G3,ARF6,1
G3,ARFGEF2,1
G3,ARHGAP10,1
G3,ARHGAP4,1
G3,ARHGAP45,1
G3,ARHGAP5,1
G3,ARHGEF10L,0.8046218529949483
G3,ARHGEF3,1
G3,ARHGEF40,1
G3,ARID1B,1
G3,ARID3A,1
G3,ARID4A,1
G3,ARID5A,1
G3,ARID5B,1
G3,ARNT,1
G3,ASCL2,0.2456950674607793
G3,ASH2L,1
G3,ASL,1
G3,ASMTL,1
G3,ASNA1,2.1825069444003197e-4
G3,ASNS,1
G3,ATAD1,1
G3,ATF6B,0.22903471135410877
G3,ATG12,1
G3,ATG16L2,1
G3,ATL2,1
G3,ATP5H,1
G3,ATP5O,1
G3,ATP6AP1,2.11607056973774e-7
G3,ATP6V0D1,0.06653308291798912
G3,AURKAIP1,1.9749837414656095e-5
G3,AVEN,1
G3,BABAM1,0.100546132593933
G3,BAD,1.5863537695746485e-4
G3,BAG1,1
G3,BAIAP3,1
G3,BCAM,0.3681001241265624
G3,BCL2,1
G3,BCL2L12,1
G3,BGN,6.194001889456515e-8
G3,BICDL1,1
G3,BIN3,1
G3,BIRC2,0.4305155840196499
G3,BIRC5,1
G3,BLVRA,1
G3,BOK,0.007244261182208805
G3,BOLA3,1
G3,BRD9,0.3681001241265624
G3,BRF1,1
G3,BRF2,1
G3,BRK1,0.8275496654229212
G3,BRPF1,1
G3,BSG,3.262521260787733e-6
G3,BST2,2.2420157444794135e-4
G3,BTG1,0.07476264965757286
G3,C10orf10,1
G3,C10orf54,1
G3,C12orf45,1
G3,C15orf61,1
G3,C19orf24,0.06294782936350393
G3,C19orf52,1
G3,C19orf60,0.02624459714302533
G3,C1QB,1
G3,C1R,0.13941429736267852
G3,C1S,0.03887374306258909
G3,C1orf216,1
G3,C2,0.8618408842644766
G3,C2CD2L,1
G3,C3,0.004473360872410294
G3,C4orf48,1
G3,C5orf38,1
G3,C6orf136,1
G3,C6orf48,1
G3,CADM4,1
G3,CALML5,1
G3,CAMTA2,1
G3,CAPG,0.3196228928407652
G3,CARS2,1
G3,CBLC,0.5731412437026472
G3,CCDC106,0.435462599076497
G3,CCDC167,0.02496511879277692
G3,CCDC57,0.08573223796896279
G3,CCDC80,1
G3,CCDC88B,1
G3,CCL19,0.08597241152578006
G3,CCL2,0.20581300012653556
G3,CCL21,0.47381893496919153
G3,CCM2,0.30603702005268385
G3,CCNB1,1
G3,CCNB1IP1,0.25253228807474215
G3,CCNE1,1
G3,CCNE2,1
G3,CCS,0.015320751156155173
G3,CCT4,0.45274333445153
G3,CD14,1
G3,CD320,1
G3,CD3D,1
G3,CD4,1
G3,CD52,0.22903471135410877
G3,CD68,0.0016383940930745126
G3,CD74,0.005455807339297188
G3,CD79A,1
G3,CDC20,1
G3,CDC6,1
G3,CDH11,1
G3,CDH3,0.17899548790155595
G3,CDK5RAP1,0.435462599076497
G3,CENPF,1
G3,CEP250,1
G3,CEP55,1
G3,CERCAM,0.264705758661824
G3,CERS5,1
G3,CES2,1
G3,CFAP36,1
G3,CFDP1,1
G3,CGGBP1,1
G3,CHCHD6,1
G3,CHD1,0.7604659199392765
G3,CHD6,1
G3,CHFR,1
G3,CHST11,1
G3,CIR1,1
G3,CLASRP,0.4855914159506408
G3,CLDN3,1.428558052071614e-4
G3,CLDN4,0.00766276518144814
G3,CLU,7.941735536171917e-11
G3,CNN2,0.295370292563749
G3,COL14A1,0.4654615524680698
G3,COL3A1,6.957430453452045e-6
G3,COL4A1,0.024440284064951447
G3,COL6A2,0.00766276518144814
G3,COL8A2,0.47854156510706203
G3,COMMD1,1
G3,COMP,5.170839839545763e-12
G3,COPS7A,1
G3,COQ4,1
G3,CORO1A,1
G3,CORO1B,0.01843637653535838
G3,CORO2A,1
G3,CORO7,1
G3,COX5A,0.15957926722030175
G3,CPNE1,0.020102530572482884
G3,CPSF1,1
G3,CPVL,1
G3,CRABP2,0.3283237480798721
G3,CRACR2B,1
G3,CRELD2,1
G3,CROCC,1
G3,CSF1,1
G3,CSF1R,1
G3,CTDSPL,0.011472469473056683
G3,CTIF,1
G3,CTSK,0.007445435025028981
G3,CTU2,0.7828643634908768
G3,CUTC,1
G3,CUX1,1
G3,CX3CL1,0.0058288746067036825
G3,CXCL10,1
G3,CXXC5,1
G3,CYP27A1,1
G3,DAPK3,0.3681001241265624
G3,DCAF6,0.6499624124140694
G3,DCXR,1
G3,DDAH1,1
G3,DDB2,1
G3,DDIT3,1
G3,DDRGK1,1
G3,DDT,1
G3,DEAF1,1
G3,DENND1A,1
G3,DERL3,0.18894912189609753
G3,DESI1,1
G3,DHX16,1
G3,DLG1,0.7828643634908768
G3,DMAP1,0.8237499324942037
G3,DNAJB2,3.4755973092231907e-6
G3,DNAJC1,1
G3,DNAJC7,1
G3,DOCK6,1
G3,DPH3,1
G3,DPM2,0.7244416881069955
G3,DPP7,0.007445435025028981
G3,DPP9,1
G3,DPYSL3,0.0036380758491811175
G3,DVL1,1
G3,EBAG9,1
G3,ECHDC2,1
G3,ECM1,0.007584723851118482
G3,EFEMP2,0.09076046443928062
G3,EFHD2,1
G3,EGFR,1
G3,EIF1AD,1
G3,EIF3B,0.007244261182208805
G3,EIF3F,1
G3,EIF3G,0.7231875468259388
G3,ELN,0.8237499324942037
G3,ELOF1,1
G3,EMC3,1
G3,ENPP1,1
G3,EPHB3,1
G3,ERAL1,1
G3,ERBB2,2.040552728627006e-4
G3,ERI3,0.003075129259403374
G3,ERMP1,1
G3,ESR1,0.7568042310555989
G3,ETFB,1
G3,EVA1B,1
G3,EXD3,1
G3,EXO1,1
G3,EXOC5,1
G3,EXOSC1,1
G3,EXOSC10,1
G3,EXOSC2,1
G3,EZH2,1
G3,FAAH,1
G3,FADS2,2.7308509143557237e-8
G3,FAH,1
G3,FAIM2,1
G3,FAM102A,1
G3,FAM117A,1
G3,FAM118A,1
G3,FAM160B1,1
G3,FAM173A,0.2479216354444498
G3,FAM193B,9.007353001623433e-6
G3,FAM213B,1
G3,FAM3A,0.09168730362983141
G3,FAM45A,1
G3,FAP,0.13533528321458108
G3,FARP1,1
G3,FARSB,1
G3,FASN,0.04015022387051414
G3,FBF1,1
G3,FBLN2,1
G3,FCER1G,1
G3,FDPS,1
G3,FGFR1,1
G3,FGFR4,1.05191197807014e-4
G3,FKBP10,0.06736899142771925
G3,FKBP8,0.32225408615120915
G3,FLNA,1.470002320645823e-8
G3,FN1,1.2333512878898664e-8
G3,FNBP4,1
G3,FOXA1,1
G3,FOXC1,1
G3,FOXP4,1.5863537695746485e-4
G3,FSTL1,0.2479216354444498
G3,FSTL3,1
G3,FUOM,1
G3,FUS,1
G3,FZD2,1
G3,GALK1,0.7828643634908768
G3,GANAB,0.026556982368473824
G3,GAR1,1
G3,GAS6,1.5863237351232569e-9
G3,GATA3,1
G3,GATC,0.09953286693324019
G3,GBP1,0.2479216354444498
G3,GBP2,1
G3,GBP3,1
G3,GBP4,1
G3,GBP5,1
G3,GEMIN4,1
G3,GLCCI1,1
G3,GLG1,1
G3,GLTSCR2,1
G3,GMFG,0.505201120088074
G3,GMPPA,0.16298296310138924
G3,GNAI2,0.06213434230042574
G3,GNAS,0.05447369642698393
G3,GNL2,0.6900574417108055
G3,GPR108,1
G3,GPR160,1
G3,GPRC5A,0.0055967336576481655
G3,GPS1,1
G3,GPSM1,1
G3,GPX3,1
G3,GRB7,0.003100527710415232
G3,GRK3,1
G3,GSK3A,0.040982585645910244
G3,GSTM3,1
G3,GYPC,1
G3,HAGHL,0.9164205711192541
G3,HCFC1R1,3.109515807807108e-6
G3,HCST,1
G3,HDAC5,1
G3,HDAC6,0.03826364297149467
G3,HELZ2,0.0013707855564011882
G3,HES1,0.007244261182208805
G3,HLA-B,0.0010300484687544985
G3,HLA-DMA,0.21421582620383842
G3,HLA-DMB,1
G3,HLA-DOA,1
G3,HLA-DPA1,0.17977217713983765
G3,HLA-DPB1,1
G3,HLA-DRA,0.02044704880861618
G3,HLA-DRB1,0.20581300012653556
G3,HMGB2,1
G3,HNRNPUL2,0.04934852422717565
G3,HOOK3,0.5177990686579617
G3,HPS6,1
G3,HSD17B1,1
G3,HSPA4,1
G3,HSPB1,1.5728665726716785e-4
G3,HSPB11,1
G3,HYI,0.9918515144009781
G3,IDH3G,1
G3,IDUA,1
G3,IER5L,1
G3,IFI27,2.341588902905066e-6
G3,IFI27L1,1
G3,IFI44L,0.13439506857040207
G3,IGFBP2,0.04325264280709012
G3,IGFBP4,1
G3,IGHA1,1
G3,IGHG3,1.0612337848089364e-6
G3,IGHG4,2.11607056973774e-7
G3,IGHM,0.6499624124140694
G3,IGKC,0.2084148587885552
G3,IGLC2,5.454969553936211e-7
G3,IGLC3,0.14727470716561328
G3,IGLC7,1
G3,IKZF3,1
G3,IL10RA,1
G3,ILKAP,1
G3,INAFM1,0.9247690005107791
G3,INPP4B,1
G3,INPP5D,0.046309658450858354
G3,INPP5J,1
G3,INTS8,1
G3,ISG15,2.2420157444794135e-4
G3,ISLR,0.03559686982575225
G3,ITGA5,0.31591661388364245
G3,ITGB4,0.5762858975175595
G3,ITGB6,8.024747645555064e-6
G3,ITSN1,1
G3,JAG2,1
G3,JAK1,0.11117048633511248
G3,JAK3,1
G3,JCHAIN,1
G3,JMJD6,1
G3,KAT6B,1
G3,KATNA1,1
G3,KCNAB2,1
G3,KCTD10,1
G3,KDM4B,1
G3,KIAA0895L,0.8639908055334677
G3,KIAA1211L,1
G3,KIAA1217,0.156555255235879
G3,KIAA1468,1
G3,KIAA1715,0.8237499324942037
G3,KIF13B,1
G3,KIF2C,1
G3,KLF9,1
G3,KMT2B,0.4417626438231404
G3,KMT2E,1
G3,KPNB1,1
G3,KRAS,1
G3,KRT10,1
G3,KRT14,1
G3,KRT17,1
G3,KRT5,0.8645471537437425
G3,KRT8,3.4767788121104165e-4
G3,KRT86,1
G3,LAMB2,0.25291311900075997
G3,LAMTOR2,0.006795693970439127
G3,LANCL1,1
G3,LARP1B,1
G3,LARP7,1
G3,LCK,0.6273598665994462
G3,LCP1,0.03211747472048865
G3,LGALS1,0.07488827574830274
G3,LIMCH1,1
G3,LIMK1,0.10161958476271923
G3,LINC00176,1
G3,LINGO1,1
G3,LLGL1,1
G3,LMF1,1
G3,LMNA,2.1825069444003197e-4
G3,LRRC8A,1
G3,LRWD1,1
G3,LST1,1
G3,LTB4R,1
G3,LTBP3,6.257749965125816e-4
G3,LTF,4.529274149272562e-7
G3,LUC7L,1
G3,LUC7L3,1
G3,LUM,4.513131493867888e-9
G3,LYL1,1
G3,MAGEF1,1
G3,MAGI1,1
G3,MAGOHB,1
G3,MAP1S,1
G3,MAP3K14,1
G3,MAP3K6,0.2479216354444498
G3,MAP4K2,1
G3,MAPK9,0.7828643634908768
G3,MAPKAPK5,1
G3,MAPT,1
G3,MARS,0.25215071867191835
G3,MAVS,1
G3,MCTS1,1
G3,MDM2,1
G3,MED13L,1
G3,MED25,0.7974512535993193
G3,MELK,1
G3,MEN1,1
G3,METTL12,1
G3,METTL16,1
G3,MFAP4,1
G3,MFSD3,1
G3,MFSD7,1
G3,MGMT,1
G3,MGP,8.541979877242087e-7
G3,MIB2,1
G3,MICAL1,1
G3,MICALL2,1
G3,MID1IP1,0.007244261182208805
G3,MIF,1
G3,MIIP,0.47985371979975344
G3,MKI67,1
G3,MKNK1,1
G3,MLLT4,1
G3,MLPH,0.026087617193482612
G3,MLST8,0.6859432762710204
G3,MMP11,2.6978294815021373e-12
G3,MMP9,0.8276222701710366
G3,MORC2,1
G3,MPND,0.05143159237019841
G3,MPST,0.058383533522127024
G3,MRPL2,1
G3,MRPL21,0.06263620927339827
G3,MRPL23,0.8237499324942037
G3,MRPL51,0.342660203656485
G3,MRPL54,1
G3,MRPS22,1
G3,MS4A6A,0.7604659199392765
G3,MST1R,1
G3,MTG2,1
G3,MTMR12,1
G3,MUC1,1.3675341571391058e-5
G3,MUCL1,9.547860328003344e-6
G3,MUS81,1
G3,MVP,1
G3,MX2,0.2027764930359167
G3,MYBL2,0.09456195712019437
G3,MYC,1
G3,MYH10,1
G3,MYL12B,0.01116876719915896
G3,MYL6B,1
G3,MYL9,7.607543681849628e-4
G3,MYO1G,1
G3,MYO9B,0.435462599076497
G3,MZT2A,0.6499624124140694
G3,NAA10,0.003922884167846274
G3,NANS,1
G3,NAT1,1
G3,NCKAP1L,1
G3,NCKAP5L,1
G3,NDC80,1
G3,NDRG1,5.454969553936211e-7
G3,NDUFA1,0.3681001241265624
G3,NDUFA12,0.8618408842644766
G3,NDUFB2,1
G3,NDUFB3,0.9078298706475804
G3,NDUFB9,0.3149078820951292
G3,NDUFC1,0.7828643634908768
G3,NDUFS1,0.7527540514476548
G3,NDUFV3,1
G3,NEBL,1
G3,NEK7,1
G3,NELFE,1
G3,NFATC4,1
G3,NFIC,0.008530669331320065
G3,NINJ1,0.05172710230956534
G3,NIT2,1
G3,NMRAL1,0.5653421341864316
G3,NR1H2,0.6343289596980095
G3,NR4A1,0.006590538013537005
G3,NRP1,1
G3,NSMCE1,1
G3,NTMT1,1
G3,NUF2,1
G3,NUP214,1
G3,NUP93,1
G3,NXN,0.6663422723973182
G3,OASL,0.42203436310478604
G3,OGFRL1,1
G3,OPTN,1
G3,ORC2,1
G3,ORC6,1
G3,OSBPL8,1
G3,P4HA2,0.8237499324942037
G3,PAF1,1
G3,PAFAH1B3,1
G3,PAQR4,1
G3,PARN,0.45274333445153
G3,PCCB,1
G3,PCIF1,1
G3,PDCD5,1
G3,PDGFRA,0.7244133281945618
G3,PDGFRB,1
G3,PER1,1
G3,PEX11G,1
G3,PEX14,1
G3,PGLS,1
G3,PGR,1
G3,PHF11,1
G3,PHF13,1
G3,PHF21A,0.18478874197413003
G3,PHGDH,1
G3,PHKB,0.15017834155184337
G3,PIGQ,0.01116876719915896
G3,PIH1D1,1
G3,PILRA,1
G3,PIM2,1
G3,PITX1,0.2973555165421094
G3,PKNOX1,1
G3,PLAC9,1
G3,PLEKHO2,1
G3,PLIN2,1
G3,PLK1,0.4305155840196499
G3,PLK2,1
G3,PLLP,1
G3,PLP2,1
G3,PLPPR2,1
G3,PLSCR1,0.42246589207148627
G3,PLTP,1
G3,PLVAP,1
G3,PLXNA1,0.0026245671952153287
G3,PLXND1,0.05172710230956534
G3,PMP22,1
G3,PNISR,1
G3,PNMT,0.619306996065233
G3,PNP,1
G3,PNPLA6,1
G3,PODNL1,1
G3,PODXL,1
G3,POLR2E,0.45274333445153
G3,POLR2J,0.9918515144009781
G3,POR,0.6837172434093511
G3,POSTN,0.01116876719915896
G3,PPHLN1,1
G3,PPIB,1
G3,PPIH,1
G3,PPM1G,0.2479216354444498
G3,PPP1R1A,0.45274333445153
G3,PPP1R1B,0.24041723628952025
G3,PPP1R37,1
G3,PRKAB1,0.19955469520122296
G3,PRKCSH,0.015320751156155173
G3,PROSER1,1
G3,PRPF6,0.4305155840196499
G3,PRPSAP1,1
G3,PSCA,1
G3,PSMD4,1
G3,PSTPIP1,1
G3,PTGDS,0.1736684183496482
G3,PTOV1,0.295370292563749
G3,PTP4A3,1
G3,PTPRC,0.2680867347070754
G3,PTPRJ,1
G3,PTRF,8.436979363225813e-5
G3,PTRH1,1
G3,PTTG1,1
G3,PUS3,1
G3,PWP1,1
G3,PWWP2B,0.16577099424815211
G3,PXDN,0.18478874197413003
G3,PYURF,1
G3,QSOX1,0.024440284064951447
G3,R3HDM2,1
G3,RAB11FIP1,0.0052156353323351366
G3,RAB3A,1
G3,RAB3GAP1,1
G3,RAB3IL1,1
G3,RABGAP1L,1
G3,RALBP1,0.8252681193656685
G3,RALGAPA2,1
G3,RAMP2,1
G3,RAP1B,1
G3,RARS2,1
G3,RASA2,1
G3,RASGRP2,1
G3,RASSF3,1
G3,RBL1,1
G3,RBM42,1
G3,RECQL4,1
G3,RECQL5,1
G3,REEP6,1
G3,RGS1,1
G3,RHOB,0.15957926722030175
G3,RIOK1,1
G3,RMND1,1
G3,RNASET2,1
G3,RND3,1
G3,RNF135,1
G3,RNF170,1
G3,RRAS,0.09976873197094684
G3,RRM2,1
G3,RSL1D1,1
G3,RSRP1,1
G3,RUVBL1,1
G3,S100A14,0.0016951688431051477
G3,S100A9,0.00766276518144814
G3,SAMM50,1
G3,SASH1,1
G3,SAT1,0.007445435025028981
G3,SCAF1,1
G3,SCD,0.9918515144009781
G3,SCNN1D,1
G3,SCX,1
G3,SDHB,1
G3,SEC14L2,1
G3,SEC23A,1
G3,SEMA3B,1
G3,SEMA4B,1
G3,SF3B4,1
G3,SFRP1,0.2479216354444498
G3,SFSWAP,1
G3,SGTA,0.2506036635837257
G3,SH3BP5L,0.03632832122057419
G3,SIGLEC1,1
G3,SIGMAR1,1
G3,SLC16A2,0.39506752667912104
G3,SLC16A3,0.22903471135410877
G3,SLC22A18,1
G3,SLC25A24,1
G3,SLC2A1,0.47854156510706203
G3,SLC2A8,1
G3,SLC35A2,1
G3,SLC39A6,0.007445435025028981
G3,SLC43A1,1
G3,SLC4A5,1
G3,SLC8B1,0.06601391642852593
G3,SLC9A3R2,1
G3,SLC9A8,1
G3,SLFN13,1
G3,SLPI,1
G3,SMCHD1,1
G3,SMG9,1
G3,SMYD2,0.9255878328601578
G3,SNAPC3,1
G3,SNF8,1
G3,SNRPD3,1
G3,SNTA1,1
G3,SNX33,1
G3,SNX8,1
G3,SOD3,1
G3,SOS2,1
G3,SOX4,0.029538803168021904
G3,SP6,1
G3,SPAG9,1
G3,SPARC,3.0079087072403576e-5
G3,SPIN1,1
G3,SPSB1,0.023684459424152843
G3,SRGN,1
G3,SRPX2,0.02120211496460509
G3,SRR,1
G3,SRRT,0.2782112896562691
G3,SRSF1,1
G3,SRSF5,1
G3,SSSCA1,1
G3,STAMBP,1
G3,STAT5A,1
G3,STK17A,1
G3,STK4,1
G3,STMN1,0.02482222150558252
G3,STRN3,1
G3,STT3A,1
G3,SUGP1,1
G3,SURF1,1
G3,SVIL,0.33023882221947304
G3,SYDE1,1
G3,SYK,1
G3,TACC3,1
G3,TANC2,1
G3,TARBP1,0.8609477831318477
G3,TAX1BP1,1
G3,TAX1BP3,0.6236027458317419
G3,TBC1D10A,0.38258551630118115
G3,TBC1D23,1
G3,TBCA,1
G3,TBXAS1,1
G3,TCEA2,0.23004237929440088
G3,TCEA3,1
G3,TCF25,0.9918515144009781
G3,TDRD3,1
G3,TESK1,1
G3,TESMIN,0.8842447134514181
G3,TEX10,1
G3,TEX2,0.619306996065233
G3,TFF3,0.06032437417926274
G3,TGFBR2,1
G3,THBS1,0.020479850033543977
G3,THOC5,1
G3,THOC6,0.9652177458608343
G3,TIGD5,1
G3,TIMP1,0.7002250124299647
G3,TJP3,0.100546132593933
G3,TM7SF2,0.05110606944745585
G3,TMBIM6,0.15331064762834637
G3,TMEM101,1
G3,TMEM123,8.541979877242087e-7
G3,TMEM14B,1
G3,TMEM160,1
G3,TMEM184A,0.026556982368473824
G3,TMEM259,0.4342253797284131
G3,TMEM45B,1
G3,TMEM86A,1
G3,TMX1,1
G3,TNC,0.02101263107077101
G3,TNFRSF14,1
G3,TNFRSF21,1
G3,TNFRSF4,1
G3,TNNT1,1
G3,TOM1L2,1
G3,TP53I3,1
G3,TPM2,0.002763057214892908
G3,TRAC,1
G3,TRAF5,1
G3,TRAP1,0.5676975412269597
G3,TRAPPC4,1
G3,TRIM14,0.6958252455711288
G3,TRIM22,1
G3,TRIM25,1
G3,TRIM47,0.06666501559405055
G3,TSPAN33,1
G3,TSR2,1
G3,TTC31,0.2456950674607793
G3,TTI1,1
G3,TXN2,1
G3,TXNDC17,0.8840264272283378
G3,TXNRD2,1
G3,TYMS,0.28609635854826804
G3,TYROBP,0.2549018027882074
G3,UBA52,1.2816291873389794e-8
G3,UBA6,1
G3,UBAP2L,0.6499624124140694
G3,UBE2C,1
G3,UBE2T,0.3820590034603111
G3,UBE2W,1
G3,UBL7,0.8237499324942037
G3,UBR2,1
G3,UBXN1,1
G3,UCK1,1
G3,UFD1L,1
G3,UQCRC1,1
G3,UXS1,1
G3,UXT,1
G3,VARS,0.4941272233816601
G3,VAV1,1
G3,VCAM1,1
G3,VEGFB,1
G3,VIM,0.05855375566525325
G3,VPS13D,1
G3,VPS45,1
G3,VWF,1
G3,WDFY3,1
G3,WDR13,1
G3,WDR34,1
G3,WDR46,0.29506741386679264
G3,WDR73,1
G3,WDR74,0.435462599076497
G3,WIPF1,1
G3,XAB2,0.4857147327813297
G3,XIAP,0.8328976122443318
G3,XPO6,0.05110606944745585
G3,YIPF4,0.9877175228263771
G3,YTHDC1,1
G3,ZDHHC12,1
G3,ZFAND3,0.9918515144009781
G3,ZFP36,1
G3,ZFPL1,1
G3,ZFR,1
G3,ZG16B,0.023684459424152843
G3,ZMAT5,0.2407135311326748
G3,ZMYND19,1
G3,ZMYND8,0.8575157308465634
G3,ZNF217,1
G3,ZNF337,1
G3,ZNF33B,1
G3,ZNF362,1
G3,ZNF524,1
G3,ZNF592,1
G3,ZNF644,1
G3,ZNF668,1
G3,ZNF771,1
G3,ZNF787,0.859282502107419
G3,ZNF791,1
G3,ZNF83,1
G3,ZNF91,1
G3,ZNRF1,1
G3,ZSWIM8,1
H1,A2M,3.9812921631723966e-6
H1,AAMDC,1
H1,ABCA3,0.6832419066674662
H1,ABCA7,0.17310480918472246
H1,ABCF3,0.25901057598818955
H1,ABHD14A,1
H1,ABHD4,1
H1,ACAA1,0.5367800563944146
H1,ACER3,1
H1,ACTR3B,0.9195112169482194
H1,ADAM15,0.109004734107108
H1,ADCY3,1
H1,ADI1,0.0023524887059016247
H1,AEBP1,0.004887052183140222
H1,AES,1.417840652088899e-5
H1,AGAP2,1
H1,AGO2,0.9081698414402569
H1,AGPAT2,1.4431337170961716e-13
H1,AGR2,0.6448855402910726
H1,AHCY,0.04130039702986463
H1,AKAP9,1
H1,AKR1A1,0.004292355232556083
H1,AKT1S1,0.6371337251638365
H1,ALDH16A1,1
H1,ALG3,0.07697468256261485
H1,ANGPTL4,1
H1,ANKLE2,1
H1,ANKRD12,1
H1,ANKRD28,1
H1,ANLN,1
H1,ANO10,1
H1,AP5B1,0.26957080449600934
H1,AP5Z1,0.7848486717805468
H1,APBA2,0.020149371084063603
H1,APBB2,1
H1,APOBEC3G,0.11377135745225078
H1,APOC1,0.002663849446933253
H1,AQP1,0.6759723541406386
H1,ARF5,1
H1,ARF6,0.15021586182039473
H1,ARFGEF2,0.6735294662402439
H1,ARHGAP10,1
H1,ARHGAP4,2.4096302241006732e-5
H1,ARHGAP45,3.6881521095889226e-7
H1,ARHGAP5,1
H1,ARHGEF10L,0.5260138823418833
H1,ARHGEF3,0.31872720939524096
H1,ARHGEF40,0.009936402912599633
H1,ARID1B,1
H1,ARID3A,0.6363441937464304
H1,ARID4A,1
H1,ARID5A,0.013619260576741203
H1,ARID5B,1
H1,ARNT,0.2855878952086213
H1,ASCL2,1
H1,ASH2L,1
H1,ASL,1
H1,ASMTL,0.11156270213037651
H1,ASNA1,9.313545928881222e-4
H1,ASNS,1
H1,ATAD1,1
H1,ATF6B,0.19428579983766972
H1,ATG12,0.1777138885190935
H1,ATG16L2,0.5281392751149809
H1,ATL2,1
H1,ATP5H,0.3843085805537762
H1,ATP5O,0.22774599035873525
H1,ATP6AP1,1.0609855143304255e-5
H1,ATP6V0D1,0.010154020534944597
H1,AURKAIP1,0.028381131663758073
H1,AVEN,1
H1,BABAM1,1
H1,BAD,0.06465281787167171
H1,BAG1,1
H1,BAIAP3,1
H1,BCAM,0.005056135452021022
H1,BCL2,1
H1,BCL2L12,1
H1,BGN,2.6899734555922784e-9
H1,BICDL1,1
H1,BIN3,0.6397429463004174
H1,BIRC2,1
H1,BIRC5,0.004386251930049033
H1,BLVRA,1
H1,BOK,1
H1,BOLA3,1
H1,BRD9,0.30062443586896015
H1,BRF1,0.38152020875491527
H1,BRF2,1
H1,BRK1,0.3270821165550823
H1,BRPF1,1
H1,BSG,1.2813269506260823e-5
H1,BST2,3.282740389252859e-8
H1,BTG1,5.564284086974631e-8
H1,C10orf10,1
H1,C10orf54,0.14638787202732764
H1,C12orf45,0.17570116860685303
H1,C15orf61,1
H1,C19orf24,1
H1,C19orf52,1
H1,C19orf60,0.17328562996618868
H1,C1QB,0.0022061635943347517
H1,C1R,8.908074975428e-4
H1,C1S,0.004047865946824476
H1,C1orf216,0.5783957808662834
H1,C2,0.09866737085926902
H1,C2CD2L,0.525592067568087
H1,C3,8.920498900586226e-15
H1,C4orf48,0.04035958610216299
H1,C5orf38,1
H1,C6orf136,1
H1,C6orf48,1.0296632544245235e-4
H1,CADM4,1
H1,CALML5,0.15930909346972297
H1,CAMTA2,1
H1,CAPG,6.4360106793371455e-6
H1,CARS2,1
H1,CBLC,1
H1,CCDC106,1
H1,CCDC167,0.019720335370960154
H1,CCDC57,1
H1,CCDC80,0.023467151379987297
H1,CCDC88B,0.2895753503419131
H1,CCL19,2.2868890772873483e-12
H1,CCL2,0.5052127619641231
H1,CCL21,9.778475601148638e-4
H1,CCM2,0.005134607641544254
H1,CCNB1,0.43592645582720124
H1,CCNB1IP1,1
H1,CCNE1,1
H1,CCNE2,0.5832272965980703
H1,CCS,0.008964298966629442
H1,CCT4,0.6821988050314604
H1,CD14,1.5777750427407428e-5
H1,CD320,0.14109887454393066
H1,CD3D,0.09687543702418468
H1,CD4,1.0151811698254494e-7
H1,CD52,1.3514910579112718e-17
H1,CD68,0.007981627485199727
H1,CD74,7.998069851252207e-19
H1,CD79A,0.04519968212596316
H1,CDC20,0.0016415436150943388
H1,CDC6,1
H1,CDH11,0.6916167436790578
H1,CDH3,1
H1,CDK5RAP1,1
H1,CENPF,0.7369774593100163
H1,CEP250,1
H1,CEP55,1
H1,CERCAM,0.014412350875369065
H1,CERS5,1
H1,CES2,1
H1,CFAP36,1
H1,CFDP1,1
H1,CGGBP1,0.45174059976220826
H1,CHCHD6,1
H1,CHD1,0.31776369218423833
H1,CHD6,1
H1,CHFR,0.010060037069457586
H1,CHST11,1
H1,CIR1,1
H1,CLASRP,0.7780592063535273
H1,CLDN3,1.433677237174098e-13
H1,CLDN4,3.280656564395101e-4
H1,CLU,0.11449784236269098
H1,CNN2,5.787895149183324e-5
H1,COL14A1,1
H1,COL3A1,0.00200914456728289
H1,COL4A1,0.011521369444031775
H1,COL6A2,4.4064646035447506e-5
H1,COL8A2,1
H1,COMMD1,0.4129941581517201
H1,COMP,0.1373657108193
H1,COPS7A,1
H1,COQ4,0.733180233791216
H1,CORO1A,0.0022543773953949907
H1,CORO1B,0.07880491796989916
H1,CORO2A,1
H1,CORO7,0.01950220090407538
H1,COX5A,0.8699627661444508
H1,CPNE1,8.908074975428e-4
H1,CPSF1,0.19054661828793126
H1,CPVL,0.17310480918472246
H1,CRABP2,0.00408513516446613
H1,CRACR2B,0.007908327443985563
H1,CRELD2,0.4451926292023261
H1,CROCC,1
H1,CSF1,1
H1,CSF1R,0.0023650714784308803
H1,CTDSPL,0.24638650617209165
H1,CTIF,1
H1,CTSK,0.01853479545816167
H1,CTU2,0.7062539707638172
H1,CUTC,0.4098091435109219
H1,CUX1,0.27770347949581486
H1,CX3CL1,0.1072486333999607
H1,CXCL10,0.6692342501079569
H1,CXXC5,1
H1,CYP27A1,0.6570885085224966
H1,DAPK3,0.22559796884322308
H1,DCAF6,1
H1,DCXR,0.06391228856441981
H1,DDAH1,0.6736347506545157
H1,DDB2,1
H1,DDIT3,1
H1,DDRGK1,1
H1,DDT,0.4540003434298983
H1,DEAF1,0.6113057175144968
H1,DENND1A,1
H1,DERL3,0.019100065097328624
H1,DESI1,1
H1,DHX16,1
H1,DLG1,0.06466796386262377
H1,DMAP1,0.319511423663808
H1,DNAJB2,0.9723077160339814
H1,DNAJC1,1
H1,DNAJC7,0.7461014992529156
H1,DOCK6,0.011521369444031775
H1,DPH3,1
H1,DPM2,0.06636113006253658
H1,DPP7,0.010369391526874272
H1,DPP9,0.7691800543637165
H1,DPYSL3,0.42856225344868815
H1,DVL1,1
H1,EBAG9,0.3580078556867349
H1,ECHDC2,1
H1,ECM1,0.5863173221808129
H1,EFEMP2,0.009948442237389216
H1,EFHD2,0.17517678394341418
H1,EGFR,1
H1,EIF1AD,1
H1,EIF3B,1.3278728702564804e-6
H1,EIF3F,1
H1,EIF3G,0.4830673979406483
H1,ELN,1
H1,ELOF1,0.4129941581517201
H1,EMC3,1
H1,ENPP1,1
H1,EPHB3,0.0016415436150943388
H1,ERAL1,0.011521369444031775
H1,ERBB2,1.6198581728783924e-19
H1,ERI3,0.008503019565240072
H1,ERMP1,0.17511159486681271
H1,ESR1,1
H1,ETFB,3.641936444182237e-4
H1,EVA1B,1
H1,EXD3,1
H1,EXOC5,0.32225767726295906
H1,EXOSC1,1
H1,EXOSC10,0.007302040880438451
H1,EXOSC2,1
H1,EZH2,1
H1,FAAH,0.6350581658171731
H1,FADS2,0.004047865946824476
H1,FAH,1
H1,FAIM2,1
H1,FAM102A,0.013101493792453935
H1,FAM117A,1
H1,FAM118A,1
H1,FAM160B1,1
H1,FAM173A,0.8335141749537708
H1,FAM193B,9.053325567906792e-4
H1,FAM213B,1
H1,FAM3A,1
H1,FAM45A,1
H1,FAP,1
H1,FARP1,2.4096302241006732e-5
H1,FARSB,0.6367139852931185
H1,FASN,7.660154340158764e-7
H1,FBF1,1
H1,FBLN2,0.029225492539293945
H1,FCER1G,0.2365236935147363
H1,FDPS,8.908074975428e-4
H1,FGFR1,0.03982337481379272
H1,FGFR4,0.003442419010501887
H1,FKBP10,1
H1,FKBP8,0.0033782370662496022
H1,FLNA,1.0919966681941655e-7
H1,FN1,1.0196694263735298e-5
H1,FNBP4,0.8558036643265002
H1,FOXA1,0.23102035945354318
H1,FOXC1,1
H1,FOXP4,9.991938149159705e-5
H1,FSTL1,1
H1,FSTL3,1
H1,FUOM,0.6160114879937072
H1,FUS,0.048876571655045865
H1,FZD2,0.06076510434744561
H1,GALK1,1
H1,GANAB,9.991938149159705e-5
H1,GAR1,1
H1,GAS6,0.11874577510803695
H1,GATA3,0.11799921009999814
H1,GATC,0.7795505928204254
H1,GBP1,1
H1,GBP2,1
H1,GBP3,1
H1,GBP4,0.7928640172529443
H1,GBP5,1
H1,GEMIN4,1
H1,GLCCI1,1
H1,GLG1,0.408710597979853
H1,GLTSCR2,0.8197574988878912
H1,GMFG,0.010646816505650438
H1,GMPPA,0.022293486700772056
H1,GNAI2,4.896937628001864e-7
H1,GNAS,5.143898960957257e-10
H1,GNL2,0.033039994623569345
H1,GPR108,1
H1,GPR160,0.6363441937464304
H1,GPRC5A,1
H1,GPS1,2.3150192348094967e-4
H1,GPSM1,0.016900221411213216
H1,GPX3,7.660154340158764e-7
H1,GRB7,0.012009963633056375
H1,GRK3,0.1765478311906031
H1,GSK3A,0.0015656767491502924
H1,GSTM3,1
H1,GYPC,0.12756891188378092
H1,HAGHL,1
H1,HCFC1R1,0.053208943912805916
H1,HCST,0.0023276958967742346
H1,HDAC5,0.08534433797000726
H1,HDAC6,0.2689091589217964
H1,HELZ2,0.020553611224807988
H1,HES1,1
H1,HLA-B,1.1521037684721793e-16
H1,HLA-DMA,1.713971405121483e-5
H1,HLA-DMB,7.616019786158027e-7
H1,HLA-DOA,1
H1,HLA-DPA1,9.809368219520445e-7
H1,HLA-DPB1,1.659155334183419e-5
H1,HLA-DRA,1.6485616600980297e-14
H1,HLA-DRB1,4.5379053847348953e-10
H1,HMGB2,1.952982096486723e-4
H1,HNRNPUL2,0.00832066861103219
H1,HOOK3,1
H1,HPS6,1
H1,HSD17B1,1
H1,HSPA4,1
H1,HSPB1,3.206142960379131e-4
H1,HSPB11,0.9186611698030278
H1,HYI,1
H1,IDH3G,0.17310480918472246
H1,IDUA,1
H1,IER5L,1.9416931212043557e-5
H1,IFI27,1.83149986102752e-9
H1,IFI27L1,0.7448850987793829
H1,IFI44L,0.3884303110199264
H1,IGFBP2,1.6485616600980297e-14
H1,IGFBP4,0.004045032221675025
H1,IGHA1,1.0608885483784954e-6
H1,IGHG3,2.438227325049011e-12
H1,IGHG4,3.1043743130597486e-13
H1,IGHM,9.053325567906792e-4
H1,IGKC,7.687022108528902e-13
H1,IGLC2,1.5814283117904117e-6
H1,IGLC3,6.646269138818241e-8
H1,IGLC7,0.011021503117669982
H1,IKZF3,0.16992812045520284
H1,IL10RA,0.0012022858402325602
H1,ILKAP,1
H1,INAFM1,1
H1,INPP4B,0.932073785746343
H1,INPP5D,0.6951137385559331
H1,INPP5J,1
H1,INTS8,1
H1,ISG15,1
H1,ISLR,0.5601114259842521
H1,ITGA5,0.10106164547079027
H1,ITGB4,0.4103893422995361
H1,ITGB6,0.09133906070943162
H1,ITSN1,1
H1,JAG2,1
H1,JAK1,1
H1,JAK3,1.3965743940220685e-5
H1,JCHAIN,1.1500780052206626e-4
H1,JMJD6,0.8408649601110955
H1,KAT6B,1
H1,KATNA1,1
H1,KCNAB2,1
H1,KCTD10,0.3843085805537762
H1,KDM4B,0.052581559649146146
H1,KIAA0895L,0.932073785746343
H1,KIAA1211L,1
H1,KIAA1217,1
H1,KIAA1468,1
H1,KIAA1715,1
H1,KIF13B,1
H1,KIF2C,1
H1,KLF9,1
H1,KMT2B,0.09941528174211406
H1,KMT2E,0.4318427714985669
H1,KPNB1,0.9964230136979235
H1,KRAS,0.519298524109446
H1,KRT10,0.15828764947656146
H1,KRT14,1
H1,KRT17,0.0011597717792468354
H1,KRT5,0.09792528067599686
H1,KRT8,1.4356201380500888e-7
H1,KRT86,1
H1,LAMB2,0.004171468767003863
H1,LAMTOR2,0.0011597717792468354
H1,LANCL1,1
H1,LARP1B,1
H1,LARP7,1
H1,LCK,0.0010206017215239496
H1,LCP1,5.106205580618067e-10
H1,LGALS1,8.195717869751587e-5
H1,LIMCH1,1
H1,LIMK1,0.3573940334570283
H1,LINC00176,1
H1,LINGO1,1
H1,LLGL1,0.15949426308857978
H1,LMF1,0.5563254780889577
H1,LMNA,2.0498993451405703e-5
H1,LRRC8A,1
H1,LRWD1,1
H1,LST1,0.02428106158977742
H1,LTB4R,1
H1,LTBP3,0.9239746478542054
H1,LTF,0.2007389521998536
H1,LUC7L,0.15230546843150283
H1,LUC7L3,0.009526184923905223
H1,LUM,0.026778424895522856
H1,LYL1,0.1770513440932915
H1,MAGEF1,1
H1,MAGI1,1
H1,MAGOHB,0.6465465734830166
H1,MAP1S,1
H1,MAP3K14,0.8160878874276466
H1,MAP3K6,0.926927039020584
H1,MAP4K2,1
H1,MAPK9,1
H1,MAPKAPK5,0.43454165486705165
H1,MAPT,0.10749559803568942
H1,MARS,0.020149371084063603
H1,MAVS,1
H1,MCTS1,1
H1,MDM2,1
H1,MED13L,1
H1,MED25,0.15828764947656146
H1,MEN1,0.3580078556867349
H1,METTL12,1
H1,METTL16,1
H1,MFAP4,4.134613977842311e-5
H1,MFSD3,1
H1,MFSD7,0.13770251724467228
H1,MGMT,1
H1,MGP,1.1168457026083019e-13
H1,MIA,1
H1,MIB2,1
H1,MICAL1,0.042773986773739725
H1,MICALL2,1
H1,MID1IP1,0.026332445011765515
H1,MIF,0.4451926292023261
H1,MIIP,0.2955481339506622
H1,MKI67,1
H1,MKNK1,0.3785258480561151
H1,MLLT4,0.8335141749537708
H1,MLPH,1
H1,MLST8,0.004624339927457918
H1,MMP11,0.04623286662195635
H1,MMP9,9.06989991534846e-10
H1,MORC2,0.10898912258666624
H1,MPND,1
H1,MPST,3.280656564395101e-4
H1,MRPL2,0.7795505928204254
H1,MRPL21,1
H1,MRPL23,1
H1,MRPL51,0.008181010556119625
H1,MRPL54,0.7795505928204254
H1,MRPS22,1
H1,MS4A6A,0.006059027713485207
H1,MST1R,1
H1,MTG2,1
H1,MTMR12,0.43381804008929414
H1,MUC1,0.88933820746163
H1,MUCL1,0.5500401743260172
H1,MUS81,0.40025721105188933
H1,MVP,0.04130441301382679
H1,MX2,0.602899727459537
H1,MYBL2,0.007304772519863134
H1,MYC,0.028334304152183524
H1,MYH10,1
H1,MYL12B,0.054118561069504426
H1,MYL6B,0.07790062290295685
H1,MYL9,3.8303300067451275e-6
H1,MYO1G,1
H1,MYO9B,0.0010708831365710896
H1,MZT2A,0.00920750830999138
H1,NAA10,0.011521369444031775
H1,NANS,1
H1,NAT1,1
H1,NCKAP1L,0.0969271699232568
H1,NCKAP5L,1
H1,NDRG1,0.036805803743346625
H1,NDUFA1,0.033039994623569345
H1,NDUFA12,1
H1,NDUFB2,0.3518089364717492
H1,NDUFB3,1
H1,NDUFB9,0.03505572055060352
H1,NDUFC1,1
H1,NDUFS1,1
H1,NDUFV3,0.5418470658650911
H1,NEBL,1
H1,NEK7,1
H1,NELFE,0.5966129598322008
H1,NFATC4,0.08510411783763934
H1,NFIC,0.6736347506545157
H1,NINJ1,0.1831189051397847
H1,NIT2,1
H1,NMRAL1,0.0012022858402325602
H1,NR1H2,1
H1,NR4A1,0.7928640172529443
H1,NRP1,1
H1,NSMCE1,0.19781285711838598
H1,NTMT1,0.07078953349751173
H1,NUF2,0.4029099497652616
H1,NUP214,1
H1,NUP93,0.9402865234759211
H1,NXN,1
H1,OASL,0.004386251930049033
H1,OGFRL1,1
H1,OPTN,0.7848486717805468
H1,ORC2,1
H1,ORC6,1
H1,OSBPL8,0.5918480459818148
H1,P4HA2,1
H1,PAF1,1
H1,PAFAH1B3,0.004464777243179464
H1,PAQR4,0.2887657729456048
H1,PARN,1
H1,PCCB,1
H1,PCIF1,1
H1,PDCD5,1
H1,PDGFRA,0.6160114879937072
H1,PDGFRB,0.0023650714784308803
H1,PER1,0.11076210247955413
H1,PEX11G,1
H1,PEX14,1
H1,PGLS,0.001979490266278387
H1,PGR,1
H1,PHF11,1
H1,PHF13,1
H1,PHF21A,1
H1,PHGDH,0.06086260477436214
H1,PHKB,1
H1,PIGQ,0.03505572055060352
H1,PIH1D1,1
H1,PILRA,0.37668132577040236
H1,PIM2,0.0039756444543568616
H1,PITX1,0.01950220090407538
H1,PKNOX1,1
H1,PLAC9,1
H1,PLEKHO2,1
H1,PLIN2,0.04905222000634977
H1,PLK1,0.6939149601118538
H1,PLK2,1
H1,PLLP,0.25571484165140285
H1,PLP2,0.012434157322126447
H1,PLPPR2,1
H1,PLSCR1,0.34704684210449616
H1,PLTP,1
H1,PLVAP,0.09923040028277272
H1,PLXNA1,0.857701532787919
H1,PLXND1,0.08510411783763934
H1,PMP22,0.525592067568087
H1,PNISR,0.16992812045520284
H1,PNMT,1
H1,PNP,0.7001266296321539
H1,PNPLA6,0.08439353394533666
H1,PODNL1,1
H1,PODXL,0.18626227334023815
H1,POLR2E,0.25571484165140285
H1,POLR2J,0.004795784407970585
H1,POR,0.2365236935147363
H1,POSTN,4.970031052975056e-5
H1,PPHLN1,0.15880557112036006
H1,PPIB,0.04043538455357608
H1,PPIH,0.9354443333108913
H1,PPM1G,0.004421724756114311
H1,PPP1R1A,0.0028437834181222438
H1,PPP1R1B,0.9732432229469125
H1,PPP1R37,1
H1,PRKAB1,1
H1,PRKCSH,1.513579882132054e-6
H1,PROSER1,0.7222777435496408
H1,PRPF6,1
H1,PRPSAP1,1
H1,PSCA,1
H1,PSMD4,0.2626621976411546
H1,PSTPIP1,1
H1,PTGDS,7.179139317976122e-8
H1,PTOV1,7.939799482653497e-9
H1,PTP4A3,1
H1,PTPRC,0.004219030340991865
H1,PTPRJ,0.8687374004207835
H1,PTRF,0.028693949387830122
H1,PTRH1,0.7928640172529443
H1,PTTG1,0.3580078556867349
H1,PUS3,1
H1,PWP1,0.25901057598818955
H1,PWWP2B,1
H1,PXDN,0.11874577510803695
H1,PYURF,0.5363907207872598
H1,QSOX1,0.002181083941168051
H1,R3HDM2,0.19746527479156933
H1,RAB11FIP1,0.28797225588133696
H1,RAB3A,1
H1,RAB3GAP1,1
H1,RAB3IL1,0.14638787202732764
H1,RABGAP1L,0.28797225588133696
H1,RALBP1,1
H1,RALGAPA2,1
H1,RAMP2,0.24267866788613826
H1,RAP1B,1
H1,RARS2,1
H1,RASA2,1
H1,RASGRP2,0.021369261670996845
H1,RASSF3,0.056100630809952555
H1,RBL1,1
H1,RBM42,0.010646816505650438
H1,RECQL4,1
H1,RECQL5,0.40904764218435546
H1,REEP6,1
H1,RGS1,0.17828297793395623
H1,RHOB,0.0023650714784308803
H1,RIOK1,1
H1,RMND1,1
H1,RNASET2,8.015852365274454e-6
H1,RND3,0.29968560670587924
H1,RNF135,0.1765478311906031
H1,RNF170,0.2801293530965874
H1,RRAS,0.24638650617209165
H1,RRM2,0.00887866641401334
H1,RSL1D1,1
H1,RSRP1,0.07970611414852087
H1,RUVBL1,0.056483981487942404
H1,S100A14,1
H1,S100A9,3.2539986097753465e-20
H1,SAMM50,0.11020653582143858
H1,SASH1,1
H1,SAT1,3.532174281055209e-4
H1,SCAF1,1
H1,SCD,0.5863173221808129
H1,SCNN1D,1
H1,SCX,1
H1,SDHB,0.28797225588133696
H1,SEC14L2,1
H1,SEC23A,1
H1,SEMA3B,1
H1,SEMA4B,1
H1,SF3B4,0.06630282466486019
H1,SFRP1,0.005626832709669572
H1,SFSWAP,0.02517760259382641
H1,SGTA,0.012510811797040255
H1,SH3BP5L,1
H1,SIGLEC1,0.34404727873587915
H1,SIGMAR1,0.16223702918709
H1,SLC16A2,1
H1,SLC16A3,0.009816227349837003
H1,SLC22A18,1
H1,SLC25A24,1
H1,SLC2A1,0.05761365598328402
H1,SLC2A8,1
H1,SLC35A2,1
H1,SLC39A6,1
H1,SLC43A1,1
H1,SLC4A5,0.3593696065927351
H1,SLC8B1,0.07748548461666895
H1,SLC9A3R2,0.294472203577485
H1,SLC9A8,1
H1,SLFN13,0.7691800543637165
H1,SLPI,0.0021659695442955663
H1,SMCHD1,1
H1,SMG9,0.011303761635993009
H1,SMYD2,1
H1,SNAPC3,1
H1,SNF8,9.927527729004986e-6
H1,SNRPD3,0.06465281787167171
H1,SNTA1,1
H1,SNX33,1
H1,SNX8,0.06949984801082677
H1,SOD3,0.004574192414371558
H1,SOS2,1
H1,SOX4,0.0714731844306947
H1,SP6,0.0028437834181222438
H1,SPAG9,0.6963424971711824
H1,SPARC,0.008007597799342191
H1,SPIN1,1
H1,SPSB1,0.9631100210788816
H1,SRGN,0.0016415436150943388
H1,SRPX2,1
H1,SRR,1
H1,SRRT,0.0038649136567339205
H1,SRSF1,1
H1,SRSF5,5.143898960957257e-10
H1,SSSCA1,1
H1,STAMBP,1
H1,STAT5A,0.023127280723719817
H1,STK17A,1.2453328767542967e-4
H1,STK4,0.34704684210449616
H1,STMN1,0.11678354510385183
H1,STRN3,1
H1,STT3A,1
H1,SUGP1,1
H1,SURF1,1
H1,SVIL,0.3743487812548476
H1,SYDE1,1
H1,SYK,0.41474956359042625
H1,TACC3,0.5301307926332762
H1,TANC2,0.2108284938565688
H1,TARBP1,0.4558206353459706
H1,TAX1BP1,0.14436110025351556
H1,TAX1BP3,0.8825247382729614
H1,TBC1D10A,0.8466377566394847
H1,TBC1D23,1
H1,TBCA,1
H1,TBXAS1,1
H1,TCEA2,0.11076210247955413
H1,TCEA3,1
H1,TCF25,0.17377029518061404
H1,TDRD3,1
H1,TESK1,1
H1,TESMIN,1
H1,TEX10,0.08510411783763934
H1,TEX2,1
H1,TFF3,1
H1,TGFBR2,0.11722713761823934
H1,THBS1,1
H1,THOC5,1
H1,THOC6,0.029579211032292902
H1,TIGD5,0.6439249641642775
H1,TIMP1,5.332170639515428e-14
H1,TJP3,0.294472203577485
H1,TM7SF2,0.40871663263742386
H1,TMBIM6,0.0016716992246697529
H1,TMEM101,1
H1,TMEM123,0.11076210247955413
H1,TMEM14B,0.5563254780889577
H1,TMEM160,0.07697468256261485
H1,TMEM184A,1
H1,TMEM259,0.003442419010501887
H1,TMEM45B,0.11513295102457087
H1,TMEM86A,1
H1,TMX1,0.06218296450505696
H1,TNC,0.926927039020584
H1,TNFRSF14,0.026224899985275354
H1,TNFRSF21,1
H1,TNFRSF4,1
H1,TNNT1,1
H1,TOM1L2,1
H1,TP53I3,1
H1,TPM2,0.7074212794539207
H1,TRAC,1.9872616924654687e-6
H1,TRAF5,0.24267866788613826
H1,TRAP1,0.17328562996618868
H1,TRAPPC4,1
H1,TRIM14,0.4827656262117234
H1,TRIM22,1
H1,TRIM25,1
H1,TRIM47,0.022943538007622978
H1,TSPAN33,1.3881651521558427e-4
H1,TSR2,1
H1,TTC31,1
H1,TTI1,1
H1,TXN2,0.2887657729456048
H1,TXNDC17,0.5039347239404113
H1,TXNRD2,0.7222777435496408
H1,TYMS,0.3181263832986997
H1,TYROBP,0.004238197635074508
H1,UBA52,3.402637727451764e-12
H1,UBA6,0.5863173221808129
H1,UBAP2L,0.161970082318229
H1,UBE2C,0.031910543525047214
H1,UBE2T,1
H1,UBE2W,1
H1,UBL7,0.004578218496886945
H1,UBR2,1
H1,UBXN1,0.5096579169988885
H1,UCK1,0.14638787202732764
H1,UFD1L,0.029271371112196867
H1,UQCRC1,0.03479881321484221
H1,UXS1,0.6350581658171731
H1,UXT,0.9402865234759211
H1,VARS,0.3884303110199264
H1,VAV1,0.012218309966668214
H1,VCAM1,1
H1,VEGFB,0.3518089364717492
H1,VIM,3.251732063091111e-8
H1,VPS13D,0.9195112169482194
H1,VPS45,1
H1,VWF,0.05352347895667017
H1,WDFY3,0.5096579169988885
H1,WDR13,0.001955242247483761
H1,WDR34,2.030146542519831e-9
H1,WDR46,0.014412350875369065
H1,WDR73,0.09167260375999567
H1,WDR74,0.03785856895625235
H1,WIPF1,7.19122686930159e-4
H1,XAB2,0.3580078556867349
H1,XIAP,1
H1,XPO6,0.18512387418625975
H1,YIPF4,1
H1,YTHDC1,0.16362012087141944
H1,ZDHHC12,0.5563254780889577
H1,ZFAND3,1
H1,ZFP36,1
H1,ZFPL1,0.19211526452302263
H1,ZFR,1
H1,ZG16B,3.104661880061534e-4
H1,ZMAT5,1
H1,ZMYND19,5.058067163492182e-5
H1,ZMYND8,1
H1,ZNF217,0.5601114259842521
H1,ZNF337,0.46942264337430867
H1,ZNF33B,0.681078083438011
H1,ZNF362,1
H1,ZNF524,0.1373657108193
H1,ZNF592,1
H1,ZNF644,1
H1,ZNF668,1
H1,ZNF771,1
H1,ZNF787,0.01535576572767476
H1,ZNF791,1
H1,ZNF83,1
H1,ZNF91,0.3409609382621897
H1,ZNRF1,0.6113057175144968
H1,ZSWIM8,0.032471986911263455
H2,A2M,0.0015014441639423532
H2,AAMDC,9.63438301298833e-4
H2,ABCA3,1
H2,ABCA7,0.21804382446277035
H2,ABCF3,0.24194931740050407
H2,ABHD14A,0.35915049745845323
H2,ABHD4,1
H2,ACAA1,0.18665242199778348
H2,ACER3,1
H2,ACTR3B,0.05038412905065232
H2,ADAM15,2.643141433218817e-6
H2,ADCY3,0.203288983616281
H2,ADI1,0.001174330069847585
H2,AEBP1,4.173204979198619e-12
H2,AES,1.5284521938868475e-7
H2,AGAP2,0.3172307946049765
H2,AGO2,1
H2,AGPAT2,5.704059231855209e-16
H2,AGR2,1
H2,AHCY,0.44228832574990035
H2,AKAP9,0.597467935457722
H2,AKR1A1,6.32673517381908e-7
H2,AKT1S1,2.1512607080895367e-6
H2,ALDH16A1,0.06325826660453202
H2,ALG3,1.2057071747004586e-5
H2,ANGPTL4,0.6354528068251929
H2,ANKLE2,0.029040128737719578
H2,ANKRD12,1
H2,ANKRD28,1
H2,ANLN,1
H2,ANO10,0.04687959517921779
H2,AP5B1,0.1762089206880677
H2,AP5Z1,0.20604543328785185
H2,APBA2,0.004340080017549953
H2,APBB2,1
H2,APOBEC3G,0.005313654116321372
H2,APOC1,1.075807948093733e-6
H2,AQP1,2.321332623603537e-8
H2,ARF5,0.20780424030553812
H2,ARF6,0.037631339920367816
H2,ARFGEF2,1
H2,ARHGAP10,0.2979392593600479
H2,ARHGAP4,2.166670526005923e-6
H2,ARHGAP45,1.1720753905254554e-8
H2,ARHGAP5,1
H2,ARHGEF10L,0.5209514591949617
H2,ARHGEF3,0.24261196925752723
H2,ARHGEF40,0.19455761359695667
H2,ARID1B,0.04965282928709424
H2,ARID3A,0.2969273215049856
H2,ARID4A,1
H2,ARID5A,0.001654862552702391
H2,ARID5B,0.28540756283936597
H2,ARNT,1
H2,ASCL2,1
H2,ASH2L,1
H2,ASL,0.807348035501329
H2,ASMTL,0.5904148037476493
H2,ASNA1,1.7827599935454637e-6
H2,ASNS,0.4377831900255167
H2,ATAD1,1
H2,ATF6B,1
H2,ATG12,1
H2,ATG16L2,1
H2,ATL2,1
H2,ATP5H,0.00822584534908974
H2,ATP5O,0.2058714354613677
H2,ATP6AP1,3.897269886115925e-11
H2,ATP6V0D1,8.945602807499093e-5
H2,AURKAIP1,0.08813185655956106
H2,AVEN,1
H2,BABAM1,6.843136742788199e-5
H2,BAD,1.4997204108478228e-4
H2,BAG1,3.9732600407872425e-5
H2,BAIAP3,1
H2,BCAM,0.013536102759457493
H2,BCL2,1
H2,BCL2L12,0.025941145932178347
H2,BGN,1.6186976889012824e-13
H2,BICDL1,1
H2,BIN3,0.04517689137986309
H2,BIRC2,0.016885782471443234
H2,BIRC5,0.0018022599706155693
H2,BLVRA,1
H2,BOK,0.9931413029098485
H2,BOLA3,1
H2,BRD9,4.440540304607039e-4
H2,BRF1,0.4095259034844699
H2,BRF2,1
H2,BRK1,0.023728282830103278
H2,BRPF1,0.4838563201344825
H2,BSG,5.704059231855209e-16
H2,BST2,3.0125762543440532e-12
H2,BTG1,9.38421470624469e-10
H2,C10orf10,0.0272551052624989
H2,C10orf54,8.002168817664671e-4
H2,C12orf45,1
H2,C15orf61,1
H2,C19orf24,0.0018709419546961365
H2,C19orf52,0.6987241460137654
H2,C19orf60,9.612880865317165e-4
H2,C1QB,1.3714571336013973e-17
H2,C1R,6.231061897135071e-5
H2,C1S,3.8152915511503703e-7
H2,C1orf216,1
H2,C2,0.12014539082788173
H2,C2CD2L,1
H2,C3,3.190334653900569e-24
H2,C4orf48,3.093949810249524e-10
H2,C5orf38,1
H2,C6orf136,0.49138372313831896
H2,C6orf48,2.0788321695794872e-5
H2,CADM4,0.003054123331720808
H2,CALML5,1
H2,CAMTA2,0.19462577234797834
H2,CAPG,6.721173485582709e-7
H2,CARS2,0.6726302690493384
H2,CBLC,0.92873487241403
H2,CCDC106,0.05417262612211163
H2,CCDC167,2.058058244048465e-5
H2,CCDC57,0.14657881823945842
H2,CCDC80,1
H2,CCDC88B,0.0013422226169060602
H2,CCL19,5.790335838303902e-16
H2,CCL2,0.0246763808862596
H2,CCL21,5.970071823440771e-10
H2,CCM2,8.180808997496644e-6
H2,CCNB1,0.05680457896144679
H2,CCNB1IP1,1
H2,CCNE1,0.9838879656284474
H2,CCNE2,0.40155781921932676
H2,CCS,0.015868412123955466
H2,CCT4,0.05426070160295352
H2,CD14,2.8141152350151606e-12
H2,CD320,4.858324800021438e-5
H2,CD3D,0.05315785789762087
H2,CD4,0.006621989911914632
H2,CD52,1.7497351208599577e-11
H2,CD68,1.4562299248079253e-6
H2,CD74,1.0010057649628798e-22
H2,CD79A,4.496746144577905e-5
H2,CDC20,8.858207934109799e-4
H2,CDC6,1
H2,CDH11,0.171441823598975
H2,CDH3,1
H2,CDK5RAP1,1
H2,CENPF,1
H2,CEP250,0.8956290350762397
H2,CEP55,1
H2,CERCAM,5.450061123610049e-5
H2,CERS5,0.0021512164492775276
H2,CES2,1
H2,CFAP36,0.9802622155495696
H2,CFDP1,1
H2,CGGBP1,0.3740176883263642
H2,CHCHD6,1
H2,CHD1,1
H2,CHD6,0.20083105677284527
H2,CHFR,0.002117350651146995
H2,CHST11,1
H2,CIR1,0.6127989502769081
H2,CLASRP,0.9100550413257661
H2,CLDN3,8.435985240621087e-19
H2,CLDN4,7.922212404075868e-9
H2,CLU,1.2560441721859981e-8
H2,CNN2,3.825059305040642e-7
H2,COL14A1,1
H2,COL3A1,1.1670880173045451e-4
H2,COL4A1,0.001600318606460062
H2,COL6A2,4.705913892233561e-10
H2,COL8A2,1
H2,COMMD1,1
H2,COMP,0.026268323564264333
H2,COPS7A,0.1032499219111782
H2,COQ4,0.00127138955945281
H2,CORO1A,2.1038011525438853e-9
H2,CORO1B,6.094581835375383e-5
H2,CORO2A,0.171441823598975
H2,CORO7,0.002406016605163631
H2,COX5A,0.03216719034744397
H2,CPNE1,0.0021512164492775276
H2,CPSF1,0.00172603362394844
H2,CPVL,7.823526078863094e-6
H2,CRABP2,6.628952440262394e-10
H2,CRACR2B,0.007880949597807196
H2,CRELD2,0.21804382446277035
H2,CROCC,1
H2,CSF1,0.14733384311035316
H2,CSF1R,5.914834961524062e-5
H2,CTDSPL,0.0021512164492775276
H2,CTIF,0.04123164996380608
H2,CTSK,3.38788586102928e-5
H2,CTU2,0.003011227480417208
H2,CUTC,1
H2,CUX1,0.0024862069987282723
H2,CX3CL1,6.094581835375383e-5
H2,CXCL10,0.01112982754262608
H2,CXXC5,0.01421698580030972
H2,CYP27A1,0.37590464566871146
H2,DAPK3,0.005246816921673895
H2,DCAF6,1
H2,DCXR,0.001254734054332455
H2,DDAH1,1
H2,DDB2,8.772545858667944e-4
H2,DDIT3,1
H2,DDRGK1,1
H2,DDT,0.18093965030958636
H2,DEAF1,0.9316430354923976
H2,DENND1A,0.9620977239871275
H2,DERL3,0.36692517342197006
H2,DESI1,1
H2,DHX16,1
H2,DLG1,1
H2,DMAP1,0.316801991756541
H2,DNAJB2,0.07593732100523728
H2,DNAJC1,0.13449387711127436
H2,DNAJC7,0.0031313502413598156
H2,DOCK6,0.0022159738691171723
H2,DPH3,1
H2,DPM2,2.631035380532206e-6
H2,DPP7,5.910760191828319e-4
H2,DPP9,0.01275709603096999
H2,DPYSL3,0.011823434084704473
H2,DVL1,1
H2,EBAG9,0.7656862098622943
H2,ECHDC2,0.14733384311035316
H2,ECM1,0.34088420340074077
H2,EFEMP2,7.259356691280787e-4
H2,EFHD2,9.56385606235427e-4
H2,EGFR,1
H2,EIF1AD,0.9656261784596817
H2,EIF3B,6.735536053417587e-7
H2,EIF3F,0.025885188151532117
H2,EIF3G,0.015371468268981978
H2,ELN,1
H2,ELOF1,0.0011822219307570487
H2,EMC3,0.9140243421699814
H2,ENPP1,1
H2,EPHB3,0.0021512164492775276
H2,ERAL1,1
H2,ERBB2,1.8490353155958206e-31
H2,ERI3,1.1471324711974472e-4
H2,ERMP1,5.3946509332953467e-5
H2,ESR1,0.023544107753822312
H2,ETFB,0.012135399737374035
H2,EVA1B,0.1550799215087721
H2,EXD3,0.4909747050731413
H2,EXO1,1
H2,EXOC5,1
H2,EXOSC1,1
H2,EXOSC10,1
H2,EXOSC2,0.14657881823945842
H2,EZH2,0.0113561112577646
H2,FAAH,0.00127138955945281
H2,FADS2,1.6186976889012824e-13
H2,FAH,1
H2,FAIM2,0.19429991251131004
H2,FAM102A,0.010374478068003193
H2,FAM117A,0.0018450687726781752
H2,FAM118A,0.053756165594084804
H2,FAM160B1,1
H2,FAM173A,0.003031494620336301
H2,FAM193B,0.0012296654976647788
H2,FAM213B,1
H2,FAM3A,0.8392752220727163
H2,FAM45A,0.7079269272886582
H2,FAP,0.5929377859110576
H2,FARP1,5.3431912698333625e-9
H2,FARSB,0.7901036314351875
H2,FASN,8.56915716405593e-6
H2,FBF1,1
H2,FBLN2,0.14852758348268108
H2,FCER1G,1
H2,FDPS,1.828528870795893e-11
H2,FGFR1,0.001099783957943517
H2,FGFR4,2.1430000542458052e-4
H2,FKBP10,0.024815092303370936
H2,FKBP8,1.5357922050112056e-5
H2,FLNA,4.946020716087252e-12
H2,FN1,6.869431014945571e-7
H2,FNBP4,0.2629304838044643
H2,FOXA1,0.009339603095260501
H2,FOXC1,0.43530408473284093
H2,FOXP4,1.1025663283511914e-8
H2,FSTL1,1
H2,FSTL3,0.8373771131163348
H2,FUOM,0.004390169487908981
H2,FUS,2.5454064441110705e-6
H2,FZD2,0.37482806561838217
H2,GALK1,0.13605124437568447
H2,GANAB,2.7247893820252395e-8
H2,GAR1,1
H2,GAS6,0.002202344058959788
H2,GATA3,0.0010233742504788647
H2,GATC,0.013157865553829499
H2,GBP1,0.0018407508210944975
H2,GBP2,0.12728520900975537
H2,GBP3,1
H2,GBP4,1
H2,GBP5,1
H2,GEMIN4,1
H2,GLCCI1,0.31027591677837923
H2,GLG1,0.018804159487399618
H2,GLTSCR2,9.074004930213627e-4
H2,GMFG,0.005828359163104265
H2,GMPPA,0.00392881137801947
H2,GNAI2,1.0280416467949082e-10
H2,GNAS,5.740118291059766e-6
H2,GNL2,0.13986266177198828
H2,GPR108,0.0011027575744357236
H2,GPR160,0.6616321759418282
H2,GPS1,7.413098951775477e-5
H2,GPSM1,1
H2,GPX3,1.7497351208599577e-11
H2,GRB7,3.037677191152342e-7
H2,GRK3,0.7529431282981749
H2,GSK3A,2.3355249253739185e-6
H2,GSTM3,1
H2,GYPC,3.327894699867275e-5
H2,HAGHL,1
H2,HCFC1R1,0.03228073384738068
H2,HCST,2.4757399535821582e-5
H2,HDAC5,1
H2,HDAC6,0.6616321759418282
H2,HELZ2,0.14852758348268108
H2,HES1,0.8012265688593325
H2,HLA-B,1.1591796454346779e-14
H2,HLA-DMA,4.534531629490274e-8
H2,HLA-DMB,0.008998004096635013
H2,HLA-DOA,0.09887616747361962
H2,HLA-DPA1,4.705913892233561e-10
H2,HLA-DPB1,2.3355249253739185e-6
H2,HLA-DRA,5.567961507863269e-14
H2,HLA-DRB1,6.375459592118468e-14
H2,HMGB2,0.11965800982205627
H2,HNRNPUL2,9.298703613815191e-4
H2,HOOK3,1
H2,HPS6,1
H2,HSD17B1,1
H2,HSPA4,0.0463135420499242
H2,HSPB1,7.292662288645061e-9
H2,HSPB11,0.0280836390748326
H2,HYI,1
H2,IDH3G,0.014642837902380563
H2,IDUA,1
H2,IER5L,5.621069715735045e-11
H2,IFI27,3.253462890788626e-14
H2,IFI27L1,1
H2,IFI44L,0.09167662006812022
H2,IGFBP2,1.4105889520354875e-22
H2,IGFBP4,6.863220678255366e-7
H2,IGHA1,0.0013005484080880298
H2,IGHG3,4.368126650920515e-18
H2,IGHG4,3.444672324733718e-16
H2,IGHM,9.197145959666378e-14
H2,IGKC,3.092110403926012e-15
H2,IGLC2,8.329683415611924e-10
H2,IGLC3,1.7584067156219288e-12
H2,IGLC7,0.2839853948781386
H2,IKZF3,1
H2,IL10RA,2.3028888280460767e-5
H2,ILKAP,0.09634139641787481
H2,INAFM1,0.5737449406711126
H2,INPP4B,0.92873487241403
H2,INPP5D,4.1560710002656374e-5
H2,INPP5J,1
H2,INTS8,1
H2,ISG15,0.016874499533951228
H2,ISLR,0.04687959517921779
H2,ITGA5,0.2659851208153693
H2,ITGB4,0.024815092303370936
H2,ITGB6,0.002062668295337314
H2,ITSN1,0.45883223357586883
H2,JAG2,0.002862789963455107
H2,JAK1,0.01421698580030972
H2,JAK3,7.856563675938596e-11
H2,JCHAIN,0.0027659717875787994
H2,JMJD6,0.008562764507413192
H2,KAT6B,1
H2,KATNA1,0.203288983616281
H2,KCNAB2,0.17603673446631404
H2,KCTD10,0.10709641454139945
H2,KDM4B,0.10324145724283088
H2,KIAA0895L,1
H2,KIAA1211L,1
H2,KIAA1217,1
H2,KIAA1468,1
H2,KIAA1715,1
H2,KIF13B,0.1110827500697716
H2,KIF2C,0.8452387417136593
H2,KLF9,1
H2,KMT2B,2.8690290365850245e-5
H2,KMT2E,0.5459456859140488
H2,KPNB1,0.15710043139735075
H2,KRAS,0.722309689007195
H2,KRT10,0.2659851208153693
H2,KRT14,0.5085406893375616
H2,KRT17,7.063313191315572e-6
H2,KRT5,1
H2,KRT8,4.445772024633522e-10
H2,KRT86,1
H2,LAMB2,1.600232788448607e-6
H2,LAMTOR2,0.012848706776721638
H2,LANCL1,1
H2,LARP1B,1
H2,LARP7,1
H2,LCK,1.0490526261594735e-4
H2,LCP1,1.8554250468019377e-5
H2,LGALS1,9.246384916273068e-4
H2,LIMCH1,0.24956147186916128
H2,LIMK1,1.292218560717413e-7
H2,LINC00176,1
H2,LINGO1,0.05680037055173882
H2,LLGL1,0.203288983616281
H2,LMF1,1
H2,LMNA,9.451285409916692e-7
H2,LRRC8A,0.04687959517921779
H2,LRWD1,0.3539974420360964
H2,LST1,3.6193866852136334e-4
H2,LTB4R,0.08841181530064998
H2,LTBP3,0.04059387419778443
H2,LTF,5.021613538859599e-4
H2,LUC7L,0.03073532071092064
H2,LUC7L3,1
H2,LUM,1.8436414520818394e-7
H2,LYL1,0.033483686410359405
H2,MAGEF1,0.0021512164492775276
H2,MAGI1,1
H2,MAGOHB,1
H2,MAP1S,0.016505706615737685
H2,MAP3K14,0.7984983676663769
H2,MAP3K6,1
H2,MAP4K2,0.09167662006812022
H2,MAPK9,1
H2,MAPKAPK5,0.16325186105024647
H2,MAPT,1
H2,MARS,0.0028793718249776764
H2,MAVS,1
H2,MCTS1,1
H2,MDM2,0.335043069846168
H2,MED13L,1
H2,MED25,0.002127799215116616
H2,MELK,1
H2,MEN1,0.8323105305381041
H2,METTL12,0.502934468057867
H2,METTL16,0.8325982767854817
H2,MFAP4,0.505120039117212
H2,MFSD3,1
H2,MFSD7,0.15982966550602196
H2,MGMT,1
H2,MGP,1.0802412449242758e-19
H2,MIA,1
H2,MIB2,1
H2,MICAL1,9.448667454630185e-6
H2,MICALL2,0.9815269230839947
H2,MID1IP1,1
H2,MIF,5.031142013635018e-6
H2,MIIP,0.019987949274256556
H2,MKI67,0.015371468268981978
H2,MKNK1,1
H2,MLLT4,1
H2,MLPH,0.12728520900975537
H2,MLST8,5.251912196721505e-7
H2,MMP11,1.1471324711974472e-4
H2,MMP9,8.002549737961286e-15
H2,MORC2,0.6734270377619996
H2,MPND,0.10575975032771406
H2,MPST,0.0021512164492775276
H2,MRPL2,0.9360553918605883
H2,MRPL21,0.009154777666433132
H2,MRPL23,1
H2,MRPL51,1.2488328310630093e-6
H2,MRPL54,1
H2,MRPS22,0.4510001128793011
H2,MS4A6A,3.1776393264916294e-6
H2,MST1R,0.19455761359695667
H2,MTG2,1
H2,MTMR12,1
H2,MUC1,0.8923358231067603
H2,MUCL1,0.6808057402487612
H2,MUS81,7.560953324342983e-4
H2,MVP,3.568097056180246e-12
H2,MX2,0.02792946765259491
H2,MYBL2,8.623576439865247e-9
H2,MYC,0.32084339932172556
H2,MYH10,1
H2,MYL12B,2.3490319083882443e-6
H2,MYL6B,0.023728282830103278
H2,MYL9,1.1413893960201349e-12
H2,MYO1G,0.0014224655298488156
H2,MYO9B,2.2112928903715182e-5
H2,MZT2A,3.89592911245719e-4
H2,NAA10,1.3032964023209105e-8
H2,NANS,0.3773975755422127
H2,NAT1,1
H2,NCKAP1L,0.7782839098634298
H2,NCKAP5L,1
H2,NDC80,1
H2,NDRG1,0.022407608653866967
H2,NDUFA1,0.0014016176486752695
H2,NDUFA12,0.5929377859110576
H2,NDUFB2,1.2081695705168306e-6
H2,NDUFB3,0.49053066213335667
H2,NDUFB9,7.539116454143349e-6
H2,NDUFC1,1
H2,NDUFS1,1
H2,NDUFV3,0.001700560703654701
H2,NEBL,1
H2,NEK7,1
H2,NELFE,0.04306586859174083
H2,NFATC4,0.029680738916777413
H2,NFIC,1
H2,NINJ1,0.007880949597807196
H2,NIT2,1
H2,NMRAL1,0.020926355729821124
H2,NR1H2,0.5129499478508808
H2,NR4A1,0.06537986678791079
H2,NRP1,1
H2,NSMCE1,9.455117306918229e-4
H2,NTMT1,0.2969273215049856
H2,NUF2,1
H2,NUP214,0.23844044253334998
H2,NUP93,0.19782971628577917
H2,NXN,1
H2,OASL,0.8701400165015096
H2,OGFRL1,0.08134602951418071
H2,OPTN,1
H2,ORC2,1
H2,ORC6,0.9616351256572094
H2,OSBPL8,1
H2,P4HA2,1
H2,PAF1,1
H2,PAFAH1B3,0.025941145932178347
H2,PAQR4,0.005059364914603447
H2,PARN,0.7917763772208034
H2,PCCB,1
H2,PCIF1,1
H2,PDCD5,0.8987767919676096
H2,PDGFRA,0.1679640568327489
H2,PDGFRB,0.07147562248890878
H2,PER1,0.0026548437528386122
H2,PEX11G,1
H2,PEX14,1
H2,PGLS,3.786032812823851e-4
H2,PGR,1
H2,PHF11,1
H2,PHF13,0.01863153352561157
H2,PHF21A,1
H2,PHGDH,0.0022010721943757764
H2,PHKB,1
H2,PIGQ,0.003939584397298848
H2,PIH1D1,0.15746424727113745
H2,PILRA,1
H2,PIM2,0.0026533128036527022
H2,PITX1,0.0027659717875787994
H2,PKNOX1,0.0016432965811908973
H2,PLAC9,1
H2,PLEKHO2,0.2562287197928231
H2,PLIN2,1
H2,PLK1,0.009554545458860487
H2,PLK2,0.1032499219111782
H2,PLLP,1
H2,PLP2,0.022658059774544898
H2,PLPPR2,0.004509912187283595
H2,PLSCR1,1
H2,PLTP,0.024100111010324776
H2,PLVAP,1.833470741950479e-4
H2,PLXNA1,0.06408989888438767
H2,PLXND1,2.5651668296294405e-8
H2,PMP22,1
H2,PNISR,0.9303432745081976
H2,PNMT,1
H2,PNP,0.015691384308515254
H2,PNPLA6,0.0021415925961772845
H2,PODNL1,0.334011526141116
H2,PODXL,0.05017518336315536
H2,POLR2E,7.5773462930311e-4
H2,POLR2J,3.3750119745736995e-5
H2,POR,5.4572797520564205e-6
H2,POSTN,5.726967411274301e-9
H2,PPHLN1,0.3891116394661036
H2,PPIB,0.014535929279876337
H2,PPIH,0.8508343454367662
H2,PPM1G,0.0021805627002395326
H2,PPP1R1A,0.6854229168550068
H2,PPP1R1B,1
H2,PPP1R37,0.3261119248529614
H2,PRKAB1,0.30064698375174137
H2,PRKCSH,1.803833025367603e-8
H2,PROSER1,0.07853780735325937
H2,PRPF6,0.0032834263557685395
H2,PRPSAP1,0.9747646930329692
H2,PSCA,1
H2,PSMD4,0.8624486455108463
H2,PSTPIP1,0.034762038562318
H2,PTGDS,1.2489951303250635e-12
H2,PTOV1,4.246933236308581e-8
H2,PTP4A3,0.007306609382317444
H2,PTPRC,0.0014618795051601127
H2,PTPRJ,0.20985378587120826
H2,PTRF,0.015854432748516674
H2,PTRH1,0.2972010143816394
H2,PTTG1,1
H2,PUS3,1
H2,PWP1,0.9747646930329692
H2,PWWP2B,1
H2,PXDN,0.02372092370707209
H2,PYURF,1
H2,QSOX1,1.4662116747294227e-13
H2,R3HDM2,1
H2,RAB11FIP1,1
H2,RAB3A,0.3553393681370128
H2,RAB3GAP1,0.1583085034033945
H2,RAB3IL1,1
H2,RABGAP1L,1
H2,RALBP1,1
H2,RALGAPA2,1
H2,RAMP2,0.10418655036157186
H2,RAP1B,1
H2,RARS2,1
H2,RASA2,0.006070492942922411
H2,RASGRP2,0.003704101334116372
H2,RASSF3,0.24294652618947704
H2,RBL1,1
H2,RBM42,9.970857054987605e-4
H2,RECQL4,0.5929377859110576
H2,RECQL5,0.0062838849105440785
H2,REEP6,1
H2,RGS1,5.227112984145224e-4
H2,RHOB,3.113361441104376e-7
H2,RIOK1,1
H2,RMND1,1
H2,RNASET2,0.002250670435909179
H2,RND3,1
H2,RNF135,1
H2,RNF170,1
H2,RRAS,0.01055586367125176
H2,RRM2,1.4054353087749076e-6
H2,RSL1D1,0.006931988237393506
H2,RSRP1,0.031231818020619147
H2,RUVBL1,0.17709970778024386
H2,S100A14,0.05980372893657406
H2,S100A9,5.665545876311258e-29
H2,SAMM50,0.037631339920367816
H2,SASH1,1
H2,SAT1,5.940903985858154e-8
H2,SCAF1,0.04459986704057332
H2,SCD,0.006572459442393729
H2,SCNN1D,1
H2,SCX,0.0926802433211356
H2,SDHB,0.21260114055796064
H2,SEC14L2,1
H2,SEC23A,1
H2,SEMA3B,0.8652010289221989
H2,SEMA4B,1
H2,SF3B4,0.35965217646674397
H2,SFRP1,0.20900399404022185
H2,SFSWAP,0.37590464566871146
H2,SGTA,3.6152081170012e-6
H2,SH3BP5L,0.2949234849239511
H2,SIGLEC1,0.09224506487279364
H2,SIGMAR1,0.7197265165061978
H2,SLC16A2,1
H2,SLC16A3,6.033278435320427e-8
H2,SLC22A18,1
H2,SLC25A24,0.07137175453670458
H2,SLC2A1,0.022900817915620764
H2,SLC2A8,0.001325272006460432
H2,SLC35A2,0.014642837902380563
H2,SLC39A6,0.014854157522217405
H2,SLC43A1,1
H2,SLC4A5,1
H2,SLC8B1,0.307631589942227
H2,SLC9A3R2,0.03258139858568609
H2,SLC9A8,0.16549986146605747
H2,SLFN13,0.25661757734695684
H2,SLPI,0.0024654202880272673
H2,SMCHD1,1
H2,SMG9,0.017417971344229087
H2,SMYD2,1
H2,SNAPC3,1
H2,SNF8,6.735536053417587e-7
H2,SNRPD3,0.40155781921932676
H2,SNTA1,1
H2,SNX33,0.5276890573250489
H2,SNX8,0.422178504301633
H2,SOD3,7.119747938706756e-6
H2,SOS2,1
H2,SOX4,0.09316930266913492
H2,SP6,0.0016432965811908973
H2,SPAG9,0.045273274499122086
H2,SPARC,4.203694077547959e-7
H2,SPIN1,0.0773041391967682
H2,SPSB1,1
H2,SRGN,5.669291128103059e-4
H2,SRPX2,0.6663532667273189
H2,SRR,0.8295495715494201
H2,SRRT,0.009339603095260501
H2,SRSF1,0.002096027023362685
H2,SRSF5,9.198423456193902e-8
H2,SSSCA1,0.6830864654694098
H2,STAMBP,1
H2,STAT5A,0.19455761359695667
H2,STK17A,0.005313654116321372
H2,STK4,0.4374444638272786
H2,STMN1,0.00124666423985211
H2,STRN3,1
H2,STT3A,1
H2,SUGP1,1
H2,SURF1,0.0033760853134900065
H2,SVIL,1
H2,SYDE1,1
H2,SYK,0.02630053050503251
H2,TACC3,1
H2,TANC2,0.21354386556954
H2,TARBP1,0.0645684414189427
H2,TAX1BP1,1
H2,TAX1BP3,0.008004683315951645
H2,TBC1D10A,1
H2,TBC1D23,0.0027659717875787994
H2,TBCA,0.4384693879065635
H2,TBXAS1,0.4704361232961236
H2,TCEA2,0.2713373383392206
H2,TCEA3,1
H2,TCF25,3.20178504780767e-4
H2,TDRD3,1
H2,TESK1,0.3399959523946579
H2,TESMIN,0.04149576739644812
H2,TEX10,1
H2,TEX2,1
H2,TFF3,0.08351556552588786
H2,TGFBR2,0.49053066213335667
H2,THBS1,1
H2,THOC5,0.5550501046879298
H2,THOC6,0.9788288223271444
H2,TIGD5,1
H2,TIMP1,5.774859137990088e-16
H2,TJP3,1
H2,TM7SF2,0.2229893043264062
H2,TMBIM6,0.014276122370741141
H2,TMEM101,1
H2,TMEM123,8.376713392005374e-6
H2,TMEM14B,0.0409124193577746
H2,TMEM160,3.4811097730471627e-4
H2,TMEM184A,1
H2,TMEM259,5.281286785161158e-7
H2,TMEM45B,0.29101754663991625
H2,TMEM86A,1
H2,TMX1,0.5015907246950723
H2,TNC,0.02598045278723933
H2,TNFRSF14,0.013965463745422053
H2,TNFRSF21,1
H2,TNFRSF4,0.002937214650195475
H2,TNNT1,1
H2,TOM1L2,0.08452020006638936
H2,TP53I3,0.4150239298352863
H2,TPM2,8.56915716405593e-6
H2,TRAC,9.694673498928633e-9
H2,TRAF5,1
H2,TRAP1,0.015035647427095861
H2,TRAPPC4,1
H2,TRIM14,1
H2,TRIM22,0.07133402918971794
H2,TRIM25,0.12952394274105652
H2,TRIM47,0.276033608917378
H2,TSPAN33,0.2980427302245045
H2,TSR2,1
H2,TTC31,1
H2,TTI1,0.01855161312198258
H2,TXN2,0.0015030999015988322
H2,TXNDC17,6.843136742788199e-5
H2,TXNRD2,9.726696272270169e-4
H2,TYMS,0.013598946752023677
H2,TYROBP,7.41785727346916e-5
H2,UBA52,2.901090966169837e-26
H2,UBA6,0.308534148497968
H2,UBAP2L,0.02075633480340743
H2,UBE2C,0.066880613372635
H2,UBE2T,1
H2,UBE2W,1
H2,UBL7,0.013318291545354993
H2,UBR2,0.026559714733738207
H2,UBXN1,0.04955331157939183
H2,UCK1,4.4282491141192536e-5
H2,UFD1L,0.05879997069909783
H2,UQCRC1,1.2405338809363402e-4
H2,UXS1,0.5996716552028715
H2,UXT,0.8388931616589432
H2,VARS,1.292218560717413e-7
H2,VAV1,0.7407284363499848
H2,VCAM1,0.031242240714284154
H2,VEGFB,1
H2,VIM,3.2698335656158645e-10
H2,VPS13D,0.14852758348268108
H2,VPS45,0.33322730972835907
H2,VWF,5.722917408803883e-10
H2,WDFY3,0.12354066189940666
H2,WDR13,0.1383516504872693
H2,WDR34,5.817840576545726e-10
H2,WDR46,7.921350352681731e-4
H2,WDR73,0.06039608390897313
H2,WDR74,0.20435305389573016
H2,WIPF1,0.003382356304287928
H2,XAB2,0.06231834628410946
H2,XIAP,1
H2,XPO6,0.4252967585402488
H2,YIPF4,0.04264628105264146
H2,YTHDC1,0.942877257832496
H2,ZDHHC12,0.008891836332706488
H2,ZFAND3,0.21354386556954
H2,ZFP36,4.614556614595938e-4
H2,ZFPL1,1
H2,ZFR,1
H2,ZG16B,8.742082138869942e-5
H2,ZMAT5,0.01282696539348406
H2,ZMYND19,1.0290220080526029e-6
H2,ZMYND8,0.8732465140396607
H2,ZNF217,0.19455761359695667
H2,ZNF337,1
H2,ZNF33B,1
H2,ZNF362,0.005879436850860463
H2,ZNF524,1
H2,ZNF592,1
H2,ZNF644,0.8388931616589432
H2,ZNF668,0.28112129266375835
H2,ZNF771,0.7219351071257841
H2,ZNF787,0.010374478068003193
H2,ZNF791,1
H2,ZNF83,1
H2,ZNF91,1
H2,ZNRF1,0.036125737335190436
H2,ZSWIM8,0.008363955480331997
H3,A2M,0.013309629748426055
H3,AAMDC,0.44883873261411583
H3,ABCA3,0.1430384400114703
H3,ABCA7,1
H3,ABCF3,1
H3,ABHD14A,0.9992632943312172
H3,ABHD4,1
H3,ACAA1,1
H3,ACER3,1
H3,ACTR3B,0.007168892787914164
H3,ADAM15,0.7376299085532528
H3,ADCY3,0.44105139305364693
H3,ADI1,0.038972833870790057
H3,AEBP1,1.678856570824005e-7
H3,AES,1.5703425630750605e-7
H3,AGAP2,0.7213959486817767
H3,AGO2,1
H3,AGPAT2,2.152315506939953e-5
H3,AGR2,1
H3,AHCY,1
H3,AKAP9,1
H3,AKR1A1,0.012508787644678367
H3,AKT1S1,1
H3,ALDH16A1,0.9097279286547245
H3,ALG3,0.044716267705933975
H3,ANGPTL4,1
H3,ANKLE2,0.48572280719038824
H3,ANKRD12,0.25131384081638597
H3,ANKRD28,0.9082865669758341
H3,ANLN,0.8815406465948988
H3,ANO10,1
H3,AP5B1,1
H3,AP5Z1,1
H3,APBA2,0.18712850755992844
H3,APBB2,1
H3,APOBEC3G,0.614291374775046
H3,APOC1,0.4521173432507308
H3,AQP1,0.14337913112027761
H3,ARF5,1
H3,ARF6,0.46056150043958277
H3,ARFGEF2,1
H3,ARHGAP10,1
H3,ARHGAP4,0.2609447730961126
H3,ARHGAP45,0.748609136610269
H3,ARHGAP5,1
H3,ARHGEF10L,1
H3,ARHGEF3,1
H3,ARHGEF40,1
H3,ARID1B,1
H3,ARID3A,1
H3,ARID4A,1
H3,ARID5A,0.048878970906641124
H3,ARID5B,1
H3,ARNT,0.31840180168816873
H3,ASCL2,0.014436561626692993
H3,ASH2L,1
H3,ASL,1
H3,ASMTL,0.034153858676388
H3,ASNA1,0.014354939084623389
H3,ASNS,1
H3,ATAD1,1
H3,ATF6B,1
H3,ATG12,1
H3,ATG16L2,1
H3,ATL2,1
H3,ATP5H,0.26488144946282305
H3,ATP5O,0.00342368870447082
H3,ATP6AP1,2.3171196661134582e-4
H3,ATP6V0D1,0.1697145609032989
H3,AURKAIP1,0.37572242052289523
H3,AVEN,1
H3,BABAM1,0.0018782982699151103
H3,BAD,0.6871648248278955
H3,BAG1,0.16113606001346265
H3,BAIAP3,1
H3,BCAM,0.0327649369887464
H3,BCL2,1
H3,BCL2L12,1
H3,BGN,3.109140374345601e-4
H3,BICDL1,1
H3,BIN3,1
H3,BIRC2,0.6557615243092748
H3,BIRC5,0.057963856728779906
H3,BLVRA,1
H3,BOK,1
H3,BOLA3,1
H3,BRD9,0.6879632894006144
H3,BRF1,0.8201252264583841
H3,BRF2,1
H3,BRK1,1
H3,BRPF1,1
H3,BSG,6.559459890909181e-7
H3,BST2,2.1684851543220592e-5
H3,BTG1,0.007367678329027563
H3,C10orf10,0.379083722011165
H3,C10orf54,0.3381254446273546
H3,C12orf45,0.23254457576872123
H3,C15orf61,1
H3,C19orf24,0.5998479330398205
H3,C19orf52,1
H3,C19orf60,0.008101367268748536
H3,C1QB,0.03410153842420017
H3,C1R,0.1492705114805664
H3,C1S,0.09068421810910343
H3,C1orf216,0.1596162669937986
H3,C2,1
H3,C2CD2L,1
H3,C3,9.245749931698819e-8
H3,C4orf48,0.0020977394761251293
H3,C5orf38,1
H3,C6orf136,0.749468200838443
H3,C6orf48,1
H3,CADM4,1
H3,CALML5,1
H3,CAMTA2,1
H3,CAPG,0.007839620472159014
H3,CARS2,0.18805524721962028
H3,CBLC,1
H3,CCDC106,1
H3,CCDC167,0.2609447730961126
H3,CCDC57,1
H3,CCDC80,1
H3,CCDC88B,0.11257496601087892
H3,CCL19,1.678856570824005e-7
H3,CCL2,0.11830090015863573
H3,CCL21,0.2579828382214079
H3,CCM2,0.11257496601087892
H3,CCNB1,0.3957098644479165
H3,CCNB1IP1,0.031876520591050096
H3,CCNE1,0.6081098587393413
H3,CCNE2,1
H3,CCS,1
H3,CCT4,0.03775451545506638
H3,CD14,0.005867721248330644
H3,CD320,0.23254457576872123
H3,CD3D,0.41561718122020336
H3,CD4,0.003028943527705803
H3,CD52,4.2021434414506566e-6
H3,CD68,0.005867721248330644
H3,CD74,8.104548462670224e-12
H3,CD79A,0.485059348486176
H3,CDC20,0.015278822643358735
H3,CDC6,1
H3,CDH11,1
H3,CDH3,0.7984384861155054
H3,CDK5RAP1,0.10119566943178254
H3,CENPF,1
H3,CEP250,0.4355575659114696
H3,CEP55,1
H3,CERCAM,1
H3,CERS5,1
H3,CES2,1
H3,CFAP36,1
H3,CFDP1,0.5724138472215644
H3,CGGBP1,0.729790005473391
H3,CHCHD6,1
H3,CHD1,1
H3,CHD6,1
H3,CHFR,1
H3,CHST11,1
H3,CIR1,1
H3,CLASRP,1
H3,CLDN3,1.540252749495406e-7
H3,CLDN4,3.1272327482351415e-6
H3,CLU,0.5076568622682524
H3,CNN2,0.0011859287948822487
H3,COL14A1,1
H3,COL3A1,0.024771461376493935
H3,COL4A1,0.6094051763267957
H3,COL6A2,0.0025267672454599888
H3,COL8A2,1
H3,COMMD1,1
H3,COMP,0.031190888473089456
H3,COPS7A,0.06644841680550395
H3,COQ4,1
H3,CORO1A,0.11041519176509987
H3,CORO1B,0.004161685043667715
H3,CORO2A,1
H3,CORO7,0.001954627461304256
H3,COX5A,1
H3,CPNE1,0.5246549897898335
H3,CPSF1,1
H3,CPVL,1
H3,CRABP2,3.57820838940403e-4
H3,CRACR2B,0.748609136610269
H3,CRELD2,1
H3,CROCC,1
H3,CSF1,1
H3,CSF1R,0.25760706670402195
H3,CTDSPL,0.09799922894280176
H3,CTIF,1
H3,CTSK,1
H3,CTU2,0.48289939440375146
H3,CUTC,0.8378097082911654
H3,CUX1,1
H3,CX3CL1,0.010713559981125505
H3,CXCL10,1
H3,CXXC5,1
H3,CYP27A1,0.4739224511087255
H3,DAPK3,1
H3,DCAF6,0.379083722011165
H3,DCXR,0.11257496601087892
H3,DDAH1,1
H3,DDB2,1
H3,DDIT3,0.44105139305364693
H3,DDRGK1,0.01837942663462364
H3,DDT,0.7719734877739614
H3,DEAF1,1
H3,DENND1A,1
H3,DERL3,1
H3,DESI1,1
H3,DHX16,0.0631475596850872
H3,DLG1,1
H3,DMAP1,0.485059348486176
H3,DNAJB2,0.8337262164400432
H3,DNAJC1,1
H3,DNAJC7,1
H3,DOCK6,0.024572230440836364
H3,DPH3,1
H3,DPM2,0.028771370385989144
H3,DPP7,2.880533312734909e-4
H3,DPP9,1
H3,DPYSL3,0.05271778878931012
H3,DVL1,1
H3,EBAG9,0.15145274384234977
H3,ECHDC2,1
H3,ECM1,1
H3,EFEMP2,1
H3,EFHD2,0.002822344762223529
H3,EGFR,1
H3,EIF1AD,1
H3,EIF3B,0.009295811795380086
H3,EIF3F,1
H3,EIF3G,0.1026217849912001
H3,ELN,1
H3,ELOF1,0.8086431969197949
H3,EMC3,0.06698263998060372
H3,ENPP1,1
H3,EPHB3,0.040231124201403116
H3,ERAL1,0.5050559433467514
H3,ERBB2,1.637773188393573e-14
H3,ERI3,0.00850564939189045
H3,ERMP1,1
H3,ESR1,1
H3,ETFB,0.245173163980576
H3,EVA1B,1
H3,EXD3,1
H3,EXO1,1
H3,EXOC5,0.748609136610269
H3,EXOSC1,1
H3,EXOSC10,1
H3,EXOSC2,1
H3,EZH2,1
H3,FAAH,0.6570712389888904
H3,FADS2,0.002786388345573384
H3,FAH,1
H3,FAIM2,0.5885403360228985
H3,FAM102A,0.01994239843354545
H3,FAM117A,1
H3,FAM118A,0.895348793227579
H3,FAM160B1,1
H3,FAM173A,1
H3,FAM193B,0.6081098587393413
H3,FAM213B,1
H3,FAM3A,0.5985099095220782
H3,FAM45A,1
H3,FAP,1
H3,FARP1,2.043210288482551e-4
H3,FARSB,0.3824532669772824
H3,FASN,0.002786388345573384
H3,FBF1,1
H3,FBLN2,1
H3,FCER1G,1
H3,FDPS,0.005564828675739274
H3,FGFR1,0.2557218981309454
H3,FGFR4,0.0018782982699151103
H3,FKBP10,0.48669425834747254
H3,FKBP8,0.034153858676388
H3,FLNA,3.1272327482351415e-6
H3,FN1,3.673131492323799e-5
H3,FNBP4,1
H3,FOXA1,0.06644841680550395
H3,FOXC1,1
H3,FOXP4,0.005608441431991743
H3,FSTL1,1
H3,FSTL3,0.4518009377505123
H3,FUOM,1
H3,FUS,0.005608441431991743
H3,FZD2,1
H3,GALK1,1
H3,GANAB,0.6645145427281722
H3,GAR1,1
H3,GAS6,0.02370180011671489
H3,GATA3,0.010230287715827926
H3,GATC,0.5724138472215644
H3,GBP1,1
H3,GBP2,1
H3,GBP3,1
H3,GBP4,1
H3,GBP5,1
H3,GEMIN4,1
H3,GLCCI1,1
H3,GLG1,0.016831457716497123
H3,GLTSCR2,0.002061704353080074
H3,GMFG,0.28811083291405276
H3,GMPPA,0.32118939229016963
H3,GNAI2,1.2517089169714988e-8
H3,GNAS,2.3171196661134582e-4
H3,GNL2,1
H3,GPR108,0.9881145410110241
H3,GPR160,1
H3,GPRC5A,1
H3,GPS1,0.7089580168331899
H3,GPSM1,1
H3,GPX3,3.384970862034242e-6
H3,GRB7,0.0505623666079883
H3,GRK3,0.3381254446273546
H3,GSK3A,4.809254567345718e-6
H3,GSTM3,1
H3,GYPC,1
H3,HAGHL,0.9452364994012886
H3,HCFC1R1,0.5724138472215644
H3,HCST,0.008101367268748536
H3,HDAC5,0.0019757828510215112
H3,HDAC6,1
H3,HELZ2,0.7687445429080608
H3,HES1,1
H3,HLA-B,2.735285106151201e-11
H3,HLA-DMA,3.5695883467176887e-4
H3,HLA-DMB,0.024896769157476854
H3,HLA-DOA,0.6621730851216782
H3,HLA-DPA1,7.712828620307831e-10
H3,HLA-DPB1,3.007823303570239e-4
H3,HLA-DRA,1.4358558359697415e-9
H3,HLA-DRB1,3.612573851554465e-6
H3,HMGB2,0.09916105012715605
H3,HNRNPUL2,0.012508787644678367
H3,HOOK3,1
H3,HPS6,1
H3,HSD17B1,0.3822420780600284
H3,HSPA4,1
H3,HSPB1,0.0045291213250721616
H3,HSPB11,1
H3,HYI,1
H3,IDH3G,1
H3,IDUA,0.5138508286964094
H3,IER5L,0.0022841831131276795
H3,IFI27,6.337878902990791e-14
H3,IFI27L1,1
H3,IFI44L,1
H3,IGFBP2,1.620909692534045e-11
H3,IGFBP4,2.4206240197198657e-5
H3,IGHA1,1.406137151878017e-4
H3,IGHG3,1.1335682593108733e-13
H3,IGHG4,4.997804885313306e-12
H3,IGHM,0.009311819517760023
H3,IGKC,2.8135251701562094e-9
H3,IGLC2,0.004753527344832637
H3,IGLC3,0.014504464649586879
H3,IGLC7,0.7923376184119223
H3,IKZF3,1
H3,IL10RA,1
H3,ILKAP,1
H3,INAFM1,0.7503722186780678
H3,INPP4B,1
H3,INPP5D,0.7923663127073142
H3,INPP5J,1
H3,INTS8,1
H3,ISG15,1
H3,ISLR,0.8406173032575793
H3,ITGA5,0.28856056081725695
H3,ITGB4,1
H3,ITGB6,0.03984887662154927
H3,ITSN1,0.3381254446273546
H3,JAG2,1
H3,JAK1,1
H3,JAK3,3.9742433155194124e-4
H3,JCHAIN,0.2590712612103275
H3,JMJD6,1
H3,KAT6B,1
H3,KATNA1,1
H3,KCNAB2,1
H3,KCTD10,0.15007661651012918
H3,KDM4B,1
H3,KIAA0895L,1
H3,KIAA1211L,0.9127257488213437
H3,KIAA1217,1
H3,KIAA1468,1
H3,KIAA1715,0.7587042491851381
H3,KIF13B,1
H3,KIF2C,1
H3,KLF9,1
H3,KMT2B,0.039171955664628416
H3,KMT2E,0.14941700931732926
H3,KPNB1,1
H3,KRAS,1
H3,KRT10,1
H3,KRT14,1
H3,KRT17,0.1323901220914553
H3,KRT5,0.05271778878931012
H3,KRT8,3.273229107343045e-4
H3,KRT86,1
H3,LAMB2,0.005296899330160568
H3,LAMTOR2,0.07198988922461823
H3,LANCL1,1
H3,LARP1B,1
H3,LARP7,1
H3,LCK,0.06869815998636566
H3,LCP1,0.015633111838321417
H3,LGALS1,0.03450967011967768
H3,LIMCH1,1
H3,LIMK1,0.031190888473089456
H3,LINC00176,1
H3,LINGO1,0.5067526651295134
H3,LLGL1,1
H3,LMF1,0.2451722540407129
H3,LMNA,7.950550927436805e-4
H3,LRRC8A,1
H3,LRWD1,1
H3,LST1,0.055576902105354334
H3,LTB4R,0.4784850418116017
H3,LTBP3,0.028771370385989144
H3,LTF,1
H3,LUC7L,0.9478808106677509
H3,LUC7L3,0.30089338554171235
H3,LUM,0.729790005473391
H3,LYL1,1
H3,MAGEF1,0.45846779634475965
H3,MAGI1,1
H3,MAGOHB,1
H3,MAP1S,0.01385722536013593
H3,MAP3K14,0.6340672803209044
H3,MAP3K6,1
H3,MAP4K2,1
H3,MAPK9,1
H3,MAPKAPK5,1
H3,MAPT,1
H3,MARS,0.7078553654601917
H3,MAVS,0.9127257488213437
H3,MCTS1,1
H3,MDM2,1
H3,MED13L,1
H3,MED25,0.8831270467592485
H3,MELK,1
H3,MEN1,0.8580527169331927
H3,METTL12,1
H3,METTL16,0.7305970514112414
H3,MFAP4,0.028771370385989144
H3,MFSD3,1
H3,MFSD7,1
H3,MGMT,0.658633870592375
H3,MGP,4.4124763852315673e-11
H3,MIA,1
H3,MIB2,1
H3,MICAL1,0.004664332162016395
H3,MICALL2,0.07937162141417667
H3,MID1IP1,0.09922878613744927
H3,MIF,1
H3,MIIP,0.0327649369887464
H3,MKI67,1
H3,MKNK1,1
H3,MLLT4,1
H3,MLPH,0.1610316753015848
H3,MLST8,0.0668792379954422
H3,MMP11,3.072169716636612e-5
H3,MMP9,4.874532117995216e-5
H3,MORC2,0.5694401537966848
H3,MPND,1
H3,MPST,0.016313406987117855
H3,MRPL2,0.535167944284227
H3,MRPL21,1
H3,MRPL23,1
H3,MRPL51,0.03532797410516264
H3,MRPL54,1
H3,MRPS22,1
H3,MS4A6A,0.009295811795380086
H3,MST1R,1
H3,MTG2,1
H3,MTMR12,1
H3,MUC1,1
H3,MUCL1,1
H3,MUS81,0.2958033186424671
H3,MVP,0.01385722536013593
H3,MX2,1
H3,MYBL2,0.38892584539140773
H3,MYC,0.9028888498577334
H3,MYH10,0.5260211477433744
H3,MYL12B,0.039171955664628416
H3,MYL6B,1
H3,MYL9,1.406137151878017e-4
H3,MYO1G,0.08620283776175204
H3,MYO9B,0.485059348486176
H3,MZT2A,1
H3,NAA10,0.02304762321190274
H3,NANS,1
H3,NAT1,1
H3,NCKAP1L,1
H3,NCKAP5L,1
H3,NDC80,1
H3,NDRG1,0.26241735833776925
H3,NDUFA1,0.005868057327223527
H3,NDUFA12,1
H3,NDUFB2,0.9127257488213437
H3,NDUFB3,1
H3,NDUFB9,0.48788593078946646
H3,NDUFC1,1
H3,NDUFS1,1
H3,NDUFV3,1
H3,NEBL,1
H3,NEK7,1
H3,NELFE,1
H3,NFATC4,0.010931285722841511
H3,NFIC,0.489342251189423
H3,NINJ1,1
H3,NIT2,1
H3,NMRAL1,0.4050495940893398
H3,NR1H2,1
H3,NR4A1,1
H3,NRP1,1
H3,NSMCE1,1
H3,NTMT1,1
H3,NUF2,1
H3,NUP214,0.48572280719038824
H3,NUP93,1
H3,NXN,1
H3,OASL,1
H3,OGFRL1,1
H3,OPTN,1
H3,ORC2,1
H3,ORC6,1
H3,OSBPL8,1
H3,P4HA2,1
H3,PAF1,1
H3,PAFAH1B3,0.020523268456046715
H3,PAQR4,0.44883873261411583
H3,PARN,1
H3,PCCB,1
H3,PCIF1,1
H3,PDCD5,1
H3,PDGFRA,1
H3,PDGFRB,0.7984384861155054
H3,PER1,0.13946023648686984
H3,PEX11G,1
H3,PEX14,0.9697394160865753
H3,PGLS,0.1610316753015848
H3,PGR,1
H3,PHF11,1
H3,PHF13,1
H3,PHF21A,1
H3,PHGDH,0.033051664011420956
H3,PHKB,0.2439903037108797
H3,PIGQ,0.23673018491490047
H3,PIH1D1,1
H3,PILRA,1
H3,PIM2,0.12766889280995258
H3,PITX1,1
H3,PKNOX1,1
H3,PLAC9,1
H3,PLEKHO2,0.4172369215008146
H3,PLIN2,1
H3,PLK1,1
H3,PLK2,1
H3,PLLP,1
H3,PLP2,1
H3,PLPPR2,0.6942395605667032
H3,PLSCR1,0.7687445429080608
H3,PLTP,1
H3,PLVAP,0.5985099095220782
H3,PLXNA1,1
H3,PLXND1,0.021489994328609444
H3,PMP22,1
H3,PNISR,0.26721753381912644
H3,PNMT,1
H3,PNP,1
H3,PNPLA6,0.13594774559800435
H3,PODNL1,1
H3,PODXL,0.6340672803209044
H3,POLR2E,1
H3,POLR2J,0.01362788406908679
H3,POR,0.33644690026409846
H3,POSTN,0.005405937591491616
H3,PPHLN1,1
H3,PPIB,0.6372682518050381
H3,PPIH,1
H3,PPM1G,0.005608441431991743
H3,PPP1R1A,0.005530777125770789
H3,PPP1R1B,1
H3,PPP1R37,1
H3,PRKAB1,1
H3,PRKCSH,0.002786388345573384
H3,PROSER1,1
H3,PRPF6,0.12001191982026944
H3,PRPSAP1,1
H3,PSCA,1
H3,PSMD4,0.1761100594659855
H3,PSTPIP1,0.5900710948552248
H3,PTGDS,0.007168892787914164
H3,PTOV1,1.4937466070074491e-5
H3,PTP4A3,1
H3,PTPRC,0.1800746681147414
H3,PTPRJ,1
H3,PTRF,0.14337913112027761
H3,PTRH1,1
H3,PTTG1,0.6389738501012341
H3,PUS3,1
H3,PWP1,1
H3,PWWP2B,1
H3,PXDN,1
H3,PYURF,1
H3,QSOX1,0.006756616714111513
H3,R3HDM2,1
H3,RAB11FIP1,1
H3,RAB3A,1
H3,RAB3GAP1,1
H3,RAB3IL1,1
H3,RABGAP1L,1
H3,RALBP1,1
H3,RALGAPA2,1
H3,RAMP2,1
H3,RAP1B,1
H3,RARS2,0.4521173432507308
H3,RASA2,0.0389533812117173
H3,RASGRP2,0.591958531289992
H3,RASSF3,1
H3,RBL1,1
H3,RBM42,0.7305970514112414
H3,RECQL4,1
H3,RECQL5,0.009311819517760023
H3,REEP6,1
H3,RGS1,1
H3,RHOB,0.039171955664628416
H3,RIOK1,1
H3,RMND1,1
H3,RNASET2,0.25760706670402195
H3,RND3,0.44883873261411583
H3,RNF135,1
H3,RNF170,0.4888094856667081
H3,RRAS,1
H3,RRM2,0.003911972873507171
H3,RSL1D1,1
H3,RSRP1,1
H3,RUVBL1,1
H3,S100A14,1
H3,S100A9,1.678856570824005e-7
H3,SAMM50,0.44105139305364693
H3,SASH1,1
H3,SAT1,0.014436561626692993
H3,SCAF1,0.3612976823649671
H3,SCD,1
H3,SCNN1D,0.2609447730961126
H3,SCX,1
H3,SDHB,1
H3,SEC14L2,1
H3,SEC23A,1
H3,SEMA3B,1
H3,SEMA4B,1
H3,SF3B4,0.013682200240432818
H3,SFRP1,1
H3,SFSWAP,0.2504519247845918
H3,SGTA,0.016313406987117855
H3,SH3BP5L,1
H3,SIGLEC1,1
H3,SIGMAR1,1
H3,SLC16A2,1
H3,SLC16A3,0.003911972873507171
H3,SLC22A18,1
H3,SLC25A24,1
H3,SLC2A1,0.3222663680937333
H3,SLC2A8,0.575300766095784
H3,SLC35A2,1
H3,SLC39A6,0.749468200838443
H3,SLC43A1,1
H3,SLC4A5,1
H3,SLC8B1,1
H3,SLC9A3R2,1
H3,SLC9A8,1
H3,SLFN13,0.030727904916942824
H3,SLPI,0.0028954721557733335
H3,SMCHD1,1
H3,SMG9,0.13423261099925943
H3,SMYD2,1
H3,SNAPC3,1
H3,SNF8,2.618998719867633e-5
H3,SNRPD3,0.09472924001929457
H3,SNTA1,0.08369213352921721
H3,SNX33,1
H3,SNX8,0.5256481320181312
H3,SOD3,0.5257414119946047
H3,SOS2,1
H3,SOX4,0.704093152625157
H3,SP6,1
H3,SPAG9,1
H3,SPARC,0.005867721248330644
H3,SPIN1,1
H3,SPSB1,1
H3,SRGN,0.4166164337624585
H3,SRPX2,1
H3,SRR,1
H3,SRRT,0.48289939440375146
H3,SRSF1,0.3205227746201226
H3,SRSF5,0.00366261715723795
H3,SSSCA1,1
H3,STAMBP,1
H3,STAT5A,1
H3,STK17A,0.016291715159083734
H3,STK4,1
H3,STMN1,0.03450967011967768
H3,STRN3,1
H3,STT3A,1
H3,SUGP1,1
H3,SURF1,1
H3,SVIL,1
H3,SYDE1,0.5880026819571078
H3,SYK,0.49676534099723674
H3,TACC3,0.1026217849912001
H3,TANC2,1
H3,TARBP1,1
H3,TAX1BP1,0.5322249596451872
H3,TAX1BP3,0.14337913112027761
H3,TBC1D10A,1
H3,TBC1D23,1
H3,TBCA,0.748609136610269
H3,TBXAS1,1
H3,TCEA2,1
H3,TCEA3,1
H3,TCF25,0.08620283776175204
H3,TDRD3,1
H3,TESK1,1
H3,TESMIN,1
H3,TEX10,1
H3,TEX2,1
H3,TFF3,0.8102914521753737
H3,TGFBR2,0.8034205927815203
H3,THBS1,1
H3,THOC5,0.8817498520654393
H3,THOC6,1
H3,TIGD5,1
H3,TIMP1,2.059568378076071e-9
H3,TJP3,0.4594698570337935
H3,TM7SF2,0.26241735833776925
H3,TMBIM6,0.014008893141390049
H3,TMEM101,0.4624867750030215
H3,TMEM123,1
H3,TMEM14B,1
H3,TMEM160,0.06644841680550395
H3,TMEM184A,1
H3,TMEM259,0.005867721248330644
H3,TMEM45B,1
H3,TMEM86A,1
H3,TMX1,0.8580527169331927
H3,TNC,1
H3,TNFRSF14,0.2609447730961126
H3,TNFRSF21,0.7923663127073142
H3,TNFRSF4,1
H3,TNNT1,1
H3,TOM1L2,1
H3,TP53I3,1
H3,TPM2,0.9992632943312172
H3,TRAC,0.09472924001929457
H3,TRAF5,1
H3,TRAP1,1
H3,TRAPPC4,1
H3,TRIM14,1
H3,TRIM22,1
H3,TRIM25,0.542705610787554
H3,TRIM47,0.535167944284227
H3,TSPAN33,1
H3,TSR2,0.9452364994012886
H3,TTC31,1
H3,TTI1,0.3095773222484688
H3,TXN2,0.1323901220914553
H3,TXNDC17,1
H3,TXNRD2,0.039171955664628416
H3,TYMS,1
H3,TYROBP,0.003369396983247024
H3,UBA52,5.06534278916889e-13
H3,UBA6,1
H3,UBAP2L,0.2107489373527743
H3,UBE2C,0.25760706670402195
H3,UBE2T,0.7084866742463658
H3,UBE2W,1
H3,UBL7,1
H3,UBR2,1
H3,UBXN1,0.12779714551237334
H3,UCK1,0.1633733698553738
H3,UFD1L,1
H3,UQCRC1,0.01385722536013593
H3,UXS1,1
H3,UXT,1
H3,VARS,0.05338725901741498
H3,VAV1,0.2609447730961126
H3,VCAM1,1
H3,VEGFB,0.06620275408686038
H3,VIM,0.012117396133900919
H3,VPS13D,1
H3,VPS45,1
H3,VWF,1.540252749495406e-7
H3,WDFY3,1
H3,WDR13,0.015961311019203693
H3,WDR34,6.41912693674447e-5
H3,WDR46,0.5246549897898335
H3,WDR73,1
H3,WDR74,0.005608441431991743
H3,WIPF1,0.49676534099723674
H3,XAB2,0.8868135720518481
H3,XIAP,1
H3,XPO6,0.9073272886369883
H3,YIPF4,1
H3,YTHDC1,1
H3,ZDHHC12,0.7820046904436112
H3,ZFAND3,1
H3,ZFP36,1
H3,ZFPL1,1
H3,ZFR,1
H3,ZG16B,0.020896547175613706
H3,ZMAT5,1
H3,ZMYND19,0.0015933770049450177
H3,ZMYND8,0.5421457800815346
H3,ZNF217,0.031876520591050096
H3,ZNF337,1
H3,ZNF33B,1
H3,ZNF362,1
H3,ZNF524,1
H3,ZNF592,1
H3,ZNF644,1
H3,ZNF668,0.043937926628376936
H3,ZNF771,1
H3,ZNF787,1
H3,ZNF791,1
H3,ZNF83,1
H3,ZNF91,1
H3,ZNRF1,1
H3,ZSWIM8,1
