gene,pcc,n_units,pcc_A1,pcc_A2,pcc_A3,pcc_A4,pcc_A5,pcc_A6,pcc_B1,pcc_B2,pcc_B3,pcc_B4,pcc_B5,pcc_B6,pcc_C1,pcc_C2,pcc_C3,pcc_C4,pcc_C5,pcc_C6,pcc_D1,pcc_D2,pcc_D3,pcc_D4,pcc_D5,pcc_D6,pcc_E1,pcc_E2,pcc_E3,pcc_F1,pcc_F2,pcc_F3,pcc_G1,pcc_G2,pcc_G3,pcc_H1,pcc_H2,pcc_H3
A2M,0.09321810278601737,36,0.05040259286761284,-0.07968057692050934,-0.062335070222616196,0.029495861381292343,0.06712299585342407,-0.05287531018257141,0.20535807311534882,0.3113987147808075,0.2773352265357971,0.3024810254573822,0.2542446255683899,0.2322770655155182,-0.060870736837387085,-0.040899936109781265,-0.07691064476966858,-0.08378533273935318,-0.0034195398911833763,0.002302909968420863,0.0029137912206351757,0.15948273241519928,0.04656502604484558,0.16982139647006989,0.11608012765645981,0.08086548745632172,0.039482902735471725,0.09862495958805084,-0.04814285784959793,0.007468591909855604,0.011311969719827175,-0.12625916302204132,0.24397322535514832,0.0777454525232315,0.2809081971645355,0.27496203780174255,0.3594937324523926,0.2889121472835541
AAMDC,0.06845711022874133,36,0.1244879961013794,0.02789396420121193,0.0232401005923748,-0.0422598160803318,-0.06913907825946808,0.04658595845103264,0.09707998484373093,0.06707163155078888,0.13739344477653503,0.21773193776607513,0.08972275257110596,0.13899321854114532,0.23927682638168335,0.19569014012813568,-0.0017969519831240177,0.1062563955783844,0.042856208980083466,0.1963687539100647,0.09769003093242645,0.18688596785068512,0.06876920908689499,0.09116974472999573,0.16084463894367218,-0.024057313799858093,-0.029118210077285767,-0.06983238458633423,-0.046664368361234665,-0.03847893327474594,-0.02522250823676586,0.008314362727105618,0.03496839106082916,0.08134830743074417,0.08735724538564682,0.09963738173246384,0.12136922776699066,0.022021710872650146
ABCA3,0.07575545348825269,36,0.10313162952661514,-0.011228866875171661,0.046028513461351395,-0.037590861320495605,-0.05487339198589325,-0.016021236777305603,0.13311700522899628,0.1752159744501114,0.1629866659641266,0.2190832644701004,0.3074960708618164,0.22945812344551086,-0.0014786665560677648,0.20877273380756378,0.01781313493847847,0.14664502441883087,-0.01866939663887024,0.10726115107536316,0.004936061799526215,0.13630178570747375,0.12253803014755249,0.04097684100270271,0.06916233897209167,-0.000217984284972772,0.027698826044797897,-0.025291234254837036,0.005768566392362118,-0.015316043980419636,-0.023781200870871544,0.015900475904345512,0.0769168958067894,0.1556716412305832,0.07015515118837357,0.1163349449634552,0.09308800846338272,0.13920634984970093
ABCA7,0.07185995852988628,36,-0.12105649709701538,0.017274560406804085,0.12293016165494919,0.03007662482559681,0.07560859620571136,0.035099614411592484,0.16157804429531097,0.1622220128774643,0.15340828895568848,0.09264811873435974,0.02892390824854374,0.1616712212562561,0.09945705533027649,0.1745164543390274,0.15277394652366638,0.04947507381439209,-0.038388460874557495,0.023257186636328697,0.044984009116888046,0.10652527213096619,0.09999635070562363,0.034579284489154816,0.1742589920759201,-0.04448487609624863,0.07457710057497025,0.04697483777999878,0.07711941748857498,0.06231255084276199,-0.020480720326304436,0.015627793967723846,0.049046069383621216,0.03841781243681908,0.0627971962094307,0.12609539926052094,0.1037634015083313,0.15337270498275757
ABCF3,0.14678368132768405,36,0.05511407181620598,0.024566300213336945,0.13212330639362335,0.06874455511569977,0.018320182338356972,0.11506736278533936,0.26526299118995667,0.2303699254989624,0.23481905460357666,0.30963048338890076,0.17394328117370605,0.1962965875864029,0.22459028661251068,0.20427222549915314,0.030035223811864853,0.12897156178951263,0.16419459879398346,0.23577547073364258,0.15800094604492188,0.18898147344589233,0.27874955534935,0.2520277798175812,0.22951947152614594,0.14043444395065308,0.095066137611866,0.04206640273332596,0.0923505499958992,-0.024448584765195847,0.02698497474193573,-0.0491689071059227,0.16574761271476746,0.170355424284935,0.23615023493766785,0.16397666931152344,0.17894713580608368,0.12637373805046082
ABHD14A,0.04311541020514495,36,0.11884500831365585,0.009747759439051151,0.039167724549770355,-0.05801841616630554,-0.007024524733424187,0.08265151083469391,0.07878333330154419,0.04664420336484909,0.0757545530796051,0.10548370331525803,-0.0009542344487272203,0.057291630655527115,0.0465191975235939,0.166605606675148,0.09505932033061981,0.08267714828252792,0.1400587260723114,0.14233556389808655,0.00922662578523159,-0.0031879530288279057,-0.033594436943531036,0.10503558069467545,0.007743461988866329,0.047839630395174026,-0.0073496694676578045,0.02381303906440735,0.0034534428268671036,-0.011051001958549023,-0.019686946645379066,-0.05006206035614014,0.004437635652720928,0.04966975376009941,0.08938007801771164,0.0036521838046610355,0.055318038910627365,0.0558895505964756
ABHD4,0.03686329716260338,36,0.06652417033910751,0.04508276656270027,0.05028068646788597,0.06554616987705231,-0.046643078327178955,-0.03296653553843498,0.014316708780825138,0.11649052798748016,0.11305863410234451,0.07931066304445267,-0.04034380242228508,0.07825027406215668,0.025305164977908134,0.05958569422364235,0.18547426164150238,0.021513473242521286,-0.02185196802020073,0.016257697716355324,0.08769490569829941,0.09214748442173004,0.04341000318527222,-0.09412533789873123,0.07449784874916077,0.16888189315795898,0.06612306088209152,-0.04531809315085411,-0.012987649068236351,0.0017905241111293435,-0.05189847946166992,-0.09312497824430466,0.008105307817459106,0.07869771122932434,0.04256989434361458,0.08859092742204666,0.023172134533524513,0.05366003140807152
ACAA1,0.11078117516202231,36,0.05361286178231239,0.08251605927944183,0.02523059956729412,0.10054299235343933,0.06088123098015785,0.07756271958351135,0.17944973707199097,0.23087157309055328,0.19148896634578705,0.2563002407550812,0.227854922413826,0.2837529182434082,0.22443422675132751,0.0797709971666336,0.16962073743343353,0.21293343603610992,0.01489531435072422,0.10712841153144836,0.0679217204451561,0.05412213131785393,0.08952288329601288,0.16381299495697021,0.11739520728588104,0.050706896930933,0.03542485460639,0.02369498275220394,0.0026571382768452168,0.0020126053132116795,0.011334637179970741,-0.09434698522090912,0.2177710235118866,0.10833863914012909,0.16029945015907288,0.17024533450603485,0.12219341844320297,0.10616742819547653
ACER3,-0.0022923528772985768,36,-0.08025772869586945,0.016733640804886818,-0.06929159164428711,0.044998276978731155,0.005358017049729824,-0.09532903134822845,-0.057621195912361145,0.05818723514676094,0.027676356956362724,0.15487143397331238,0.024472583085298538,-0.032573457807302475,0.048800475895404816,-0.01703217439353466,-0.0478181354701519,-0.05563719570636749,-0.06397363543510437,-0.02096651867032051,0.10050889849662781,0.038797542452812195,0.03981265053153038,0.07128775864839554,0.05482684448361397,0.007113284431397915,-0.0027220111805945635,-0.038100793957710266,0.04135691374540329,0.022799009457230568,-0.00629049027338624,-0.016939233988523483,-0.03680594637989998,-0.030143633484840393,0.014295274391770363,-0.06686196476221085,-0.12815652787685394,0.01210036687552929
ACTR3B,0.07169159468281174,36,0.08957057446241379,0.11056564748287201,0.05243656784296036,0.01238447055220604,0.03436633571982384,0.11556701362133026,0.07933234423398972,0.17086616158485413,0.039120983332395554,0.1732994019985199,0.03978464752435684,0.08152421563863754,-0.030423471704125404,0.04933634027838707,0.00017129075422417372,0.06982478499412537,0.13836516439914703,0.13301800191402435,0.14574910700321198,0.14147044718265533,0.04715817794203758,0.13907596468925476,0.016328908503055573,0.07378987222909927,0.06091662123799324,0.01809023879468441,-0.09679658710956573,0.004544935189187527,0.0662437230348587,0.01891615055501461,0.04515240713953972,0.07089798152446747,0.04257358983159065,0.11496847867965698,0.14127175509929657,0.1714351624250412
ADAM15,-0.024466749772222504,36,-0.17610198259353638,-0.23746667802333832,-0.11760687083005905,-0.24618440866470337,-0.2045430988073349,-0.0027960867155343294,-0.045551832765340805,-0.21464045345783234,-0.07286130636930466,-0.1273781955242157,-0.20592425763607025,-0.09470687806606293,0.1530587077140808,-0.029662350192666054,0.0353880301117897,0.03303960710763931,-0.02451278269290924,-0.07101757824420929,0.0251176655292511,0.2465151846408844,0.0008566365577280521,0.06398404389619827,0.033261027187108994,-0.020893519744277,0.03079812601208687,-0.10434425622224808,-0.0966663807630539,-0.08541276305913925,0.0020566319581121206,-0.02767152711749077,0.155427485704422,0.20117595791816711,0.20968548953533173,0.08940399438142776,0.028473174199461937,0.01689845323562622
ADCY3,0.0393868734051163,36,-0.037971727550029755,0.001963196322321892,0.09208329766988754,-0.026930371299386024,-0.00531401950865984,0.06896136701107025,0.03425149247050285,0.22687986493110657,-0.03820998594164848,0.10069726407527924,0.04057091847062111,-0.02767648920416832,0.0797099769115448,0.11686163395643234,0.06098990887403488,-0.0166159737855196,-0.0055762422271072865,0.09740579128265381,0.07254769653081894,0.07264915108680725,0.030205601826310158,0.0962204709649086,0.06024220213294029,0.0060121603310108185,0.060557764023542404,-0.0006636204198002815,-0.04960095137357712,-0.03493001312017441,-0.010898004285991192,-0.060433514416217804,0.03068475052714348,0.13043813407421112,0.0409424789249897,-0.03833336383104324,0.12170713394880295,0.12849946320056915
ADI1,0.14039583656833404,36,0.06394040584564209,0.04207265004515648,0.01359577476978302,0.03881078213453293,0.004786420613527298,0.01915385201573372,0.1324956715106964,0.248228058218956,0.2636118531227112,0.2794930338859558,0.11415588855743408,0.29044294357299805,0.26325929164886475,0.19829061627388,0.19173885881900787,0.2010713517665863,0.23306527733802795,0.2145300805568695,0.23406338691711426,0.1717405468225479,0.25806987285614014,0.31790784001350403,0.09941547363996506,0.21720504760742188,0.02423672005534172,-0.018530279397964478,0.035246919840574265,-0.041949015110731125,-0.014152315445244312,-0.042000457644462585,0.16670472919940948,0.2335251271724701,0.18729586899280548,0.17354638874530792,0.14202627539634705,0.09715517610311508
AEBP1,-0.07574625339152084,36,-0.14761334657669067,-0.11831673979759216,-0.13061578571796417,-0.058168891817331314,-0.16783924400806427,-0.18549929559230804,-0.051712725311517715,-0.1260877549648285,0.004560953006148338,-0.12418709695339203,-0.053322795778512955,-0.024753155186772346,-0.18890415132045746,-0.05017683655023575,-0.19626455008983612,-0.13454408943653107,0.03212250396609306,-0.06143241003155708,-0.34119951725006104,-0.08963155001401901,-0.17224983870983124,-0.15542304515838623,-0.16253317892551422,-0.1990409642457962,0.00726996548473835,-0.11797980964183807,-0.05958929657936096,-0.09504463523626328,-0.08135807514190674,-0.1439584493637085,0.049573127180337906,0.06270472705364227,0.15599292516708374,0.06472843140363693,0.1510206162929535,0.18260885775089264
AES,0.07891088263164016,36,-0.043740514665842056,-0.045461732894182205,0.13342693448066711,-0.06115799397230148,-0.12792401015758514,0.04367303475737572,0.12044923007488251,0.1573461890220642,0.16724134981632233,0.14744500815868378,0.14888811111450195,0.25877565145492554,0.2222408652305603,0.14199349284172058,0.09517408162355423,0.08680467307567596,0.044878944754600525,0.06456588953733444,-0.052684884518384933,0.18267524242401123,0.05381688103079796,0.11225544661283493,0.08671827614307404,0.07295561581850052,-0.0184601042419672,-0.11741012334823608,0.0008183138561435044,-0.040395207703113556,-0.0372738242149353,0.012488903477787971,0.17507807910442352,0.15736733376979828,0.17284584045410156,0.19122056663036346,0.1770348995923996,0.15712131559848785
AGAP2,-0.0044656692932929015,36,-0.04805059731006622,-0.09450626373291016,-0.056085262447595596,0.02636128105223179,-0.05700070783495903,-0.021959099918603897,-0.03011101856827736,0.15749973058700562,-0.06566761434078217,-0.06619364023208618,-0.04314339533448219,0.052940115332603455,-0.019157707691192627,-0.06724727153778076,0.010832441970705986,0.05099457874894142,-0.0834258645772934,-0.24545803666114807,-0.05998208001255989,0.12254983931779861,-0.010334250517189503,-0.07493501901626587,0.04324260726571083,0.07285550981760025,0.07953747361898422,0.051067426800727844,0.024896863847970963,-0.046885810792446136,-0.0009400347480550408,0.024661201983690262,0.08296436816453934,-0.014720121398568153,-0.029570497572422028,0.06937495619058609,0.10892918705940247,-0.0040973820723593235
AGO2,0.0965027396580101,36,0.010316526517271996,0.14594976603984833,0.023235246539115906,0.16431628167629242,0.02289222553372383,0.13897496461868286,0.08264123648405075,0.013201315887272358,0.1431436836719513,0.10352518409490585,0.07272133231163025,0.10347944498062134,0.1724359393119812,0.21427403390407562,0.11748694628477097,0.08838853985071182,0.1573011428117752,0.17712576687335968,0.09645511955022812,0.09010891616344452,0.12820427119731903,0.12271517515182495,0.1602383852005005,0.10818049311637878,-0.04175781086087227,-0.02036045677959919,0.07507090270519257,-0.024347100406885147,-0.0027059537824243307,0.06683413684368134,0.1515713632106781,0.08624545484781265,0.09811747819185257,0.1422138661146164,0.1312594711780548,0.15464533865451813
AGPAT2,0.11360030266870227,36,-0.028623180463910103,0.05468714237213135,0.02842663787305355,-0.0552884005010128,-0.013868737034499645,0.03280958905816078,0.1505119800567627,0.1885557621717453,0.07803204655647278,0.2172708660364151,0.06039777770638466,0.19971543550491333,0.2393348664045334,0.13785916566848755,0.1768437772989273,0.17273853719234467,0.1959889829158783,0.13589514791965485,0.08931515365839005,0.29235392808914185,0.1818329393863678,0.3106567859649658,0.246668741106987,0.3065188229084015,0.0038571469485759735,0.021467456594109535,-0.05627052113413811,-0.03580476716160774,-0.03161614388227463,-0.01844426617026329,0.12957943975925446,0.1455179899930954,0.20857872068881989,0.13576503098011017,0.07357452809810638,0.11477251350879669
AGR2,0.12986587952925926,36,0.0661071389913559,-0.01901293732225895,0.050244953483343124,0.051168181002140045,0.04067731276154518,0.11754073202610016,0.25218939781188965,0.27662330865859985,0.2611179053783417,0.42523103952407837,0.2303270399570465,0.460584819316864,0.3131064474582672,0.2924366593360901,0.27447664737701416,0.30034297704696655,0.09476609528064728,0.23962853848934174,0.13324898481369019,0.03710508346557617,0.17313086986541748,0.05220550298690796,0.10568298399448395,0.09728590399026871,-0.046992503106594086,0.019825777038931847,-0.040830958634614944,-0.024011921137571335,-0.04783959686756134,0.04797998070716858,0.14140954613685608,0.0870252251625061,0.08633211255073547,0.11635499447584152,-0.008310544304549694,0.01801396533846855
AHCY,0.10914717273165782,36,0.03077387809753418,0.05293326452374458,0.09976401925086975,0.012726067565381527,0.020026933401823044,0.10587838292121887,0.12790027260780334,0.2512703537940979,0.12496466934680939,0.4166771471500397,0.2694147825241089,0.3447558879852295,0.05512222647666931,0.18849658966064453,0.22014103829860687,0.03807023912668228,0.18009230494499207,0.213355153799057,0.12406100332736969,0.2707776427268982,0.09890738129615784,0.1892326921224594,0.11689833551645279,0.09718228131532669,0.025896232575178146,-0.10819875448942184,-0.0960201695561409,-0.019325360655784607,0.033516354858875275,-0.015191303566098213,0.08708055317401886,0.1226634830236435,0.09120823442935944,0.12615899741649628,0.023903870955109596,0.008183532394468784
AKAP9,0.020955305690424413,36,-0.048162445425987244,0.04386754333972931,0.05140361562371254,0.024349670857191086,0.09052596986293793,0.1103760376572609,-0.013802744448184967,-0.0001183165586553514,-0.11455986648797989,-0.022248590365052223,-0.1980004608631134,-0.03537793084979057,0.09025660902261734,0.03466351702809334,-0.04771643877029419,0.05804527550935745,-0.04172787815332413,-0.04480835050344467,0.08697470277547836,0.06057089567184448,-0.04664793610572815,0.12908658385276794,0.054559946060180664,0.09830372780561447,0.02932274341583252,-0.01161217875778675,0.06553582847118378,-0.014496549032628536,0.02932673878967762,-0.03680415824055672,0.10624939203262329,0.0757618248462677,0.03824812173843384,0.0236152783036232,0.08878539502620697,0.040645431727170944
AKR1A1,0.1461925302994334,36,0.1900814026594162,0.12342551350593567,0.05686325952410698,0.1088925376534462,0.02927696332335472,0.10339146852493286,0.13104993104934692,0.27922677993774414,0.24372974038124084,0.4599122107028961,0.2080388069152832,0.36827346682548523,0.242761492729187,0.20986346900463104,0.14933592081069946,0.16560228168964386,0.3122420310974121,0.1944875568151474,0.01110603753477335,0.16517317295074463,0.13036522269248962,0.1271851360797882,0.2231006771326065,0.19690927863121033,-0.04195304960012436,-0.02328750677406788,0.029078425839543343,-0.03812861070036888,0.022720642387866974,-0.09669394046068192,0.10220394283533096,0.1430106908082962,0.1507275253534317,0.1961943805217743,0.23149995505809784,0.15726427733898163
AKT1S1,0.08740808166718732,36,-0.06550198048353195,-0.010821535252034664,0.020956063643097878,-0.01428050734102726,-0.06343310326337814,0.027043549343943596,0.1235625147819519,0.20195646584033966,0.14965498447418213,0.22816625237464905,0.09544247388839722,0.2702019214630127,0.2517267167568207,0.004206639248877764,0.04897575080394745,0.19459864497184753,0.04486827179789543,0.10367759317159653,0.06360005587339401,0.12641514837741852,0.18000918626785278,0.18925441801548004,0.10881435126066208,0.18912720680236816,-0.02856050431728363,0.04625586047768593,-0.004812588915228844,-0.019166050478816032,-0.025878647342324257,-0.06598600745201111,0.12654228508472443,0.19094222784042358,0.1115843877196312,0.07251396030187607,0.19778543710708618,0.07724949717521667
ALDH16A1,0.06836168053592297,36,0.07585494220256805,0.015302229672670364,0.09601568430662155,0.062175821512937546,0.02549033798277378,-0.06723564863204956,0.08088278025388718,0.15577009320259094,0.17313681542873383,0.09143764525651932,0.14280974864959717,0.29915085434913635,0.09134495258331299,0.1332215964794159,-0.019594287499785423,0.06342113018035889,0.1953788697719574,-0.017178935930132866,0.11614426225423813,-0.09129511564970016,-0.0009297513752244413,0.14811047911643982,0.06688116490840912,0.12636280059814453,-0.0036326732952147722,-0.06987891346216202,-0.047124192118644714,0.017105478793382645,-0.012907843105494976,0.024302860721945763,0.008007031865417957,0.10322824120521545,0.1130020022392273,0.1489459127187729,0.1581498086452484,0.05916431546211243
ALG3,0.14128734261935783,36,0.05686597153544426,0.021680057048797607,0.18511401116847992,0.016396598890423775,0.054054372012615204,0.08623350411653519,0.18175935745239258,0.34145066142082214,0.19816596806049347,0.297099232673645,0.16746100783348083,0.31689828634262085,0.22752660512924194,0.05282658338546753,0.129091277718544,0.20165462791919708,0.173930361866951,0.130637064576149,0.09960749745368958,0.23968350887298584,0.1890004277229309,0.07742192596197128,0.2062079757452011,0.11092958599328995,0.058100853115320206,0.05133393779397011,0.009995702654123306,-0.022373534739017487,-0.010473388247191906,0.03147702291607857,0.18620477616786957,0.21399159729480743,0.23910771310329437,0.22021982073783875,0.18890565633773804,0.15815770626068115
ANGPTL4,-0.0065029160856890185,36,0.05334727093577385,-0.03092498891055584,-0.019136561080813408,-0.07045719772577286,-0.038150738924741745,-0.03286414593458176,0.015697304159402847,0.0036599538289010525,-0.06142498925328255,0.03365583345293999,0.10899651050567627,0.04236369580030441,-0.07213731855154037,-0.003988390322774649,-0.095836341381073,-0.08244572579860687,-0.019675523042678833,-0.04258380085229874,-0.10661321878433228,0.030617142096161842,-0.03602354973554611,-0.05152164399623871,0.008029745891690254,-0.002364363754168153,-0.025795696303248405,-0.058966901153326035,0.03942476958036423,-0.011093932203948498,-0.006088366732001305,-0.03884899988770485,0.058076221495866776,0.08571608364582062,0.07914198189973831,0.08970628678798676,-0.04497688263654709,0.06938149780035019
ANKLE2,0.14542454258642262,36,-0.09244602173566818,0.09379000216722488,0.08531419932842255,0.025672001764178276,0.12317097932100296,0.08337555080652237,0.31588172912597656,0.21605394780635834,0.24386917054653168,0.3243216574192047,0.22104185819625854,0.2774010896682739,0.13464175164699554,0.10273861140012741,0.21556265652179718,0.1898139864206314,-0.03273726627230644,0.19726115465164185,0.19386835396289825,0.2781209349632263,0.19466884434223175,0.16521422564983368,0.13789810240268707,0.2883746922016144,0.0744248703122139,0.02398415096104145,0.024989090859889984,0.02640395425260067,-0.05345791205763817,0.033024150878190994,0.15594971179962158,0.13766524195671082,0.1571052372455597,0.1871870458126068,0.2507210969924927,0.23441468179225922
ANKRD12,0.05014175501289881,36,0.09551338106393814,0.01618705503642559,0.016891473904252052,0.01110879983752966,0.0675392895936966,0.004701230209320784,0.04807484149932861,0.11738905310630798,0.16823144257068634,0.11567487567663193,0.1368626058101654,0.21452084183692932,0.05519620701670647,0.1954890787601471,-0.06292252242565155,0.028165122494101524,0.025762367993593216,0.12338118255138397,0.015653422102332115,-0.06970106810331345,0.10897615551948547,0.08152958005666733,0.003394552506506443,0.09571927785873413,-0.012700564227998257,0.034294504672288895,0.0634685605764389,0.04171236231923103,-0.011276789009571075,0.03338633105158806,-0.0257144495844841,-0.006534171290695667,0.010975741781294346,-0.0021527335047721863,0.062386125326156616,0.003920015878975391
ANKRD28,0.05891340931541183,36,-0.06525100767612457,0.11339947581291199,0.059398360550403595,0.0363350585103035,0.052432216703891754,-0.003673375817015767,0.06869591027498245,0.1022394672036171,0.07439899444580078,0.16669273376464844,0.043503109365701675,0.32205790281295776,0.021956834942102432,0.017033930867910385,-0.11796671897172928,0.06025656312704086,0.04724794626235962,0.06863731890916824,0.07548316568136215,0.13604716956615448,0.0817997083067894,0.10837365686893463,0.014786657877266407,0.1140090674161911,-0.05432223156094551,0.06817208230495453,0.030010242015123367,0.03031066432595253,-0.045864418148994446,0.05676891282200813,0.06073527783155441,-0.013977780006825924,0.11420806497335434,0.10844571888446808,0.1078532487154007,0.060648806393146515
ANLN,0.07910872121445006,36,0.05961652472615242,0.19416283071041107,0.060203634202480316,0.11357145756483078,0.14256198704242706,0.10912666469812393,0.017357071861624718,0.04077726975083351,0.21655385196208954,0.056958675384521484,0.18136118352413177,0.05837732180953026,0.03815354406833649,0.16125041246414185,0.05409251153469086,0.06180435046553612,-0.015109984204173088,0.13495813310146332,0.17389777302742004,-0.06468027085065842,0.03367483243346214,0.0975591167807579,0.1766938418149948,-0.0117561686784029,-0.05996427312493324,0.004982664715498686,0.011965226382017136,0.02370760776102543,0.007046967279165983,-0.0011134902015328407,0.15555232763290405,0.15895424783229828,0.135445237159729,0.05485108867287636,0.1252385377883911,0.1400812566280365
ANO10,0.05834545420819066,36,0.020854229107499123,0.11412160843610764,0.014301002956926823,0.09665622562170029,0.03704063594341278,0.05208798870444298,0.0025477278977632523,0.09159450978040695,0.0576351098716259,0.18533560633659363,0.11988108605146408,0.084901824593544,0.018630022183060646,0.18949225544929504,0.20221960544586182,0.14412905275821686,0.0021262685768306255,0.06525223702192307,0.045538224279880524,-0.0027600557077676058,0.03489521145820618,0.06620881706476212,0.07933980971574783,0.10568111389875412,-0.086954765021801,0.004076918587088585,-0.11420752108097076,0.02171551249921322,-0.10020683705806732,0.03167121857404709,0.055770475417375565,0.0892103984951973,0.11617765575647354,0.056271713227033615,0.11925828456878662,0.07994318008422852
AP5B1,0.012940234414094852,36,-0.14636912941932678,-0.0933929905295372,-0.02874988131225109,-0.09883294999599457,-0.005229482427239418,0.031105447560548782,0.05735472962260246,0.11161467432975769,-0.0065953717567026615,0.0557880625128746,0.0972442775964737,0.08940190076828003,0.07727653533220291,0.03971950337290764,0.16471804678440094,-0.1376132220029831,-0.13553281128406525,0.005330161191523075,0.047986336052417755,0.01574743166565895,0.08265285938978195,-0.0470162071287632,0.17711809277534485,0.0642099380493164,0.035872288048267365,-0.06801233440637589,0.07426456362009048,-0.03299304097890854,-0.028047634288668633,-0.08409655094146729,-0.05501687526702881,-0.024543527513742447,0.04966612532734871,0.04002874344587326,0.08004835993051529,0.060742370784282684
AP5Z1,0.10015329765155911,36,0.038970157504081726,-0.026105007156729698,0.034264784306287766,0.03757903724908829,0.030939703807234764,0.03882398456335068,0.1968434602022171,0.273012638092041,0.15801160037517548,0.2324155569076538,0.04738358408212662,0.16438277065753937,0.11707571148872375,0.18333372473716736,-0.05926056206226349,0.025384262204170227,0.2589145004749298,0.08803535252809525,-0.003093617968261242,0.18059392273426056,0.10586222261190414,0.12384788691997528,0.18343603610992432,0.07618818432092667,0.06920967251062393,0.06881198287010193,0.007623746059834957,0.039928603917360306,-0.038650162518024445,-0.02433796413242817,0.1970706433057785,0.15771237015724182,0.3025723993778229,0.1403481811285019,0.1120520755648613,0.06633727252483368
APBA2,0.08901002020057705,36,0.004868937190622091,0.03467240557074547,0.03282240405678749,0.046825431287288666,0.053464990109205246,-0.15759381651878357,0.12026815861463547,0.12971335649490356,0.14879675209522247,0.1044052317738533,0.199458509683609,0.12470937520265579,0.18311423063278198,0.13818536698818207,0.15618115663528442,0.2788478136062622,0.15148714184761047,0.21249914169311523,-0.0869341716170311,0.02449197508394718,0.06207702308893204,0.14205744862556458,0.007800586987286806,0.09269148111343384,0.024528197944164276,0.03872082009911537,0.020677659660577774,0.042143989354372025,0.025583382695913315,0.03694820776581764,0.1275627315044403,0.12859897315502167,0.05591113492846489,0.16590185463428497,0.2506997585296631,0.08217308670282364
APBB2,0.046123152495258384,36,-0.026716137304902077,0.051935162395238876,-0.006518648471683264,-0.017335938289761543,0.0598713643848896,0.019520018249750137,0.05276811495423317,0.12049902975559235,0.05103398114442825,0.19675540924072266,0.22332344949245453,0.04378673434257507,0.12304604798555374,0.11184369772672653,-0.12739257514476776,0.130707785487175,0.064803346991539,-0.04504328966140747,-0.029574405401945114,0.06084740161895752,0.07208878546953201,0.010691659525036812,-0.01376369409263134,0.03679327294230461,0.07236980646848679,0.04327194392681122,-0.07383015751838684,0.02879909984767437,0.014164536260068417,-0.033766113221645355,-0.005335881840437651,0.011060744524002075,0.06279587000608444,0.12349428981542587,0.1337675154209137,0.11967126280069351
APOBEC3G,0.057936784874073055,36,-1.9722163415281102e-05,-0.10171772539615631,-0.0005700328038074076,-0.09069476276636124,0.04676732420921326,-0.049399297684431076,0.10497680306434631,0.1928832083940506,0.1583520919084549,0.2915988862514496,0.1471143513917923,0.2707742750644684,0.04620719701051712,0.061051227152347565,-0.03779832646250725,-0.0638914629817009,0.15496531128883362,0.08742315322160721,0.08219484984874725,0.02184644155204296,0.0142871905118227,0.1259160339832306,0.04371926560997963,0.11366485059261322,-0.004007217474281788,-0.03568340092897415,-0.01677575893700123,-0.042338501662015915,0.01371467299759388,0.005480144172906876,0.0641438439488411,0.06743067502975464,0.04600638523697853,0.09896740317344666,0.16328804194927216,0.1058468371629715
APOC1,0.021920062620968867,36,-0.03099091351032257,-0.2176482230424881,-0.18578217923641205,-0.07583726197481155,-0.09713849425315857,-0.07604748755693436,-0.0025081189814954996,0.1537342220544815,0.14822252094745636,0.314884215593338,0.10994107276201248,0.19601930677890778,0.005876379087567329,-0.09041174501180649,-0.1260746270418167,-0.09427031129598618,0.09462712705135345,0.03568676859140396,-0.020141450688242912,0.12943100929260254,-0.017381807789206505,-0.024722328409552574,-0.007646600715816021,0.05490374565124512,0.06533310562372208,-0.012252570129930973,0.00858838576823473,-0.04179569333791733,-0.11132678389549255,-0.10695232450962067,0.07559860497713089,0.08645185828208923,0.21550732851028442,0.14789614081382751,0.15825821459293365,0.1270911693572998
AQP1,0.0009838611020111581,36,0.03725147619843483,0.1218155175447464,-0.046517837792634964,-0.01898740790784359,0.14785946905612946,0.05389614403247833,-0.12883202731609344,-0.15921999514102936,-0.056255973875522614,-0.016649454832077026,-0.10297016054391861,-0.04004073515534401,0.06948889791965485,0.06370485574007034,0.046831946820020676,0.14051896333694458,-0.11731907725334167,0.02883700653910637,0.0723583772778511,0.05093204602599144,0.0710173174738884,-0.08553379774093628,-0.035728324204683304,-0.043206360191106796,0.07478182762861252,-0.02167932316660881,-0.02967791073024273,0.00015634397277608514,0.030650312080979347,-0.003514140611514449,-0.018020087853074074,0.0746515542268753,0.06780318170785904,-0.04779960960149765,-0.05979489907622337,-0.08538911491632462
ARF5,0.04552953388556489,35,0.05575057864189148,0.04140114784240723,-0.015439875423908234,0.06212008371949196,-0.014094368554651737,0.015645544975996017,-0.11487171053886414,0.09432799369096756,,-5.907648665015586e-05,0.011879992671310902,0.16346468031406403,0.1004452109336853,0.200476735830307,0.07154259830713272,0.047414232045412064,0.02872069552540779,0.05631884187459946,0.05919342860579491,-0.03728151321411133,0.08147235959768295,0.1898164004087448,0.004817241337150335,0.1764533668756485,0.018415795639157295,-0.02097996696829796,-0.05022406950592995,-0.05472910776734352,-0.03339824080467224,-0.04119197279214859,0.03162277489900589,0.12694203853607178,0.18004384636878967,0.0386936329305172,0.05035167559981346,0.06847269088029861
ARF6,0.2032875851728022,36,0.11670378595590591,0.19714848697185516,0.06483045220375061,0.16920873522758484,0.1782827526330948,0.15637582540512085,0.21302150189876556,0.241352841258049,0.38654622435569763,0.3688710033893585,0.2934120297431946,0.4565993547439575,0.2744826376438141,0.2521512806415558,0.2073855847120285,0.3189491331577301,0.18064798414707184,0.3282504677772522,0.35001760721206665,0.29747870564460754,0.22179849445819855,0.2080806940793991,0.3038121461868286,0.16643673181533813,-0.031040078029036522,0.003130110213533044,-0.003741979831829667,0.09540113806724548,0.10293851047754288,0.014042658731341362,0.1680789440870285,0.17805656790733337,0.13249996304512024,0.25424087047576904,0.2795068919658661,0.17339500784873962
ARFGEF2,0.07648608513409272,36,0.13046136498451233,0.15513235330581665,0.07915568351745605,0.03869261592626572,0.057822853326797485,0.09438847750425339,0.1205403283238411,0.041815850883722305,0.11540080606937408,0.14620409905910492,0.22038574516773224,0.1646217703819275,0.15234796702861786,0.06128716096282005,0.14359624683856964,0.10860637575387955,0.11872576177120209,0.038253918290138245,0.014276144094765186,0.044833675026893616,0.030893594026565552,0.0279092900454998,0.13249391317367554,0.013307638466358185,0.0021279824431985617,-0.049235954880714417,0.025131836533546448,0.01597636379301548,0.05264792591333389,0.0077338567934930325,0.16666363179683685,0.11868462711572647,0.046701643615961075,0.05434006080031395,0.04636799171566963,0.015205465257167816
ARHGAP10,0.04806601583833173,36,0.05641482025384903,0.003566035069525242,-0.05559419095516205,0.08060161024332047,0.00505538284778595,-0.004423923324793577,0.08434734493494034,0.2026797980070114,0.03638230636715889,0.1000908613204956,0.08637901395559311,0.11780070513486862,0.05793725699186325,-0.0002216404682258144,-0.0007036995957605541,0.014416116289794445,0.16850729286670685,0.027301987633109093,-0.022753018885850906,-0.05932142958045006,0.16492526233196259,0.0366450734436512,-0.002619858831167221,0.18644841015338898,0.02319464273750782,-0.03095649741590023,0.011389689520001411,0.04522528871893883,-0.008056793361902237,-0.006745039019733667,0.056743405759334564,0.06895501911640167,0.012720284052193165,0.11009324342012405,0.10580888390541077,0.058142926543951035
ARHGAP4,0.09061133992832361,36,-0.11952490359544754,0.006509006023406982,0.022647107020020485,-0.036309581249952316,0.028133636340498924,0.02366635575890541,0.2649857699871063,0.2299516350030899,0.15659373998641968,0.2476956695318222,0.1664644479751587,0.3397902548313141,0.09311732649803162,-0.0032150058541446924,0.03006330132484436,-0.025241555646061897,0.1817372888326645,0.09227532148361206,0.1046796515583992,0.07216058671474457,0.09585509449243546,0.09741280972957611,0.11696233600378036,0.11582032591104507,0.028433507308363914,0.16129131615161896,0.04460007697343826,0.01622302271425724,0.017970338463783264,-0.008397814817726612,-0.05508632957935333,0.12845860421657562,0.16642770171165466,0.1589897722005844,0.1472838819026947,0.15358354151248932
ARHGAP45,0.07607031465482174,36,-0.004388333763927221,-0.04129679501056671,-0.0034218982327729464,0.0373261384665966,-0.02157791517674923,-0.013894774951040745,0.2185257524251938,0.316802054643631,0.22487777471542358,0.29520151019096375,0.22139768302440643,0.2812861204147339,0.09638579934835434,-0.06738348305225372,0.06425867974758148,0.15806996822357178,0.16256406903266907,-0.1408405750989914,-0.09033115953207016,0.047810837626457214,-0.029990680515766144,0.025277992710471153,-0.007009855005890131,0.05140307918190956,0.037879135459661484,0.015171666629612446,0.09762908518314362,-0.0274075735360384,0.03171494975686073,-0.09093623608350754,0.03619425743818283,0.10727763921022415,0.0925036072731018,0.20188990235328674,0.23113057017326355,0.2244323343038559
ARHGAP5,0.058834689022559256,36,0.12636801600456238,0.03702069818973541,0.07765529304742813,-0.007130881771445274,-0.06990701705217361,0.02986430563032627,0.03910936042666435,0.10460953414440155,-0.00551054859533906,0.1479794830083847,0.011427191086113453,0.031074384227395058,0.139247328042984,0.10360310226678848,0.05103122442960739,0.17618735134601593,0.09341029822826385,0.09215634316205978,-0.06422104686498642,0.08282797783613205,0.09669065475463867,0.014683614484965801,0.0822235494852066,0.07327986508607864,0.07350808382034302,-0.012448949739336967,0.020682940259575844,0.007448819000273943,0.022183043882250786,-0.005396357737481594,0.042751941829919815,0.0986977145075798,0.09610559046268463,0.0647604689002037,0.1775229275226593,0.06855250149965286
ARHGEF10L,0.09264026020860507,36,0.04937749728560448,0.09566611796617508,0.055239539593458176,0.04900715872645378,0.004758346825838089,-0.04037133976817131,0.12325416505336761,0.3016771674156189,0.178055539727211,0.1576315015554428,0.0476202555000782,0.2363966852426529,0.04781940579414368,0.03536653146147728,0.12264242768287659,0.06181992217898369,0.09799998253583908,0.06605521589517593,0.008413187228143215,0.08867359161376953,0.1743219494819641,0.11465175449848175,0.05045364052057266,0.09964410215616226,0.1116156280040741,0.022820059210062027,0.06103414669632912,-0.04910293594002724,-0.010847446508705616,-0.014007500372827053,0.10359567403793335,0.1647704541683197,0.189829483628273,0.18259155750274658,0.21789807081222534,0.1286778301000595
ARHGEF3,0.10229254301844372,36,0.06646671146154404,-0.07159484177827835,0.11596867442131042,0.13333751261234283,0.12437478452920914,0.04814533516764641,0.1558319330215454,0.26791349053382874,0.17143678665161133,0.2644904851913452,0.10604782402515411,0.34920480847358704,0.14529629051685333,0.06873860955238342,0.07614503800868988,-0.04212791845202446,0.1612897515296936,0.11490736901760101,0.06967271864414215,0.055646028369665146,0.10933329910039902,0.042629990726709366,0.08623229712247849,0.07668975740671158,0.023680465295910835,-0.09373980015516281,0.0825699046254158,0.014001311734318733,0.016880663111805916,0.016269661486148834,0.13540498912334442,0.1708834022283554,0.09663976728916168,0.2001904398202896,0.17261812090873718,0.15105588734149933
ARHGEF40,0.018001376534812152,36,-0.04443138465285301,0.022709921002388,-0.12396720796823502,-0.02201433852314949,-0.0007622431148774922,0.041474007070064545,-0.10166684538125992,-0.1464937925338745,0.038729894906282425,0.11435987055301666,-0.002381006721407175,-0.004441091325134039,0.0729512870311737,-0.01451446209102869,0.1343843936920166,-0.04901516065001488,0.14711591601371765,0.09201516211032867,-0.050317443907260895,0.048918113112449646,-0.0005794513854198158,0.12486423552036285,0.0336635485291481,0.0622907429933548,-0.09195605665445328,-0.011852849274873734,-0.05104057118296623,0.003243368584662676,0.005145471077412367,-0.007175402715802193,0.02398984506726265,0.068153515458107,0.0390465147793293,0.1304529458284378,0.08412521332502365,0.08302489668130875
ARID1B,0.007194317657397025,36,-0.07371002435684204,0.12505212426185608,0.027340862900018692,0.033196333795785904,-0.02862665057182312,0.030832378193736076,-0.06166364252567291,0.010307738557457924,0.0536351278424263,0.017407910898327827,0.08292943239212036,-0.08075801283121109,0.06442578136920929,-0.07780376076698303,-0.026760132983326912,-0.042463209480047226,-0.07981319725513458,-0.0644569844007492,0.01243705116212368,0.058976911008358,-0.07973562180995941,0.0500088632106781,0.002524073701351881,0.11169201135635376,-0.0502563901245594,-0.06707929819822311,0.008650432340800762,0.016150258481502533,0.05455642566084862,-0.030616922304034233,0.05064840614795685,0.09929896146059036,-0.06877046078443527,0.015791460871696472,0.1512429118156433,0.01440428663045168
ARID3A,-0.025843873791422486,36,0.0038258724380284548,-0.032155122607946396,-0.10212314873933792,0.007983433082699776,-0.0531749352812767,-0.0339168943464756,-0.029142649844288826,-0.013412811793386936,-0.14866873621940613,-0.1124178022146225,-0.15555457770824432,-0.026202112436294556,-0.011882422491908073,-0.06341173499822617,-0.06291165202856064,-0.016104519367218018,-0.009066062979400158,0.00877379346638918,0.05781896039843559,0.11620669811964035,0.034296438097953796,-0.005107214208692312,-0.08656672388315201,0.042148299515247345,0.004818825051188469,-0.007943677715957165,0.04490821436047554,-0.05198098346590996,0.011819866485893726,0.0012876956025138497,-0.053649742156267166,-0.031056568026542664,-0.08974862098693848,-0.032596852630376816,-0.08214130252599716,0.04666931554675102
ARID4A,-0.014622727320076793,36,-0.023949678987264633,-0.0213688425719738,0.003706907154992223,-0.08856283873319626,0.017065372318029404,0.017039190977811813,-0.05993387848138809,0.004821199458092451,-0.10513588041067123,-0.05004417151212692,-0.03844362869858742,-0.21465729176998138,-0.009262855164706707,-0.16238173842430115,-0.04147981479763985,0.03581210598349571,0.008487937971949577,-0.015479478053748608,0.07326819002628326,-0.05252954363822937,0.043067824095487595,-0.04738229140639305,-0.012724925763905048,0.046481046825647354,0.08209335058927536,-0.0004988810396753252,-0.01752183772623539,0.03596194460988045,-0.02700820192694664,0.01981828734278679,0.03524814546108246,0.020073220133781433,-0.00044968805741518736,-0.04031958803534508,0.10099414736032486,-0.04122199863195419
ARID5A,0.05656027157480518,36,-0.0023072557523846626,0.013434439897537231,0.01316794566810131,0.05824221298098564,-0.012293720617890358,0.008919109590351582,0.1562967449426651,0.2389688938856125,0.2757507264614105,0.2628876864910126,0.28653886914253235,0.14367187023162842,-0.03070848248898983,0.08883782476186752,0.1080169528722763,0.11641376465559006,0.09841103106737137,0.08287495374679565,-0.08355934172868729,0.03635665029287338,0.03754265606403351,-0.028983982279896736,0.025490777567029,0.16999754309654236,-0.027322057634592056,-0.10551712661981583,-0.10021940618753433,0.06133707985281944,-0.024082140997052193,-0.034869235008955,0.02944483980536461,0.10133104771375656,0.0381295382976532,0.04328443109989166,-0.026128241792321205,0.01681317761540413
ARID5B,0.03143015696615395,36,-0.05901992693543434,0.10617563873529434,0.05640615150332451,0.09013678133487701,0.1153230145573616,0.016280774027109146,-0.13988251984119415,-0.0029146589804440737,0.016896527260541916,-0.008747555315494537,-0.004562268033623695,0.061727944761514664,-0.00921967625617981,-0.01216422114521265,0.09941187500953674,0.02430143766105175,0.1036776453256607,0.12081462144851685,0.09535466879606247,0.063741035759449,-0.012138640508055687,0.024681473150849342,-0.009560921229422092,0.024634966626763344,-0.0023014347534626722,0.08395813405513763,0.010163269005715847,0.06025156006217003,0.01690681278705597,0.022876914590597153,-0.004533796105533838,-0.03249025717377663,0.010111276060342789,0.08298316597938538,0.08917146921157837,0.033034369349479675
ARNT,0.06640399722447102,36,-0.03698142245411873,0.04372091218829155,0.04593069478869438,0.01545533537864685,0.0016229009488597512,0.02220064215362072,0.03153368830680847,0.0675121322274208,0.08013707399368286,0.13998369872570038,0.1539539247751236,-0.001481909304857254,0.059805434197187424,0.19435571134090424,0.07920809090137482,0.15984709560871124,0.13368909060955048,0.02141096629202366,0.1483629047870636,0.08446356654167175,0.13199500739574432,0.22319529950618744,0.07668839395046234,0.14269310235977173,-0.013918193057179451,-0.03649288788437843,-0.02073373831808567,-0.018695984035730362,0.040507614612579346,-0.013318601064383984,0.018892424181103706,0.10018423199653625,-0.00455663725733757,0.08707816153764725,0.03466678038239479,0.19762839376926422
ASCL2,0.05498641495230711,36,-0.04527803510427475,0.028005637228488922,0.05277932435274124,-0.005782030522823334,-0.029307354241609573,0.015275407582521439,0.08134561032056808,0.06079084798693657,0.08685286343097687,0.1687784641981125,0.05728224292397499,0.016716711223125458,0.07630528509616852,-0.024309396743774414,0.11263328045606613,0.09299782663583755,-0.04502496123313904,0.12157651036977768,0.08591519296169281,0.19725796580314636,0.07277780771255493,0.2112114429473877,0.24302007257938385,0.08564000576734543,-0.05776502937078476,-0.009158116765320301,-0.038091469556093216,0.00416729087010026,-0.01275750994682312,-0.029464293271303177,-0.05266675353050232,0.11336923390626907,0.13613277673721313,0.09947250783443451,0.047151777893304825,0.0616598017513752
ASH2L,0.1015424141401632,36,0.012123415246605873,-0.008300534449517727,-0.019055305048823357,0.07816114276647568,0.028585966676473618,-0.021408099681138992,0.1224173977971077,0.22130033373832703,0.08273117989301682,0.31325578689575195,0.15423627197742462,0.16117995977401733,-0.04143783077597618,0.1596187949180603,0.1187230721116066,0.18128634989261627,0.039568111300468445,0.09929709136486053,0.1470877081155777,0.1393105387687683,0.2426724135875702,0.19816218316555023,0.2904047966003418,0.23532064259052277,0.07675525546073914,0.03421150892972946,-0.0703611969947815,0.01588156819343567,0.01714223250746727,0.008899835869669914,0.09167890250682831,0.09337536245584488,0.09682992845773697,0.16524727642536163,0.08337215334177017,0.10725269466638565
ASL,0.08730269125145343,36,-0.030980532988905907,0.09242736548185349,0.027469052001833916,0.02140728384256363,0.06118848919868469,0.0709131583571434,0.1131664514541626,0.15889060497283936,0.2831111550331116,0.14982429146766663,0.12138304859399796,0.21921174228191376,0.07464338839054108,0.1468694806098938,0.03963010758161545,0.05981779843568802,0.06922370940446854,0.12145621329545975,0.019409799948334694,0.18951553106307983,0.06456456333398819,0.17711815237998962,0.09406574815511703,0.16198338568210602,-0.0295579694211483,0.009731307625770569,-0.03440172225236893,-0.044010013341903687,-0.031203322112560272,0.020256299525499344,0.13006098568439484,0.16231383383274078,0.15930631756782532,0.11227910965681076,0.11442515254020691,0.0673869177699089
ASMTL,0.06675708992730102,36,0.0920591875910759,-0.03898349776864052,-0.0014436448691412807,0.03082624077796936,0.009507383219897747,0.03490670397877693,0.042770225554704666,0.22066718339920044,0.024933191016316414,0.16347266733646393,0.18390974402427673,0.11857912689447403,-0.011282069608569145,0.16480489075183868,-0.011721535585820675,0.09965265542268753,0.232097327709198,0.09215772897005081,0.020102502778172493,0.06920941174030304,0.026979312300682068,0.1853092759847641,0.06318679451942444,0.06062272563576698,0.02119331993162632,0.038582030683755875,-0.030170569196343422,-0.079274982213974,0.02624923177063465,0.06931488960981369,0.03386439010500908,0.09942608326673508,0.09872394800186157,0.03559895604848862,0.09143821895122528,0.12598618865013123
ASNA1,0.13637732152063917,36,0.06498701870441437,0.00657137343659997,0.07044347375631332,0.012004358693957329,-0.0017904232954606414,-0.03752665966749191,0.24522818624973297,0.2873205542564392,0.17683660984039307,0.371459037065506,0.22390253841876984,0.24093005061149597,0.16862978041172028,0.16916334629058838,0.17288948595523834,0.16201256215572357,0.1897221952676773,0.23217341303825378,0.17087426781654358,0.21516834199428558,0.25087565183639526,0.20692189037799835,0.24015335738658905,0.17849130928516388,0.007007981184870005,0.013455882668495178,-0.04398224130272865,-0.04007239639759064,-0.04476145654916763,-0.004427120089530945,0.16469073295593262,0.25691911578178406,0.20327188074588776,0.14947985112667084,0.0993151143193245,0.1312445104122162
ASNS,0.06347101389999604,36,0.027901453897356987,0.03491252288222313,0.011192877776920795,0.021983634680509567,0.03319115936756134,0.04720253869891167,0.11946381628513336,0.04771687462925911,-0.01340805646032095,0.21074746549129486,0.08862979710102081,0.20892278850078583,0.15323401987552643,0.12993396818637848,0.10228416323661804,0.004582125227898359,0.07989291846752167,0.09570080786943436,0.017201371490955353,0.08046934753656387,0.1493937224149704,0.025633664801716805,0.14553923904895782,0.0201591607183218,0.03523829206824303,-0.03295966982841492,-0.014076671563088894,-0.02351706475019455,-0.032684653997421265,-0.04605057090520859,0.05578864365816116,0.13232992589473724,0.13207806646823883,0.0987846627831459,0.054306719452142715,0.08323743939399719
ATAD1,0.06564418289862159,36,-0.00656877039000392,0.029748564586043358,-0.003492889925837517,-0.021816827356815338,0.13784164190292358,0.03289323300123215,0.14927278459072113,0.20083962380886078,0.11307850480079651,0.07967353612184525,0.17004765570163727,0.12163525819778442,-0.03939248248934746,-0.015857229009270668,0.13105328381061554,0.008889813907444477,0.060320913791656494,0.12730447947978973,0.016952745616436005,0.05665912479162216,0.14427821338176727,0.16033697128295898,0.1220836192369461,0.15240144729614258,0.044030506163835526,-0.04356497526168823,-0.05286208167672157,0.007261738646775484,0.05583140626549721,-0.003963950555771589,-0.04555137827992439,0.11403112858533859,0.1451219767332077,0.020342208445072174,0.09011343121528625,0.10421735793352127
ATF6B,0.0537940200107793,36,-0.04046689718961716,0.007869675755500793,0.034876417368650436,0.041777633130550385,0.03475990146398544,0.06184002757072449,0.09396287798881531,-0.03480379283428192,-0.049195948988199234,0.031459685415029526,0.006965139415115118,0.07194546610116959,0.021173954010009766,0.04369599372148514,-0.025584368035197258,-0.006941728759557009,0.04589549079537392,0.14636115729808807,0.09145689755678177,0.13617421686649323,0.1326683908700943,0.025028757750988007,0.18778878450393677,0.022061340510845184,0.04454442486166954,-0.06630843877792358,0.043716564774513245,0.021939508616924286,0.07565313577651978,0.08589455485343933,0.11811023950576782,0.1419747918844223,0.18236923217773438,0.08719918876886368,-0.014321726746857166,0.1350441724061966
ATG12,0.10320014906917802,36,0.05154607445001602,0.0391404815018177,0.10044196993112564,0.08421307057142258,0.08918040990829468,0.10603728145360947,0.2009398192167282,0.23544658720493317,0.2402527779340744,0.22764599323272705,0.09699130803346634,0.2543145716190338,0.037306252866983414,0.054131172597408295,0.10364847630262375,0.1732332855463028,0.08451920002698898,0.172504261136055,0.1471175253391266,0.09668973088264465,0.1709882616996765,0.12371289730072021,0.07872535288333893,0.011290453374385834,0.049617379903793335,-0.0036839221138507128,-0.019529487937688828,0.05482860654592514,0.04034440219402313,0.06807062029838562,0.10255888104438782,0.06189659982919693,0.18559229373931885,0.09608844667673111,0.04903935268521309,0.05036497861146927
ATG16L2,0.08363720792234138,36,-0.00013598166697192937,-0.011090689338743687,-0.04352349042892456,0.03733392059803009,0.14536306262016296,0.09311489015817642,0.21222756803035736,0.1421835571527481,0.1412138044834137,0.2392607480287552,0.23081831634044647,0.1807173639535904,-0.010027800686657429,0.10941144824028015,0.01692715473473072,0.15128867328166962,0.02052050456404686,-0.08560756593942642,0.142067089676857,0.10892532020807266,0.03388760983943939,0.08299262821674347,0.11898481100797653,0.10710887610912323,0.014060962945222855,0.10648679733276367,0.04800368472933769,0.019561583176255226,0.04927099868655205,-0.010207531973719597,0.06735303997993469,0.08167252689599991,0.08477919548749924,0.1289447695016861,0.1737779825925827,0.08327365666627884
ATL2,0.06902456555528463,36,0.0408509187400341,0.10633664578199387,-0.02737824246287346,0.03228846937417984,-0.030019087716937065,0.03711375221610069,0.06413861364126205,0.20989848673343658,0.13576258718967438,0.09484327584505081,0.056861408054828644,0.19067619740962982,0.09620087593793869,0.1044587790966034,0.04831996187567711,-0.09198800474405289,-0.038488298654556274,0.17876312136650085,0.017891772091388702,0.09570416808128357,0.1609058678150177,0.08370369672775269,0.056792035698890686,0.153822124004364,0.0114310123026371,0.04292220249772072,-0.017254939302802086,0.0246579609811306,-0.03117307275533676,0.0017248961376026273,0.14145787060260773,0.1338195949792862,0.039281297475099564,0.12703190743923187,0.11074072867631912,0.1227857768535614
ATP5H,0.16541920807180255,36,-0.029916271567344666,0.11957059800624847,0.07953743636608124,0.15699119865894318,0.011503779329359531,0.05561227723956108,0.1943005919456482,0.32645535469055176,0.2954181134700775,0.4211360812187195,0.26974114775657654,0.31030967831611633,0.2230580598115921,0.3053358793258667,0.17799966037273407,0.2623205780982971,0.20322571694850922,0.26754114031791687,0.1504371166229248,0.2855011224746704,0.33678749203681946,0.2595784366130829,0.15724729001522064,0.21633797883987427,-0.056103289127349854,0.008716832846403122,0.09703890234231949,-0.00930064171552658,-0.00026091543259099126,-0.019396593794226646,0.16211098432540894,0.22641995549201965,0.12392114102840424,0.11827780306339264,0.1731373816728592,0.0744994729757309
ATP5O,0.15138545140831006,36,0.08570545166730881,-0.024723699316382408,0.014278941787779331,0.09638891369104385,-0.03370170295238495,0.06392955780029297,0.2853740155696869,0.2470453828573227,0.3391343057155609,0.3636002540588379,0.2963809669017792,0.2581033408641815,0.16806872189044952,0.20442865788936615,0.13800600171089172,0.15046337246894836,0.19933894276618958,0.26057153940200806,0.2116091549396515,0.27363160252571106,0.18858693540096283,0.2779383063316345,0.2108292132616043,0.11731041967868805,-0.04453062638640404,0.012151939794421196,0.00923705194145441,-0.02919529564678669,-0.02100233919918537,-0.08150844275951385,0.2539554238319397,0.15658196806907654,0.2286444455385208,0.2063407003879547,0.20077849924564362,0.16612432897090912
ATP6AP1,0.16645645291363406,36,0.06743662804365158,0.04118763655424118,0.019696833565831184,-0.04269479960203171,-0.11934471875429153,0.011108795180916786,0.30468928813934326,0.3960426151752472,0.35684531927108765,0.3053182363510132,0.3488151729106903,0.3615524470806122,0.2863638997077942,0.22646190226078033,0.17466384172439575,0.15259677171707153,0.15352678298950195,0.24575740098953247,0.20132768154144287,0.20691923797130585,0.27634432911872864,0.19035445153713226,0.1613060086965561,0.2180314064025879,0.02031734399497509,-0.06464267522096634,-0.05949702858924866,-0.011057650670409203,-0.0035854787565767765,0.0013931130524724722,0.2448830008506775,0.29872816801071167,0.362539678812027,0.2526816129684448,0.257927805185318,0.1484372466802597
ATP6V0D1,0.06959038648185217,36,-0.05603277310729027,0.021347181871533394,0.056773483753204346,0.06955938041210175,-0.004602635744959116,-0.08756926655769348,0.22128811478614807,0.18680036067962646,0.16544626653194427,0.24869228899478912,0.1627906709909439,0.18899093568325043,0.12719489634037018,0.22251635789871216,-0.06366148591041565,0.12133342772722244,0.08471570909023285,0.05557812377810478,0.14365115761756897,0.06811466068029404,0.10859429091215134,0.12728534638881683,0.03268033266067505,0.04417407140135765,-0.05371871963143349,-0.016790088266134262,-0.009279650636017323,-0.0863838791847229,-0.011230334639549255,-0.08660101145505905,0.07065071165561676,0.09372732043266296,0.1577594131231308,0.04704397916793823,0.11048133671283722,0.043933939188718796
AURKAIP1,0.12298316655990978,36,0.07387019693851471,0.06878799200057983,0.06312348693609238,0.03491372615098953,-0.011010277085006237,0.04954781383275986,0.16151446104049683,0.31260913610458374,0.29648181796073914,0.3951586186885834,0.1717495322227478,0.37151211500167847,0.07073595374822617,0.22425588965415955,0.04718415066599846,0.22190576791763306,0.034833427518606186,0.2107236087322235,0.08212289959192276,0.1990794688463211,0.14872482419013977,0.12096702307462692,0.16882584989070892,0.12161285430192947,-0.04252958670258522,-0.017210233956575394,0.08744822442531586,-0.036081425845623016,-0.06562617421150208,-0.05284305289387703,0.1212972030043602,0.21176590025424957,0.22516384720802307,0.11739207059144974,0.090669184923172,0.1487177014350891
AVEN,0.0068350659243555534,36,-0.06404096633195877,0.019663143903017044,-0.041631750762462616,-0.06799626350402832,-0.05957625061273575,-0.025955338031053543,-0.0278036966919899,-0.027285855263471603,-0.03022768534719944,-0.026215415447950363,0.07116562128067017,0.10044890642166138,-0.13917933404445648,0.08674081414937973,0.03300801292061806,0.035632118582725525,0.01585187390446663,0.0753077045083046,-0.09448600560426712,0.028517339378595352,0.0055367061868309975,0.0733790248632431,0.04183075204491615,0.06582192331552505,0.033364731818437576,0.004166151862591505,-0.038136567920446396,0.009802984073758125,-0.02827099710702896,-0.018514549359679222,0.03243468329310417,0.06363971531391144,-0.014163699932396412,0.051733389496803284,0.043175071477890015,0.058326080441474915
BABAM1,0.13105174154043198,36,-0.06487169116735458,0.1236439198255539,0.10504157096147537,0.01588302291929722,-0.005142711102962494,0.17350085079669952,0.1713045835494995,0.36821117997169495,0.17335450649261475,0.3032079339027405,0.22434160113334656,0.29428064823150635,0.2109328657388687,0.04915776476264,0.11304683983325958,0.26116442680358887,0.21803036332130432,0.18463261425495148,0.03653609752655029,0.2212487906217575,0.18561601638793945,0.14755333960056305,0.12479404360055923,0.13551558554172516,-0.12777671217918396,0.032278306782245636,0.033322110772132874,-0.03374839574098587,-0.052382029592990875,-0.02889588288962841,0.1654035449028015,0.20248828828334808,0.20042824745178223,0.16816392540931702,0.1985151618719101,0.18908196687698364
BAD,0.0934522066608123,36,0.0036090563517063856,-0.06343498826026917,0.02507024258375168,0.03940289467573166,-0.005688859615474939,0.14842545986175537,0.14114868640899658,0.14544734358787537,0.12052750587463379,0.0944402739405632,0.09866983443498611,0.17847958207130432,0.18593522906303406,0.20585612952709198,0.14227184653282166,0.17720580101013184,0.051037441939115524,0.23022277653217316,0.05182981863617897,0.03706732764840126,0.1909332424402237,0.22065986692905426,0.08908942341804504,0.11464504152536392,-0.0055457851849496365,0.005649351514875889,0.0013609792804345489,-0.09223572164773941,-0.027581697329878807,-0.04916314408183098,0.22962693870067596,0.15667636692523956,0.18111291527748108,0.147120863199234,0.07599440962076187,0.11841298639774323
BAG1,0.11917587113566697,36,0.015292652882635593,0.0526181161403656,0.14106234908103943,0.16326896846294403,0.014217140153050423,0.0753997266292572,0.1103302389383316,0.27215051651000977,0.23267433047294617,0.2849111258983612,0.2495753914117813,0.328591525554657,0.05367656797170639,0.2882964313030243,0.21706241369247437,0.19375938177108765,0.06830522418022156,0.050417397171258926,0.09874504059553146,0.22930830717086792,0.04935910180211067,0.1166837066411972,0.11497170478105545,0.20425935089588165,0.06385663151741028,0.008883776143193245,0.015445993281900883,-0.008783244527876377,-0.020212572067975998,-0.03553656116127968,0.08554639667272568,0.03482697159051895,0.11761511862277985,0.10866908729076385,0.20187364518642426,0.093209408223629
BAIAP3,-0.01356059711219536,36,-0.007920291274785995,0.020727576687932014,0.009227895177900791,0.06602939963340759,0.0043189735151827335,0.008220881223678589,-0.2488657534122467,-0.10472605377435684,0.033919937908649445,0.044311538338661194,-0.02966213971376419,-0.09577236324548721,0.07569532841444016,-0.016523141413927078,-0.07114574313163757,0.01060299202799797,0.018767816945910454,0.013440538197755814,0.0908631756901741,0.01680801808834076,-0.055840492248535156,0.04905683919787407,0.00509745255112648,0.05769870802760124,-0.03436131402850151,-0.07213549315929413,0.01452381070703268,0.015531866811215878,0.012572858482599258,-0.00616211025044322,-0.03850888833403587,-0.08863700926303864,-0.1026197001338005,-0.08218536525964737,-0.05243992805480957,0.05190868303179741
BCAM,0.10890571363011582,36,-0.030610499903559685,0.16872413456439972,0.10259787738323212,0.08132026344537735,0.058963436633348465,0.05699713155627251,0.03610997274518013,0.19185186922550201,0.13100400567054749,0.1988929957151413,0.08548733592033386,0.07219021022319794,0.28809797763824463,0.16331170499324799,0.16079314053058624,0.11539143323898315,0.04204203933477402,0.2951567769050598,0.1609392762184143,0.09406539797782898,0.05821792036294937,0.05480382591485977,0.12432482093572617,0.10121694207191467,-0.028874477371573448,0.008427049964666367,-0.025459127500653267,0.003035619854927063,0.051438577473163605,-0.00545489089563489,0.2101060450077057,0.1917419135570526,0.20859698951244354,0.12296204268932343,0.191779226064682,0.18041673302650452
BCL2,-0.014801580352165425,36,0.003215896198526025,-0.09307324141263962,0.0029385394882410765,0.07823141664266586,0.0009937523864209652,0.05659237876534462,-0.06295504420995712,-0.035975441336631775,-0.04588083550333977,-0.008586165495216846,0.11057634651660919,-0.0044035655446350574,-0.010372097603976727,-0.08508744835853577,-0.03302977606654167,-0.15078803896903992,0.02391038089990616,0.0011872613104060292,-0.00925616454333067,0.10184752196073532,-0.0804697573184967,-0.016242649406194687,-0.06374037265777588,0.07853952795267105,0.010349397547543049,0.057958394289016724,0.02656381204724312,0.01324552297592163,-0.04941088333725929,0.01175975613296032,0.03126582130789757,-0.04947632923722267,-0.09492326527833939,-0.0922335535287857,-0.06343977153301239,-0.09268821775913239
BCL2L12,0.08086137687334688,36,-0.007558862678706646,-0.05849652737379074,0.09895813465118408,0.05186816304922104,0.07273713499307632,0.060684118419885635,0.19336017966270447,0.08162862062454224,0.11295276880264282,0.1818600296974182,0.13810734450817108,0.17693056166172028,0.05694838613271713,0.24200859665870667,0.125055193901062,0.0688825398683548,0.093180812895298,0.27616146206855774,0.16593678295612335,-0.005787549074739218,0.16844835877418518,0.09117096662521362,0.007567253429442644,-0.007460994645953178,-0.0652383416891098,-0.00911047775298357,0.003397922497242689,-0.0018655973253771663,0.030837520956993103,-0.0364019013941288,0.07737796753644943,0.10202542692422867,0.09045534580945969,0.14519941806793213,0.11239604651927948,0.07679276168346405
BGN,-0.057752255828947656,36,-0.04873051866889,-0.07694464921951294,-0.019536973908543587,-0.09294623881578445,-0.15287542343139648,-0.07256065309047699,-0.1011849194765091,-0.26469704508781433,-0.2776453197002411,-0.3185843527317047,-0.15178830921649933,-0.12771518528461456,0.10617650300264359,0.028239477425813675,0.019174914807081223,-0.03990168124437332,0.14486294984817505,0.08679520338773727,-0.07126053422689438,0.01144316140562296,-0.036349594593048096,-0.09644784033298492,-0.12445737421512604,-0.1623576581478119,-0.03632175549864769,-0.0715954452753067,-0.024752913042902946,-0.06024296581745148,-0.03708673641085625,-0.024496324360370636,0.17439205944538116,-0.0884680449962616,0.07579333335161209,-0.04963238164782524,-0.09333717077970505,-0.0040408032946288586
BICDL1,0.07657656095236437,36,0.08519630879163742,0.05789460614323616,0.018967673182487488,0.06802910566329956,0.05861862003803253,-0.028048230335116386,0.12842829525470734,0.3114069700241089,0.106837697327137,0.2774101495742798,0.20229245722293854,0.20725780725479126,0.08647654950618744,0.10944436490535736,-0.02712678723037243,0.14611995220184326,0.08876072615385056,0.13929034769535065,0.03833847492933273,0.008277221582829952,0.02334992215037346,0.08524277806282043,0.06935311108827591,0.007792709395289421,-0.047015536576509476,-0.041455645114183426,0.014064646326005459,0.0032622618600726128,0.0702936127781868,0.003267392050474882,0.051379624754190445,0.0004534999607130885,0.05749187245965004,0.11986447125673294,0.12791937589645386,0.12761978805065155
BIN3,0.07594121720992714,36,0.07559716701507568,0.0002359082136536017,-0.09177116304636002,0.017334159463644028,-0.00938499066978693,-0.007459238637238741,0.12114030867815018,0.15221993625164032,0.16417445242404938,0.21342146396636963,0.13277189433574677,0.2591641843318939,0.058075085282325745,0.07086546719074249,0.054178476333618164,0.173732727766037,0.11250562965869904,0.057108666747808456,0.0427667498588562,0.08755535632371902,0.06008298322558403,0.04937893524765968,0.037238653749227524,0.11614801734685898,-0.008929622359573841,0.08025119453668594,-0.013428299687802792,0.020594635978341103,0.026431409642100334,-0.04811183735728264,0.0413556806743145,0.11853476613759995,0.07712888717651367,0.1623913198709488,0.1483277529478073,0.18225710093975067
BIRC2,0.07354476758175427,36,0.023671435192227364,0.1490652859210968,-0.04962468519806862,-0.04387408122420311,0.006087902933359146,0.13925330340862274,-0.0271281898021698,-0.01250564306974411,-0.013041104190051556,0.01709173619747162,0.04152239114046097,0.1299995630979538,0.13152091205120087,-0.12642443180084229,0.04774998128414154,0.14897644519805908,0.024986105039715767,0.08216870576143265,0.17832635343074799,0.2565613090991974,0.13376598060131073,0.23146545886993408,0.20231583714485168,0.1522188037633896,-0.056547004729509354,-0.0035162102431058884,-0.02047182247042656,-0.0447344034910202,-0.012165009044110775,0.0346997007727623,0.10826800763607025,0.15233038365840912,0.14732497930526733,0.1466308981180191,0.1756439357995987,0.19599880278110504
BIRC5,0.11665625752518988,36,0.06029617786407471,-0.016827834770083427,-0.04206392914056778,0.036045901477336884,-0.07833290100097656,-0.007866418920457363,0.13236594200134277,0.22767391800880432,0.22306030988693237,0.21757186949253082,0.17765535414218903,0.1536923497915268,0.13608072698116302,0.23363013565540314,0.10795284807682037,0.12386617809534073,0.1502298265695572,0.20620903372764587,0.22399435937404633,0.22804319858551025,0.29929491877555847,0.23331916332244873,0.1420021802186966,0.1561240404844284,-0.0409594364464283,0.02898072451353073,-0.005067602265626192,-0.03422759100794792,-0.04323447495698929,0.01897534728050232,0.1200028583407402,0.24296721816062927,0.15968860685825348,0.13827276229858398,0.11707820743322372,0.1731313019990921
BLVRA,0.1571149971568957,36,-0.012186869978904724,0.0629020556807518,0.021651936694979668,0.023770105093717575,0.11983760446310043,-0.0022923294454813004,0.366038054227829,0.4122171401977539,0.3930875360965729,0.46815502643585205,0.2331629991531372,0.4379502832889557,0.07264730334281921,0.2218892127275467,0.22204692661762238,0.07752186805009842,0.018598297610878944,0.23679281771183014,0.21352462470531464,0.3150763511657715,0.2771890461444855,0.23747380077838898,0.26319530606269836,0.11609331518411636,-0.07438342273235321,0.008601034060120583,-0.007794457953423262,0.05909670144319534,-0.017582295462489128,0.0021983273327350616,0.20873741805553436,0.21073824167251587,0.21806226670742035,0.03688206151127815,0.11429810523986816,0.10094350576400757
BOK,0.030686046564369462,36,-0.026112239807844162,0.04724842309951782,-0.0159133467823267,-0.020713375881314278,-0.0023476765491068363,0.004433738067746162,0.010094263590872288,-0.041742101311683655,-0.06061781942844391,-0.025483375415205956,0.04821151867508888,0.07891730964183807,0.10525772720575333,-0.05068742111325264,0.0044574919156730175,0.06618982553482056,0.08353016525506973,0.09064918756484985,0.02927554026246071,0.16091962158679962,0.18333300948143005,0.13892878592014313,0.0585501492023468,0.17342929542064667,-0.02823321335017681,0.0026808567345142365,-0.081100694835186,-0.026903849095106125,-0.026584364473819733,-0.032762859016656876,-0.015631742775440216,0.1121077612042427,0.1270407885313034,0.0007256278186105192,0.03622457757592201,-0.0026739081367850304
BOLA3,0.05211730311081434,36,-0.0381896086037159,0.0743643194437027,0.023251760751008987,0.12317317724227905,0.0871843472123146,0.03833629935979843,0.04547407850623131,0.09025300294160843,-0.02056923322379589,0.01570645347237587,0.03826877847313881,-0.07502483576536179,0.04746883362531662,0.07396034151315689,0.009096198715269566,0.03026389516890049,0.018939217552542686,0.10854916274547577,0.08182211965322495,0.027260132133960724,0.13726723194122314,0.19161318242549896,0.02043142169713974,0.06543688476085663,-0.05929301679134369,0.0070745921693742275,0.0012087163049727678,0.0209172535687685,-0.046262532472610474,0.03903806582093239,0.1429879516363144,0.13126140832901,0.15545763075351715,0.09462904930114746,0.10984168946743011,0.06502494215965271
BRD9,0.14576999523625192,36,0.060228340327739716,0.051349349319934845,0.013258825987577438,0.028516506776213646,-0.07317522913217545,0.08368856459856033,0.27682507038116455,0.3167485296726227,0.3030761182308197,0.42233970761299133,0.22598929703235626,0.34790268540382385,0.2100677192211151,0.17745943367481232,0.16158851981163025,0.27068057656288147,-0.024405337870121002,0.24637861549854279,0.17407108843326569,0.16748923063278198,0.13086828589439392,0.24933366477489471,0.18361932039260864,0.20364831387996674,0.045660350471735,-0.048236116766929626,0.0045015630312263966,0.008667048066854477,0.028710050508379936,0.04605744779109955,0.15753240883350372,0.11917806416749954,0.14332008361816406,0.19248057901859283,0.22455884516239166,0.11774230748414993
BRF1,0.12426314327037996,36,0.021900035440921783,0.03369223698973656,0.04396164417266846,0.03964487463235855,-0.018262092024087906,0.05411436781287193,0.12012000381946564,0.3267170190811157,0.2628542184829712,0.32080078125,0.1832260936498642,0.21944880485534668,0.1575951725244522,0.2768506109714508,0.14040741324424744,0.24722062051296234,0.19566373527050018,0.10828670114278793,0.04162882640957832,0.16245418787002563,0.1643816977739334,0.2766631543636322,0.13943980634212494,0.14637279510498047,-0.053548697382211685,-0.033757902681827545,0.09649279713630676,-0.047257088124752045,0.059330374002456665,-0.01782470941543579,0.060527585446834564,0.17756031453609467,0.16048607230186462,0.16042836010456085,0.09062778204679489,0.15522556006908417
BRF2,0.06278471113182604,36,0.045152198523283005,0.03897074609994888,-0.048876505345106125,-0.04109667241573334,0.1050126850605011,0.00910200271755457,0.030900442972779274,0.04523588716983795,-0.08075888454914093,0.06102193146944046,-0.020185338333249092,0.07269845902919769,-0.07238904386758804,-0.009362801909446716,0.18189959228038788,0.05267955735325813,0.19159667193889618,0.12826378643512726,0.12402305006980896,0.20726794004440308,0.19993528723716736,0.16607773303985596,0.08798720687627792,0.1942080408334732,0.09329705685377121,0.055818457156419754,-0.0006360611878335476,0.03099009580910206,-0.02172323316335678,0.006364628206938505,0.03174358233809471,0.1734645813703537,0.04404885321855545,0.05200066417455673,0.09343564510345459,0.03208135813474655
BRK1,0.08286918159056869,36,0.11278823763132095,-0.022311914712190628,0.05324091762304306,0.03146880865097046,0.015302830375730991,0.018206099048256874,0.060428913682699203,0.16782554984092712,0.11549808830022812,0.24263833463191986,0.17522048950195312,0.09945342689752579,0.09935273975133896,0.16898082196712494,0.18955542147159576,0.18686167895793915,0.08786895126104355,0.24618257582187653,0.09713388979434967,0.08773401379585266,0.09481826424598694,0.1842125803232193,0.0360189713537693,-0.03412211686372757,-0.040660757571458817,0.018674932420253754,-0.07469993084669113,-0.029690153896808624,-0.046932417899370193,-0.05266990885138512,0.14608049392700195,0.15554070472717285,0.18441547453403473,0.0370093435049057,0.11970245093107224,0.05216273292899132
BRPF1,0.05236178415846856,36,0.000838239851873368,0.09164256602525711,-0.01682306081056595,0.10307061672210693,-0.03215187415480614,0.03677893057465553,-0.006045631133019924,0.02673700824379921,-0.06231973320245743,0.005112099461257458,0.0596812441945076,0.08394049853086472,0.006712561007589102,0.11735770851373672,0.1557328850030899,0.12921060621738434,-0.027767961844801903,0.031890399754047394,0.16757144033908844,0.10049422830343246,0.05679455026984215,-0.05397317558526993,0.10136747360229492,0.10923899710178375,0.046493351459503174,0.021551910787820816,-0.021536674350500107,0.08955973386764526,0.06408727914094925,0.04903321713209152,0.07243354618549347,0.11536076664924622,-0.020786823704838753,0.08993275463581085,0.1333024948835373,0.060502056032419205
BSG,0.032644771996678576,36,0.038548052310943604,0.015801355242729187,-0.025907186791300774,-0.0229792520403862,-0.16659219563007355,0.0304142776876688,-0.024614153429865837,-0.28029754757881165,-0.2839195430278778,-0.31461188197135925,-0.1675683557987213,-0.1892460733652115,0.21939174830913544,0.20615144073963165,0.09289132058620453,-0.0521085299551487,-0.04651260748505592,0.16748462617397308,0.15189634263515472,0.26572704315185547,0.21874061226844788,0.20030109584331512,0.17719627916812897,0.20866145193576813,-0.05753695219755173,-0.09722188860177994,-0.07635005563497543,-0.08751142024993896,-0.009306204505264759,-0.05481588467955589,0.23968331515789032,0.1452137976884842,0.33232054114341736,0.10131589323282242,0.15719711780548096,0.16337521374225616
BST2,0.061839149669847555,36,0.02881799265742302,0.028209291398525238,0.008054892532527447,0.053894490003585815,-0.07942772656679153,-0.11040186136960983,0.23177151381969452,0.2863479554653168,0.17806531488895416,0.26770922541618347,0.16760295629501343,0.22602806985378265,0.1957327425479889,0.004237051587551832,0.1115788072347641,0.10312905162572861,0.1473018229007721,-0.009625841863453388,-0.04705002158880234,-0.05903360992670059,-0.014191838912665844,-0.034852247685194016,-0.07449721544981003,0.026866460219025612,0.026811841875314713,-0.12203570455312729,-0.06103725731372833,-0.0799379050731659,0.028137583285570145,0.004724249709397554,0.11940530687570572,0.17058348655700684,0.2784832715988159,0.07442038506269455,0.08841139078140259,0.06197546422481537
BTG1,0.056967766075912446,36,0.12615284323692322,0.03649209812283516,0.03600509464740753,0.06812528520822525,0.1338196098804474,-0.027312805876135826,-0.22991175949573517,-0.30349016189575195,-0.22111375629901886,-0.3005177974700928,-0.33245450258255005,-0.24846026301383972,0.07197757810354233,0.1477833092212677,0.11560932546854019,0.1285562813282013,0.19847065210342407,0.22526057064533234,0.179299458861351,0.28793635964393616,0.23876065015792847,0.24219560623168945,0.21542680263519287,0.26111090183258057,-0.04241320118308067,0.03567315638065338,0.05507728084921837,0.056651823222637177,0.04253493249416351,-0.03329973667860031,0.2076435089111328,0.20004141330718994,0.20919108390808105,0.14014041423797607,0.09695373475551605,0.03292378783226013
C10orf10,-0.031273315705928124,36,-0.08478148281574249,0.0690312534570694,-0.032450105994939804,-0.03409292548894882,-0.02617848850786686,-0.0465659573674202,-0.04525534436106682,-0.023192182183265686,-0.12420424073934555,-0.08461064845323563,-0.17724758386611938,-0.050482843071222305,-0.1327141970396042,-0.09140686690807343,-0.0010384845081716776,-0.028051776811480522,-0.09108192473649979,0.07673045992851257,-0.07432543486356735,-0.07778250426054001,-0.08543599396944046,0.03341439738869667,0.008859074674546719,0.0553639754652977,-0.002331970725208521,-0.0325663797557354,-0.06766350567340851,0.11552251875400543,-0.01503484696149826,-0.01004224643111229,0.02971928007900715,-0.11099409312009811,0.02565307915210724,-0.04134741052985191,0.07583372294902802,-0.025087688118219376
C10orf54,0.043077180070314275,36,-0.04565493017435074,-0.036237556487321854,-0.0446920283138752,0.004958252422511578,-0.05579410120844841,0.010666604153811932,0.1371653974056244,0.23848660290241241,0.08347287774085999,0.15514741837978363,0.13661687076091766,0.11406024545431137,-0.022748151794075966,0.01116480864584446,0.026495130732655525,0.030879804864525795,0.043832555413246155,0.16689901053905487,-0.04480540007352829,-7.269396155606955e-05,-0.08386632055044174,-0.09589862078428268,0.018133966252207756,0.09024408459663391,0.02017049305140972,-0.019687993451952934,-0.005870138294994831,-0.0942315012216568,-0.03765914589166641,-0.059905681759119034,0.12002705782651901,0.183399960398674,0.12503154575824738,0.10539250075817108,0.1558266282081604,0.2198309302330017
C12orf45,0.10993968723212472,36,0.09029582887887955,0.0447842963039875,-0.012870373204350471,0.10152927041053772,0.028056686744093895,0.04132983833551407,0.21287257969379425,0.13428282737731934,0.26049965620040894,0.21432580053806305,0.13656921684741974,0.2564454972743988,0.12249097973108292,0.06124206259846687,0.15404975414276123,0.14138507843017578,-0.023632748052477837,0.16828155517578125,0.24537396430969238,0.26616171002388,0.17553101480007172,0.2658975422382355,0.1395818442106247,0.12085550278425217,0.05357768386602402,-0.049951691180467606,-0.011594269424676895,0.002697678981348872,0.0055870842188596725,0.06152799725532532,0.046237412840127945,0.05978666990995407,0.06757064908742905,0.14645527303218842,0.08556722849607468,0.14502763748168945
C15orf61,0.05325837107536952,36,0.03019808791577816,-0.07009764015674591,0.05403899773955345,0.027094298973679543,0.05867829546332359,0.022550519555807114,0.039627306163311005,0.07188307493925095,0.055128976702690125,-0.02363833598792553,0.13336880505084991,-0.08556925505399704,0.14774556457996368,0.09744304418563843,0.18146908283233643,0.16444961726665497,-0.015789195895195007,0.0009256648481823504,0.08181676268577576,0.15473198890686035,0.013552666641771793,0.12087824195623398,0.17834624648094177,0.13158506155014038,-0.023351572453975677,-0.038388513028621674,0.02975212223827839,-0.08351001888513565,-0.0775451585650444,0.08741963654756546,0.02790619432926178,0.08919746428728104,0.06952281296253204,0.06690432131290436,0.04182516410946846,0.1571510285139084
C19orf24,0.06948025071243238,36,0.11218445748090744,-0.038230542093515396,0.06176425516605377,-0.1508599817752838,0.04079362377524376,0.12442411482334137,0.11133380979299545,0.283868670463562,0.1264324188232422,0.10167042165994644,0.13075672090053558,0.14878332614898682,0.021630579605698586,0.1084030419588089,0.15948690474033356,0.04301661252975464,-0.03174905106425285,0.19367051124572754,0.1476409137248993,0.1810266673564911,0.11084505915641785,0.16182193160057068,0.05591333657503128,0.06772012263536453,0.03516480326652527,-0.02623651549220085,-0.040306828916072845,-0.041655100882053375,-0.05558472126722336,-0.042615506798028946,0.15032801032066345,0.09721150994300842,0.11129545420408249,-0.00628963066264987,0.051215510815382004,-0.003585884114727378
C19orf52,0.03211245590743298,36,-0.0024402718991041183,0.06308002024888992,0.08817683905363083,0.054944343864917755,0.047933612018823624,0.007881399244070053,-0.10362766683101654,-0.1347745805978775,-0.2183641493320465,-0.1461927443742752,-0.03843739628791809,-0.1182272732257843,0.05781417340040207,0.013328608125448227,0.09451832622289658,0.13602536916732788,0.11062359064817429,0.1518356055021286,0.12722758948802948,0.07163930684328079,0.007039128337055445,0.1144639253616333,0.1027081310749054,-0.0036732072476297617,0.034428920596838,-0.04151906445622444,0.014100872911512852,0.06582172214984894,0.017474470660090446,-0.058159586042165756,0.09469788521528244,0.07860450446605682,0.14314068853855133,0.045379772782325745,0.17367960512638092,0.1048959419131279
C19orf60,0.07356199143881288,36,-0.06957173347473145,-0.0064904894679784775,-0.0008378796046599746,0.013260983861982822,-0.05698511376976967,0.14176610112190247,0.07377588748931885,0.1567254215478897,0.12294802069664001,0.39566341042518616,0.17800189554691315,0.16514632105827332,0.014519810676574707,0.16829007863998413,0.005107311066240072,0.030282936990261078,0.14204826951026917,0.1114303395152092,-0.007997322827577591,0.08500928431749344,0.020836468786001205,0.03466593474149704,0.04699079692363739,0.19961681962013245,-0.02778390236198902,0.032370515167713165,0.008622377179563046,-0.04823572188615799,0.017244286835193634,-0.018369324505329132,0.12971405684947968,0.11471647024154663,0.22903025150299072,0.04066317155957222,0.1546846479177475,0.05137130990624428
C1QB,0.034577000653371215,36,-0.026709210127592087,-0.11097704619169235,-0.07991385459899902,-0.04019882157444954,-0.025540124624967575,-0.07843373715877533,0.17743507027626038,0.2916857898235321,0.16908982396125793,0.4195704758167267,0.25866395235061646,0.3292968273162842,0.12686170637607574,0.04857373982667923,0.05526842921972275,0.13959231972694397,0.016222288832068443,0.025259314104914665,-0.19534821808338165,-0.07629389315843582,-0.21926099061965942,-0.13027609884738922,-0.05103890970349312,0.08974271267652512,-0.02510952763259411,0.026481404900550842,-0.01718190498650074,-0.011868842877447605,-0.09616027027368546,-0.14767713844776154,0.01617192104458809,0.10552552342414856,0.12856866419315338,0.023542232811450958,0.0780571773648262,0.05115123838186264
C1R,-0.0445520658718629,36,0.024640634655952454,0.04211399331688881,-0.01032069232314825,-0.029690179973840714,-0.03157687187194824,-0.02105075865983963,-0.06536964327096939,-0.19506557285785675,-0.1016264334321022,-0.14663778245449066,-0.006933994125574827,-0.05875388905405998,-0.03167879953980446,-0.010736397467553616,0.003403756767511368,-0.03016122616827488,-0.03713636472821236,-0.014221802353858948,-0.16703630983829498,-0.02545417845249176,-0.02149929665029049,0.004846688825637102,0.06993149220943451,0.11051488667726517,-0.026737678796052933,0.026902122423052788,0.05548075586557388,-0.029890192672610283,-0.03441392630338669,-0.0500829704105854,-0.18105950951576233,-0.09650270640850067,-0.09325093775987625,-0.18195195496082306,-0.09428127110004425,-0.14858736097812653
C1S,0.11641548402581571,36,-0.05680203065276146,-0.08268988877534866,-0.02496662549674511,0.07419396936893463,-0.003874983871355653,-0.06294321268796921,0.30791789293289185,0.29244375228881836,0.28826218843460083,0.23553334176540375,0.3274409770965576,0.23682580888271332,0.06395413726568222,0.09666907787322998,0.06959066540002823,0.0705072358250618,0.21611633896827698,0.036474842578172684,0.10928595811128616,0.05502258986234665,0.1506788283586502,0.12443096190690994,0.09016609191894531,0.1992233693599701,0.009151807054877281,-0.0032170149497687817,-0.00665226811543107,0.047041647136211395,0.05010046064853668,-0.03622734546661377,0.11087881773710251,0.16687831282615662,0.20577991008758545,0.291445791721344,0.27709653973579407,0.26521947979927063
C1orf216,0.03909942668138279,36,0.16276691854000092,0.07011764496564865,-0.03902140632271767,-0.04863579198718071,-0.07648318260908127,-0.04146220535039902,0.059036727994680405,0.18790008127689362,0.07922694832086563,0.04251532629132271,0.08117635548114777,0.07439675182104111,-0.02282426506280899,0.07501007616519928,-0.05550007522106171,0.055062759667634964,-0.003442931454628706,0.06031367927789688,0.034422051161527634,0.0950450599193573,0.11529204994440079,0.05133924260735512,0.03749692067503929,0.08929610252380371,0.001556543167680502,-0.031081492081284523,-0.011433469131588936,-0.041197799146175385,0.04669731482863426,-0.03448663651943207,0.07208924740552902,0.030219174921512604,0.10924069583415985,0.08399737626314163,0.04482204467058182,0.05411152169108391
C2,0.07046272047551207,36,0.07687443494796753,0.03567426651716232,0.004520869348198175,0.12168767303228378,0.02033175341784954,-0.07464079558849335,0.3583638072013855,0.2317289263010025,0.31294628977775574,0.3620041012763977,0.3427329361438751,0.21599964797496796,0.15828749537467957,6.618014595005661e-05,-0.1685449481010437,-0.04761231318116188,-0.04925813525915146,-0.02861449122428894,-0.006540067959576845,0.03759740665555,0.09042790532112122,-0.0014730548718944192,0.07269293814897537,0.06463444232940674,0.03197630122303963,0.02397068403661251,0.07030712813138962,-0.07772916555404663,-0.07903139293193817,-0.01753319427371025,0.015479658730328083,0.10069552809000015,0.0032324097119271755,0.12525495886802673,0.1262393593788147,0.08390839397907257
C2CD2L,0.06881751629730894,36,-0.017105618491768837,0.103497713804245,0.024261562153697014,-0.024317966774106026,0.10668285936117172,0.12167905271053314,0.18619103729724884,0.09901633858680725,0.09139037877321243,0.04766281321644783,-0.011760914698243141,0.033898137509822845,0.14791369438171387,0.15038979053497314,0.06927121430635452,0.057361964136362076,0.09565012902021408,0.020017793402075768,-0.07179885357618332,0.1843290477991104,0.15455608069896698,0.1719076782464981,0.17580023407936096,0.13710686564445496,0.07683173567056656,-0.013581103645265102,0.044622428715229034,-0.038889072835445404,0.03868216648697853,-0.025769172236323357,0.039843395352363586,0.05030694231390953,0.07681006193161011,0.07624969631433487,0.02620602771639824,0.07251644879579544
C3,0.07085579240487681,36,0.04030276834964752,0.23320931196212769,0.0727035403251648,0.11921851336956024,0.08262977749109268,0.1415659636259079,-0.19099211692810059,-0.28210240602493286,-0.041909169405698776,-0.1886119544506073,-0.02086087130010128,-0.04609765112400055,0.24748347699642181,0.10099731385707855,0.25857892632484436,0.18058636784553528,0.13576743006706238,0.19681887328624725,0.3320935368537903,0.27465954422950745,0.2340044379234314,0.24022546410560608,0.09442105144262314,0.20487461984157562,-0.021612826734781265,-0.06660255789756775,0.06890887022018433,0.025538446381688118,0.09466363489627838,0.04599861800670624,0.10065056383609772,0.05217902362346649,0.01908733695745468,-0.08985656499862671,-0.04512487351894379,-0.05258789286017418
C4orf48,0.05391011190497213,36,-0.09499675780534744,-0.03694688901305199,0.041920848190784454,-0.00766295101493597,-0.04668217897415161,0.007923487573862076,0.13291606307029724,0.14973437786102295,0.015503659844398499,0.22293011844158173,0.07768874615430832,0.08664016425609589,0.25743359327316284,0.061946213245391846,0.025718772783875465,-0.002695721108466387,0.007727114483714104,0.060976043343544006,0.11244464665651321,0.18200504779815674,0.12899772822856903,0.15532204508781433,0.14298579096794128,0.08914560824632645,-0.03309819847345352,-0.001589492429047823,-0.03341044485569,-0.08304961770772934,-0.04049566388130188,0.04777560755610466,0.11519564688205719,0.12399085611104965,0.2067621648311615,-0.048625268042087555,-0.06580806523561478,-0.017859067767858505
C5orf38,0.03757807249591375,36,-0.008563749492168427,0.060941264033317566,0.07762514799833298,0.031848929822444916,-0.08206366747617722,0.02261083573102951,-0.09698548167943954,0.044794272631406784,-0.030012812465429306,0.09689658880233765,0.01951582543551922,-0.038414642214775085,0.10587610304355621,0.03707224875688553,0.0446188747882843,0.04986674711108208,0.004295255523175001,0.09039895236492157,-0.0022124226670712233,0.20219390094280243,0.032898467034101486,0.13201472163200378,0.10317083448171616,0.10992534458637238,0.02590600587427616,0.07740138471126556,-0.026737593114376068,-0.02129070647060871,0.03698442503809929,-0.0096658393740654,0.06588157266378403,0.030904104933142662,0.09846393018960953,0.011242126114666462,-0.021311918273568153,0.07672157883644104
C6orf136,0.07584849482453945,36,-0.015198620967566967,0.11335644125938416,0.11876770853996277,0.04537196829915047,0.11565954983234406,0.010790359228849411,0.1155589371919632,0.14490194618701935,0.1397397518157959,0.24052540957927704,0.07875357568264008,0.12251149863004684,-0.03142043948173523,0.08553808182477951,-0.008393697440624237,0.023742327466607094,0.024570349603891373,0.08716578781604767,0.08706248551607132,0.08053503185510635,0.08691967278718948,0.17774738371372223,0.022793177515268326,0.11760341376066208,0.017025668174028397,-0.05838633328676224,-0.060999657958745956,-0.004147209692746401,0.04745372757315636,0.07097558677196503,0.0793820321559906,0.119709312915802,0.0990106612443924,0.136757954955101,0.13966920971870422,0.15949276089668274
C6orf48,0.1662504118737868,36,0.004107051994651556,0.13362093269824982,0.08168470859527588,0.10098618268966675,0.07680638879537582,0.07336828857660294,0.28962796926498413,0.3573418855667114,0.34649375081062317,0.23486927151679993,0.3852090835571289,0.36419478058815,0.1788669228553772,0.13062798976898193,0.2283247858285904,0.17665545642375946,0.1950814574956894,0.20436033606529236,0.14320917427539825,0.18906284868717194,0.20515255630016327,0.24247418344020844,0.2798663079738617,0.17569585144519806,-0.09838584810495377,-0.03489110991358757,0.01268733013421297,0.04840432107448578,0.06388404220342636,-0.012307942844927311,0.15977589786052704,0.23447005450725555,0.12928049266338348,0.21871255338191986,0.31492191553115845,0.15077495574951172
CADM4,0.11328456239102201,36,0.08496282994747162,-0.011217862367630005,0.08369912207126617,0.04712305963039398,-0.07996311783790588,0.13757003843784332,0.14874759316444397,0.07584250718355179,0.2524711489677429,0.3554987609386444,0.13243462145328522,0.2525174617767334,0.24001266062259674,0.28782665729522705,0.1539764553308487,0.048045411705970764,0.20238171517848969,0.0038339109160006046,0.10619071871042252,0.16619791090488434,0.13729630410671234,0.12441426515579224,0.16903407871723175,0.10060261934995651,0.08360360562801361,-0.012288247235119343,0.04694300517439842,-0.027824250981211662,0.07758066803216934,-0.08131394535303116,0.1231575757265091,0.06850352883338928,0.14209195971488953,0.14722077548503876,0.14652280509471893,0.14454789459705353
CALML5,0.026981363603327837,36,-0.013016131706535816,0.027125215157866478,0.03521611541509628,0.05611608549952507,-0.08389123529195786,-0.03774435073137283,0.08394233137369156,0.09586965292692184,0.12270409613847733,0.07244887948036194,0.08031883835792542,0.08676552027463913,0.014094656333327293,0.14457882940769196,-0.007401433307677507,0.07951036095619202,0.03010428324341774,-0.1435207724571228,0.01786688342690468,0.3202941119670868,-0.012681588530540466,0.19227689504623413,-0.029920680448412895,0.02841217815876007,-0.11037646234035492,-0.1745854765176773,-0.006006713956594467,-0.08529391884803772,-0.012475121766328812,-0.011266153305768967,0.03624040633440018,-0.07345166057348251,0.06336997449398041,0.08862709254026413,0.04519985616207123,0.05187852680683136
CAMTA2,0.09762522769031218,36,-0.052271388471126556,-0.016567636281251907,-0.0422244630753994,0.0027751002926379442,-0.07886859774589539,0.011577504687011242,0.18926826119422913,0.2948698401451111,0.21976430714130402,0.20473416149616241,0.10384911298751831,0.2893449366092682,0.06750380992889404,0.1302487552165985,0.26163822412490845,0.19399960339069366,0.004684246610850096,0.181252583861351,0.06325612217187881,0.22642697393894196,0.06432488560676575,0.09987521171569824,0.12871763110160828,0.17119887471199036,0.050976499915122986,0.09048110246658325,-0.0981883704662323,-0.1006280854344368,0.03797925263643265,0.02877795137465,0.07401105761528015,0.08077878504991531,0.13309016823768616,0.16338585317134857,0.2015652060508728,0.13290071487426758
CAPG,0.14869203759978214,36,0.052476026117801666,0.08214057236909866,0.10075538605451584,0.0950922891497612,0.0337781198322773,-0.12810373306274414,0.2395918071269989,0.3180530071258545,0.35701194405555725,0.4803093373775482,0.23811116814613342,0.3258930444717407,0.2638571560382843,0.25157853960990906,0.06637629866600037,0.08017771691083908,0.1604054719209671,0.03016466461122036,0.2279699742794037,0.14936931431293488,0.16372506320476532,0.21574650704860687,0.06622964143753052,0.2445971816778183,-0.007631389424204826,0.08136381953954697,0.10218068212270737,-0.07958746701478958,-0.06267628073692322,-0.07738638669252396,0.2047017365694046,0.24197757244110107,0.23169547319412231,0.20204350352287292,0.24026605486869812,0.1606595367193222
CARS2,0.09908091349320279,36,0.08337995409965515,-0.012439082376658916,0.09501180797815323,0.07444930076599121,0.017258761450648308,0.03915249928832054,0.09280241280794144,0.2035825550556183,0.15991835296154022,0.2360592633485794,0.1638549566268921,0.24273577332496643,0.19942426681518555,0.07321248203516006,0.1868867427110672,0.3365168869495392,0.15510809421539307,0.10753917694091797,0.09112253785133362,0.10230610519647598,0.007103778887540102,0.030507966876029968,0.05105701461434364,0.11068261414766312,0.04321999475359917,0.048322755843400955,0.024450358003377914,0.03651612624526024,0.02480396255850792,0.007236231584101915,0.10857687890529633,0.06248125806450844,0.060327302664518356,0.09560153633356094,0.11823894828557968,0.08990330994129181
CBLC,0.05142866260009921,36,0.07792089134454727,-0.07021500170230865,0.02198028564453125,-0.004166109021753073,0.006790838669985533,0.10285697877407074,0.008947279304265976,-0.02378244325518608,0.16458114981651306,0.05394101142883301,0.08587490022182465,-0.015686804428696632,0.03334496170282364,-0.09426019340753555,0.11899407207965851,0.17077197134494781,0.10397505015134811,0.07418280094861984,-0.028516512364149094,0.21643973886966705,0.12333908677101135,0.1378811150789261,0.13807398080825806,-0.008721429854631424,-0.004375992808490992,-0.01341642439365387,-0.023595739156007767,-0.044182226061820984,-0.00954278651624918,0.08448123931884766,0.1236284077167511,0.10261302441358566,0.16703122854232788,0.10760676115751266,-0.01995760388672352,-0.013405653648078442
CCDC106,0.06418261027041201,36,-0.046382103115320206,0.05448733642697334,0.11067725718021393,0.015667760744690895,0.051072970032691956,-0.0020819485653191805,0.08409940451383591,0.09000559151172638,0.08342242985963821,0.019051965326070786,0.04459608346223831,0.18153820931911469,0.0829266756772995,0.04435079172253609,0.0215071402490139,0.09171757847070694,0.07577460259199142,0.1437860131263733,-0.06637326627969742,0.132479727268219,0.10282541066408157,0.13659606873989105,0.11522544920444489,0.0823594406247139,0.05310633033514023,-0.013113337568938732,0.04253529757261276,-0.07418501377105713,0.011954579502344131,0.020128348842263222,0.052888669073581696,0.0107187544927001,0.08376859128475189,0.13595835864543915,0.22056050598621368,0.1169222965836525
CCDC167,0.10201862423370282,36,0.048739779740571976,0.04690923914313316,-0.011022997088730335,0.07580479234457016,-0.0938655361533165,0.008938699960708618,0.17144057154655457,0.17068974673748016,0.2992086410522461,0.26611292362213135,0.20302021503448486,0.23536145687103271,0.07579143345355988,0.02132386900484562,0.23573723435401917,0.23309612274169922,0.15298442542552948,0.10053367912769318,0.034185878932476044,0.15442238748073578,-0.028832746669650078,0.16527608036994934,0.12393469363451004,0.08030574768781662,-0.024854077026247978,0.10798192769289017,0.011403927579522133,-0.10923873633146286,0.0655558630824089,-0.01471190806478262,0.3101862370967865,0.08337125927209854,0.22885647416114807,0.06482000648975372,0.16013550758361816,0.01906765252351761
CCDC57,0.07029193812761353,36,0.07656347751617432,0.11037518084049225,-0.005409534554928541,-0.09212792664766312,0.0010369158117100596,0.007202851120382547,0.03635523095726967,0.18137216567993164,0.10741365700960159,0.274495005607605,0.1840919554233551,0.21577423810958862,0.07014235854148865,-0.0007547596469521523,0.036286380141973495,0.26148220896720886,-0.11256416141986847,0.013501034118235111,0.04070437699556351,0.24012260138988495,0.15838181972503662,0.16815285384655,0.257863849401474,0.07155903428792953,-0.01711270771920681,-0.01801973022520542,-0.07456506788730621,-0.07177528738975525,-0.031948819756507874,-0.055071018636226654,0.06873220205307007,0.09153866022825241,0.09860581904649734,0.07328059524297714,0.08747300505638123,0.07735130935907364
CCDC80,0.018387785498311535,36,0.08623779565095901,-0.05449490249156952,0.10260093212127686,0.07737783342599869,0.08734574913978577,0.14358581602573395,-0.15372015535831451,-0.00038960925303399563,0.010228239931166172,-0.007668000180274248,-0.069859080016613,-0.08143184334039688,-0.015599716454744339,0.11813244968652725,0.02529819682240486,0.00808914378285408,-0.06345860660076141,-0.0324394516646862,0.05554518103599548,0.02259223163127899,0.034688692539930344,-0.0007667751051485538,0.028854915872216225,0.08673592656850815,0.03160392865538597,-0.05770817771553993,0.038967955857515335,-0.05577618628740311,0.0774466022849083,-0.015866458415985107,0.03639064356684685,0.06983266770839691,-0.010875459760427475,0.022756226360797882,0.02094949036836624,0.09675408154726028
CCDC88B,0.05811258104707425,36,-0.06897259503602982,-0.01236233115196228,0.04113606736063957,-0.049251262098550797,-0.0983644351363182,0.07910334318876266,0.14760157465934753,0.15670469403266907,0.15719835460186005,0.055536556988954544,0.04306008294224739,0.1867874264717102,0.04781206697225571,0.10570371150970459,0.03363766893744469,0.005479889456182718,0.09742609411478043,0.05111464858055115,0.09291617572307587,0.13344921171665192,0.028892450034618378,0.019647039473056793,0.1039065569639206,0.025915516540408134,-0.010541613213717937,0.0674048662185669,0.014011315070092678,0.048919834196567535,-0.01821952313184738,-0.0031906708609312773,0.06908489763736725,0.058154888451099396,0.0843983069062233,0.1084943637251854,0.2218208760023117,0.0676368698477745
CCL19,-0.006636034500947322,35,0.030083218589425087,0.02892710454761982,0.05253526568412781,,-0.02807490900158882,0.06430748850107193,-0.15129497647285461,-0.12463493645191193,-0.09958904981613159,-0.3237619698047638,-0.01257297769188881,-0.08278367668390274,-0.027627674862742424,-0.062131140381097794,-0.039087824523448944,0.040580037981271744,-0.048103995621204376,0.08966968208551407,0.03541676327586174,0.18221987783908844,-5.591113222180866e-05,0.04694690555334091,0.09529438614845276,0.12854500114917755,0.01023940835148096,-0.018392058089375496,-0.004190119449049234,0.0021989671513438225,0.08313746005296707,-0.0118985241279006,0.05985506996512413,0.02286362275481224,0.02641398459672928,-0.11658621579408646,-0.07117356359958649,-0.009535928256809711
CCL2,-0.0376497781867834,36,0.013469120487570763,0.13079234957695007,0.00416753301396966,0.07826981693506241,0.05901334434747696,-0.019330190494656563,-0.19753259420394897,-0.21124668419361115,-0.19961383938789368,-0.3244190514087677,-0.1961381882429123,-0.35237985849380493,-0.055216915905475616,0.04308455064892769,-0.11498048901557922,-0.10976142436265945,-0.12049789726734161,0.03251203894615173,0.11521468311548233,0.11300922930240631,0.03734283149242401,0.096152164041996,0.10306321084499359,0.01941438764333725,-0.0019202526891604066,0.031888749450445175,0.013975922018289566,-0.04209611937403679,0.013703505508601665,-0.11616726219654083,0.06088576838374138,0.03297155350446701,0.09246188402175903,-0.17962542176246643,-0.08272844552993774,-0.12313002347946167
CCL21,0.005968013972354432,36,0.0033339899964630604,-0.1120673343539238,0.02058953046798706,0.055339161306619644,-0.05972662195563316,0.08818337321281433,0.10318605601787567,-0.04106336086988449,0.17633262276649475,0.14608921110630035,0.020977986976504326,-0.022492345422506332,0.05209983512759209,0.02592550590634346,-0.042458001524209976,-0.09493190795183182,0.02178441546857357,-0.08097068965435028,-0.10040490329265594,-0.1792306751012802,-0.10225947201251984,-0.057937558740377426,-0.027056613937020302,-0.04457990452647209,-0.00982979778200388,0.05101577192544937,0.06991224735975266,0.06577949225902557,0.06717365980148315,0.025653280317783356,-0.029451286420226097,-0.05022215098142624,0.09430469572544098,0.06165781989693642,0.04281880334019661,0.07737366855144501
CCM2,0.13683466183849508,36,-0.06716041266918182,0.07061988860368729,0.04192051291465759,0.030496787279844284,-0.07755124568939209,0.047269295901060104,0.23665185272693634,0.30307766795158386,0.24134910106658936,0.2999028265476227,0.24060745537281036,0.28183478116989136,0.27210789918899536,0.08110196888446808,0.21528691053390503,0.1788962334394455,0.06259596347808838,0.14865846931934357,0.16465666890144348,0.21149252355098724,0.07191728055477142,0.2052956223487854,0.19057577848434448,0.2181425839662552,0.061254143714904785,0.10688065737485886,-0.04723218455910683,-0.03885653614997864,-0.021794600412249565,-0.05025419220328331,0.1807197779417038,0.25595012307167053,0.23219692707061768,0.18576973676681519,0.19431127607822418,0.19735628366470337
CCNB1,0.09142138043454098,36,0.14856402575969696,0.12061983346939087,0.030591372400522232,-0.010485992766916752,0.11846524477005005,0.04168495163321495,0.047634970396757126,0.12708613276481628,0.17292645573616028,0.14689815044403076,0.14126722514629364,0.14980968832969666,0.14858373999595642,0.08712106198072433,0.12861758470535278,0.09652376919984818,0.017633285373449326,0.11487773805856705,0.1300749033689499,0.07576311379671097,0.1710149645805359,0.17101579904556274,0.03747522085905075,0.0830296128988266,0.013842853717505932,0.016100769862532616,-0.05044153332710266,0.03415586054325104,0.017208227887749672,0.0002882388362195343,0.08973632752895355,0.13282792270183563,0.05607500672340393,0.1600886881351471,0.2167428731918335,0.10775160789489746
CCNB1IP1,0.04966928708017804,36,-0.029296433553099632,0.10107128322124481,-0.03552035242319107,0.04944901540875435,-0.01584048382937908,0.07384785264730453,0.01575154811143875,0.021610982716083527,0.01244417205452919,0.07357355207204819,0.019002029672265053,-0.013111941516399384,-0.10907923430204391,0.12129859626293182,0.030959082767367363,0.03220999613404274,0.1229042112827301,0.17050112783908844,0.11883547902107239,0.0432405062019825,0.06726858019828796,0.06478720903396606,0.10138309746980667,0.15295171737670898,-0.06062517687678337,-0.001249156310223043,0.0341825932264328,-0.038418084383010864,-0.013661699369549751,-0.02161259762942791,0.16099035739898682,0.1490659862756729,0.09265528619289398,0.05596642196178436,0.11179610341787338,0.12876270711421967
CCNE1,0.10204318513731575,36,0.007784415036439896,0.15137678384780884,0.02030191756784916,0.13762463629245758,0.053948041051626205,0.07206184417009354,0.21507559716701508,0.13019907474517822,0.24006207287311554,0.24332022666931152,0.24156668782234192,0.2608933746814728,0.2519553303718567,0.09299060702323914,0.06427522003650665,0.06859748065471649,0.05096060037612915,0.16482013463974,0.11088668555021286,0.12855558097362518,0.09413835406303406,0.17490121722221375,0.0786595419049263,0.044049590826034546,-0.004908712115138769,-0.026538904756307602,-0.028743958100676537,0.008520390838384628,-0.018076308071613312,-0.044843513518571854,0.13193264603614807,0.06651323288679123,0.14889481663703918,0.07535900175571442,0.11556251347064972,0.150878444314003
CCNE2,0.13404334926356873,36,0.059853166341781616,0.04812090843915939,0.09532652050256729,0.16582097113132477,0.12285646051168442,0.09574789553880692,0.12218838185071945,0.15108080208301544,0.38213980197906494,0.21637900173664093,0.15102329850196838,0.2879667580127716,0.1904120147228241,0.254630446434021,0.12459517270326614,0.11849098652601242,0.06634259223937988,0.12922826409339905,0.1325678825378418,0.19758909940719604,0.22074179351329803,0.24783393740653992,0.16233858466148376,0.17672406136989594,-0.027714379131793976,-0.02612023800611496,-0.03239461034536362,0.09959385544061661,0.0778065100312233,0.12281199544668198,0.1144644021987915,0.19586066901683807,0.08366139978170395,0.07841302454471588,0.18651966750621796,0.03265947476029396
CCS,0.12820686924452376,36,0.08307310938835144,0.08410795778036118,0.03310523182153702,0.041476212441921234,-0.0019869685638695955,0.025931717827916145,0.2320837527513504,0.3065018355846405,0.2253018468618393,0.32476872205734253,0.12126780301332474,0.3731081783771515,0.1599349081516266,0.1372791975736618,0.11691462248563766,0.06251921504735947,0.13636337220668793,0.1584416776895523,0.0713326632976532,0.18043255805969238,0.14537696540355682,0.14987090229988098,0.10706745088100433,0.1701136976480484,0.01808187924325466,-0.025020606815814972,0.019509028643369675,-0.01811355911195278,0.04332418367266655,0.03444744274020195,0.1839429885149002,0.19455227255821228,0.26914870738983154,0.18788349628448486,0.14595866203308105,0.11734616756439209
CCT4,0.20534879333960512,36,0.08507467061281204,0.14989331364631653,0.058297500014305115,0.1330689787864685,0.2205549031496048,0.1044325903058052,0.20506954193115234,0.32424983382225037,0.39328932762145996,0.4284169673919678,0.3909527063369751,0.47982969880104065,0.35803139209747314,0.2620987296104431,0.31255921721458435,0.16854214668273926,0.04572177305817604,0.16948725283145905,0.3058893382549286,0.3215804100036621,0.24424652755260468,0.4136994183063507,0.3173309862613678,0.15816929936408997,0.03453366830945015,0.06328560411930084,-0.05154299736022949,-0.08556019514799118,0.058439984917640686,0.015575510449707508,0.1807258129119873,0.2221572995185852,0.22036859393119812,0.24722568690776825,0.2553914487361908,0.1814696192741394
CD14,-0.00753317089078741,36,-0.06381615251302719,-0.10107312351465225,-0.1734853982925415,-0.07533152401447296,-0.08590562641620636,-0.10238683968782425,0.16849541664123535,0.14102323353290558,0.06745734065771103,0.06687992066144943,0.09644073992967606,0.028721636161208153,0.1471354067325592,0.11876914650201797,0.023841846734285355,-0.05797344446182251,-0.12179344892501831,0.19105903804302216,-0.17737026512622833,-0.06004589796066284,-0.11869440972805023,-0.15550386905670166,-0.1876271814107895,0.04527896270155907,-0.005775472614914179,0.048228971660137177,0.07997699826955795,-0.09184044599533081,-0.031093835830688477,-0.10433971136808395,-0.00921547133475542,0.02537725679576397,0.017720401287078857,0.0659436360001564,0.09814580529928207,0.021582208573818207
CD320,0.010409920502247082,36,-0.05172868072986603,-0.020038263872265816,0.04028651863336563,-0.026710473001003265,-0.0611962266266346,0.13143210113048553,-0.07280514389276505,-0.13543017208576202,-0.1704254299402237,-0.22272814810276031,-0.03901004418730736,-0.12510167062282562,0.024609146639704704,0.0853065475821495,0.18133769929409027,0.1221160963177681,0.09792403131723404,-0.01746615208685398,0.027266357094049454,0.03909021243453026,0.07682302594184875,0.04212084412574768,0.07058390974998474,0.11885328590869904,0.0213173758238554,-0.007891573011875153,-0.01926298812031746,-0.06796211749315262,0.017364464700222015,0.016140174120664597,0.04443764314055443,0.012374783866107464,0.0418182797729969,0.11014333367347717,0.06546184420585632,0.025706546381115913
CD3D,0.059248560787333794,36,0.02302452363073826,-0.09419233351945877,-0.055635854601860046,-0.0023275951389223337,0.007401518058031797,-0.006571589503437281,0.10871572047472,0.14625629782676697,0.16473530232906342,0.2961746156215668,0.1290092021226883,0.23914356529712677,-0.01455861795693636,-0.03510044515132904,0.08479741960763931,0.2026589810848236,0.17255301773548126,0.03485254943370819,0.02438102848827839,-0.015162539668381214,0.006113244686275721,0.07584302872419357,-0.016381429508328438,0.1182774230837822,0.08530370891094208,0.04618527367711067,-0.05246303603053093,0.015119137242436409,-0.03438534587621689,-0.1058543249964714,0.1178024634718895,0.012853213585913181,0.08830105513334274,0.12309987097978592,0.06367039680480957,0.17930874228477478
CD4,0.05385204977776286,36,0.0008719731704331934,-0.007592631503939629,0.0339302234351635,0.016388313844799995,-0.03447400778532028,0.08636945486068726,-0.006531542632728815,0.11299026012420654,0.07020720094442368,0.1857774555683136,0.11116840690374374,0.19524399936199188,0.04904317110776901,0.02600076235830784,0.06320884078741074,0.130476176738739,0.16823410987854004,0.17106255888938904,-0.027562901377677917,0.015727540478110313,0.05036314204335213,-0.04445715993642807,0.05597904697060585,0.02489507757127285,0.0032280022278428078,-0.01204653363674879,0.015145746991038322,-0.06438054889440536,-0.0172167606651783,-0.06254559755325317,0.10917552560567856,0.041898708790540695,0.028529174625873566,0.09802191704511642,0.12122196704149246,0.2303227186203003
CD52,0.04124682372720498,36,-0.0358721986413002,-0.06454259902238846,0.020808180794119835,-0.11975856870412827,-0.06299157440662384,-0.20813709497451782,0.2767240107059479,0.2446514368057251,0.22804369032382965,0.3113824427127838,0.12390932440757751,0.2744086980819702,0.055292852222919464,0.036259379237890244,0.106552854180336,0.05521846190094948,0.0896434336900711,0.05022050812840462,-0.14633555710315704,0.033822979778051376,0.047923743724823,-0.035090647637844086,-0.04935377836227417,0.10372311621904373,-0.006972211878746748,0.005260646343231201,0.0033426417503505945,-0.02527654357254505,-0.1530763953924179,-0.059865545481443405,-0.10240080207586288,0.046279165893793106,0.0875624492764473,0.1071968600153923,0.15094663202762604,0.09538566321134567
CD68,0.050433386147940636,36,-0.17813752591609955,-0.018414651975035667,-0.1399136185646057,-0.1341075450181961,-0.10417162626981735,-0.06785072386264801,0.2972535192966461,0.2793872058391571,0.2985500991344452,0.32155463099479675,0.22939549386501312,0.23030905425548553,0.09414295852184296,0.0009706999990157783,0.10725416988134384,0.003203639527782798,0.11489817500114441,-0.05558057501912117,0.0034699025563895702,0.06124812737107277,-0.023959513753652573,0.009653352200984955,-0.10249562561511993,0.1764807254076004,0.015017817728221416,-0.0022552593145519495,-0.014540808275341988,-0.1174178272485733,-0.024058682844042778,-0.07248420268297195,0.07877698540687561,0.16840332746505737,0.08411196619272232,0.13242648541927338,0.07908274233341217,0.08539900928735733
CD74,-0.07729556646922396,36,0.014402026310563087,-0.09069248288869858,-0.03965313360095024,-0.04078860953450203,-0.10458791255950928,-0.011729012243449688,-0.12118253111839294,-0.2237301617860794,-0.07774324715137482,-0.23802174627780914,-0.08532655984163284,-0.12060882151126862,-0.06758180260658264,-0.10084330290555954,-0.03938965126872063,-0.12603114545345306,-0.13857892155647278,-0.07763376832008362,-0.24142491817474365,-0.033866919577121735,-0.13348348438739777,-0.1758342981338501,0.008587533608078957,-0.06711287051439285,0.009067955426871777,0.03649861738085747,-0.10011456161737442,-0.036602962762117386,0.005781685002148151,-0.032877907156944275,0.05293787270784378,-0.045012105256319046,-0.034868787974119186,-0.1505754142999649,-0.07470858842134476,-0.07931045442819595
CD79A,0.059434839317368135,36,0.01330412644892931,-0.056525714695453644,0.0554298460483551,-0.011973167769610882,-0.03606877103447914,0.005108647048473358,0.1516311764717102,0.15477289259433746,0.14094269275665283,0.3343867063522339,0.08478240668773651,0.2315395474433899,0.030861442908644676,0.08274977654218674,0.08177284151315689,0.05125664547085762,0.18565334379673004,0.03768464922904968,-0.03969226032495499,-0.07581799477338791,-0.07399510592222214,0.05461648106575012,0.01324822660535574,0.03041044995188713,0.060376424342393875,0.06504274904727936,0.049054473638534546,0.012552888132631779,-0.033042650669813156,-0.07064460217952728,0.06744928658008575,0.05140683054924011,0.07116363197565079,0.15473036468029022,0.07926660031080246,0.18621933460235596
CDC20,0.08382234485017964,36,-0.013688072562217712,0.04902110993862152,0.11682827770709991,0.014578730799257755,0.04616449400782585,0.15090326964855194,0.17015308141708374,-0.017401251941919327,0.010724878869950771,0.12597154080867767,0.13899798691272736,0.028445366770029068,0.19792497158050537,0.09225952625274658,0.10868992656469345,0.14968949556350708,0.11005882918834686,-0.10163164138793945,0.03561783581972122,0.09471243619918823,0.054842423647642136,0.1926361471414566,0.14265045523643494,0.1827249974012375,0.03484653681516647,-0.05115541070699692,-0.05071520805358887,-0.002064787782728672,0.07160709798336029,0.0026595343369990587,0.15819749236106873,0.1597401201725006,0.10223131626844406,0.1803363859653473,0.15336251258850098,0.1776840090751648
CDC6,0.10269280964793223,36,0.07255925983190536,0.0701800212264061,0.028737982735037804,0.08205274492502213,0.13580584526062012,0.09943953901529312,0.1146136224269867,0.16066859662532806,0.1391940414905548,0.0723421573638916,0.2763133645057678,0.07503282278776169,0.05838561803102493,0.07443950325250626,0.09242363274097443,0.23596255481243134,-0.03990396484732628,0.1128109022974968,0.22613702714443207,0.3030489683151245,0.1723664551973343,0.2460123747587204,0.16836576163768768,0.11560407280921936,0.0184942539781332,0.018751978874206543,0.048358283936977386,-0.02211809903383255,0.02712760679423809,-0.020723572000861168,-0.0024926934856921434,0.13582822680473328,0.07285860925912857,0.0763515755534172,0.10907934606075287,0.14283272624015808
CDH11,0.010702374080816904,36,0.04171539470553398,-0.022400429472327232,0.09104584157466888,0.024047696962952614,0.08000752329826355,0.02220872975885868,0.0455966480076313,0.10827267915010452,0.030998216941952705,-0.05229796841740608,-0.027047043666243553,-0.05408255755901337,-0.004670571070164442,-0.004283722024410963,0.1089925542473793,-0.06885214149951935,0.026154231280088425,0.039366040378808975,0.03894560784101486,-0.034247417002916336,0.07695572823286057,0.011075046844780445,-0.01048300415277481,0.09359961003065109,-0.06851348280906677,-0.03695106506347656,0.022434642538428307,0.05709617957472801,-0.016695594415068626,-0.01961844228208065,0.03987526148557663,-0.05260978266596794,0.05982954427599907,-0.091581791639328,-0.08597321063280106,0.01737651415169239
CDH3,0.07486855988908145,36,0.06914275884628296,-0.01619608700275421,0.10855281352996826,0.04192196577787399,-0.01793355867266655,-0.02628706954419613,0.13217774033546448,0.2252514511346817,0.07664366811513901,0.11311568319797516,-0.02951505221426487,0.04228965938091278,0.06010435149073601,0.07047384232282639,0.12490938603878021,0.022810453549027443,0.07699143141508102,0.10402823984622955,0.11081859469413757,0.04094759002327919,0.16349215805530548,0.06509248167276382,0.13908183574676514,0.12191438674926758,-0.011594435200095177,-0.011529406532645226,-0.04963715001940727,-0.04527086392045021,-0.08339706063270569,0.035372912883758545,0.17897936701774597,0.21583597362041473,0.24920445680618286,0.15982766449451447,0.08676011115312576,0.1508878618478775
CDK5RAP1,0.07581425967024795,36,0.014315505512058735,0.029804794117808342,0.11659787595272064,0.017302345484495163,-0.0313682034611702,0.062028370797634125,0.21381741762161255,0.08129735291004181,0.33456575870513916,0.11295850574970245,0.296795517206192,0.22367042303085327,-0.03494097292423248,0.15237309038639069,0.11194223910570145,0.12822723388671875,0.09715793281793594,-0.006289868149906397,0.10803209990262985,0.1359683722257614,0.14323891699314117,0.14860990643501282,0.054172903299331665,0.1305999606847763,0.03572201356291771,-0.056751836091279984,-0.06664485484361649,-0.024630099534988403,-0.059032127261161804,-0.04476514086127281,0.03433186933398247,-0.00038049352588132024,0.07862875610589981,0.005169782787561417,0.08399136364459991,0.10279663652181625
CENPF,0.09141730026911116,36,0.06706377118825912,0.07817348092794418,0.10146612673997879,0.045742250978946686,0.08460084348917007,0.07742071896791458,0.08975262194871902,0.04276195168495178,0.0495983324944973,0.32433366775512695,0.11109434068202972,0.20159120857715607,0.05053875222802162,0.18550126254558563,0.21743999421596527,0.08642710745334625,-0.05951978266239166,0.0605943538248539,0.15236908197402954,0.1206481009721756,0.14171887934207916,0.18500590324401855,0.09974370896816254,0.11291400343179703,0.012109324336051941,-0.02010987140238285,-0.046585213392972946,0.08269454538822174,-0.003486755769699812,0.03298061713576317,0.10872600227594376,0.05953281745314598,0.09645886719226837,0.1291336566209793,0.1871432065963745,0.025444932281970978
CEP250,0.07338047805630292,36,-0.007852167822420597,0.008292469196021557,0.059069786220788956,0.05502459406852722,-0.02742132544517517,-0.006704327650368214,0.10843313485383987,0.2014082670211792,0.19148273766040802,0.15898397564888,0.10496866703033447,0.16269908845424652,0.054172515869140625,0.14741250872612,0.09910894930362701,0.14210398495197296,0.1350189447402954,-0.08057472109794617,-0.03457070514559746,0.19835886359214783,0.04823142662644386,-0.04061809554696083,0.08730751276016235,0.02434021793305874,-0.04147883877158165,-0.03769327700138092,0.016779784113168716,0.08173944056034088,0.0011212078388780355,0.023149946704506874,0.11411958187818527,0.21489466726779938,0.08519626408815384,0.13605739176273346,0.15915794670581818,0.0999767929315567
CEP55,0.06988765001814398,36,0.05171100050210953,0.008349553681910038,-0.04514174163341522,-0.036196719855070114,0.12602950632572174,-0.07049426436424255,0.12726198136806488,0.21657653152942657,0.17308303713798523,0.14947643876075745,0.07964248955249786,0.05687369033694267,0.0968875139951706,0.056490324437618256,0.06687965244054794,0.04696102440357208,0.09080719947814941,0.1352362185716629,0.1156831607222557,0.17566972970962524,0.04956227168440819,0.09894438832998276,0.09587983787059784,0.08707871288061142,0.03362320363521576,-0.07655584067106247,0.05612584576010704,-0.015198994427919388,-0.06136450916528702,0.03799230605363846,0.1491018682718277,0.149974524974823,0.08020920306444168,0.11055097728967667,0.016271375119686127,0.08197390288114548
CERCAM,0.04127224855862247,36,0.005078260786831379,-0.0255949217826128,0.07486388087272644,0.011581829749047756,0.0017435898771509528,-0.0464576855301857,0.0682019516825676,0.27538344264030457,0.05647365003824234,0.06306155025959015,0.029135415330529213,0.10252417623996735,0.003517269855365157,-0.004341574385762215,0.06858178228139877,-0.01892670802772045,0.045984186232089996,0.08249882608652115,-0.047433868050575256,-0.012289062142372131,0.00927179679274559,0.15766027569770813,0.15516060590744019,0.0475425161421299,-0.006006591487675905,-0.04523830860853195,0.0070381867699325085,-0.05359796807169914,-0.019100507721304893,-0.027587689459323883,-0.015026036649942398,0.17322002351284027,0.15955407917499542,0.09930600225925446,0.09133558720350266,0.01868298463523388
CERS5,0.1086655494081141,36,0.013739598914980888,0.01644413359463215,0.04813192039728165,0.07688147574663162,0.0006986071239225566,0.04557448998093605,0.032456040382385254,0.07034533470869064,0.2984704077243805,0.08853673934936523,0.3021467328071594,0.1909535676240921,0.07915787398815155,0.18448692560195923,0.10832355171442032,0.1571580320596695,0.197170689702034,0.23722636699676514,0.03485070541501045,-0.007713920436799526,0.12311825156211853,0.21645976603031158,0.05238986387848854,0.15866005420684814,-0.006751741748303175,0.08735103160142899,0.07778774201869965,0.02993139438331127,0.04487553983926773,0.006229930557310581,0.14489714801311493,0.11272203922271729,0.16221046447753906,0.127447247505188,0.21197384595870972,0.1876179277896881
CES2,0.03792842752429553,36,-0.012635302729904652,0.02275564707815647,0.005717923399060965,0.04350132867693901,0.04293220490217209,-0.04619678482413292,-0.010938254185020924,0.08782777935266495,0.08256728947162628,0.09547346085309982,0.08481528609991074,-0.010600795038044453,0.06818508356809616,0.1087389588356018,0.003993394784629345,0.13209311664104462,-0.00841507501900196,0.23322834074497223,-0.0769679844379425,-0.09709638357162476,-0.0259164460003376,-0.009894706308841705,0.11042289435863495,0.04194291681051254,0.07254191488027573,-0.0028859220910817385,0.013353275135159492,-0.005075117573142052,-0.014620251953601837,-0.05431939661502838,0.04783345386385918,0.17429161071777344,0.032033853232860565,0.04896802455186844,0.1558479368686676,0.031920116394758224
CFAP36,0.057466095125871815,36,0.03305980935692787,-0.037771325558423996,0.06281618028879166,-0.020361552014946938,0.02364925667643547,-0.02877921238541603,0.1234034076333046,0.04945153743028641,0.04867764189839363,0.033421579748392105,0.09805134683847427,0.1556270867586136,-0.005009338725358248,0.1442367434501648,0.07169368118047714,0.06760527938604355,0.09882284700870514,0.07559827715158463,0.16062027215957642,0.0933840200304985,0.12474491447210312,0.15328547358512878,0.04341455176472664,0.12030148506164551,-0.11024222522974014,0.028343969956040382,-0.05168479308485985,0.056052014231681824,0.0744294822216034,-0.0031845278572291136,0.008783852681517601,0.038553059101104736,0.08914195746183395,0.04647397622466087,0.07237835973501205,0.12979033589363098
CFDP1,0.10486551763541582,36,0.025369461625814438,0.1041402667760849,0.09432118386030197,0.14693856239318848,-0.0019735784735530615,0.0595037117600441,0.10038886219263077,0.08960327506065369,0.020182719454169273,0.11960138380527496,0.08570441603660583,0.08337420970201492,0.1809581071138382,0.10438715666532516,0.22425754368305206,0.016900980845093727,0.02072100155055523,0.3001667559146881,0.09698094427585602,0.21459272503852844,0.1369427591562271,0.22458693385124207,0.14876341819763184,0.0483008474111557,-0.004189385566860437,-0.035172827541828156,0.0043407040648162365,-0.0012889865320175886,0.07341578602790833,0.08863565325737,0.21482333540916443,0.15132467448711395,0.10694898664951324,0.1545577198266983,0.21460901200771332,0.16244031488895416
CGGBP1,0.1428675531513161,36,0.0812884271144867,0.08448655158281326,0.17909452319145203,0.0995803102850914,0.11147496849298477,-0.018371887505054474,0.11073937267065048,0.2892504036426544,0.21822772920131683,0.18707537651062012,0.2966233789920807,0.4322311580181122,0.10943203419446945,0.24979956448078156,0.19583897292613983,0.2262616604566574,0.13072407245635986,0.34890177845954895,0.1695694923400879,0.08120213449001312,0.15921953320503235,0.1497448980808258,0.17387066781520844,0.11289797723293304,0.06647853553295135,-0.08606836944818497,-0.04207228869199753,0.022756755352020264,-0.053342390805482864,0.04044908657670021,0.12559038400650024,0.15417270362377167,0.0908225029706955,0.19171927869319916,0.23116610944271088,0.22239650785923004
CHCHD6,0.03926006816456922,36,0.016928277909755707,0.03963286802172661,-0.008569621481001377,0.04586347937583923,-0.01194954663515091,-0.0026904684491455555,0.10210955888032913,0.10024937987327576,0.0594070740044117,0.18190202116966248,0.0349406898021698,0.06124067306518555,-0.09701941907405853,0.12302930653095245,0.09403744339942932,0.2018166035413742,0.06794631481170654,-0.10025160759687424,0.060637377202510834,0.03997161239385605,0.12798373401165009,0.06450337171554565,0.0620439276099205,0.003438206622377038,-0.0178812388330698,-0.04891568422317505,-0.029265202581882477,0.03991904482245445,-0.0028360234573483467,-0.009561433456838131,-0.005352748092263937,0.03288291394710541,0.11308380961418152,0.0783846527338028,-0.02634112350642681,0.02204423025250435
CHD1,0.036459194159963064,36,-0.03801315650343895,0.038808826357126236,0.07417092472314835,0.0540129579603672,0.0602460615336895,0.07911347597837448,-0.13307620584964752,-0.009342851117253304,-0.059740860015153885,-0.04203478991985321,-0.14810214936733246,-0.030440902337431908,-0.029413893818855286,0.11103758215904236,0.1081959456205368,0.09614145010709763,0.019183527678251266,0.12020079046487808,0.1671043187379837,-0.025207918137311935,0.10473445802927017,0.054757192730903625,0.13316971063613892,0.034387122839689255,0.003944395110011101,-0.028768308460712433,-0.04929238557815552,0.014646162278950214,0.042190179228782654,0.04953576624393463,0.14128975570201874,0.04139581322669983,0.02765454351902008,0.12071405351161957,0.12533962726593018,0.08398976922035217
CHD6,0.09276762308339433,36,0.1214742511510849,0.07637099921703339,-0.02086738869547844,0.07657651603221893,-0.008467849344015121,0.09380422532558441,-0.03629777207970619,0.17457622289657593,0.1305682361125946,0.23080359399318695,0.16566884517669678,0.24873538315296173,0.1761392056941986,0.18606863915920258,0.14720271527767181,0.16048197448253632,0.0926738828420639,-0.019328169524669647,0.10795769095420837,0.01426058541983366,0.11688439548015594,0.11925923824310303,0.046021733433008194,0.0913289487361908,0.012794720940291882,-0.016543980687856674,0.03353330120444298,0.05685800313949585,-0.027565615251660347,0.000408665684517473,0.12413451075553894,0.23702934384346008,0.10184258222579956,0.09657398611307144,0.13479042053222656,0.09388238936662674
CHFR,0.11389017956227893,36,0.07616441696882248,0.10118136554956436,0.13837853074073792,0.028997790068387985,-0.08186493813991547,0.011305518448352814,0.19582001864910126,0.18819177150726318,0.1560467630624771,0.25255247950553894,0.0896163210272789,0.1652923822402954,0.1606430858373642,0.05222310125827789,0.11563686281442642,0.2423047572374344,0.17054179310798645,0.18570365011692047,0.09092102944850922,0.05649042874574661,0.15048906207084656,0.18867947161197662,0.15615782141685486,0.2517853379249573,-0.03883708268404007,0.02236257493495941,0.03281449154019356,0.021404815837740898,0.037272147834300995,0.04140676185488701,0.0780070424079895,0.013103201054036617,0.15883316099643707,0.20982427895069122,0.23067407310009003,0.149922177195549
CHST11,0.042769875428348314,36,-0.01700718142092228,-0.010538972914218903,0.014837791211903095,0.039860799908638,-0.02244117110967636,0.05865321680903435,0.15814055502414703,0.06295359134674072,0.28679320216178894,0.18289212882518768,0.1022818461060524,0.12395890802145004,-0.012601088732481003,0.06372201442718506,0.12751196324825287,-0.03188251331448555,-0.03939134255051613,-0.018050050362944603,0.08306523412466049,-0.05017465353012085,0.006447577383369207,-0.00037003730540163815,0.19319164752960205,0.10188889503479004,-0.03996635228395462,-0.013637098483741283,-0.011921015568077564,0.009825572371482849,0.01884523592889309,-0.06567567586898804,0.033350151032209396,0.023982813581824303,0.016867203637957573,0.07459516823291779,0.06311225146055222,0.026594901457428932
CIR1,0.01311441066273902,36,0.031664855778217316,0.008495651185512543,-0.10952790081501007,-0.04263371229171753,-0.11388849467039108,-0.006943410262465477,-0.011425692588090897,0.08176635950803757,0.010772457346320152,0.050340987741947174,-0.054157793521881104,0.059047799557447433,0.07985009998083115,0.022384928539395332,0.02050471305847168,-0.009664095006883144,-0.023629937320947647,-0.13357700407505035,0.09592370688915253,0.08676492422819138,-0.0800623819231987,0.12684080004692078,-0.06363265961408615,0.1313924491405487,0.013314666226506233,0.031425509601831436,-0.007262664381414652,0.022219212725758553,0.03624953329563141,-0.016720497980713844,0.0018261453369632363,0.07258597761392593,0.010316832922399044,0.04592439532279968,0.015669891610741615,0.08996313065290451
CLASRP,0.15385752393760616,36,0.011218232102692127,0.03932882472872734,0.15516728162765503,0.10421879589557648,-0.06343038380146027,0.06787367165088654,0.19733332097530365,0.3065055310726166,0.11878719925880432,0.3634890019893646,0.2101624757051468,0.32170987129211426,0.07222627103328705,0.23467673361301422,0.15555021166801453,0.13566680252552032,0.11767560243606567,0.26376432180404663,0.18323290348052979,0.2415264993906021,0.24185523390769958,0.31584078073501587,0.24641849100589752,0.2448883056640625,0.0016392171382904053,0.04342377558350563,-0.012804740108549595,-0.026060456410050392,0.047406505793333054,-0.023654133081436157,0.16965536773204803,0.16251567006111145,0.19840405881404877,0.2681839168071747,0.2412361055612564,0.18323959410190582
CLDN3,0.1721731417088045,36,0.10565388202667236,0.11697790026664734,0.01969110779464245,0.11050266772508621,-0.049873415380716324,0.1504783183336258,0.2759636342525482,0.26821351051330566,0.29446834325790405,0.30147942900657654,0.3311900198459625,0.20093870162963867,0.33631646633148193,0.29835808277130127,0.21239043772220612,0.2665475010871887,0.18307532370090485,0.1737649142742157,0.2512449026107788,0.21409299969673157,0.2764611542224884,0.31356751918792725,0.1820279061794281,0.3325839340686798,-0.07272830605506897,-0.05555007979273796,-0.014732934534549713,-0.04974370822310448,-0.03839169070124626,0.006270809099078178,0.17992621660232544,0.2269676774740219,0.14326894283294678,0.25755903124809265,0.2477203607559204,0.20155154168605804
CLDN4,0.2564316350682121,36,0.14597822725772858,0.081903375685215,0.14205394685268402,0.03214489668607712,0.10011996328830719,0.15401959419250488,0.2747824490070343,0.4383322596549988,0.3891855776309967,0.44835764169692993,0.3917030394077301,0.3411453664302826,0.40524405241012573,0.3180028796195984,0.3569692075252533,0.332863450050354,0.22827401757240295,0.3872567117214203,0.24977312982082367,0.45714011788368225,0.3650519847869873,0.40718507766723633,0.38311365246772766,0.3939371109008789,0.02488589845597744,-0.006227349396795034,-0.07232154905796051,0.03384210541844368,0.07251159101724625,0.026283372193574905,0.2854488492012024,0.3690165877342224,0.30268096923828125,0.30322265625,0.34223610162734985,0.32542189955711365
CLU,0.09062702014731865,36,-0.0025624504778534174,0.07554727792739868,0.024114729836583138,-0.05800669267773628,-0.03267558664083481,-0.0019570274744182825,0.21880953013896942,0.26577210426330566,0.16858765482902527,0.18836700916290283,0.17883868515491486,0.06540507823228836,0.050680991262197495,0.15583860874176025,0.020577626302838326,0.07361890375614166,0.22233343124389648,0.1604023277759552,0.11025775223970413,0.24847184121608734,0.1149129569530487,0.19447480142116547,0.0993187427520752,0.03314840793609619,-0.051998402923345566,-0.053258225321769714,0.06825587898492813,-0.08558041602373123,0.0022918223403394222,-0.051329415291547775,0.13905850052833557,0.18412476778030396,0.2069215476512909,0.11568242311477661,0.14071400463581085,0.07341353595256805
CNN2,0.06716580953181822,36,0.06372614204883575,-0.08441818505525589,-0.012435389682650566,-0.06770852208137512,-0.05878002941608429,-0.029111245647072792,-0.05570950731635094,0.012607109732925892,-0.08547612279653549,-0.04796101897954941,-0.009627322666347027,0.09902568906545639,0.2429124116897583,0.15890473127365112,0.12416636943817139,0.18087834119796753,0.06604794412851334,0.2861230671405792,3.3148691727546975e-05,0.08049378544092178,0.1797594428062439,0.04674201086163521,0.19618918001651764,0.19860053062438965,-0.03190462291240692,0.060477424412965775,-0.034527767449617386,-0.02384190633893013,-0.010266468860208988,-0.09604193270206451,0.19073356688022614,0.15895360708236694,0.19292019307613373,0.2239006608724594,0.1548682153224945,0.14771561324596405
COL14A1,0.004389477848437511,36,0.16443948447704315,0.0727020725607872,0.006627996917814016,-0.020294027402997017,0.030707549303770065,0.06601466238498688,-0.0772586539387703,0.06357832998037338,0.01097841840237379,-0.10646430402994156,0.0019805054180324078,-0.002507826779037714,0.003827108535915613,-0.022602932527661324,0.07839986681938171,-0.011130021885037422,-0.010867358185350895,0.05043800547719002,-0.12921318411827087,0.013391073793172836,0.06585085391998291,0.026756372302770615,0.001792894909158349,0.07369895279407501,-0.03592601791024208,0.0644989162683487,0.029226481914520264,-0.009658199734985828,0.024599049240350723,0.004133822396397591,-0.03273020684719086,-0.020951703190803528,0.03079686500132084,-0.12474270910024643,-0.04842488840222359,-0.07364604622125626
COL3A1,-0.033362595830112696,36,-0.09178540110588074,-0.24781927466392517,-0.03324759379029274,-0.11945833265781403,-0.07437578588724136,-0.11017056554555893,-0.2977762222290039,-0.2824222445487976,-0.2583119571208954,-0.38249102234840393,-0.32370948791503906,-0.36427372694015503,0.051499661058187485,0.177068293094635,0.0544721893966198,0.24643979966640472,0.024864403530955315,0.25661230087280273,0.04674062505364418,0.09043768048286438,0.0453045554459095,-0.05587909743189812,0.04657043144106865,0.2859349548816681,-0.017494715750217438,-0.03048700839281082,0.05588674917817116,-0.062157128006219864,0.08038178831338882,-0.03653625026345253,0.22266806662082672,0.17069818079471588,0.12857958674430847,-0.10206853598356247,-0.23026244342327118,-0.06448592245578766
COL4A1,-0.017899153210843604,36,-0.05061117559671402,-0.10236186534166336,0.02205630950629711,0.013673272915184498,0.03419683501124382,-0.07175684720277786,-0.3167676627635956,-0.3163726329803467,-0.28251776099205017,-0.30076804757118225,-0.23024220764636993,-0.2843966484069824,0.02654716931283474,-0.005336142145097256,0.03987303376197815,0.016940362751483917,0.05224347859621048,-0.06624500453472137,0.10873574018478394,0.06802523881196976,0.0374227836728096,0.05676914006471634,0.04074417054653168,0.002844738308340311,-0.007729936856776476,0.01238244492560625,0.08607340604066849,-0.02500625140964985,0.04489901661872864,-0.027254866436123848,0.14336425065994263,0.15349005162715912,0.10760805010795593,0.08166935294866562,0.1901075839996338,0.10333110392093658
COL6A2,-0.05032243381720036,36,0.01941921003162861,-0.008954159915447235,-0.09535586088895798,-0.04484641179442406,-0.04613668844103813,0.035707730799913406,-0.22308695316314697,-0.28331074118614197,-0.24120274186134338,-0.3120018541812897,-0.11514443904161453,-0.22628188133239746,-0.015804849565029144,0.0499410480260849,-0.05899222567677498,-0.09740875661373138,0.017579462379217148,-0.1337546408176422,0.0075156791135668755,0.23231884837150574,-0.036187443882226944,-0.15412437915802002,0.15729066729545593,-0.06473793089389801,0.012640516273677349,0.01738755591213703,0.07153522968292236,-0.06035953387618065,-0.0899617075920105,-0.049255214631557465,-0.005273358430713415,0.1528601497411728,0.12643426656723022,-0.08247225731611252,-0.11137661337852478,-0.15620733797550201
COL8A2,-0.01977646075748554,36,-0.027258777990937233,-0.07764565199613571,-0.03861001878976822,-0.06747971475124359,0.09349211305379868,0.04281611368060112,-0.20299585163593292,-0.13198746740818024,-0.03911896422505379,-0.28207018971443176,-0.06695175170898438,-0.048170506954193115,-0.12191833555698395,0.05949993059039116,0.14103765785694122,-0.04189344495534897,-0.04271482676267624,0.04691540449857712,-0.011083181016147137,-0.0432559959590435,0.04164304584264755,0.14105330407619476,0.04516934975981712,0.06244943290948868,-0.027301562950015068,-0.018367266282439232,-0.05035396292805672,0.02512257732450962,-0.05014580860733986,0.0001925745455082506,-0.0038727056235074997,-0.02920062094926834,0.017394447699189186,0.021102018654346466,-0.04461183398962021,0.01716788299381733
COMMD1,0.12942438452349356,36,-0.008755466900765896,0.12310671806335449,0.0016299844719469547,0.11988083273172379,0.1330278515815735,0.10036541521549225,0.20350661873817444,0.35955968499183655,0.27564412355422974,0.3262132406234741,0.16825608909130096,0.30307549238204956,0.23698613047599792,0.19209235906600952,0.05900890752673149,0.34181922674179077,0.06493984907865524,0.17575351893901825,0.12319464236497879,0.17757941782474518,0.1830468624830246,0.16713190078735352,0.13941164314746857,0.11886392533779144,-0.026206132024526596,-0.035891685634851456,0.05528929829597473,0.07885308563709259,-0.018328789621591568,0.007372474297881126,0.027868572622537613,0.12818516790866852,0.1586436927318573,0.08327777683734894,0.033194802701473236,0.08168061077594757
COMP,-0.06648950169700482,36,-0.07420352101325989,-0.18581050634384155,-0.01633812114596367,-0.06117265671491623,-0.14647991955280304,-0.026079200208187103,-0.1834421157836914,-0.2749987244606018,-0.17635048925876617,-0.3074003756046295,-0.08456028997898102,-0.14485515654087067,0.08209451287984848,0.022984866052865982,-0.008257979527115822,-0.009432069957256317,0.04116857424378395,-0.09635211527347565,-0.13395439088344574,-0.05121985077857971,-0.00034398757270537317,-0.08985807001590729,0.13749225437641144,0.12122344970703125,0.021628813818097115,-0.05310763046145439,0.031494736671447754,-0.07967828214168549,-0.08402116596698761,-0.05184086784720421,-0.11618320643901825,-0.06129459664225578,-0.095835842192173,-0.059915367513895035,-0.05102153122425079,-0.12770123779773712
COPS7A,0.12316673274876343,36,0.01864737831056118,-0.004756164737045765,0.012601848691701889,0.10517041385173798,0.050813786685466766,0.07228229194879532,0.20349262654781342,0.32472166419029236,0.3583758771419525,0.3427191972732544,0.2854034900665283,0.23603183031082153,0.08372288942337036,0.10682280361652374,0.155729740858078,0.1171206533908844,-0.08496067672967911,0.23919188976287842,0.1425178349018097,0.06209027022123337,0.06585817784070969,0.13673153519630432,0.07764285057783127,0.22650276124477386,0.04470700025558472,0.013265504501760006,-0.058419860899448395,0.033465657383203506,-0.015603052452206612,0.028354737907648087,0.12094437330961227,0.20965592563152313,0.19677837193012238,0.11163704097270966,0.21786436438560486,0.1968773454427719
COQ4,0.10922481437834601,36,-0.04970734566450119,0.06657125055789948,0.08032890409231186,-0.043422892689704895,-0.026178359985351562,0.05715090036392212,0.2661522924900055,0.35053038597106934,0.22650595009326935,0.4039135277271271,0.2709125876426697,0.378694087266922,-0.019740207120776176,0.1486382782459259,0.07655540108680725,0.2278260886669159,0.029398687183856964,0.19926385581493378,0.0854862779378891,0.11993256211280823,0.020514652132987976,0.20829616487026215,0.12294989079236984,0.07869943231344223,0.0496104471385479,0.07052713632583618,-0.03942807763814926,-0.048060499131679535,-0.0040234653279185295,-0.07762140035629272,0.14558479189872742,0.15885525941848755,0.03941662609577179,0.12778882682323456,0.16584722697734833,0.06432407349348068
CORO1A,0.06353706098161638,36,0.04835923761129379,0.05180782079696655,-0.026645774021744728,-0.01121005043387413,0.036070436239242554,0.029878558591008186,0.12557603418827057,0.2775075435638428,0.14882664382457733,0.17954538762569427,0.06485220044851303,0.17793670296669006,0.010180131532251835,0.01173038873821497,0.1174188032746315,0.030586857348680496,0.10349500179290771,-0.08014566451311111,-0.037844762206077576,0.057930734008550644,-0.014190249145030975,0.12194817513227463,0.06822947412729263,0.0721411481499672,0.04200300574302673,0.0325491763651371,-0.009488982148468494,-0.026330990716814995,-0.044051170349121094,-0.09449436515569687,0.06581087410449982,0.11827705800533295,0.15295009315013885,0.1938500553369522,0.09995592385530472,0.19231873750686646
CORO1B,0.07251225724919802,36,0.04153190180659294,-0.07732043415307999,0.002067757770419121,0.08098791539669037,0.03555605188012123,0.04367489367723465,-0.08726415038108826,0.0440031960606575,0.13112974166870117,0.09485262632369995,0.058995842933654785,0.2868037521839142,0.18255075812339783,0.15024837851524353,-0.052404891699552536,0.09450669586658478,0.1865662932395935,0.031355228275060654,0.010218885727226734,0.10985691845417023,0.13300082087516785,0.10845422744750977,0.10105777531862259,0.19761039316654205,0.01852526143193245,-0.020905954763293266,0.015280555933713913,-0.06738559901714325,-0.026564426720142365,-0.04097890108823776,0.20463967323303223,0.2070239931344986,0.17047160863876343,0.07938194274902344,0.1364557147026062,0.026456814259290695
CORO2A,0.10966277533831696,36,0.11912305653095245,0.10174581408500671,0.05665754899382591,0.09084118902683258,0.1846238523721695,0.146089106798172,0.1071205660700798,0.12807755172252655,0.14048288762569427,0.22481009364128113,0.14650346338748932,0.20416107773780823,0.0790291279554367,0.02803422510623932,0.15202045440673828,0.05160569027066231,0.1497737169265747,0.12275905907154083,0.16172856092453003,0.22394588589668274,0.13705170154571533,0.10650312155485153,0.17213691771030426,0.13456755876541138,0.01600099913775921,0.021162211894989014,-0.0655047819018364,0.08143043518066406,0.05700094252824783,-0.00859034713357687,0.10335561633110046,0.14497734606266022,0.03953935205936432,0.0955670103430748,0.13369223475456238,0.15983666479587555
CORO7,0.11527498215178235,36,0.04617994651198387,-0.003990843426436186,-0.047393012791872025,-0.007319219410419464,0.0010497132316231728,0.042231008410453796,0.27086082100868225,0.31322839856147766,0.2265823483467102,0.33458468317985535,0.29687532782554626,0.20087485015392303,0.09197161346673965,0.1915329098701477,0.12637318670749664,0.13197937607765198,0.20029696822166443,0.01031150110065937,0.10150483250617981,0.10526419430971146,0.14450623095035553,0.06054896116256714,0.056269753724336624,0.22606727480888367,0.03686770424246788,0.028660990297794342,0.0119601059705019,-0.010259249247610569,-0.007096233777701855,-0.042269475758075714,0.1962401419878006,0.09865352511405945,0.15908363461494446,0.21350844204425812,0.18330641090869904,0.16085253655910492
COX5A,0.13479301209574462,36,0.08592110872268677,0.011226254515349865,0.12748883664608002,0.15362991392612457,-0.046603959053754807,0.11655767261981964,0.17731574177742004,0.29583266377449036,0.22483399510383606,0.2505754828453064,0.25256985425949097,0.2856796383857727,0.22064585983753204,0.08629833161830902,0.07814476639032364,0.2367166131734848,0.18452200293540955,0.14254258573055267,0.2237233966588974,0.23939263820648193,0.19413287937641144,0.22565416991710663,0.26682689785957336,0.18255028128623962,-0.04077543690800667,-0.06967055797576904,0.04573001712560654,-0.014955692924559116,0.0012992528500035405,-0.05202995240688324,0.09932339936494827,0.12393385916948318,0.13835409283638,0.17425218224525452,0.15508590638637543,0.07582373917102814
CPNE1,0.1893170222433077,36,0.05189156159758568,0.14021149277687073,0.10112730413675308,0.1573754847049713,0.09012900292873383,0.10221526771783829,0.2922150194644928,0.3202514946460724,0.36755362153053284,0.32298368215560913,0.31595441699028015,0.2880480885505676,0.2590259909629822,0.24317768216133118,0.16134154796600342,0.15993906557559967,0.18686716258525848,0.2733871340751648,0.27035412192344666,0.11314603686332703,0.14185094833374023,0.3358097970485687,0.2656897306442261,0.17108410596847534,0.09286224097013474,-0.011011317372322083,-0.11741449683904648,0.028822792693972588,-0.009631233289837837,0.027679238468408585,0.32702499628067017,0.2339051365852356,0.22026678919792175,0.27481937408447266,0.2947123348712921,0.32174718379974365
CPSF1,0.11889426412785219,36,-0.06908677518367767,0.06726742535829544,0.0012802006676793098,0.0830412432551384,-0.025166217237710953,0.04633943736553192,0.09402530640363693,0.20978118479251862,0.18419967591762543,0.27174606919288635,0.24337124824523926,0.22335098683834076,0.21533355116844177,0.22344817221164703,0.03158750757575035,0.0849224403500557,0.2146533578634262,0.12459422647953033,0.1334065943956375,0.20461222529411316,0.14110034704208374,0.21999312937259674,0.13040539622306824,0.2338561862707138,0.05901986360549927,0.06656105071306229,0.048360858112573624,-0.034493930637836456,0.026758834719657898,-0.09897966682910919,0.09999886155128479,0.19061613082885742,0.06795787811279297,0.1811296045780182,0.12050125747919083,0.2646998465061188
CPVL,0.08132972175897318,36,0.09141892194747925,0.01601777970790863,-0.0002191343082813546,0.14679884910583496,0.09825758635997772,-0.015724189579486847,0.20774587988853455,0.1415027379989624,0.2476119101047516,0.1642340123653412,0.11870124936103821,0.19344651699066162,0.2183762490749359,0.03151682764291763,0.15616010129451752,0.05675864592194557,0.03056027740240097,0.011268876492977142,0.058698076754808426,-0.0869983583688736,0.12232398986816406,0.1164625734090805,-0.006280664354562759,0.03373781219124794,0.05139325186610222,-0.008729361928999424,0.07081751525402069,-0.010816559195518494,0.08437305688858032,0.012438698671758175,0.12677904963493347,0.06487995386123657,0.10498727113008499,0.0621994249522686,0.1576462835073471,0.05952487140893936
CRABP2,-0.09382667558060752,36,-0.017964152619242668,0.0386408306658268,0.1435054987668991,0.054601434618234634,0.010564470663666725,0.06054580584168434,-0.2287205457687378,-0.331605464220047,-0.2982144355773926,-0.4224889874458313,-0.37862110137939453,-0.3902241587638855,0.051192719489336014,-0.12992089986801147,-0.1192256435751915,-0.01862672157585621,-0.10070665925741196,-0.066780686378479,-0.008159185759723186,0.09341250360012054,-0.025216378271579742,0.009045305661857128,-0.12222326546907425,-0.015272130258381367,-0.08311013132333755,-0.13438650965690613,-0.06694182753562927,-0.07992375642061234,-0.014297683723270893,-0.025629334151744843,-0.038042549043893814,-0.06841394305229187,-0.019658025354146957,-0.20181351900100708,-0.24520014226436615,-0.18788105249404907
CRACR2B,0.2083922471372514,36,0.1348830908536911,0.1641630381345749,0.16176164150238037,0.17532062530517578,-0.02284841425716877,0.25614774227142334,0.3925381004810333,0.3757176697254181,0.4209171533584595,0.4576512277126312,0.334617555141449,0.2519093453884125,0.1941240429878235,0.18772275745868683,0.1996443271636963,0.1915285289287567,0.17133688926696777,0.20672333240509033,0.2770193815231323,0.33072686195373535,0.25561100244522095,0.3389143943786621,0.1898948848247528,0.2759162485599518,0.009745686315000057,0.013516251929104328,0.012140169739723206,0.10826466232538223,0.05181592330336571,-0.001784136751666665,0.23239435255527496,0.2327754646539688,0.20507988333702087,0.18438827991485596,0.2854278087615967,0.2464151233434677
CRELD2,0.15146322932559997,36,0.11386777460575104,0.07900674641132355,0.14339879155158997,0.12309000641107559,0.11068739742040634,-0.04437311366200447,0.32615992426872253,0.3514648675918579,0.354412704706192,0.3887892961502075,0.20319488644599915,0.27206721901893616,0.2354491949081421,0.3269141614437103,0.23782609403133392,0.19551175832748413,0.15074753761291504,0.06324566155672073,0.11813905090093613,0.12451214343309402,0.14634688198566437,0.15852032601833344,0.08421815186738968,0.22407075762748718,0.08310510963201523,0.062142711132764816,-0.0038905623368918896,-0.06340121477842331,0.026197172701358795,-0.04177742451429367,0.06140106916427612,0.2037091702222824,0.1563800424337387,0.1912585198879242,0.19210366904735565,0.09817977249622345
CROCC,0.02795305284154084,36,0.03657862916588783,0.010488040745258331,0.02167053148150444,-0.007339302450418472,-0.01967860572040081,0.0146977249532938,0.04166558012366295,0.10368028283119202,0.04148918762803078,-0.04296041280031204,-0.030064839869737625,-0.016450954601168633,0.0658075138926506,0.06647877395153046,0.015820370987057686,0.010414051823318005,0.11496090143918991,-0.1170847937464714,0.09536928683519363,0.021292969584465027,0.07246033847332001,0.0015248609706759453,-0.035072650760412216,0.10982008278369904,0.03618290647864342,0.0718461126089096,-0.04287503659725189,-0.02674292027950287,-0.02500353939831257,0.04161161556839943,0.04004557058215141,0.12060177326202393,0.029902959242463112,0.03437216952443123,0.10289803147315979,0.04790269210934639
CSF1,0.06936175505527192,36,-0.027020027860999107,-0.025755194947123528,0.029310423880815506,-0.041529398411512375,0.027750253677368164,-0.04438960924744606,0.1793394535779953,0.14612483978271484,0.1958555430173874,0.26797032356262207,0.2503384053707123,0.15517722070217133,0.024150215089321136,-0.034134481102228165,0.019712019711732864,0.055294282734394073,0.12678262591362,0.08144936710596085,0.12688623368740082,0.012043057009577751,0.06565297394990921,0.03572437912225723,0.12082921713590622,0.15496376156806946,0.06676734983921051,0.021414287388324738,0.03249809145927429,-0.061254311352968216,-0.01769452542066574,-0.018979137763381004,0.13680799305438995,0.13410107791423798,0.008299296721816063,0.044317327439785004,0.11764523386955261,0.13057461380958557
CSF1R,0.020574537457529612,36,0.04003290832042694,-0.04034379497170448,0.06134827807545662,-0.01546139270067215,0.028003573417663574,-0.005746075417846441,-0.01301282923668623,0.05819905549287796,0.050604794174432755,0.09366793930530548,-0.01454186625778675,0.12320627272129059,0.09259800612926483,-0.06961037218570709,0.046414218842983246,0.09481361508369446,0.06457799673080444,-0.004130269400775433,-0.19219665229320526,-0.07120472192764282,-0.018013177439570427,-0.0582580640912056,0.0053747487254440784,0.007020917721092701,0.0038090564776211977,0.0008684854255989194,-0.00041380224865861237,-0.07992870360612869,0.02816503681242466,0.005931548774242401,-0.019122548401355743,-0.02132340706884861,0.13745693862438202,0.14030876755714417,0.15611159801483154,0.12547726929187775
CTDSPL,0.11001784624790566,36,0.03385334089398384,0.06724131107330322,0.010936934500932693,0.07962696254253387,0.02171451412141323,0.003947340417653322,0.19834023714065552,0.16467459499835968,0.20432738959789276,0.10069814324378967,0.14889883995056152,0.13365469872951508,0.20297251641750336,0.14327426254749298,0.13264963030815125,0.21053366363048553,0.09453602135181427,0.05663043633103371,0.12103832513093948,0.16525860130786896,0.1372343897819519,0.183423712849617,0.266967236995697,0.12492725998163223,-0.04649422690272331,0.04553184658288956,0.03610140085220337,-0.0958859845995903,0.02787335030734539,-0.03894916549324989,0.11401712894439697,0.1511378139257431,0.1514548808336258,0.22818626463413239,0.18903248012065887,0.19127631187438965
CTIF,0.05497090510066806,36,-0.03848634287714958,0.027320995926856995,-0.016619978472590446,0.049867138266563416,0.018777836114168167,-0.04019339755177498,0.19542618095874786,0.1864330768585205,0.1550699919462204,0.2573991119861603,0.03585522994399071,0.1744062751531601,0.05929439514875412,-0.020013459026813507,0.01401073019951582,0.1665566861629486,-0.023781850934028625,0.10949340462684631,0.07522602379322052,0.013431424275040627,-0.07725316286087036,0.03169793635606766,0.036869149655103683,0.024977631866931915,0.021434737369418144,-0.014385524205863476,0.000518658896908164,-0.025256222113966942,0.03377223387360573,-0.026983803138136864,0.11377553641796112,0.015191723592579365,0.13551019132137299,0.10970049351453781,0.12226534634828568,0.07764418423175812
CTSK,0.012760742981400754,36,-0.07069669663906097,-0.006372462026774883,0.0579221211373806,0.09071191400289536,0.007768095470964909,-0.09731439501047134,-0.2081477791070938,-0.15181586146354675,-0.09707214683294296,-0.18599171936511993,-0.12226314097642899,-0.22418491542339325,0.1092468649148941,0.05738051235675812,0.12894703447818756,0.08296815305948257,0.13427236676216125,0.10270117223262787,0.045621778815984726,0.08433159440755844,0.07188218086957932,0.07149099558591843,0.03327186033129692,0.17259252071380615,0.006752024404704571,-0.026079086586833,0.040089692920446396,0.03318866714835167,-0.038685884326696396,0.046225108206272125,0.007284157909452915,0.14860324561595917,0.11822397261857986,0.1080031767487526,-0.02862703427672386,-0.042841341346502304
CTU2,0.05418008534858624,36,-0.015789000317454338,-0.03734656423330307,0.010912055149674416,0.04168829321861267,-0.05129009485244751,0.06106879562139511,0.12938553094863892,0.1349608451128006,0.09232998639345169,0.1804874688386917,0.07761074602603912,0.1323840618133545,0.07452128082513809,0.13753636181354523,0.07310900837182999,-0.021394124254584312,0.21794138848781586,0.04473766312003136,0.02792501077055931,0.035198334604501724,0.14297161996364594,0.16451051831245422,0.025438958778977394,0.1243528500199318,0.0020956462249159813,0.016766278073191643,-0.08283057808876038,-0.013370053842663765,-0.03363087773323059,0.0031166509725153446,0.06060158833861351,0.05118432641029358,0.08373196423053741,0.0040345569141209126,0.03206980228424072,0.023462774232029915
CUTC,0.08193459674819475,36,0.021166667342185974,-0.012332778424024582,-0.03135247156023979,-0.03647523373365402,-0.03430653735995293,0.1091257855296135,0.20087219774723053,0.18058174848556519,0.08897268027067184,0.08462590724229813,0.05747396871447563,0.1018020510673523,0.19059346616268158,0.15984255075454712,0.16103237867355347,0.1168137863278389,0.07994655519723892,0.18088459968566895,0.19411440193653107,0.15347841382026672,0.08529384434223175,0.03007366694509983,0.14253860712051392,0.08047125488519669,-0.021295776590704918,-0.01805618777871132,0.008958547376096249,0.07182561606168747,0.010808716528117657,-0.011072025634348392,0.08540964126586914,0.08559565246105194,0.08583562076091766,0.1246035173535347,0.12223273515701294,0.0995619148015976
CUX1,0.11805673899167839,36,0.056574370712041855,0.10117390006780624,0.05476392060518265,0.047918085008859634,-0.0047101532109081745,0.016443274915218353,0.2497553825378418,0.19425678253173828,0.2771848142147064,0.20537804067134857,0.17659184336662292,0.2443561851978302,0.13519412279129028,0.2114049196243286,0.23239216208457947,0.2484680563211441,0.030254952609539032,0.2562144100666046,0.04808870702981949,0.16344574093818665,0.12666596472263336,0.14634540677070618,0.14377830922603607,0.16586165130138397,-0.0324569009244442,-0.011754065752029419,-0.09091650694608688,-0.0014565923484042287,0.017670707777142525,-0.048279836773872375,0.06409084796905518,0.19432927668094635,0.11977757513523102,0.24188899993896484,0.18903778493404388,0.08031046390533447
CX3CL1,0.11718044130571394,36,-0.01984684355556965,0.03733513876795769,0.10308197885751724,0.11618208140134811,0.01751525327563286,-0.020273761823773384,0.2547626197338104,0.3193974792957306,0.19905883073806763,0.11925220489501953,0.14194071292877197,0.13422109186649323,0.14480221271514893,0.14355440437793732,0.2764502465724945,0.13671112060546875,0.08385496586561203,0.1502915620803833,0.08859488368034363,0.005135463550686836,-0.016854185611009598,-0.002850482938811183,0.06978735327720642,0.031238773837685585,0.035801324993371964,0.057314589619636536,0.07643439620733261,0.004541321657598019,-0.06415382027626038,-0.035503141582012177,0.25427743792533875,0.34196531772613525,0.2700815200805664,0.26655611395835876,0.2597680389881134,0.23806968331336975
CXCL10,0.13037717573913848,36,-0.034302886575460434,-0.0074493917636573315,0.05556991696357727,0.030458733439445496,0.04701603576540947,-0.04506910219788551,0.3964749872684479,0.34200379252433777,0.416105180978775,0.45399123430252075,0.361118882894516,0.40044668316841125,0.10906113684177399,-0.03127400949597359,0.1757403314113617,0.12453199923038483,0.16467472910881042,0.07064289599657059,0.15967804193496704,0.009659755043685436,0.20273296535015106,0.14745037257671356,0.12545867264270782,0.18335095047950745,0.015352959744632244,0.030887138098478317,0.058194953948259354,0.0906989648938179,0.04400308057665825,0.009275957010686398,0.034102633595466614,-0.028809722512960434,0.04123721271753311,0.1345934122800827,0.22147473692893982,0.18449509143829346
CXXC5,0.1278195620721413,36,0.030136968940496445,0.030057985335588455,0.07929243892431259,0.032372694462537766,0.018295854330062866,0.11786994338035583,0.14270226657390594,0.22056341171264648,0.2917364537715912,0.30908676981925964,0.25459879636764526,0.41824856400489807,0.006339525803923607,0.12231101840734482,0.06431464850902557,0.05262121930718422,0.05422668531537056,0.10010333359241486,0.17337451875209808,0.24594053626060486,0.22734931111335754,0.2783099114894867,0.23024284839630127,0.22778330743312836,0.031004834920167923,0.06353350728750229,-0.0240915697067976,-0.031163200736045837,0.024799657985568047,0.023990541696548462,0.12288900464773178,0.11503739655017853,0.11747279763221741,0.1367572546005249,0.15519356727600098,0.13820143043994904
CYP27A1,0.03348474721941683,36,0.07914263010025024,0.049085408449172974,0.057107411324977875,0.006049403455108404,-0.06492286920547485,0.020243708044290543,0.0625193864107132,0.059335529804229736,0.026047660037875175,0.044232867658138275,0.025977518409490585,0.16540735960006714,-0.054875899106264114,-0.03876087814569473,-0.010824025608599186,-0.0276800524443388,0.041715145111083984,-0.009384645149111748,0.08117827773094177,-0.044687941670417786,0.11747940629720688,0.09553184360265732,0.13783703744411469,0.0977577343583107,0.09417013078927994,-0.06847329437732697,-0.038462791591882706,-0.050378814339637756,-0.049046434462070465,-0.03626449033617973,0.005634361412376165,0.12801088392734528,0.027540121227502823,0.08510501682758331,0.05432621017098427,0.13777798414230347
DAPK3,-0.018025356241398387,36,0.007082178257405758,-0.03101346828043461,-0.08046078681945801,-0.02063923329114914,-0.042423397302627563,0.019247984513640404,-0.1677953451871872,-0.24629123508930206,-0.2595027685165405,-0.1734895557165146,-0.13558053970336914,-0.23750492930412292,0.17754988372325897,0.10836999863386154,-0.014441799372434616,-0.09226956218481064,0.2105378806591034,0.016583438962697983,0.055709730833768845,0.1520131230354309,0.14454008638858795,0.10274750739336014,0.10547731071710587,0.12277939170598984,0.022446200251579285,-0.10422240197658539,-0.05130644142627716,-0.07939345389604568,0.049287695437669754,0.033234916627407074,-0.011684668250381947,0.0352846160531044,0.023926982656121254,-0.1214749738574028,-0.06904440373182297,-0.09719278663396835
DCAF6,0.11362785147503018,36,0.03346547484397888,0.15572817623615265,0.07722340524196625,0.19832590222358704,0.13072441518306732,0.12223329395055771,0.13431251049041748,0.19710096716880798,0.05281279236078262,0.1355440765619278,0.16516868770122528,0.20263992249965668,0.1512938290834427,0.1870892196893692,0.15661734342575073,0.11097155511379242,0.041088350117206573,0.0703587532043457,0.12375008314847946,0.19629965722560883,0.12658339738845825,0.11105487495660782,0.22003571689128876,0.12155222147703171,-0.00973641499876976,-0.04885613173246384,0.044623252004384995,0.08348263055086136,-0.020369509235024452,0.06684287637472153,0.1992177516222,0.13084900379180908,0.17753463983535767,0.0576898567378521,0.09458381682634354,0.09276625514030457
DCXR,0.14488619547854695,36,0.08075305074453354,0.07001008838415146,0.14244940876960754,0.06803177297115326,0.06228701025247574,-0.006690196692943573,0.21326375007629395,0.1906980276107788,0.20729339122772217,0.28364694118499756,0.1760597825050354,0.3583241403102875,0.2754150927066803,0.19401362538337708,0.20506784319877625,0.2843455970287323,0.14869318902492523,0.1860521286725998,0.21458548307418823,0.2782003879547119,0.27069973945617676,0.3306925296783447,0.19817402958869934,0.24908581376075745,-0.04684167727828026,0.022734159603714943,-0.013692907057702541,-0.0033684708178043365,0.005927590653300285,-0.10596343874931335,0.1181037649512291,0.09375008940696716,0.08130039274692535,0.11810050904750824,0.1645812690258026,0.10011912882328033
DDAH1,0.10086481978133735,36,0.03636018559336662,0.017705101519823074,0.11138956993818283,0.141226664185524,0.09014251828193665,0.01741017960011959,0.2831389605998993,0.21622662246227264,0.21328413486480713,0.1674981564283371,0.28862908482551575,0.31764277815818787,0.1442241221666336,0.041468504816293716,0.2415369153022766,0.14153844118118286,-0.1451023817062378,0.17414402961730957,0.03381574526429176,0.17079316079616547,0.04964037984609604,0.16693870723247528,0.1158430203795433,0.1492152363061905,-0.005040538497269154,0.0045072948560118675,-0.0027053155936300755,0.03326797857880592,-0.011003010906279087,-0.039927709847688675,0.13029788434505463,0.15130262076854706,0.024115588515996933,0.10971630364656448,0.08053392916917801,-0.02864135056734085
DDB2,0.06721797340045062,36,-0.03206507861614227,-0.01517899427562952,0.004894915968179703,-0.10080494731664658,0.02022869884967804,0.023613600060343742,0.13059592247009277,0.20644547045230865,0.08882685005664825,0.162242129445076,0.15019434690475464,0.11676517874002457,0.17813456058502197,0.14095595479011536,0.023150591179728508,0.10980163514614105,0.20374399423599243,0.23428654670715332,-0.018404362723231316,0.02002859115600586,0.06000727415084839,0.16916485130786896,-0.0014886650023981929,0.15010762214660645,0.02476072683930397,-0.05103180557489395,0.015913214534521103,0.009677658788859844,0.011687890626490116,0.023012476041913033,-0.053901493549346924,0.0596172958612442,0.036024060100317,0.06931129842996597,0.11610929667949677,0.13341973721981049
DDIT3,0.09120341667181088,36,-0.05410422012209892,0.09377055615186691,0.09567780047655106,0.14533044397830963,0.005679103545844555,0.010979107581079006,0.09359849989414215,0.18880179524421692,0.10093435645103455,0.2544885575771332,0.15957677364349365,0.16151133179664612,0.03682323545217514,0.05754906311631203,0.1799885779619217,0.1218670979142189,0.034445103257894516,0.05135903134942055,0.14745724201202393,0.11233342438936234,0.21167872846126556,0.09426204860210419,0.12986567616462708,0.07768436521291733,-0.014170508831739426,-0.011175882071256638,-0.064927838742733,0.04428115114569664,-0.008482205681502819,0.05983322113752365,0.15069089829921722,0.1340526044368744,0.1124405637383461,0.10651884227991104,0.14774896204471588,0.11495549231767654
DDRGK1,0.08270284576186289,36,0.0014176634140312672,0.04743930324912071,0.09971430152654648,0.10647772252559662,0.07012365013360977,0.10433272272348404,0.1481904685497284,0.1151970624923706,0.10076805204153061,0.19130288064479828,0.1754375845193863,0.279282808303833,0.11240338534116745,0.09470918774604797,0.15747542679309845,0.022203510627150536,0.1292770802974701,0.13275179266929626,0.06416182219982147,0.03515136241912842,0.05880068615078926,0.09052930027246475,0.07870303094387054,0.15359370410442352,-0.04843594506382942,-0.004867928102612495,-0.003982493653893471,-0.009257642552256584,0.003947664052248001,-0.0493512786924839,0.099429652094841,0.08337417989969254,0.16452749073505402,0.019980337470769882,0.0714481994509697,0.08104570209980011
DDT,0.11256614070023513,36,0.1443420797586441,0.011643175967037678,0.06405411660671234,0.08978888392448425,-0.04694661498069763,0.12074540555477142,0.09431247413158417,0.3582358956336975,0.14944002032279968,0.2125154435634613,0.1366151124238968,0.11127422749996185,0.18535757064819336,0.18412338197231293,0.12907874584197998,0.1821160614490509,0.1499171257019043,0.3205372989177704,0.0817442461848259,0.28360748291015625,0.21348769962787628,0.19911974668502808,0.055605966597795486,0.20819520950317383,-0.04679960012435913,-0.010716513730585575,-0.003597316797822714,-0.026487264782190323,-0.029564963653683662,-0.05459760129451752,0.13881760835647583,0.17856863141059875,0.07329730689525604,0.13241460919380188,0.08601122349500656,-0.023875810205936432
DEAF1,0.09741349714911646,36,0.0660063773393631,0.14388799667358398,0.09498035907745361,0.05396097153425217,0.13203975558280945,0.09969331324100494,0.14129498600959778,0.16897402703762054,0.09976374357938766,0.03293995559215546,0.14574284851551056,0.1064576804637909,0.19171294569969177,0.09400733560323715,0.22927923500537872,0.08262727409601212,0.013604396022856236,0.1649709790945053,0.134099543094635,0.09131235629320145,0.13717493414878845,0.19602397084236145,0.11902165412902832,0.05511413887143135,0.0766386166214943,0.03387009724974632,0.04295666143298149,-0.038294121623039246,-0.014034987427294254,-0.059540823101997375,0.09248022735118866,0.1609540730714798,0.0982622504234314,0.11332248896360397,0.10175987333059311,0.10382076352834702
DENND1A,0.036111306905998695,36,-0.06656459718942642,0.023821257054805756,0.0507480651140213,-0.04215000942349434,0.002310000592842698,0.016399972140789032,0.13817808032035828,0.23378245532512665,0.017073990777134895,0.10646018385887146,0.10962152481079102,0.03329656273126602,-0.03602103516459465,0.10565894097089767,0.016320673748850822,0.05776260048151016,-0.026845712214708328,-0.07941465079784393,0.08147593587636948,0.09043632447719574,-0.027900952845811844,0.08970585465431213,0.05382043123245239,0.13875232636928558,-0.020397717133164406,0.03191511332988739,-0.02481546625494957,-0.034266721457242966,-0.014256922528147697,-0.0447961762547493,0.01130115520209074,0.06388586759567261,0.142543762922287,0.032793816179037094,-0.00042149765067733824,0.06979361176490784
DERL3,0.06681149340713294,36,0.015076535753905773,-0.003384444396942854,0.13347913324832916,0.008919160813093185,0.004095795564353466,0.0024285598192363977,0.20193567872047424,0.10988976806402206,0.09461457282304764,0.13313528895378113,0.1263337880373001,0.12787359952926636,0.2612578570842743,0.12181498855352402,0.19215697050094604,0.050150301307439804,0.05497309938073158,0.17326387763023376,0.0013943054946139455,0.10213455557823181,-0.01343915332108736,0.10142024606466293,0.12471518665552139,0.16147132217884064,-0.017442574724555016,-0.04215512424707413,-0.08710265159606934,-0.013703013770282269,-0.049064815044403076,-0.029705103486776352,-0.017488617449998856,0.08905640244483948,0.09331567585468292,0.06626871228218079,0.13103918731212616,-0.0035153089556843042
DESI1,0.10392710305556345,36,0.07751534134149551,0.051934342831373215,0.072960264980793,0.11797785013914108,0.1537105292081833,0.11364803463220596,0.14166998863220215,0.25858741998672485,0.13777664303779602,0.16002874076366425,0.16695092618465424,0.3101457953453064,0.24223706126213074,0.1283757984638214,0.16232618689537048,0.09669012576341629,0.15603607892990112,0.10929398983716965,0.039383672177791595,0.16520588099956512,0.16621097922325134,0.1274503469467163,0.1365375965833664,0.014538626186549664,0.015097570605576038,-0.04564119875431061,0.0002875222126021981,-0.006337487604469061,0.07308520376682281,-0.029246777296066284,0.04004214331507683,0.028646312654018402,0.04899691045284271,0.07602665573358536,0.1460731029510498,0.08715353161096573
DHX16,0.09432843634082626,36,0.10761821269989014,0.053619179874658585,0.061440568417310715,0.15684932470321655,0.0009629863779991865,0.09256611764431,-0.02051708661019802,0.21145643293857574,0.03869596868753433,0.3113587498664856,0.2143193930387497,0.10296816378831863,0.049522291868925095,0.15434986352920532,0.1367373764514923,0.12828347086906433,0.12339246273040771,0.08693073689937592,0.06241314858198166,0.04108351096510887,0.13745060563087463,0.1036161333322525,0.14471720159053802,0.14653941988945007,-0.0033318859059363604,-0.0011675525456666946,0.04827014356851578,-0.03652713820338249,0.04136823117733002,-0.008207458071410656,0.1312815546989441,0.05743267387151718,0.11356491595506668,0.15435181558132172,0.09581545740365982,0.15659871697425842
DLG1,0.02186919878133469,36,0.013284647837281227,0.02763436734676361,-0.01192945335060358,0.022293614223599434,-0.04686284437775612,-0.020786041393876076,0.007238513790071011,0.041412387043237686,-0.13808666169643402,0.034218523651361465,-0.095106340944767,-0.014449126087129116,0.0723615512251854,0.03306523710489273,0.014751574955880642,0.0751054435968399,0.036234140396118164,-0.05700824409723282,0.09068817645311356,0.06328660994768143,-0.04544280096888542,-0.027549581602215767,-0.03556595742702484,0.06606652587652206,-0.03565199673175812,0.06600552052259445,0.08748507499694824,-0.013600881211459637,-0.009927897714078426,0.05295797064900398,0.08755560964345932,0.09180319309234619,0.10713223367929459,0.016339940950274467,0.17427770793437958,0.0580604188144207
DMAP1,0.1315760794661603,36,0.15421274304389954,0.08307262510061264,0.0398857407271862,-0.06376415491104126,-0.0005002066609449685,0.0588713176548481,0.16349399089813232,0.3192347586154938,0.23158615827560425,0.2512989044189453,0.1844739466905594,0.2481471449136734,0.16550341248512268,0.39932316541671753,0.16915710270404816,0.2755001485347748,0.13690707087516785,0.14413820207118988,0.04164206236600876,0.15224258601665497,0.11028441786766052,0.15897797048091888,0.12770959734916687,0.2922420799732208,0.040084052830934525,0.02144640125334263,0.07670862227678299,0.015168214216828346,-0.01714327186346054,-0.006761076860129833,0.15672212839126587,0.18902376294136047,0.08622495830059052,0.1117214635014534,0.13699783384799957,0.08290498703718185
DNAJB2,0.14386941746084225,36,0.08026175945997238,0.143766850233078,0.045233678072690964,0.07272063195705414,0.05053333193063736,0.2144947499036789,0.14991703629493713,0.25774702429771423,0.2967393696308136,0.23789925873279572,0.1634799838066101,0.1873004287481308,0.28757408261299133,0.09493116289377213,0.14158077538013458,0.09187953919172287,0.21135972440242767,0.05998087301850319,0.11965938657522202,0.27148547768592834,0.15012642741203308,0.26135608553886414,0.1570775806903839,0.2591395676136017,0.10474251210689545,0.09048203378915787,0.06306317448616028,-0.021983545273542404,-0.053244344890117645,0.02470351569354534,0.1904965341091156,0.23742881417274475,0.24494151771068573,0.08274483680725098,0.13732752203941345,0.07235167175531387
DNAJC1,0.15804718426564554,36,-0.0007495388272218406,0.025151992216706276,-0.01633603312075138,0.07368630170822144,0.06496109813451767,0.04653513431549072,0.37127548456192017,0.23916755616664886,0.3140496015548706,0.4425050616264343,0.3467555046081543,0.2686462998390198,0.036364130675792694,0.14598767459392548,0.1326715648174286,0.16914494335651398,0.0686492919921875,0.19684980809688568,0.22317849099636078,0.32547706365585327,0.29311662912368774,0.3889182507991791,0.2570401132106781,0.20828615128993988,0.07244589179754257,-0.017442375421524048,0.012553852051496506,-0.026202993467450142,0.016159074380993843,-0.047236036509275436,0.1494138389825821,0.16965050995349884,0.16003672778606415,0.12595196068286896,0.210788294672966,0.2422473132610321
DNAJC7,0.11022993488263132,36,0.11675215512514114,-0.1342993825674057,0.08171550184488297,0.1318579763174057,0.006432973779737949,0.08604241162538528,0.11304740607738495,0.13706077635288239,0.019381972029805183,0.17584209144115448,-0.01631513610482216,0.0948469266295433,0.17935726046562195,0.1672210842370987,0.13100238144397736,0.14217649400234222,0.13462890684604645,0.1162663921713829,0.18540678918361664,0.1680259108543396,0.1715203821659088,0.19988694787025452,0.17012718319892883,0.23258884251117706,0.08172830939292908,0.10369674861431122,0.04124349355697632,0.03920425474643707,0.05623403191566467,-0.0028034213464707136,0.06644540280103683,0.18796686828136444,0.14382700622081757,0.12406459450721741,0.22379904985427856,0.09229706972837448
DOCK6,0.10303885573133205,36,0.12408365309238434,0.02115636132657528,0.11418738961219788,0.10084985941648483,-0.11198626458644867,0.01359490491449833,0.26677224040031433,0.16659604012966156,0.10769952088594437,0.1563165932893753,0.20519177615642548,0.35815495252609253,0.06407027691602707,0.06786955893039703,0.19310025870800018,0.07548744976520538,0.07863437384366989,0.1507539600133896,0.1445349156856537,0.10998483002185822,0.020413456484675407,0.07696250081062317,-0.05067956820130348,0.13177882134914398,-0.04904194176197052,0.003419760847464204,0.028664806857705116,0.026015078648924828,0.02478029765188694,-0.009197652339935303,0.11570004373788834,0.16270986199378967,0.06321483850479126,0.31544533371925354,0.25449010729789734,0.18767040967941284
DPH3,0.05294634209066215,36,0.056209444999694824,0.016309281811118126,-0.05371503159403801,0.08546888083219528,-0.043559856712818146,0.0583188459277153,0.12793895602226257,0.08524802327156067,0.06013834848999977,0.16395018994808197,0.1072685644030571,0.08614564687013626,-0.05359971150755882,0.1108023077249527,0.026101181283593178,-0.056682806462049484,0.16886623203754425,0.03180335462093353,-0.05055137351155281,0.13453906774520874,0.11402379721403122,0.059099361300468445,0.062178272753953934,0.06678230315446854,0.0099553931504488,0.03759126737713814,-0.056831248104572296,-0.012793892063200474,0.04268854856491089,-0.0074920388869941235,0.07068337500095367,0.10168708860874176,0.05388394370675087,0.07690123468637466,0.08744578063488007,0.13926558196544647
DPM2,0.0009228176657213933,36,-0.0032924029510468245,0.025067579001188278,0.029166150838136673,0.023325346410274506,-0.07836630195379257,-0.024708285927772522,-0.3127152621746063,-0.16270262002944946,-0.27531182765960693,-0.2025575339794159,-0.1904592216014862,-0.09030778706073761,0.03484015539288521,0.14484092593193054,0.01445791032165289,0.1213550940155983,0.04443436488509178,0.14937186241149902,0.05202396959066391,0.23593050241470337,0.1267973631620407,0.19874460995197296,0.1355767548084259,-0.025724010542035103,-0.010666148737072945,-0.025925666093826294,-0.006228988524526358,-0.07993718981742859,-0.0282114390283823,-0.07863076776266098,0.09766162186861038,-0.005018677096813917,0.05373865365982056,0.06655988842248917,0.03690951317548752,0.04318330064415932
DPP7,0.08460817126453751,36,0.04400414228439331,-0.03114132024347782,0.11253141611814499,0.013430002145469189,-0.04627221077680588,0.012605496682226658,0.1638633757829666,0.3779962360858917,0.09931779652833939,0.32589200139045715,0.15067125856876373,0.2507440447807312,0.13768592476844788,0.045863013714551926,0.08717652410268784,0.05835223197937012,0.14991937577724457,0.03951333463191986,-0.02367030829191208,0.04979678615927696,0.05588126555085182,0.07244445383548737,0.029957884922623634,0.14667102694511414,0.06778167933225632,-0.009454355575144291,0.022835584357380867,-0.09805817902088165,0.014477048069238663,-0.057882778346538544,0.1785014122724533,0.14548830687999725,0.13947108387947083,0.052344948053359985,0.13671649992465973,0.1304391622543335
DPP9,0.07186258485954669,36,-0.026137568056583405,0.12549881637096405,0.10242315381765366,0.05934610590338707,0.01802082173526287,0.04064309597015381,0.14097960293293,0.1625770628452301,0.19483710825443268,0.17363376915454865,0.08371691405773163,0.23382344841957092,0.18193334341049194,0.03445398062467575,-0.03472745046019554,0.1554841548204422,0.10468468815088272,0.011252529919147491,0.007016392424702644,0.09165874123573303,0.015898017212748528,-0.023817025125026703,0.08901213109493256,0.030642615631222725,0.02152620069682598,-0.027660857886075974,-0.016374800354242325,0.03894054889678955,-0.03503258153796196,0.06604896485805511,0.11485867947340012,0.06730243563652039,0.15171749889850616,0.06461190432310104,0.1329210102558136,0.0353396013379097
DPYSL3,0.03951897078918086,36,0.00769994268193841,0.03260141983628273,-0.041947830468416214,0.062229398638010025,-0.05448262393474579,0.052246417850255966,-0.14281588792800903,-0.1293807476758957,-0.12650734186172485,-0.05080239102244377,-0.04093962907791138,-0.08226017653942108,0.173626109957695,-0.04971810430288315,0.24452009797096252,0.10352252423763275,-0.0451539047062397,0.09951120615005493,-0.009820973500609398,0.1184944435954094,0.048937030136585236,0.06963950395584106,0.1541273593902588,0.20102012157440186,0.03929731622338295,0.06479901075363159,-0.006709829438477755,-0.06854938715696335,-0.07065216451883316,-0.04119698330760002,0.20690225064754486,0.10233785212039948,0.17102640867233276,0.14748641848564148,0.22758524119853973,0.05601084977388382
DVL1,0.11864644568413496,36,0.048037633299827576,0.14954394102096558,0.15127351880073547,0.12639236450195312,0.05256059020757675,0.11139106750488281,0.18808484077453613,0.2834630608558655,0.24323627352714539,0.3410528898239136,0.19780053198337555,0.1846281886100769,0.18326960504055023,0.13344644010066986,0.16133126616477966,-0.009152333252131939,0.11965980380773544,0.19684067368507385,0.14980259537696838,0.2246466726064682,0.1735181361436844,0.16249202191829681,0.09269700944423676,-0.02052483707666397,-0.037351325154304504,0.009669633582234383,-0.015356714837253094,-0.04476037994027138,0.03787815198302269,-0.05536602810025215,0.17402498424053192,0.189863383769989,0.11282794177532196,0.03174899145960808,0.15728402137756348,0.06531742960214615
EBAG9,0.06509354706051657,36,-0.056209251284599304,0.026410169899463654,0.1297711879014969,-0.05134537070989609,0.0824626088142395,0.005416579078882933,-0.07223992049694061,0.05151893198490143,0.025147583335638046,0.0025054391007870436,0.03997863829135895,0.06363872438669205,0.048830509185791016,0.06991060078144073,0.1162392869591713,0.21409839391708374,0.15658175945281982,0.2073899656534195,0.14948514103889465,0.11878751218318939,0.14600156247615814,0.12645554542541504,0.09112682938575745,0.028360195457935333,0.022157547995448112,-0.02734561264514923,0.0700104832649231,-0.014589531347155571,0.07163933664560318,0.03268369287252426,0.10799284279346466,-0.0059242844581604,0.03521370142698288,0.07925768941640854,0.15560443699359894,0.09634476900100708
ECHDC2,0.08699301286186609,36,0.03565547987818718,0.013396866619586945,0.1464575231075287,0.09968306124210358,0.055480364710092545,0.0882624089717865,0.12306902557611465,0.12392715364694595,0.0950414165854454,0.09671427309513092,0.051239293068647385,0.13122954964637756,0.18411917984485626,0.13636158406734467,0.06662186980247498,0.14245951175689697,0.0802854672074318,0.17639029026031494,0.11679151654243469,0.13489632308483124,-0.012738031335175037,0.14484700560569763,0.10280986875295639,0.14559713006019592,0.019046682864427567,-0.011041563004255295,-0.04711175337433815,-0.0232493057847023,0.052083078771829605,-0.048259709030389786,0.07237368077039719,0.13811367750167847,0.11793120205402374,0.08569272607564926,0.19023922085762024,0.10733239352703094
ECM1,0.06217772833123389,36,-0.023602496832609177,-0.07505620270967484,0.10013914853334427,0.05131015554070473,-0.05600148066878319,0.09894484281539917,0.05677323415875435,0.255553275346756,0.1789509356021881,0.3063145875930786,0.058021217584609985,0.20758004486560822,-0.035821862518787384,0.05547114834189415,0.021585699170827866,0.042925428599119186,-0.08393712341785431,0.02768189087510109,0.02380879782140255,0.016090204939246178,-0.004985983949154615,0.08204790949821472,0.10481071472167969,0.06848444789648056,-0.008333387784659863,0.11386016011238098,-0.03545329347252846,0.07778169959783554,0.049912527203559875,0.015704108402132988,0.1812058389186859,0.03793318197131157,0.10348275303840637,0.04632825776934624,0.062440935522317886,0.11644690483808517
EFEMP2,-0.0018087585728305082,36,0.0015426177997142076,-0.03386108577251434,0.012962965294718742,-0.0013125871773809195,0.046861663460731506,0.11725122481584549,-0.04262004792690277,-0.06692539900541306,-0.09763283282518387,-0.008368602022528648,-0.0711933821439743,-0.09384053200483322,0.03578795865178108,0.016213860362768173,0.06736040860414505,-0.03754150867462158,0.10135123878717422,-0.024801021441817284,0.0667620524764061,-0.03710564598441124,0.006636754143983126,0.08316885679960251,0.0036561584565788507,0.07118980586528778,-0.002618583384901285,-0.023931393399834633,-0.022647399455308914,-0.028846554458141327,-0.057915184646844864,0.03827527165412903,0.01281888410449028,-0.02088189125061035,0.0388706810772419,-0.05989551171660423,-0.02731679379940033,-0.026569753885269165
EFHD2,0.052258214842165925,36,0.053799353539943695,0.002742272801697254,0.0025019620079547167,-0.006943966262042522,0.10723505169153214,-0.02937905862927437,0.08762116730213165,0.038911525160074234,0.12612281739711761,0.03604648634791374,0.07168906927108765,-0.03318166360259056,0.023571809753775597,0.01743987947702408,0.08841768652200699,-0.09408058971166611,0.05487149953842163,-0.013851023279130459,0.028470458462834358,0.09427618980407715,0.029726224020123482,0.12312301248311996,0.057520557194948196,0.018337421119213104,0.03907910734415054,0.07266957312822342,0.08231507241725922,0.018174326047301292,-0.017387667670845985,-0.012501091696321964,0.08573511242866516,0.1594504714012146,0.18236224353313446,0.111308753490448,0.14442214369773865,0.13067954778671265
EGFR,0.01504650008994051,36,0.18495386838912964,-0.04971037060022354,0.002950922818854451,0.1071670800447464,0.041044265031814575,-0.0052590444684028625,-0.023692326620221138,0.023224692791700363,-0.11988386511802673,-0.01659555733203888,0.12709560990333557,0.033124975860118866,-0.00925509538501501,0.0617285892367363,-0.011325611732900143,-0.11464989185333252,0.019521307200193405,-0.04097079485654831,-0.06563083827495575,-0.04993458837270737,0.09954894334077835,0.07027868926525116,-0.030871186405420303,0.0637829601764679,-0.04710298031568527,0.0223483107984066,0.019338715821504593,-0.034965530037879944,-0.03494847193360329,0.02725699171423912,0.0032512471079826355,0.07163109630346298,-0.005482987500727177,0.04976796731352806,0.092241071164608,0.08169583976268768
EIF1AD,0.06326264045977344,36,-0.04061872139573097,0.07578660547733307,0.0930909737944603,0.05180494114756584,0.054936427623033524,-0.0008482342236675322,0.0597006194293499,0.015168523415923119,0.03514166548848152,0.17530271410942078,0.1163230687379837,0.1775689423084259,-0.006587582640349865,0.06413821130990982,0.13744503259658813,0.1279488205909729,-0.07647109776735306,0.1058359295129776,0.15975262224674225,0.0968114510178566,-0.002750324783846736,0.08677072823047638,-0.0005115691456012428,0.17293736338615417,0.011852153576910496,-0.051572516560554504,0.011641179211437702,-0.048148106783628464,-0.007067674770951271,0.03511647507548332,0.19253097474575043,0.08421748131513596,0.07406272739171982,0.07593569904565811,0.1213550716638565,0.09885448217391968
EIF3B,0.13530727874927428,36,0.0018121388275176287,0.06291361153125763,0.021331004798412323,-0.02884695865213871,-0.07474683225154877,0.08730600774288177,0.31772443652153015,0.348115473985672,0.20009653270244598,0.38763341307640076,0.2746877372264862,0.24946773052215576,-0.01718839444220066,0.12430202215909958,0.1281972974538803,0.12297109514474869,0.07480011880397797,0.16252487897872925,0.10887124389410019,0.1293526142835617,0.23936502635478973,0.20987562835216522,0.07209091633558273,0.17743583023548126,0.025897083804011345,0.029687583446502686,0.0337778702378273,0.008102732710540295,-0.05880037322640419,-0.06745593994855881,0.2617263197898865,0.31030189990997314,0.34818005561828613,0.1874975711107254,0.196465402841568,0.2155892550945282
EIF3F,0.021922916419700615,36,0.023946693167090416,0.016950897872447968,0.016432827338576317,0.08706803619861603,-0.010976577177643776,0.03293417766690254,-0.06475260108709335,-0.13005200028419495,-0.04527650028467178,-0.19330762326717377,-0.23716424405574799,-0.011892160400748253,0.0904308333992958,-0.028920724987983704,0.013387637212872505,0.020049968734383583,0.09049971401691437,0.06398418545722961,0.0954882949590683,0.08718182891607285,0.0887749195098877,0.16342219710350037,0.1460256576538086,0.12446451932191849,0.0281269159168005,-0.059838615357875824,-0.06317153573036194,0.026841606944799423,0.0022355257533490658,0.05557834729552269,0.08145419508218765,0.06237213313579559,0.09392298012971878,0.02681557461619377,0.07854679971933365,0.017641106620430946
EIF3G,0.06963948992617791,36,0.02308664843440056,0.0520407073199749,0.10452239960432053,-0.018858807161450386,0.008020861074328423,-0.08824954181909561,0.10353287309408188,0.27735400199890137,0.1312437355518341,0.3441896140575409,0.06821002811193466,0.23152025043964386,0.05622061342000961,0.17319750785827637,-0.017148058861494064,0.03693442419171333,0.24706287682056427,0.15669134259223938,0.051385547965765,0.042179495096206665,0.06255380809307098,0.11386799067258835,0.01535054575651884,0.08447372913360596,0.0007126951240934432,0.000907360459677875,0.00918076653033495,-0.1259826421737671,-0.08017659187316895,-0.006387816742062569,0.05344488099217415,0.11638433486223221,0.16719500720500946,-0.0036592872347682714,0.08306638151407242,0.032953955233097076
ELN,-0.022198652602835663,36,-0.05909410119056702,0.031387437134981155,0.02427181415259838,0.002445874735713005,-0.010286831296980381,-0.08756042271852493,-0.1274302750825882,-0.12226878851652145,-0.01606285572052002,-0.031278934329748154,-0.08549009263515472,-0.04085778445005417,0.03756040334701538,0.02101995050907135,-0.08086247742176056,0.036147892475128174,-0.03188813477754593,0.021311722695827484,0.034185852855443954,-0.085118368268013,0.011273186653852463,-0.0018717306666076183,-0.02965487167239189,-0.00528738833963871,-0.023025594651699066,0.01837139204144478,0.09585192799568176,-0.11117099970579147,-0.016710301861166954,0.01736450381577015,-0.043985940515995026,-0.009169314056634903,-0.008557934314012527,0.017377197742462158,-0.050658173859119415,-0.0894293338060379
ELOF1,0.07026344252517447,36,0.04390258714556694,0.06588727980852127,0.015897085890173912,-0.08278025686740875,-0.02465328574180603,0.04425878822803497,-0.1540524959564209,0.14999684691429138,0.04778733849525452,0.10386297851800919,0.05283785238862038,0.1660250425338745,0.04792599007487297,0.1070934608578682,0.13765038549900055,0.16877025365829468,0.11360301077365875,0.10776618123054504,0.060251571238040924,0.2259909212589264,0.20533624291419983,0.21721860766410828,0.09823379665613174,0.08580923825502396,0.05764194205403328,0.013674244284629822,-0.0025529044214636087,-0.06922586262226105,0.01261189952492714,-0.06763355433940887,0.09949366003274918,0.14499470591545105,0.08853141963481903,0.06636073440313339,0.1091885045170784,0.07177972048521042
EMC3,0.10549748588042955,36,0.08876819908618927,0.04961533099412918,0.02082347311079502,0.03416164219379425,0.04748497158288956,0.04895908758044243,0.1322658807039261,0.3739772140979767,0.22301523387432098,0.2773514986038208,0.10831097513437271,0.2060776948928833,0.24396869540214539,-0.00724702887237072,0.1098032146692276,0.13617491722106934,0.1610894501209259,0.03680293262004852,0.11871043592691422,0.2326182872056961,0.12327323853969574,0.1967616230249405,0.12647922337055206,0.05534980818629265,-0.01666422002017498,-0.11133211106061935,0.011789725162088871,0.01894827000796795,0.032370053231716156,0.029561053961515427,0.11910248547792435,0.21919092535972595,0.08435845375061035,0.03673161566257477,0.1560066193342209,0.07325062155723572
ENPP1,0.04493775296335419,36,0.02904793992638588,0.05622536689043045,0.04715106263756752,0.08539784699678421,0.07530567049980164,0.015120432712137699,0.024919778108596802,-0.11601176857948303,-0.0801452025771141,0.01016233954578638,-0.07351548969745636,-0.04501180723309517,0.0888732448220253,0.049151625484228134,0.025606540963053703,0.0855143591761589,0.013331138528883457,-0.010074459947645664,0.11772645264863968,0.07417590171098709,0.09439758956432343,0.22769354283809662,0.0969226062297821,0.12109291553497314,0.0738220289349556,-0.06265795230865479,0.0350995771586895,0.04586268588900566,-0.04661007225513458,0.050762176513671875,0.2341601401567459,0.11066646128892899,0.11909043788909912,0.027001528069376945,0.04176739230751991,-0.0242629237473011
EPHB3,0.06480097890986751,36,0.09140832722187042,0.008299439214169979,0.03978281468153,0.06558006256818771,0.042655590921640396,0.032755691558122635,-0.10912516713142395,0.057036083191633224,0.11915120482444763,0.0976913645863533,0.04824288561940193,0.15303641557693481,0.06908071786165237,-0.05898080766201019,0.14135193824768066,0.05477781966328621,-0.005035706330090761,0.14903424680233002,0.16496111452579498,0.04504872485995293,0.14739148318767548,0.20683233439922333,0.15507546067237854,0.20901046693325043,-0.03853137046098709,0.025602862238883972,0.00858532078564167,-0.07365277409553528,0.02495117112994194,-0.01783321611583233,0.10007932782173157,0.13112898170948029,0.07372763007879257,0.044431887567043304,0.08584745228290558,0.043435461819171906
ERAL1,0.0932581912978397,36,0.12121651321649551,0.12508516013622284,0.20187129080295563,0.13916844129562378,0.009913661517202854,0.04063054919242859,0.09410648792982101,-0.11524128913879395,0.004957161843776703,-0.03435423597693443,-0.02448599971830845,0.10877315700054169,0.1015525832772255,0.07405542582273483,0.1587376892566681,0.1734256148338318,0.1839371919631958,0.25121158361434937,0.12210387736558914,0.14534097909927368,0.2529386579990387,0.13427741825580597,0.06420581042766571,0.1707799881696701,0.0011311563430354,-0.014244147576391697,-0.004542660433799028,0.0320139117538929,0.025175275281071663,0.01738251931965351,0.10298070311546326,0.06382419168949127,0.12701642513275146,0.2083810269832611,0.12856920063495636,0.16539956629276276
ERBB2,0.2283936327116357,36,0.20968292653560638,0.10993950068950653,0.1423681676387787,0.1086178869009018,0.1297745704650879,-0.04206501320004463,0.16687215864658356,0.19632644951343536,0.27296724915504456,0.3791118264198303,0.22552134096622467,0.31330564618110657,0.2133457511663437,0.3268788456916809,0.13192118704319,0.36309581995010376,0.02573859505355358,0.22040586173534393,0.411514014005661,0.40979087352752686,0.3261536955833435,0.43566006422042847,0.3654557466506958,0.34905049204826355,0.01094098947942257,-0.08184310793876648,0.07849843055009842,0.1659734845161438,0.20490197837352753,0.2882779538631439,0.2664952278137207,0.26678699254989624,0.3322940468788147,0.359245628118515,0.28494498133659363,0.25422051548957825
ERI3,0.07850277513110389,36,0.009602307341992855,0.0564972460269928,0.05218759551644325,0.15067902207374573,0.04802362248301506,0.04351280257105827,0.029813868924975395,0.09445901215076447,0.16713005304336548,0.022315319627523422,0.05512239411473274,0.12763537466526031,0.18607966601848602,0.05298551917076111,0.16206377744674683,0.061818622052669525,0.08737695217132568,0.1827067732810974,0.07569173723459244,0.14070117473602295,0.06241752579808235,0.1957949548959732,0.12454734742641449,0.07563871890306473,-0.10226012021303177,-0.016799988225102425,-0.03628937155008316,-0.04585837200284004,0.0053110006265342236,-0.11677622050046921,0.21575145423412323,0.12098314613103867,0.18766412138938904,0.17006489634513855,0.105717733502388,0.07379023730754852
ERMP1,0.1391296208732658,36,0.04333661124110222,0.03325274586677551,0.14477185904979706,0.10302004963159561,0.010074775665998459,0.04709255322813988,0.11939114332199097,0.403163343667984,0.27499687671661377,0.3353543281555176,0.2847040891647339,0.21743114292621613,0.13463906943798065,0.2039894312620163,0.24033787846565247,0.2208927720785141,0.12088249623775482,0.25829148292541504,0.17026764154434204,0.14275652170181274,0.16491901874542236,0.2481335699558258,0.12391936779022217,0.14421817660331726,-0.024889443069696426,0.023752281442284584,0.022834351286292076,0.005395932123064995,0.05511161684989929,-0.016666656360030174,0.027749761939048767,0.10820547491312027,0.13585129380226135,0.15071500837802887,0.21445323526859283,0.1163165494799614
ESR1,0.023794696950871084,36,0.10213293880224228,0.08241505920886993,0.11422490328550339,0.10137806087732315,-0.007569919805973768,0.011577735655009747,-0.05628320202231407,-0.042784105986356735,0.08318483829498291,-0.04396861791610718,-0.09034369140863419,0.008379138074815273,0.0872560515999794,-0.02779848501086235,-0.04828733205795288,-0.0312579907476902,-0.027480794116854668,0.05639372393488884,0.0019520306959748268,-0.029121827334165573,-0.022906893864274025,0.06947598606348038,-0.0076713827438652515,0.06620984524488449,0.03648952767252922,0.021325649693608284,-0.04597776383161545,-0.005940566770732403,-0.04642369598150253,-0.012102863751351833,0.1629728376865387,0.10998080670833588,0.03783343732357025,0.08598578721284866,0.0533183217048645,0.110041543841362
ETFB,0.09380848917903171,36,-0.04000387340784073,0.014632219448685646,0.03061191737651825,-0.00866914913058281,-0.1322506070137024,0.08190945535898209,0.15433861315250397,0.24846598505973816,0.1950702965259552,0.29462525248527527,0.15126721560955048,0.26337844133377075,0.2880050837993622,0.1865098774433136,0.07106621563434601,0.15908284485340118,0.16358067095279694,0.1541403979063034,0.033028773963451385,0.04024819657206535,0.09669166803359985,0.08073552697896957,0.08295369893312454,0.17637160420417786,-0.04939926788210869,0.04835415631532669,0.0640234649181366,-0.07725358754396439,-0.06204851344227791,-0.04559387266635895,0.07997999340295792,0.14652572572231293,0.17406131327152252,0.14275047183036804,0.0960543155670166,0.07386108487844467
EVA1B,-0.057799029710521505,36,-0.03807248920202255,-0.11043330281972885,0.07477839291095734,-0.06094929203391075,-0.02267463132739067,0.0728311613202095,-0.1528487503528595,-0.258537620306015,-0.06088070571422577,-0.2894361913204193,-0.10654120147228241,-0.14305070042610168,-0.03142620623111725,-0.021513301879167557,-0.14579646289348602,-0.03205568715929985,-0.1416110396385193,0.12672317028045654,0.10115820914506912,-0.0016001776093617082,0.004131941590458155,-0.059343840926885605,0.0282790157943964,-0.0270085409283638,0.025020983070135117,-0.037927888333797455,-0.07705995440483093,-0.1007026731967926,-0.04712780937552452,-0.04092266410589218,-0.049691274762153625,-0.07282068580389023,-0.15800724923610687,-0.09073757380247116,-0.043328750878572464,-0.09158127754926682
EXD3,0.07934886847053552,36,0.00745869055390358,0.025640839710831642,0.06930965185165405,0.0695205107331276,-0.0028070402331650257,0.042189136147499084,0.09697812050580978,0.19936545193195343,0.04067553952336311,0.10327573865652084,0.03179788216948509,0.11783826351165771,-0.0477929562330246,0.06557963043451309,-0.022821202874183655,0.2016703188419342,0.06906472891569138,0.10498075187206268,0.18880440294742584,0.060417063534259796,0.11166459321975708,0.020667893812060356,0.15223412215709686,0.1330803632736206,0.030565746128559113,0.018870089203119278,0.07620019465684891,0.07398182898759842,0.0066458843648433685,0.03772445395588875,0.13176864385604858,0.07567597925662994,0.1751204878091812,0.16702750325202942,0.11466965824365616,0.10951630026102066
EXO1,0.06305827730746906,35,0.010684207081794739,-0.05795462802052498,0.0009687569690868258,0.010451185517013073,0.04579418897628784,0.059882257133722305,0.13948580622673035,0.2704666256904602,0.08496692776679993,0.14628386497497559,0.04604532942175865,-3.35304721374996e-05,0.04366478696465492,0.04214250296354294,0.018289584666490555,0.023375986143946648,0.17498880624771118,0.1003129780292511,0.10140036046504974,0.14394524693489075,0.07482808083295822,0.14377212524414062,0.15020017325878143,0.116892971098423,0.0005276747979223728,0.02502092532813549,-0.0384320393204689,0.04522690176963806,0.06508578360080719,0.06882648169994354,0.04550975561141968,-0.02680639736354351,0.006813481450080872,,0.1424717754125595,-0.018059231340885162
EXOC5,0.13953569205477834,36,0.06593989580869675,0.03362037241458893,0.08460907638072968,0.14780834317207336,0.08953055739402771,0.030848970636725426,0.20493057370185852,0.2087988257408142,0.3332408368587494,0.35583481192588806,0.2889184355735779,0.25945746898651123,0.18099229037761688,0.2529708445072174,0.22542858123779297,0.15197059512138367,0.0862397849559784,0.19493602216243744,0.2614879906177521,0.10716204345226288,0.10185718536376953,0.13424110412597656,0.07123638689517975,0.14178761839866638,0.03920853137969971,-0.044438812881708145,-0.0778191015124321,0.05495073273777962,0.10722573846578598,0.055621180683374405,0.1611342579126358,0.18076089024543762,0.11502705514431,0.1640302538871765,0.16304580867290497,0.0906897634267807
EXOSC1,0.12454179698397638,36,0.09830581396818161,0.12573856115341187,-0.01422547735273838,0.08006259053945541,0.06403457373380661,0.10387292504310608,0.15587802231311798,0.29897376894950867,0.2974361479282379,0.309848427772522,0.16500452160835266,0.11611983925104141,0.15379482507705688,0.11172129213809967,0.07301630079746246,-0.00037834877730347216,0.11087250709533691,0.20550724864006042,0.12180717289447784,0.20953747630119324,0.17125508189201355,0.20995454490184784,0.16866657137870789,0.07355943322181702,0.04691993445158005,0.008211247622966766,0.04982956871390343,0.04680992290377617,0.0006431529182009399,-0.0578446090221405,0.13540329039096832,0.16063524782657623,0.15664313733577728,0.14405633509159088,0.19501282274723053,0.18682081997394562
EXOSC10,0.13332513054936296,36,0.07327640056610107,0.021252498030662537,0.08502509444952011,0.0582490898668766,0.0694458931684494,0.055679041892290115,0.20627030730247498,0.31441450119018555,0.2312261313199997,0.1714383363723755,0.18919122219085693,0.30914247035980225,0.1762721687555313,0.12780505418777466,0.14509499073028564,0.16747359931468964,0.12519969046115875,0.18181051313877106,0.158538356423378,0.30900195240974426,0.14868170022964478,0.22343771159648895,0.17348593473434448,0.1333574652671814,0.06463306397199631,0.006920178886502981,-0.05057916417717934,0.003656622488051653,0.014158348552882671,-0.019225196912884712,0.21514670550823212,0.13453710079193115,0.09516745805740356,0.16095177829265594,0.16922098398208618,0.15034669637680054
EXOSC2,0.09001937099835938,36,0.029652975499629974,0.1333693265914917,-0.013301457278430462,0.0966055616736412,0.012506533414125443,-0.01002770010381937,0.2737889587879181,0.23256880044937134,-0.028969183564186096,0.3528151214122772,0.2020086795091629,0.28721100091934204,0.06822258979082108,0.18835172057151794,0.04042820632457733,0.08267280459403992,0.04251381382346153,0.16266533732414246,0.041390176862478256,-0.012582584284245968,0.07835809141397476,0.14916667342185974,0.0987299457192421,0.09161265939474106,0.07897885888814926,0.019445955753326416,0.016542190685868263,0.03518757224082947,-0.0035777511075139046,0.09137582033872604,0.04673095420002937,0.05528818443417549,-0.012957818806171417,0.11867045611143112,0.15714040398597717,0.03811447694897652
EZH2,0.14833911566529423,36,0.11936580389738083,0.12286680191755295,0.20962588489055634,0.09945270419120789,0.09366107732057571,0.04069824516773224,0.2926468849182129,0.23659612238407135,0.28124693036079407,0.33365777134895325,0.19179780781269073,0.29144734144210815,0.23510216176509857,0.14923468232154846,0.10090003162622452,0.2412916123867035,0.06831404566764832,0.17352862656116486,0.11645776778459549,0.19785629212856293,0.1450965404510498,0.1879623383283615,0.17572447657585144,0.21932269632816315,0.05473839119076729,0.03945339098572731,0.046357735991477966,-0.004242753144353628,0.01833433285355568,0.06343299895524979,0.10414683073759079,0.10745349526405334,0.1360330581665039,0.16346806287765503,0.17230957746505737,0.1148683950304985
FAAH,0.1359832203403736,36,0.05769447237253189,0.08555656671524048,0.07921306788921356,-0.00033559673465788364,0.00881467666476965,-0.05333855003118515,0.2665562033653259,0.3776784837245941,0.3458506762981415,0.43700864911079407,0.2411743402481079,0.3443075120449066,0.11242006719112396,0.2604805827140808,0.19801564514636993,0.3512814939022064,0.18035700917243958,0.2465786635875702,0.09925267845392227,0.09851998090744019,0.06955043226480484,0.1416812539100647,0.042489100247621536,0.017849164083600044,-0.010231084190309048,-0.05614909529685974,0.05549202114343643,0.06404000520706177,0.007336508482694626,0.06976793706417084,0.14464472234249115,0.10702968388795853,0.00240090093575418,0.14947031438350677,0.21974560618400574,0.13319183886051178
FADS2,0.1839051111601293,36,0.11778883635997772,0.1280357837677002,0.0357651486992836,0.1755426973104477,0.13016368448734283,0.06179068237543106,0.13089658319950104,0.18559832870960236,0.3281397223472595,0.4065535366535187,0.08178017288446426,0.3632948100566864,0.30405429005622864,0.3684605062007904,0.21067528426647186,0.4088008403778076,0.07619938254356384,0.26686519384384155,0.13917364180088043,0.357556015253067,0.20507590472698212,0.3158533275127411,0.19746816158294678,0.30690649151802063,0.014360824599862099,-0.0463898666203022,0.016556179150938988,-0.057407576590776443,0.010168192908167839,0.045326150953769684,0.27694252133369446,0.2313193380832672,0.22162052989006042,0.20549581944942474,0.20666737854480743,0.19348548352718353
FAH,0.02896143534841637,36,0.017483368515968323,0.03470112383365631,0.10499262064695358,0.10983753949403763,0.04857143014669418,-0.11296971142292023,0.08332377672195435,0.009940315037965775,-0.08427450060844421,-0.009044368751347065,-0.0049543012864887714,-0.07448620349168777,0.14821676909923553,0.10122470557689667,0.1346122920513153,0.055345021188259125,0.1321025788784027,0.04263146594166756,-0.007434142753481865,0.13555826246738434,-0.00251440005376935,0.13748697936534882,0.15541714429855347,0.025458935648202896,-0.041344787925481796,-0.07355077564716339,0.07873985171318054,-0.040938008576631546,-0.00905001349747181,-0.05124096944928169,0.035780735313892365,0.07405002415180206,0.016370976343750954,-0.061864838004112244,-0.0734042152762413,0.007836992852389812
FAIM2,0.053709380136246584,36,0.15730582177639008,0.018676506355404854,0.13813889026641846,0.07097030431032181,-0.0703621506690979,-0.01746341586112976,-0.0368499718606472,0.019951391965150833,-0.04092642664909363,-0.05393538251519203,0.11358226835727692,0.0946931466460228,0.2037115842103958,0.11461973935365677,0.10555196553468704,0.22393937408924103,-0.0009397267131134868,0.08903443068265915,0.10750492662191391,0.05969596654176712,0.12750454246997833,-0.012909015640616417,0.09210777282714844,0.0502985417842865,0.07695763558149338,0.022121010348200798,0.0001545855193398893,0.04856051877140999,-0.003537688869982958,0.04526427015662193,0.07824873179197311,-0.01130121760070324,0.062074288725852966,0.04189363867044449,0.04474165290594101,-0.025540824979543686
FAM102A,0.16494625275016814,36,0.03687208145856857,0.0503653958439827,0.12308391183614731,0.17729851603507996,0.03948401287198067,0.08151522278785706,0.2958124279975891,0.3770417869091034,0.20293553173542023,0.3560650944709778,0.33469104766845703,0.44542407989501953,0.10672584176063538,0.1783577799797058,0.18520966172218323,0.09820208698511124,0.06660035252571106,0.15516644716262817,0.11011608690023422,0.17960025370121002,0.2580046057701111,0.27207955718040466,0.12871192395687103,0.26202523708343506,0.06885795295238495,0.023250021040439606,0.01751820184290409,0.028186136856675148,-0.0006105430074967444,0.10244949162006378,0.1507766991853714,0.0997028723359108,0.2078586369752884,0.23386706411838531,0.2153913974761963,0.26942822337150574
FAM117A,0.13826179530264604,36,0.09404368698596954,0.020167112350463867,0.06041926518082619,-0.016123559325933456,0.036848921328783035,-0.03887546807527542,0.3402833640575409,0.30350396037101746,0.36076292395591736,0.28146830201148987,0.40771856904029846,0.3566940128803253,0.1720159649848938,0.19118526577949524,0.22802528738975525,0.24705004692077637,0.09799530357122421,0.26946723461151123,0.14018020033836365,-0.059619441628456116,0.10513053834438324,0.063268281519413,0.19436557590961456,0.09690535813570023,0.07327346503734589,0.02925111912190914,0.04332428425550461,0.09144911915063858,0.030997414141893387,0.02535257302224636,0.07882574945688248,0.028283653780817986,0.11493370682001114,0.14055216312408447,0.2094602882862091,0.1588403880596161
FAM118A,0.05818165892479657,36,0.03169078379869461,-0.030560562387108803,-0.10544246435165405,0.0672612264752388,-0.028609368950128555,0.048218075186014175,0.09629468619823456,0.2308538556098938,0.20727013051509857,0.1794419139623642,0.10385358333587646,0.14713017642498016,-0.02242955192923546,0.01298001129180193,0.07102974504232407,-0.0280831940472126,0.08086366206407547,-0.04162086546421051,0.07197131216526031,-0.027593392878770828,0.07626074552536011,0.046074461191892624,0.02523668110370636,0.01654081977903843,0.01784057542681694,0.07663572579622269,0.02421705238521099,0.00039978118729777634,-0.04967460781335831,0.04552905634045601,0.08752252161502838,0.04653974995017052,0.15755866467952728,0.10742086917161942,0.21582604944705963,0.13609181344509125
FAM160B1,0.02570067829866376,36,-0.10105296969413757,0.07016431540250778,0.027697553858160973,0.011569933965802193,0.014594380743801594,0.12160506844520569,-0.1348792165517807,-0.10924990475177765,0.022977285087108612,-0.028552226722240448,0.0031288471072912216,0.051930226385593414,0.078481525182724,0.09016714990139008,-0.056189145892858505,0.07717038691043854,0.11137593537569046,0.022959692403674126,0.035811346024274826,0.05085878446698189,0.09825810045003891,0.08864685893058777,0.10025066882371902,0.03394545987248421,-0.10541252791881561,0.028241200372576714,0.03137148916721344,-0.062373578548431396,0.05581635981798172,-0.0038088099099695683,0.07614079117774963,0.027504881843924522,0.005526327062398195,0.09499187022447586,0.04676235467195511,0.04879400506615639
FAM173A,0.10571595141664147,36,-0.0179450660943985,-0.12159901857376099,0.0762464851140976,-0.03638969361782074,-0.10044694691896439,0.08099369704723358,0.206800177693367,0.3275012671947479,0.11386490613222122,0.2166859358549118,0.26386529207229614,0.2283046543598175,0.1294630914926529,0.1989756077528,0.035583291202783585,0.023594196885824203,0.21822494268417358,0.139048233628273,0.1661815345287323,0.1687363237142563,0.18162357807159424,0.26006627082824707,0.23453040421009064,0.20323389768600464,0.03560706228017807,-0.008987154811620712,-0.03807510808110237,0.04024990275502205,-0.021996861323714256,-0.00738181546330452,0.11988431960344315,0.0798380970954895,0.15692152082920074,0.07065700739622116,0.10670698434114456,0.07520723342895508
FAM193B,0.19162347059076032,36,0.11215212196111679,0.17134195566177368,0.11444831639528275,0.10654851049184799,0.05605238303542137,0.08325198292732239,0.3490593135356903,0.4282788336277008,0.37488484382629395,0.35591915249824524,0.30115190148353577,0.389781653881073,0.022416111081838608,0.1583252251148224,0.08955913037061691,0.21463467180728912,0.0744539424777031,0.23237383365631104,0.1306583285331726,0.18640825152397156,0.1431281417608261,0.22238658368587494,0.17345573008060455,0.09893443435430527,0.03472386673092842,0.03065725788474083,0.01701446622610092,0.1059722825884819,0.01855720765888691,0.06091858074069023,0.29245725274086,0.35715097188949585,0.33470702171325684,0.32761093974113464,0.37798067927360535,0.3510890603065491
FAM213B,0.03279549088296739,36,-0.014103163033723831,-0.006927221082150936,0.01958172209560871,-0.021011855453252792,0.115705706179142,0.12026133388280869,-0.00023143101134337485,-0.034614287316799164,-0.16853660345077515,-0.14417512714862823,-0.043422289192676544,-0.13325488567352295,0.028340579941868782,0.10758092999458313,-0.06427094340324402,-0.07202369719743729,0.10622355341911316,0.06293278187513351,0.11296135932207108,0.13368867337703705,0.18808022141456604,0.1836661696434021,0.15310581028461456,0.12382616102695465,0.019747504964470863,-0.07430543005466461,0.020980145782232285,0.0002203721960540861,0.04464639350771904,-0.006781337317079306,0.06576083600521088,0.056107956916093826,0.05335909500718117,0.09395523369312286,0.0648208037018776,0.08874259889125824
FAM3A,0.07840879553825492,36,0.10729275643825531,0.013118123635649681,0.02419096976518631,-0.08841470628976822,0.020680123940110207,0.037258367985486984,0.06601282954216003,0.21832172572612762,0.15567059814929962,0.29447582364082336,0.14642757177352905,0.15242183208465576,0.04565393552184105,0.13545557856559753,0.055449455976486206,0.04932437092065811,0.10827083140611649,0.06273232400417328,0.0654386505484581,0.10155931115150452,0.1577892303466797,0.12001978605985641,0.05954452604055405,0.13683940470218658,0.05129415541887283,-0.041041430085897446,0.04766777157783508,-0.05561526119709015,-0.07954593747854233,-0.012800204567611217,0.20188197493553162,0.14582736790180206,0.0912415161728859,0.07254323363304138,0.07443137466907501,0.08129865676164627
FAM45A,0.03183234527306114,36,0.027389874681830406,-0.01666458323597908,0.06354739516973495,0.08556558191776276,-0.03683478757739067,0.05201587453484535,-0.13240042328834534,0.06046681106090546,0.10680630058050156,-0.005143237300217152,0.085162453353405,0.10160565376281738,0.03502539545297623,0.037737105041742325,-0.0004371786490082741,0.06798044592142105,-0.017900770530104637,0.07593774795532227,0.08585004508495331,0.11092694848775864,0.015545809641480446,0.027087830007076263,0.03380123898386955,0.024952184408903122,-0.025711148977279663,0.022036412730813026,0.0019475655863061547,-0.02405853010714054,0.08940864354372025,0.009908965788781643,-0.02232426032423973,0.05391628295183182,0.0036029587499797344,0.031689152121543884,0.07118451595306396,0.046340156346559525
FAP,-0.021609691974137805,36,-0.03430598974227905,0.0730481743812561,0.005031018517911434,0.06474273651838303,-0.0628824234008789,0.06935428828001022,-0.14224140346050262,-0.26057159900665283,-0.14066573977470398,-0.19324888288974762,-0.033304765820503235,-0.21359160542488098,-0.061583008617162704,0.008020901121199131,0.09493188560009003,-0.21810102462768555,-0.03263293579220772,0.13398060202598572,0.0184149332344532,-0.05047489330172539,0.07189388573169708,0.07032996416091919,0.057772889733314514,0.0347798690199852,-0.055339936167001724,0.04862535372376442,-0.010162333026528358,-0.04431825131177902,0.036022529006004333,0.03607648238539696,-0.017181865870952606,-0.05510498955845833,0.028464822098612785,0.0034414392430335283,-0.04461880773305893,0.03744976967573166
FARP1,0.14230970696937423,36,-0.0002507874451112002,0.0693945586681366,0.06149022653698921,0.11085855960845947,0.035902053117752075,0.01852661371231079,0.10228946805000305,0.24612291157245636,0.20033952593803406,0.23454587161540985,0.20706604421138763,0.24635007977485657,0.10897684097290039,0.19684338569641113,0.16628505289554596,0.272951602935791,0.1951407641172409,0.3125222325325012,0.10602725297212601,0.209770068526268,0.12606745958328247,0.2131800800561905,0.23638616502285004,0.19327490031719208,0.046673305332660675,-0.016784870997071266,-0.09540164470672607,0.04540920630097389,0.01472864206880331,0.03335965424776077,0.15446974337100983,0.11033174395561218,0.204788938164711,0.2584076523780823,0.2567616403102875,0.24034450948238373
FARSB,0.13177727696408206,36,0.061390601098537445,0.05022232234477997,0.05403873324394226,0.13212387263774872,0.03445395082235336,0.03438670188188553,0.23384833335876465,0.19334064424037933,0.24740071594715118,0.33222121000289917,0.2864176332950592,0.2892325818538666,0.18451529741287231,0.15912336111068726,0.1671314388513565,0.12141825258731842,0.17329609394073486,0.1500481814146042,0.07364938408136368,0.24585610628128052,0.198019877076149,0.17381097376346588,0.13437864184379578,0.13200967013835907,-0.0017539781983941793,0.01027769222855568,0.0203714519739151,-0.04084891825914383,0.025738367810845375,-0.029506973922252655,0.19789008796215057,0.22126322984695435,0.11409111320972443,0.0893625020980835,0.15818017721176147,0.11658263951539993
FASN,0.27525305308841375,36,0.3737691342830658,0.2201530486345291,0.14151230454444885,0.18304315209388733,0.19502472877502441,0.17853741347789764,0.2710912823677063,0.35403943061828613,0.38339632749557495,0.3848748803138733,0.3908166289329529,0.41176271438598633,0.33445245027542114,0.23143595457077026,0.25073710083961487,0.38099655508995056,0.12373191118240356,0.33357757329940796,0.3519635796546936,0.43529370427131653,0.39235004782676697,0.3960344195365906,0.3870944678783417,0.43885722756385803,0.0124133275821805,-0.030230576172471046,0.0030349597800523043,0.16269467771053314,0.17346890270709991,0.2507580518722534,0.17270557582378387,0.356260746717453,0.18112216889858246,0.35305437445640564,0.3848230242729187,0.3444586396217346
FBF1,0.04765920373675828,36,-0.03000551275908947,-0.017154110595583916,0.017772719264030457,-0.025701606646180153,0.08386268466711044,-0.01800793595612049,0.1581055074930191,0.12900063395500183,-0.0023899981752038,0.09918484836816788,0.08060333132743835,0.13360369205474854,0.07870541512966156,0.08978302031755447,0.030236050486564636,0.01562309730798006,0.05162660405039787,-0.04725554957985878,0.17277738451957703,0.013710939325392246,0.028430810198187828,0.1456417441368103,0.015577313490211964,0.09578654915094376,0.017131978645920753,-0.0014853653265163302,0.0329667404294014,0.038727108389139175,-0.08687134087085724,0.037904009222984314,0.04753395915031433,0.12690867483615875,0.13334426283836365,0.02234717458486557,0.03996992111206055,0.007736579980701208
FBLN2,0.08641533602106695,36,0.027950286865234375,-0.008552160114049911,-0.0803196132183075,0.14815782010555267,-0.012924161739647388,-0.049676649272441864,0.22590775787830353,0.034226663410663605,0.20720234513282776,0.1795855462551117,0.0510014072060585,0.25141438841819763,0.01832733489573002,0.11263960599899292,0.004860208369791508,0.0027930273208767176,0.03106231987476349,0.06888920068740845,0.13727182149887085,0.08007707446813583,0.20825889706611633,0.23508454859256744,0.05404131859540939,0.19736026227474213,-0.007566460873931646,0.08996014297008514,0.006567026022821665,0.006495016161352396,-0.011344889178872108,-0.0064217885956168175,0.12414446473121643,0.1677403748035431,0.16308359801769257,0.19138659536838531,0.1294308453798294,0.1328379213809967
FCER1G,0.059039826152406424,36,-0.007858320139348507,-0.03997133672237396,-0.002271245466545224,-0.0686940997838974,-0.0015620699850842357,-0.07226359099149704,0.08673280477523804,0.24704863131046295,0.1941426545381546,0.173007994890213,0.15447814762592316,0.3389878273010254,-0.00575369643047452,0.14835330843925476,-0.04802185669541359,0.015430279076099396,0.09978310018777847,0.14243581891059875,0.06631596386432648,0.0254827830940485,-0.029395692050457,0.10358303040266037,0.10491494089365005,0.09158225357532501,0.009026072919368744,-0.011085480451583862,-0.02663002908229828,-0.030606277287006378,-0.01611969992518425,-0.03560996800661087,0.023984745144844055,0.012058324180543423,0.09397962689399719,0.14771714806556702,0.18223576247692108,0.05999588593840599
FDPS,0.14018793422858128,36,-0.054381415247917175,0.06544387340545654,-0.004665843676775694,-0.034702736884355545,0.050939954817295074,0.008088549599051476,0.21494066715240479,0.24431796371936798,0.2669298052787781,0.33396410942077637,0.209617018699646,0.35776200890541077,0.31770768761634827,0.2179349958896637,0.25042590498924255,0.22391417622566223,0.3204985558986664,0.1461283564567566,0.16333042085170746,0.2688186764717102,0.3277604877948761,0.2145380824804306,0.24867364764213562,0.1748717576265335,-0.029941456392407417,-0.06237443536520004,-0.07308918982744217,-0.045051127672195435,0.0033239785116165876,-0.02486998774111271,0.11516048014163971,0.021197715774178505,0.1442127823829651,0.1323118507862091,0.20302888751029968,0.12999942898750305
FGFR1,-0.023836103099812236,36,0.005650632083415985,-0.07081456482410431,-0.03740108758211136,0.08999290317296982,-0.0441402867436409,0.011831656098365784,-0.06335623562335968,-0.09987535327672958,-0.08886115252971649,-0.026867801323533058,-0.08528538048267365,-0.12270596623420715,0.03420744463801384,-0.04114817455410957,0.03038913384079933,-0.03910333663225174,-0.049831878393888474,-0.06211422383785248,-0.010136846452951431,0.021927066147327423,0.023552875965833664,0.06833422183990479,0.07465261220932007,0.08595320582389832,-0.08244457095861435,0.060210295021533966,-0.013176290318369865,-0.00476468913257122,0.019557945430278778,0.02812480926513672,-0.023485811427235603,-0.02417062595486641,-0.0014432682655751705,-0.16765975952148438,-0.15962842106819153,-0.09406878799200058
FGFR4,0.11715751148424008,36,0.13824661076068878,-0.03542526438832283,0.12398582696914673,0.07200535386800766,0.04955095052719116,0.15249434113502502,0.0767369493842125,0.20813925564289093,0.037612300366163254,0.19179706275463104,0.0763544961810112,0.20539188385009766,0.23751692473888397,0.3153485953807831,0.17610971629619598,0.16688597202301025,-0.003743253881111741,0.004990780726075172,0.0787506029009819,0.08183267712593079,0.11875034868717194,0.28780022263526917,0.17018188536167145,0.20098631083965302,-0.0754672959446907,0.006884277798235416,0.08035622537136078,0.03613622114062309,0.006752685643732548,0.014330240897834301,0.15090298652648926,0.1797829419374466,0.17323914170265198,0.16745063662528992,0.19388017058372498,0.15112163126468658
FKBP10,0.003855071848698167,36,0.023442775011062622,-0.0857309028506279,-0.06606414914131165,-0.029256898909807205,-0.048188112676143646,0.04489220678806305,-0.10481153428554535,-0.1646791696548462,-0.03926655650138855,-0.1460064947605133,-0.08846352249383926,-0.0016384130576625466,-0.003310773754492402,0.130229651927948,0.03467748314142227,0.11614777892827988,0.019997254014015198,0.14448489248752594,0.006229698192328215,-0.06777847558259964,0.010861661285161972,0.1522415727376938,0.041596125811338425,0.17727084457874298,-0.05837422236800194,0.041380517184734344,-0.136007159948349,-0.07760322093963623,-0.030290184542536736,-0.07213381677865982,0.12853144109249115,0.037099212408065796,0.08639421314001083,0.06551426649093628,0.08872595429420471,0.008668645285069942
FKBP8,0.11472069782515366,36,-0.16159148514270782,-0.020574582740664482,0.08019428700208664,-0.032248616218566895,-0.05029229074716568,0.06028818339109421,0.25702357292175293,0.2596628665924072,0.2489720582962036,0.26245149970054626,0.1763273924589157,0.2720186710357666,0.17784620821475983,0.15238599479198456,0.03407438099384308,0.1369483470916748,0.18164856731891632,0.2538384795188904,0.07764482498168945,0.17089757323265076,0.06169458478689194,0.19153013825416565,0.18197010457515717,0.12765026092529297,-0.046713221818208694,0.07360600680112839,0.016927313059568405,-0.1036151796579361,-0.03968130797147751,0.02264120988547802,0.14526964724063873,0.21269135177135468,0.20421427488327026,0.16106504201889038,0.22479596734046936,0.15838299691677094
FLNA,-0.04537616769408083,36,-0.01595887541770935,-0.017257411032915115,0.027494940906763077,-0.03356228023767471,0.03150029852986336,0.04542304202914238,-0.22186322510242462,-0.29992976784706116,-0.2367960512638092,-0.3142920434474945,-0.15907128155231476,-0.23649783432483673,-0.017415178939700127,0.007288043852895498,-0.05428953096270561,-0.14384226500988007,-0.005061122123152018,-0.021563075482845306,0.08666381239891052,0.06771167367696762,-0.06237267702817917,0.04377793148159981,0.00122141616884619,-0.04270391911268234,0.036215219646692276,-0.038533251732587814,-0.02047557942569256,-0.06316199898719788,-0.03221745789051056,-0.05749570578336716,0.05701541528105736,0.053426846861839294,0.1106499657034874,-0.057596541941165924,0.01361128780990839,-0.06358485668897629
FN1,0.12863312003254476,36,-0.0014466015854850411,-0.12981830537319183,-0.030275503173470497,-0.038221411406993866,0.04679282754659653,-0.0121600441634655,-0.2715437412261963,-0.15929505228996277,-0.25500014424324036,-0.23399858176708221,-0.17098107933998108,-0.00010042113717645407,0.2075844556093216,0.2133553922176361,0.2928672730922699,0.30446478724479675,0.15924766659736633,0.25168469548225403,0.48755958676338196,0.4091293215751648,0.424854576587677,0.34865161776542664,0.3067609965801239,0.31374579668045044,-0.003061599563807249,0.028506891801953316,-0.04661162570118904,0.06002591922879219,0.09358834475278854,-0.05550045892596245,0.3720787763595581,0.3509023189544678,0.29080817103385925,0.3337634205818176,0.4120884835720062,0.3303455710411072
FNBP4,0.0779540657693158,36,0.07888005673885345,0.042052872478961945,-0.012035761028528214,-0.00043099315371364355,0.07910538464784622,-0.014810425229370594,0.06910748034715652,0.10096827894449234,0.2065524458885193,0.16350878775119781,0.06790272146463394,0.32455119490623474,0.05014236643910408,0.10337663441896439,0.0774814635515213,0.1282028704881668,0.09059584140777588,0.15916705131530762,0.042759157717227936,0.021208491176366806,0.1371820718050003,0.14358210563659668,-0.04724583774805069,0.03498780354857445,-0.025260472670197487,0.01900552585721016,-0.09200329333543777,0.051328517496585846,0.12472975999116898,0.026061756536364555,0.06911242008209229,0.08692601323127747,0.0650731697678566,0.17535535991191864,0.17524564266204834,0.08397990465164185
FOXA1,0.25659686722792685,36,0.08157263696193695,0.11836091428995132,0.20740163326263428,0.2006589025259018,0.278466135263443,0.09956423193216324,0.40279078483581543,0.4763352870941162,0.4642060101032257,0.4046690762042999,0.3915501534938812,0.43751445412635803,0.3110315799713135,0.3167377710342407,0.33988943696022034,0.22125989198684692,0.19753603637218475,0.44745367765426636,0.3486364185810089,0.3960774540901184,0.34789177775382996,0.3755807876586914,0.2936210036277771,0.21051378548145294,-0.021772971376776695,0.008726800791919231,-0.010983515530824661,0.10818213224411011,0.08217159658670425,0.09466218948364258,0.22955423593521118,0.32757142186164856,0.3074394464492798,0.24130596220493317,0.2978694438934326,0.20344063639640808
FOXC1,-0.007003921040450223,36,0.05155395716428757,-0.06861747801303864,0.0046067205257713795,0.0023655330296605825,0.08897224813699722,0.01901809498667717,-0.07655802369117737,-0.002594294026494026,0.09516704827547073,-0.10722272098064423,-0.00984137412160635,0.061165064573287964,-0.06275676935911179,0.027392718940973282,-0.06325522065162659,0.023522857576608658,-0.05373487249016762,0.07132816314697266,0.0017344038933515549,-0.029792731627821922,-0.005723456386476755,-0.012396213598549366,0.0298808291554451,0.07957244664430618,0.005693586077541113,-0.000771950522903353,-0.03995613753795624,0.007884259335696697,0.046928521245718,-0.03253902122378349,0.00782781932502985,-0.03749292343854904,0.01745598390698433,-0.07881034910678864,-0.14939382672309875,-0.06275404989719391
FOXP4,0.16847753250557515,36,0.0886480063199997,0.07598640024662018,0.02527800016105175,0.05041938275098801,0.05327317863702774,0.06888782232999802,0.16492362320423126,0.18585631251335144,0.18970194458961487,0.23369860649108887,0.17697446048259735,0.25967907905578613,0.2666164040565491,0.26054587960243225,0.19774168729782104,0.3758416175842285,0.15254998207092285,0.14412955939769745,0.24393945932388306,0.21332435309886932,0.30645453929901123,0.3691225051879883,0.28179582953453064,0.29569873213768005,0.01829526014626026,-0.05248492211103439,-0.029336167499423027,0.028402186930179596,0.027583859860897064,-0.03778992220759392,0.24352850019931793,0.19289328157901764,0.23662956058979034,0.2837926149368286,0.26433631777763367,0.20825323462486267
FSTL1,0.08679964168307681,36,-0.02322271093726158,-0.05368996784090996,-0.04610845074057579,0.01120355911552906,-0.07121491432189941,-0.010771078057587147,0.07006212323904037,0.11271563172340393,0.08873357623815536,0.12632113695144653,0.054686736315488815,0.15870705246925354,0.11650104075670242,0.13760748505592346,0.09397584944963455,0.06836006790399551,0.2157447338104248,0.2641075551509857,0.1459307074546814,0.07173518091440201,0.04222816973924637,0.08297330141067505,0.058545663952827454,0.11943312734365463,-0.05648157745599747,0.016621295362710953,0.01569226011633873,-0.01108454167842865,0.05840938910841942,0.05233140289783478,0.3204699754714966,0.2770451009273529,0.25569307804107666,0.03966784477233887,0.19793540239334106,0.12392189353704453
FSTL3,0.022130660399044346,36,0.05961661785840988,-0.03122526779770851,0.03772469237446785,0.019849324598908424,0.048306167125701904,0.014833131805062294,-0.010483468882739544,-0.10913890600204468,0.02048085443675518,-0.048650894314050674,-0.012922852300107479,-0.01171176042407751,0.11490398645401001,0.05760418623685837,0.10570397228002548,-0.004080572631210089,-0.1046672984957695,-0.005466106813400984,0.10398110747337341,0.11451566219329834,0.148607075214386,0.1773608922958374,0.048852644860744476,0.06962587684392929,-0.048324741423130035,-0.016752682626247406,-0.05961189046502113,0.00995371863245964,-0.009451564401388168,-0.021851297467947006,0.014770586974918842,0.056360211223363876,0.05721420422196388,0.029263122007250786,-0.001118018408305943,-0.017366938292980194
FUOM,0.08766709680073997,36,0.011100697331130505,0.02582884393632412,-0.04373404383659363,-0.06007175147533417,0.0723462626338005,-0.04432866722345352,0.27985697984695435,0.10862349718809128,0.14641965925693512,0.17473213374614716,0.1609901338815689,0.20442363619804382,-0.018991220742464066,0.20914492011070251,0.15342554450035095,0.13073308765888214,0.021475844085216522,0.06464708596467972,0.15069067478179932,0.2992404103279114,0.18341322243213654,0.14925646781921387,0.13470888137817383,0.1858028769493103,0.06522224843502045,0.054494455456733704,-0.010860996320843697,0.003850312205031514,-0.012297232635319233,-0.031486645340919495,0.08846290409564972,0.033895548433065414,0.07212048768997192,0.10649466514587402,0.06978778541088104,0.016596775501966476
FUS,0.1485783241611595,36,0.08146683126688004,0.1437251716852188,0.012497132644057274,0.0604582279920578,0.13102228939533234,0.2998493015766144,0.1508895307779312,0.14355498552322388,0.17659153044223785,0.30775079131126404,0.2073003202676773,0.24536585807800293,0.24861611425876617,0.13526596128940582,0.17128489911556244,0.29969096183776855,0.12828293442726135,0.33228927850723267,0.15263932943344116,0.2851487398147583,0.11951158195734024,0.13924367725849152,0.04585978388786316,0.03261634707450867,0.009397991001605988,0.07486312836408615,0.005348019767552614,-0.042757414281368256,0.03143242746591568,-0.01616409607231617,0.15186023712158203,0.22817885875701904,0.15676133334636688,0.20372948050498962,0.2763558626174927,0.21889226138591766
FZD2,0.036236397485481575,36,0.11647555977106094,0.021689893677830696,-0.06839127838611603,0.13059788942337036,0.02767941914498806,-0.05693566054105759,0.10090665519237518,0.174699068069458,-0.04066596180200577,0.1479680985212326,-0.1255197674036026,-0.058805983513593674,-0.02874038740992546,0.11223196983337402,0.0877162367105484,0.15458884835243225,0.08966623246669769,0.07674342393875122,-0.017871027812361717,0.07851427793502808,0.0952891930937767,0.11004975438117981,-0.019611109048128128,0.08905172348022461,0.003550889901816845,0.0008333531441166997,0.008479293435811996,-0.06509019434452057,0.015656184405088425,-0.04957457259297371,0.0361902080476284,-0.021947624161839485,0.02490766905248165,0.10096142441034317,0.09138796478509903,-0.03817135468125343
GALK1,0.02483373751035995,36,-0.0008509713225066662,-0.09976176172494888,-0.08069963753223419,-0.11665356904268265,-0.06214327737689018,-0.005801202263683081,0.15684980154037476,-0.059409648180007935,-0.023822300136089325,0.14452293515205383,-0.06543169915676117,0.06268353760242462,-0.11295366287231445,0.07768265902996063,0.025112980976700783,-0.12079742550849915,-0.029592379927635193,0.09725174307823181,0.0781993493437767,0.1276319921016693,0.051502298563718796,0.05056660622358322,0.12964758276939392,0.15018083155155182,-0.00935462024062872,0.05314719304442406,-0.028089988976716995,-0.05073774978518486,-0.03769019618630409,0.07120933383703232,0.05182661861181259,0.06930626928806305,0.16936025023460388,0.0604415237903595,0.1142115518450737,0.05646958202123642
GANAB,0.14701904378469205,36,-0.013004058972001076,0.052229881286621094,0.0745672732591629,0.07648293673992157,-0.08043862879276276,0.09948825091123581,0.2246818244457245,0.16159853339195251,0.24500849843025208,0.2989266514778137,0.1247202679514885,0.23478931188583374,0.16583113372325897,0.14634139835834503,0.25500035285949707,0.25369006395339966,0.12694181501865387,0.220827117562294,0.1386440396308899,0.21410530805587769,0.22989007830619812,0.3182659447193146,0.228891059756279,0.26782292127609253,-0.04444866627454758,0.05052429437637329,0.007403260562568903,-0.030555719509720802,-0.062282197177410126,0.007844364270567894,0.28370270133018494,0.2844242453575134,0.21204188466072083,0.1485998034477234,0.20944669842720032,0.16068293154239655
GAR1,0.10333903273567557,36,0.12879638373851776,0.1013115867972374,0.11656331270933151,0.030958013609051704,0.08783567696809769,0.046147894114255905,0.17015407979488373,0.1760646551847458,0.14230743050575256,0.2383061647415161,0.32891353964805603,0.14758555591106415,0.04603424668312073,0.20458322763442993,0.06938900053501129,0.10762972384691238,0.028294457122683525,0.0985417291522026,0.09018122404813766,0.10691756755113602,0.15501590073108673,0.16063827276229858,0.2363135665655136,0.20791670680046082,0.01797112450003624,-0.09039641916751862,-0.0359773226082325,-0.052596256136894226,0.01652402989566326,-0.0373094342648983,0.06886430829763412,0.1227470114827156,0.15130656957626343,0.08798076957464218,0.19855739176273346,0.04613348841667175
GAS6,-0.03817357838852331,36,0.0024518189020454884,0.04054349660873413,-0.04040167108178139,-0.031946584582328796,-0.04752233996987343,-0.027512868866324425,-0.18995793163776398,-0.2276584357023239,-0.0949692577123642,-0.15175063908100128,-0.13097375631332397,-0.21687160432338715,-0.020478352904319763,0.056581854820251465,0.02614491432905197,0.012125462293624878,0.049496471881866455,0.05086762458086014,0.061345960944890976,0.08746135979890823,-0.02411380223929882,0.0037035190034657717,0.0736548975110054,0.15083198249340057,0.012318984605371952,0.08826828002929688,0.0991733968257904,-0.04042356461286545,0.006090013775974512,-0.10475530475378036,-0.1342727243900299,-0.025065481662750244,-0.13527296483516693,-0.13744662702083588,-0.18335817754268646,-0.23055677115917206
GATA3,0.15392014796897355,36,0.07974671572446823,0.10145461559295654,0.054241668432950974,0.10856526345014572,-0.005835497286170721,0.09315834194421768,0.1865551471710205,0.17561277747154236,0.27247488498687744,0.23593994975090027,0.2731989622116089,0.259667307138443,0.1810876876115799,0.11059047281742096,0.02756517380475998,0.04819241166114807,-0.025238772854208946,0.07957233488559723,0.1874317228794098,0.17910130321979523,0.2354295253753662,0.34750398993492126,0.21335503458976746,0.2828611135482788,0.05329101160168648,-0.04886627197265625,0.02290303446352482,0.11730773001909256,0.117810919880867,-0.0021203486248850822,0.24826760590076447,0.34772956371307373,0.24722819030284882,0.27697300910949707,0.31311866641044617,0.1452500820159912
GATC,0.12716550808141214,36,0.10604394972324371,0.018764855340123177,0.11743687093257904,-0.023587031289935112,0.18132716417312622,-0.021954819560050964,0.10629446804523468,0.17039360105991364,0.11578035354614258,0.18066872656345367,0.18678157031536102,0.1668338179588318,0.315223753452301,0.26479372382164,0.08928672969341278,0.206780806183815,0.10651649534702301,0.3230980336666107,0.09999215602874756,0.27306342124938965,0.29204994440078735,0.2054014652967453,0.14024996757507324,0.13651546835899353,0.06465734541416168,0.02483479492366314,0.0046741412952542305,-0.013994714245200157,-0.0384388193488121,0.007358946371823549,0.15031862258911133,0.12740185856819153,0.1077759638428688,0.14802667498588562,0.18625691533088684,0.05133106932044029
GBP1,0.11826633107072364,36,0.03051183931529522,-0.027673259377479553,-0.061928145587444305,0.10589569061994553,0.09194524586200714,-0.03443099930882454,0.34748631715774536,0.2784210443496704,0.3075660169124603,0.26069965958595276,0.3236628770828247,0.35206708312034607,0.026179203763604164,0.006765632424503565,-0.03796971216797829,0.08406311273574829,0.07445404678583145,0.13042780756950378,0.07190313935279846,0.08987123519182205,0.16255804896354675,0.16237285733222961,0.11335818469524384,0.14352834224700928,-0.008564404211938381,0.022423414513468742,0.08925577253103256,0.04529473930597305,0.07632774114608765,0.03212286904454231,0.12279657274484634,0.24223516881465912,0.17144887149333954,0.12400036305189133,0.20936349034309387,0.12914805114269257
GBP2,0.12496927236659555,36,-0.05577812343835831,0.11205943673849106,-0.0018494614632800221,0.10373598337173462,0.075693279504776,0.002867561299353838,0.23224718868732452,0.2534269690513611,0.25779014825820923,0.34841981530189514,0.31660640239715576,0.42615556716918945,0.2071087509393692,0.15954118967056274,0.19633664190769196,0.006133054383099079,0.19119280576705933,-0.02026478759944439,0.09270923584699631,0.13758528232574463,0.1813952773809433,0.08163859695196152,0.09702111035585403,0.12083228677511215,-0.043785568326711655,0.026502275839447975,-0.01006409339606762,-0.0047989701852202415,0.0644516721367836,0.06852243095636368,0.14686663448810577,0.19076509773731232,0.12975673377513885,0.11455821245908737,0.21756073832511902,0.07595442980527878
GBP3,0.08929740396949153,36,0.01630808785557747,-0.006436743773519993,0.005607523489743471,0.03012680448591709,-0.0367562472820282,0.02058613859117031,0.30320945382118225,0.15638507902622223,0.3158779740333557,0.3287827670574188,0.23408518731594086,0.11054353415966034,0.0055467127822339535,0.13003306090831757,0.028638223186135292,0.15827138721942902,0.13100771605968475,-0.04035041108727455,0.14084312319755554,0.06431500613689423,-0.07383838295936584,0.1598794013261795,0.11611083149909973,0.18359993398189545,-0.034745682030916214,-0.02625519223511219,-0.07112421840429306,0.047252506017684937,-0.012074531987309456,-0.07424180209636688,0.21086663007736206,0.14695920050144196,0.20384623110294342,0.1347261220216751,0.1043824851512909,0.1027386337518692
GBP4,0.01227346072361494,36,0.021793995052576065,-0.037967026233673096,-0.038576412945985794,-0.02690219134092331,-0.030226262286305428,0.01823269948363304,0.057586025446653366,0.013682350516319275,0.08447597920894623,0.0031556610483676195,-0.010879568755626678,0.14054110646247864,0.014085305854678154,-0.10851383954286575,-0.024143273010849953,0.08961860090494156,0.12902843952178955,-0.09001738578081131,0.06553157418966293,-0.09798923134803772,0.0939234271645546,-0.0939621701836586,-0.052876535803079605,0.09265034645795822,0.10253594815731049,0.0067833359353244305,-0.04263218864798546,-0.06359638273715973,0.009298733435571194,-0.02900548465549946,-0.09772545844316483,0.038004711270332336,0.046782057732343674,0.09240932762622833,0.1253654956817627,0.0413728766143322
GBP5,0.01980282653999489,36,0.1290505826473236,-0.0444335862994194,-0.040906548500061035,0.03709830716252327,0.024879613891243935,-0.0631757527589798,0.20697121322155,0.04641406238079071,0.0004257603723090142,0.05705936253070831,0.08635291457176208,0.1622876673936844,0.07702350616455078,-0.07823558151721954,0.0020423743408173323,-0.10448196530342102,-0.05132876709103584,-0.007152295671403408,-0.029439007863402367,-0.009347767569124699,0.005974450148642063,-0.030582282692193985,0.042076583951711655,0.004931050818413496,0.012676217593252659,-0.023263229057192802,-0.002652067458257079,0.012826211750507355,0.032369356602430344,0.03892747312784195,-0.05560338497161865,-0.009758882224559784,0.026139404624700546,0.07320910692214966,0.04680607095360756,0.13772158324718475
GEMIN4,0.08713760680984706,36,0.023265613242983818,0.04634177312254906,0.09338314831256866,0.08932425826787949,0.004270744044333696,0.0021258187480270863,0.058378539979457855,0.17759039998054504,0.22338677942752838,0.09598289430141449,0.13329075276851654,0.0911174938082695,0.16452307999134064,0.10086482763290405,0.08552299439907074,0.1266423612833023,0.12988267838954926,0.06667833030223846,0.06955233961343765,0.12400135397911072,0.1360873579978943,0.1634119600057602,0.19656917452812195,0.11845032870769501,0.02096938155591488,0.053627725690603256,0.054804496467113495,-0.027759946882724762,0.04686107113957405,0.042034994810819626,0.00747957406565547,0.08228842169046402,0.04930379241704941,0.012630662880837917,0.10549364984035492,0.16857501864433289
GLCCI1,0.08486720195247067,36,-0.029498334974050522,-0.043856922537088394,0.02242240495979786,0.05020778626203537,-0.03126774728298187,-0.07936650514602661,0.1438824087381363,0.16994337737560272,0.20880235731601715,0.2548440396785736,0.2889159321784973,0.27808913588523865,0.009785093367099762,0.13017551600933075,0.12242155522108078,0.08568260073661804,0.18473967909812927,0.09362956881523132,0.059911392629146576,0.025906357914209366,0.09368237853050232,0.18410001695156097,-0.03009931743144989,0.09410738199949265,-0.020604148507118225,-0.005233068950474262,0.008143172599375248,-0.02966512180864811,0.07051286846399307,0.11953183263540268,0.08146298676729202,0.07945119589567184,0.12502510845661163,0.04008463770151138,0.24827603995800018,0.05107361078262329
GLG1,0.08382444394131501,36,-0.030805688351392746,0.01325712539255619,0.06670059263706207,0.07968549430370331,0.04094795137643814,0.021786794066429138,0.10612645745277405,0.11395197361707687,0.0837685614824295,0.163926899433136,0.020693829283118248,0.22434483468532562,0.16434246301651,0.10853704065084457,0.12456542253494263,0.262011855840683,0.1755942702293396,0.13206233084201813,-0.008058792911469936,0.07878035306930542,0.04772717505693436,0.1338142305612564,0.017763281241059303,0.01875067874789238,0.005508149974048138,0.07834062725305557,-0.014899204485118389,-0.02472195215523243,-0.056183092296123505,-0.005884082056581974,0.16894125938415527,0.15065085887908936,0.25129538774490356,0.08634293079376221,0.08438485115766525,0.13362911343574524
GLTSCR2,-0.01856093587897097,36,-0.011825190857052803,0.05684543028473854,0.05576055496931076,0.03512044996023178,0.047443609684705734,-0.04310308024287224,-0.09287047386169434,-0.2586427628993988,-0.05729769542813301,-0.2818702757358551,-0.06541748344898224,-0.0979841873049736,-0.03368730843067169,-0.017805950716137886,0.023395493626594543,-0.1503584235906601,0.03041211888194084,-0.037409886717796326,0.02032705582678318,0.20138144493103027,0.06467805802822113,0.04377077892422676,0.0026172709185630083,0.17899219691753387,-0.029545243829488754,-0.013516775332391262,-0.044243425130844116,-0.03556447476148605,-0.030227921903133392,-0.00447531184181571,-0.08608847111463547,-0.04118756577372551,-0.10473345220088959,0.04470216482877731,-0.038124896585941315,0.10233993828296661
GMFG,0.06361571983304909,36,-0.07127448171377182,-0.019483614712953568,0.03040941059589386,-0.019525175914168358,0.026352882385253906,0.014958841726183891,0.34398049116134644,0.2290429174900055,0.14799907803535461,0.2487664669752121,0.14826510846614838,0.1975211501121521,0.02136671543121338,0.08895877003669739,0.06478248536586761,-0.1117609366774559,0.13291992247104645,0.15636400878429413,-0.05312264710664749,-0.008199445903301239,-0.00828604120761156,0.07536709308624268,0.03232507035136223,-0.03721398115158081,-0.05230037868022919,0.10334537923336029,0.016649197787046432,0.05348040536046028,-0.006500395480543375,-0.006414677482098341,0.0020030743908137083,0.08399318158626556,0.13816595077514648,0.1171189472079277,0.13978907465934753,0.07032206654548645
GMPPA,0.1140896990254987,36,-0.0301958154886961,0.052017539739608765,0.07200536876916885,-0.05143537372350693,-0.10558731853961945,-0.030288392677903175,0.18420009315013885,0.2952782213687897,0.2596953809261322,0.34960636496543884,0.2692950367927551,0.30106326937675476,0.08405517041683197,0.1219731867313385,0.1662088930606842,0.1703522652387619,0.1258717030286789,0.28421977162361145,0.07830225676298141,0.08569417148828506,0.013374482281506062,0.07625792920589447,0.19498978555202484,0.1159108355641365,-0.030756784602999687,-0.04023926332592964,0.0015627221437171102,-0.04681121185421944,-0.03477366641163826,-0.019624557346105576,0.23716740310192108,0.2589643597602844,0.14621858298778534,0.13873441517353058,0.2300756722688675,0.18384666740894318
GNAI2,0.013069326338861882,36,-0.08865554630756378,0.04079526290297508,-0.006949516013264656,0.0680285319685936,0.0029821943026036024,0.03980501368641853,-0.027398740872740746,-0.11532778292894363,-0.040390755981206894,-0.18850350379943848,0.015399067662656307,-0.1423569619655609,0.13626797497272491,0.07931609451770782,0.012928158976137638,-3.837784242932685e-05,0.05374044552445412,0.06999451667070389,0.023009393364191055,0.08487044274806976,0.058279234915971756,-0.04855739697813988,-0.08444471657276154,-0.18271292746067047,-0.006958341225981712,0.049893930554389954,0.04745914414525032,-0.0228853989392519,-0.015669342130422592,-0.049151163548231125,0.15411274135112762,0.09577786922454834,0.13558264076709747,0.13199222087860107,0.10209740698337555,0.08816393464803696
GNAS,0.3270718612604671,36,0.28289151191711426,0.29711294174194336,0.2668377161026001,0.38764509558677673,0.3139097988605499,0.15759728848934174,0.5157544612884521,0.35843127965927124,0.5150125026702881,0.4453541338443756,0.47018784284591675,0.5140085816383362,0.44104358553886414,0.2988935708999634,0.3156301975250244,0.44197553396224976,0.3099132478237152,0.31895655393600464,0.3643929064273834,0.39471834897994995,0.39946895837783813,0.3858175575733185,0.41216129064559937,0.298091858625412,0.01972995139658451,0.040378138422966,-0.014874914661049843,0.13922183215618134,0.17384348809719086,0.17290809750556946,0.3283373713493347,0.39157435297966003,0.3170337975025177,0.42939525842666626,0.47001975774765015,0.4012131094932556
GNL2,0.1796513414527807,36,0.09851451218128204,0.1764429211616516,0.2775527834892273,0.1377631425857544,0.11026131361722946,0.09153447300195694,0.3691616356372833,0.3321452736854553,0.28643739223480225,0.2958369255065918,0.2774884104728699,0.3581715226173401,0.18426701426506042,0.11984515190124512,0.17122851312160492,0.20273834466934204,0.1755785495042801,0.23428300023078918,0.10167890042066574,0.21014219522476196,0.2458648979663849,0.24578328430652618,0.261404812335968,0.23083801567554474,-0.03700598329305649,0.029717901721596718,-0.0076893046498298645,0.044753994792699814,0.05020188167691231,0.06098399683833122,0.22748388350009918,0.2147931307554245,0.1676197499036789,0.15303966403007507,0.19349172711372375,0.17509466409683228
GPR108,0.06153534268054904,36,0.01957576535642147,0.0890883207321167,-0.04339015856385231,-0.007468263152986765,0.12598738074302673,0.02948809042572975,0.0591009221971035,0.13227108120918274,0.12862610816955566,0.09193875640630722,0.0621296726167202,0.08537400513887405,0.09035579860210419,0.07148142158985138,-0.0019061437342315912,0.14138151705265045,0.09426067024469376,0.09244135022163391,0.09961048513650894,0.07560060918331146,0.04451363906264305,0.17237229645252228,-0.02567318268120289,-0.03146708756685257,-0.01722582057118416,0.09993991255760193,-0.06382275372743607,-0.019142430275678635,-0.061394646763801575,0.03504388406872749,0.108241006731987,0.15700261294841766,0.10688213258981705,0.086066834628582,0.10754993557929993,0.08043861389160156
GPR160,0.12762762500076658,36,0.021042609587311745,0.1911236196756363,0.0750657469034195,0.1282517910003662,0.09564268589019775,0.11426125466823578,0.10666213184595108,0.13917583227157593,0.2709839344024658,0.35050418972969055,0.32615500688552856,0.23095890879631042,0.17544741928577423,0.2109774500131607,0.09966439753770828,0.1706220954656601,0.07480093091726303,0.15945008397102356,0.21864376962184906,0.2156079262495041,0.20121188461780548,0.16624869406223297,0.14049817621707916,0.16186562180519104,-0.03595034405589104,-0.10722049325704575,-0.027695897966623306,0.09162847697734833,-0.014338678680360317,0.0065586157143116,0.07177957892417908,0.22271907329559326,0.15277621150016785,0.06757831573486328,0.06551063060760498,0.05638284981250763
GPRC5A,0.09685688136544611,35,0.017866211012005806,0.045977633446455,0.02983887866139412,-0.01730591058731079,0.006571809761226177,0.034498151391744614,0.03601435199379921,0.07301633059978485,-0.04946589097380638,0.14396487176418304,0.021291928365826607,0.10661096125841141,0.15937064588069916,0.1589493751525879,0.23657190799713135,0.1692229062318802,0.13197733461856842,0.21912549436092377,0.2645213305950165,0.300552636384964,0.23659399151802063,0.1860624998807907,0.23343606293201447,0.15086078643798828,-0.051463980227708817,-0.0029059664811939,-0.02093897946178913,-0.04031549394130707,0.012461758218705654,0.024215945973992348,0.1878790408372879,0.08904498815536499,0.15266932547092438,0.032311417162418365,,0.11090849339962006
GPS1,0.09137410069039713,36,0.08050794899463654,-0.013444345444440842,0.010300700552761555,-0.010710109025239944,-0.025401486083865166,0.04138955846428871,0.15934176743030548,0.19508695602416992,0.16994944214820862,0.24864152073860168,0.13948005437850952,0.2952686548233032,0.20129700005054474,0.09587196260690689,0.005437361542135477,0.18947182595729828,0.1695117950439453,0.01578393206000328,0.15540076792240143,0.300087571144104,0.1533558964729309,0.1722533255815506,0.1095043495297432,0.0487806499004364,0.017416367307305336,-0.07396333664655685,0.010031238198280334,-0.05277423560619354,-0.06211274862289429,-0.13077163696289062,0.060568954795598984,0.13553142547607422,0.0848858430981636,0.10451007634401321,0.14905868470668793,0.13991989195346832
GPSM1,0.06867553052789946,36,0.017076127231121063,-0.07890509068965912,0.1337222009897232,0.0237998366355896,0.03139868751168251,-0.021385740488767624,0.0802404135465622,0.1000143364071846,0.10369960963726044,0.13119007647037506,0.06195494905114174,0.004847313277423382,0.19035153090953827,0.09230175614356995,0.11598045378923416,0.030991777777671814,0.020483821630477905,0.005567687097936869,0.10520051419734955,0.18362005054950714,0.12052907049655914,0.1605711281299591,0.14837326109409332,0.09147622436285019,-0.03315100446343422,0.008554481901228428,0.0013214413775131106,-0.025434939190745354,0.07574615627527237,0.0025466415099799633,0.1464495211839676,0.11833897233009338,0.053166866302490234,0.11892315000295639,0.09777654707431793,0.05498126894235611
GPX3,0.023517838498163555,36,-0.028467467054724693,-0.004253382328897715,0.033543262630701065,0.06206711381673813,0.09302426874637604,0.12224778532981873,0.07732894271612167,-0.11192435026168823,0.06907140463590622,-0.04908659681677818,-0.040229037404060364,0.05577726289629936,0.11772511899471283,-0.01646522991359234,0.05644480884075165,0.04122753441333771,-0.008424871601164341,0.004884181544184685,0.039083123207092285,0.10547889024019241,0.01238381676375866,0.08331581205129623,-0.04949190095067024,-0.11330815404653549,-0.007154626306146383,0.027036668732762337,0.0176068227738142,0.03439967706799507,0.1009252518415451,0.07455544918775558,0.08436457812786102,0.08776409178972244,0.08096972852945328,0.03531581535935402,-0.2131841778755188,-0.027909429743885994
GRB7,0.23580536380824116,36,0.23721054196357727,0.24577201902866364,0.19943919777870178,0.23165693879127502,0.1455366164445877,0.1481223702430725,0.29983675479888916,0.3676146864891052,0.3242816627025604,0.38677841424942017,0.34608587622642517,0.3254261612892151,0.2340048849582672,0.25208237767219543,0.17956814169883728,0.24965859949588776,0.037289638072252274,0.234804168343544,0.22459417581558228,0.4631918966770172,0.3377380669116974,0.3583240211009979,0.3397393226623535,0.2912375032901764,0.04797133058309555,0.08214779198169708,0.03859667479991913,0.07962176948785782,0.0344332754611969,0.14616236090660095,0.23451080918312073,0.280210018157959,0.3130061626434326,0.2929753363132477,0.23913730680942535,0.24022622406482697
GRK3,0.04907368266786863,36,0.059560276567935944,0.06459760665893555,-0.07848338037729263,0.035173483192920685,0.01543249748647213,0.077413409948349,0.1737138330936432,0.2031003087759018,0.058560799807310104,0.18155767023563385,0.11942718178033829,0.2692217528820038,-0.06293701380491257,-0.022241003811359406,-0.14486104249954224,-0.0011342852376401424,0.00181474385317415,-0.017635660246014595,0.03203865885734558,0.06184779480099678,-0.05353925749659538,0.10952349007129669,-0.01931370049715042,0.08735398203134537,-0.03737000748515129,0.03426268324255943,0.04824955016374588,0.03807948902249336,0.012965166941285133,-0.006369663868099451,0.008632401935756207,0.12029526382684708,0.07271534949541092,0.1476026326417923,0.07385022938251495,0.10354733467102051
GSK3A,0.1536498733330518,36,0.03791605681180954,0.09900550544261932,0.07853373140096664,0.0735456719994545,0.015149075537919998,0.16082370281219482,0.07187248021364212,0.2758813500404358,0.3334445357322693,0.45986872911453247,0.16312278807163239,0.28465452790260315,0.09212305396795273,0.31236356496810913,0.22939352691173553,0.11141948401927948,0.14773400127887726,0.14437749981880188,0.10983994603157043,0.18577459454536438,0.1858600527048111,0.26446864008903503,0.1909170001745224,0.1508571207523346,0.011732782237231731,-0.0660424754023552,0.031391218304634094,0.04888960346579552,-0.0298859104514122,0.02450666017830372,0.18929342925548553,0.21281108260154724,0.16311709582805634,0.2686968147754669,0.26526695489883423,0.23267154395580292
GSTM3,0.02484868193278089,36,-0.009816441684961319,0.07283464074134827,-0.0696188285946846,-0.04783296585083008,0.0678723156452179,0.04922373220324516,-0.03539258614182472,0.03022690676152706,-0.012416207231581211,0.08513622730970383,-0.0120944082736969,0.15659616887569427,-0.0024393347557634115,-0.04808896407485008,0.01394451130181551,0.027069974690675735,0.1446204036474228,0.25237059593200684,-0.019603613764047623,0.05651559680700302,0.009634421207010746,0.07681501656770706,-0.05220731720328331,0.12734225392341614,0.041828278452157974,0.00903997477144003,-0.11486876010894775,0.010561437346041203,0.09097626805305481,-0.020098751410841942,0.05946860834956169,0.05999983102083206,-0.027398765087127686,-0.03634065389633179,-0.010746465064585209,-0.02856055088341236
GYPC,-0.035518011459822044,36,-0.061167679727077484,-0.018359936773777008,-0.07363823801279068,-0.07103675603866577,-0.06987655907869339,-0.03834843635559082,-0.13509680330753326,-0.12850451469421387,-0.038424473255872726,-0.08683189004659653,-0.1140943169593811,-0.003198344260454178,-0.04778080806136131,0.01116151548922062,-0.03643982112407684,-0.06086986884474754,0.0984896644949913,-0.12185060977935791,-0.06196645647287369,-0.11169489473104477,-0.0760856345295906,-0.0783880352973938,-0.03947914019227028,0.050469402223825455,-0.014440965838730335,-0.03491191193461418,-0.04047625511884689,-0.01820281334221363,0.005157782696187496,-0.002117230324074626,-0.07855131477117538,-0.02856411784887314,0.10243656486272812,0.02856079302728176,0.0727132186293602,0.04276047274470329
HAGHL,0.09346814433552532,36,0.01235293596982956,0.01672177202999592,-0.04196934401988983,-0.0628347396850586,-0.09840511530637741,0.08557838201522827,0.3091427981853485,0.24015763401985168,0.17560820281505585,0.2746373116970062,0.25419944524765015,0.18335457146167755,0.033271849155426025,0.10584517568349838,0.107120081782341,0.042976029217243195,-0.02594458870589733,0.09082936495542526,0.08512920886278152,0.05324842035770416,0.11516419053077698,0.2055736631155014,0.17994676530361176,0.21314363181591034,0.013084866106510162,-0.03384969010949135,0.07472877949476242,-0.004266387317329645,-0.002639875980094075,-0.039203792810440063,0.1496656835079193,0.14384974539279938,0.15018732845783234,0.16232144832611084,0.07376183569431305,0.12236560881137848
HCFC1R1,0.05038540247025796,36,0.012152548879384995,0.01074329111725092,0.06906431168317795,0.06818605959415436,-0.08185706287622452,0.09252636134624481,0.08505009859800339,-0.10081443935632706,-0.022877966985106468,-0.001373296370729804,-0.06990619003772736,-0.14306703209877014,0.12261661142110825,0.11339060217142105,-0.02536975033581257,0.12331658601760864,0.05928744375705719,0.2406003773212433,0.02744070440530777,0.1282120645046234,0.031186429783701897,0.15199364721775055,-0.07338177412748337,0.11169540137052536,-0.043744392693042755,-0.037953101098537445,0.0097494600340724,-0.1159236878156662,-0.03665163740515709,-0.016554294154047966,0.24598464369773865,0.29624390602111816,0.20774491131305695,0.13559257984161377,0.06532830744981766,0.17524276673793793
HCST,0.05873515613428834,36,-0.05249188095331192,-0.024317950010299683,-0.007441674824804068,-0.024644993245601654,-0.07734588533639908,-0.16545552015304565,0.19083072245121002,0.3140692114830017,0.15464568138122559,0.34673985838890076,0.061473336070775986,0.24995173513889313,0.07618523389101028,0.044487349689006805,0.10842862725257874,0.14990709722042084,0.221610888838768,0.12311456352472305,0.06700190156698227,0.01616745814681053,-0.029614416882395744,-0.012336896732449532,-0.002253949176520109,0.07028305530548096,0.008734650909900665,0.07556736469268799,-0.05528898537158966,-0.042101845145225525,0.010101430118083954,-0.001549369189888239,-0.07295317947864532,0.08626510202884674,0.04442816600203514,0.10227711498737335,0.029609229415655136,0.13038238883018494
HDAC5,0.05805893928562808,36,0.04157285392284393,0.024495204910635948,0.08896398544311523,-0.02739310823380947,-0.020246556028723717,0.05771558731794357,0.16260340809822083,0.045862141996622086,0.11878345161676407,0.1440572738647461,0.10654248297214508,0.1799573302268982,0.13694605231285095,0.0217867624014616,-0.12182876467704773,-0.059671979397535324,-0.025148892775177956,-0.07656936347484589,0.09259087592363358,0.0389326736330986,0.09970998018980026,0.1350715160369873,0.1260804533958435,0.14988380670547485,0.022333787754178047,-0.002149648033082485,0.042986221611499786,-0.06064595282077789,-0.04462672397494316,-0.013658355921506882,0.0032690169755369425,0.22587305307388306,0.07537756115198135,0.08517000824213028,0.19867663085460663,0.11681903898715973
HDAC6,0.07244380049976623,36,-0.010421319864690304,-0.011699743568897247,0.10284055769443512,-0.01036905962973833,-0.010841576382517815,-0.004676853306591511,0.18082866072654724,0.24477382004261017,0.04667412489652634,0.08967932313680649,0.12066328525543213,0.20385122299194336,0.006942759733647108,0.1487891525030136,0.15899969637393951,0.040629252791404724,0.0999477431178093,0.1699998825788498,0.09572494029998779,0.04820970073342323,0.12710590660572052,0.012269305996596813,0.0473933219909668,0.15695978701114655,0.024439992383122444,0.03442196920514107,0.07648839801549911,-0.05356873199343681,-0.010258945636451244,-0.013278425671160221,0.0466880239546299,0.10850459337234497,0.06766248494386673,0.04232040420174599,0.11455801129341125,0.11572515219449997
HELZ2,0.08403386198915541,36,-0.1005549356341362,0.02275087498128414,0.06946687400341034,0.11922071874141693,0.009807582944631577,0.02190789207816124,0.14823268353939056,0.1525411754846573,0.23172511160373688,0.11930281668901443,0.11814293265342712,0.1966296136379242,0.04706643149256706,0.12827524542808533,0.2486308366060257,0.027541890740394592,0.2044762521982193,0.14917321503162384,0.05589992552995682,0.0590256005525589,0.08486650884151459,0.031045664101839066,0.10655627399682999,0.07310312241315842,-0.007186899892985821,0.017303647473454475,-0.009109639562666416,0.04988926276564598,0.012567208148539066,0.03436458110809326,0.0899885818362236,0.08846867084503174,0.1115352064371109,0.09331914782524109,0.10207586735486984,0.117169089615345
HES1,0.14587093737079865,36,0.06757426261901855,0.19703805446624756,0.09182697534561157,0.19541093707084656,0.1613355278968811,0.16806137561798096,0.2378062754869461,0.08054326474666595,0.07554005086421967,0.0944935530424118,0.14114917814731598,0.11658662557601929,0.15170355141162872,0.20272648334503174,0.28655165433883667,0.22069111466407776,0.29847654700279236,0.26130321621894836,0.2336154580116272,0.21611271798610687,0.16278471052646637,0.21172364056110382,0.13705094158649445,0.06218801066279411,-0.010831709019839764,-0.04430337995290756,-0.04015412554144859,0.11654037982225418,0.058778390288352966,0.06486579775810242,0.28410089015960693,0.27732476592063904,0.2238141894340515,0.11555507779121399,0.0824507623910904,0.0509185791015625
HLA-B,0.06918975312469734,36,-0.08201786130666733,-0.20574837923049927,-0.03181355819106102,-0.11700080335140228,-0.11125817894935608,-0.13780160248279572,0.35374823212623596,0.3626461327075958,0.3119479715824127,0.47217631340026855,0.20813769102096558,0.3675929605960846,0.13762588798999786,0.008176357485353947,0.06810473650693893,0.0753365084528923,0.0762040987610817,0.17436228692531586,-0.2532861530780792,-0.09330451488494873,-0.16983182728290558,-0.011323348619043827,0.026127494871616364,-0.056981079280376434,0.06399600952863693,-0.03640080243349075,-0.034459639340639114,-0.012786829844117165,-0.01639825664460659,-0.008363155648112297,0.031510282307863235,0.13075946271419525,0.1687038540840149,0.24404427409172058,0.35077816247940063,0.23762838542461395
HLA-DMA,0.00770225640735589,36,-0.06264252960681915,-0.15312892198562622,-0.020779743790626526,-0.04242599010467529,-0.0702737420797348,-0.02737363986670971,0.09065880626440048,0.22909529507160187,0.07779096812009811,0.15190915763378143,0.17677651345729828,0.17938189208507538,0.14351321756839752,-0.2199217826128006,0.0007198372622951865,-0.07716963440179825,0.008569307625293732,-0.030078213661909103,-0.06724417954683304,-0.023974241688847542,-0.004234371706843376,-0.06584444642066956,-0.16813933849334717,0.018473053351044655,-0.015309364534914494,-0.0451357401907444,0.03206007927656174,-0.043719105422496796,-0.08030657470226288,-0.052607323974370956,-0.03501753509044647,0.07297089695930481,0.11925635486841202,0.041983798146247864,0.12602655589580536,0.11342191696166992
HLA-DMB,0.05918766380313577,36,0.024409504607319832,-0.11154747009277344,-0.057506583631038666,0.013205411843955517,0.0038593399804085493,-0.044766589999198914,0.20354099571704865,0.20396582782268524,0.13146717846393585,0.15889056026935577,0.158466175198555,0.2983771860599518,0.01861598715186119,-0.07645140588283539,0.001436865422874689,-0.055866219103336334,0.0181635282933712,0.16572438180446625,-0.07195186614990234,0.08182729780673981,0.06023964658379555,-0.023255156353116035,0.15902596712112427,0.07632992416620255,-0.08804132044315338,0.03410474583506584,0.0795883983373642,-0.05835328623652458,0.00919500645250082,-0.07311718165874481,0.12684953212738037,0.0848533883690834,0.10839593410491943,0.18593621253967285,0.19522947072982788,0.1899145096540451
HLA-DOA,0.08595472616919626,36,0.0643698051571846,0.021790971979498863,-0.023948516696691513,0.07135912775993347,-0.005250346381217241,0.047799158841371536,0.3099324405193329,0.40648967027664185,0.1257241666316986,0.38449642062187195,0.2225654274225235,0.2710910439491272,0.022338226437568665,0.06032299995422363,0.10560193657875061,0.023716943338513374,0.07217846065759659,0.009624839760363102,0.1266089379787445,-0.04883085563778877,-0.010082856751978397,0.025588776916265488,-0.006827570032328367,0.030302075669169426,-0.006896883249282837,0.012297840788960457,0.0984061062335968,0.03620206192135811,0.008468222804367542,-0.005330242682248354,0.05993509292602539,0.10677675157785416,0.04937020316720009,0.1646970510482788,0.14640730619430542,0.1170753464102745
HLA-DPA1,0.09589429025072604,36,-0.08138726651668549,-0.13151079416275024,0.003915363922715187,-0.05805402994155884,0.056770890951156616,-0.09441401809453964,0.18677061796188354,0.3013262152671814,0.2448490411043167,0.4130193293094635,0.28878575563430786,0.39156463742256165,0.11945752054452896,0.033380910754203796,0.035661693662405014,-0.029655298218131065,0.11384062469005585,0.02125868946313858,0.02983572892844677,-0.1009044274687767,-0.007104292046278715,0.149759903550148,0.11274338513612747,0.15585196018218994,0.027810048311948776,0.03495363891124725,0.12519340217113495,-0.03783571347594261,-0.01276780478656292,-0.02439860627055168,0.15082275867462158,0.12433743476867676,0.16612587869167328,0.2870115041732788,0.2225576788187027,0.23262208700180054
HLA-DPB1,0.02342822718977307,36,-0.022943560034036636,-0.056341007351875305,-0.04264448210597038,0.03855918347835541,0.022772103548049927,-0.1030208095908165,-0.16357146203517914,0.01747717894613743,-0.021602807566523552,-0.13697127997875214,0.026919595897197723,0.242258220911026,0.08826301991939545,-0.021145625039935112,0.08667264878749847,0.04350782558321953,0.166465163230896,-0.020199628546833992,0.04000994935631752,-0.0012127805966883898,-0.06947311013936996,0.007111108396202326,0.10474761575460434,0.05092940106987953,-0.018594473600387573,-0.040909718722105026,-0.01539946161210537,-0.06976388394832611,-0.09124745428562164,-0.00997771043330431,0.06519334763288498,0.1005319282412529,0.10893463343381882,0.13451677560806274,0.2056693732738495,0.19789636135101318
HLA-DRA,0.14027818294966388,36,-0.0018949322402477264,-0.05659753456711769,-0.0782320499420166,-0.054152097553014755,0.01467660441994667,0.09190718084573746,0.29920077323913574,0.36712023615837097,0.3681372404098511,0.44393742084503174,0.3480871617794037,0.48808932304382324,0.012789667584002018,0.1498444676399231,-0.05450882762670517,0.11837533861398697,0.12925387918949127,0.1374046355485916,-0.14304767549037933,0.05671779066324234,0.0520908497273922,0.11828763782978058,0.033468931913375854,0.21136663854122162,0.04166921228170395,0.10942167788743973,0.05540304630994797,0.030820099636912346,0.03128582239151001,-0.030630694702267647,0.26215046644210815,0.08186811953783035,0.1623886078596115,0.41538622975349426,0.41760382056236267,0.42032551765441895
HLA-DRB1,0.08615515034762211,36,-0.0074903578497469425,0.019123004749417305,0.06342094391584396,0.011143171228468418,0.009387659840285778,-0.07601675391197205,0.3111363649368286,0.19648854434490204,0.25998005270957947,0.3046654164791107,0.22334741055965424,0.2345445156097412,0.2362927347421646,0.06637515127658844,0.013012745417654514,0.020852552726864815,0.010538673028349876,0.08672770857810974,-0.03679085895419121,-0.049276482313871384,-0.06544917821884155,0.0328449122607708,0.07358328253030777,0.0725935697555542,-0.06653695553541183,0.05161571502685547,-0.0005524590378627181,-0.015161052346229553,-0.031261611729860306,-0.11002860218286514,0.2052544206380844,0.14526678621768951,0.2515208125114441,0.24599669873714447,0.26981285214424133,0.1446240246295929
HMGB2,0.17452863438261879,36,0.16745200753211975,0.12623436748981476,0.11552287638187408,0.16118039190769196,0.25092363357543945,0.0824338048696518,0.2020205557346344,0.15979228913784027,0.2002383917570114,0.28909119963645935,0.23424719274044037,0.07410097122192383,0.09772401303052902,0.3256467878818512,0.11920513957738876,0.22164148092269897,0.07976897805929184,0.13841336965560913,0.28654730319976807,0.26533743739128113,0.3232194185256958,0.4557536244392395,0.31778234243392944,0.24957595765590668,0.013675885275006294,-0.017215436324477196,0.023615024983882904,0.03786425292491913,0.07834035903215408,0.05851617082953453,0.16004028916358948,0.16314181685447693,0.13912738859653473,0.19878636300563812,0.27273309230804443,0.21055209636688232
HNRNPUL2,0.2089637191966176,36,0.1336132138967514,0.06252533197402954,0.21995213627815247,0.1070949137210846,0.006356127560138702,0.09846554696559906,0.28931310772895813,0.3701368570327759,0.3201916813850403,0.3702603578567505,0.33702877163887024,0.3569713830947876,0.32397133111953735,0.20038409531116486,0.17459221184253693,0.3185809850692749,0.05136701837182045,0.2595018148422241,0.12087440490722656,0.3149011731147766,0.3355112671852112,0.38121575117111206,0.29635393619537354,0.3119294345378876,0.06107359379529953,0.02072157897055149,0.04429899528622627,0.025794679298996925,-0.023944931104779243,-0.02428480051457882,0.2367977648973465,0.3170870840549469,0.24673643708229065,0.28168734908103943,0.27312880754470825,0.3025044798851013
HOOK3,-0.0033113149305184684,36,-0.08052774518728256,-0.03176360949873924,0.010668239556252956,0.021086420863866806,0.023274170234799385,0.038853663951158524,0.03039940446615219,-0.0051482911221683025,-0.060910340398550034,0.03905521333217621,-0.05104796960949898,-0.02827768586575985,-0.04588036611676216,-0.059171177446842194,0.050568416714668274,0.03565088286995888,-0.021183842793107033,-0.07402586191892624,0.0010331743396818638,-0.01581815630197525,-0.11093465983867645,-0.06682487577199936,0.03329913318157196,0.0940583199262619,-0.05016370862722397,0.017039818689227104,-0.057349588721990585,0.04128795117139816,-0.003974582999944687,0.07144103944301605,0.09656492620706558,0.04751044511795044,0.03785337880253792,-0.028369905427098274,-0.010713373310863972,-0.00676619540899992
HPS6,0.04780784121572247,36,-0.012611950747668743,0.010636158287525177,0.07923627644777298,-0.02004576474428177,-0.042510081082582474,0.09421413391828537,0.07494370639324188,0.023744506761431694,0.04941660538315773,0.12005813419818878,0.14597877860069275,0.06759447604417801,0.06980844587087631,0.1999024748802185,0.14252261817455292,0.07740616798400879,0.06681593507528305,0.0597541444003582,0.009726554155349731,0.08437664806842804,0.09874937683343887,0.08493953943252563,-0.06194620579481125,0.00033684761729091406,0.010233424603939056,0.02868288941681385,0.005873146932572126,0.019752971827983856,0.005119544453918934,0.015844672918319702,0.04420243948698044,0.03129413351416588,-0.03251807764172554,0.05947919934988022,-0.002005757996812463,0.11207617074251175
HSD17B1,0.01798487245105207,36,0.1085638701915741,-0.05105321854352951,-0.025456685572862625,0.03618296980857849,0.03303704783320427,0.023403434082865715,-0.05115450546145439,0.014217520132660866,0.022411854937672615,-0.007544213905930519,0.03893104940652847,0.0366162471473217,0.08475568890571594,-0.01412245724350214,-0.023475654423236847,-0.024392960593104362,-0.04597931727766991,-0.16415971517562866,0.06346648186445236,0.09249525517225266,0.07011743634939194,0.0735422894358635,0.05585590749979019,0.008661584928631783,-0.03771575540304184,-0.028110262006521225,-0.04319940134882927,-0.006633126176893711,0.06817123293876648,-0.0085865817964077,0.06058097630739212,0.07180380821228027,0.10374993085861206,0.025974443182349205,-0.014271707274019718,0.1007719412446022
HSPA4,0.11242099028701584,36,0.1390993446111679,-0.03129934147000313,0.09600123018026352,0.1580113023519516,0.08798234164714813,-0.06079984828829765,0.35004371404647827,0.3172304928302765,0.1784244030714035,0.29338768124580383,0.1950567364692688,0.1804920881986618,0.17554153501987457,0.25168710947036743,0.25894609093666077,0.2523095905780792,0.07303180545568466,0.03171660006046295,-0.0404144749045372,0.09858917444944382,0.08903539925813675,0.11636584252119064,0.060979120433330536,0.12334040552377701,0.019193993881344795,0.014800600707530975,0.06069367751479149,-0.03701735660433769,-0.08711579442024231,-0.05182968080043793,0.11018439382314682,0.1949111968278885,0.08887983113527298,0.07799532264471054,0.16087059676647186,0.10083052515983582
HSPB1,0.14835299904936822,36,0.01003771461546421,-0.020717807114124298,-0.005193622782826424,-0.0028110421262681484,-0.0435723215341568,-0.019740955904126167,0.15499968826770782,0.23127713799476624,0.24951906502246857,0.3400006890296936,0.23987694084644318,0.29751333594322205,0.1867351084947586,0.23080547153949738,0.16508232057094574,0.1681027114391327,0.20558086037635803,0.00017273903358727694,0.2404613196849823,0.3216494023799896,0.28191718459129333,0.31597521901130676,0.1653052419424057,0.2450723797082901,-0.028161216527223587,-0.027423597872257233,0.033294178545475006,0.012640395201742649,0.02425921894609928,0.013758663088083267,0.2548222541809082,0.21635489165782928,0.20016437768936157,0.2139703333377838,0.2510003447532654,0.2179793417453766
HSPB11,0.13696454759014565,36,-0.04307131841778755,0.19531916081905365,0.13415387272834778,0.05022815987467766,0.10305844247341156,0.05209971219301224,0.20001237094402313,0.29135990142822266,0.4173341691493988,0.31457552313804626,0.24946299195289612,0.3704916834831238,0.16970182955265045,0.15631884336471558,0.15651759505271912,0.051198311150074005,0.10856705904006958,0.05247678980231285,0.12117169797420502,0.11650542169809341,0.17791932821273804,0.01752788946032524,0.13937774300575256,0.15789714455604553,0.02170359157025814,-0.007362923119217157,0.02012493647634983,0.047053322196006775,0.07330328226089478,0.003163956105709076,0.17347833514213562,0.25107765197753906,0.19333060085773468,0.14155036211013794,0.17020975053310394,0.08288652449846268
HYI,0.019698204382115767,36,0.0416405163705349,0.09422910958528519,-0.09446518868207932,-0.02106647938489914,-0.09183546155691147,0.07675452530384064,-0.052677761763334274,-0.03330741450190544,0.07345476746559143,-0.1536925584077835,-0.09416323900222778,-0.16143326461315155,0.14693927764892578,0.05413535237312317,0.1667114645242691,-0.003303617937490344,0.14558765292167664,0.12067753076553345,-0.032295793294906616,0.004430894739925861,0.09573321044445038,0.06462305784225464,0.059240661561489105,0.0954873338341713,-0.04447661712765694,-0.018013490363955498,0.012231213971972466,0.0011996242683380842,-0.06020941585302353,0.02098991535604,0.0782608911395073,0.11876876652240753,0.06932179629802704,0.007281083147972822,0.03658461198210716,-0.014207597821950912
IDH3G,0.07784459552688834,36,-0.011626741848886013,0.03488772734999657,0.06493888050317764,0.038396358489990234,-0.015451516956090927,-0.04562227800488472,0.18122762441635132,0.22980783879756927,0.22656132280826569,0.26206842064857483,0.16225090622901917,0.12239257991313934,0.05561547726392746,0.11358162760734558,0.0380270816385746,0.2491360604763031,0.03797845542430878,0.03635452687740326,0.22085320949554443,0.15013346076011658,0.05939912423491478,0.11512400209903717,0.1392771601676941,0.001375126768834889,-0.0027812072075903416,-0.015807203948497772,-0.031048251315951347,-0.07863219827413559,-0.02994690090417862,-0.023352961987257004,0.14653949439525604,0.1666870415210724,0.05444108694791794,0.04948236048221588,0.0660286620259285,0.03410908207297325
IDUA,0.0465340692026075,36,-0.008523269556462765,0.0065237609669566154,0.04561568424105644,0.021971484646201134,-0.06355375051498413,-0.053856994956731796,0.04495421424508095,0.09038327634334564,0.12394897639751434,0.2915792167186737,0.051957324147224426,0.12089681625366211,0.04298131912946701,0.07581817358732224,0.0016030719270929694,-0.0788738951086998,0.01992371305823326,0.17733240127563477,-0.011352607049047947,0.014359123073518276,0.09688718616962433,0.19571378827095032,0.05935234948992729,0.07378828525543213,-0.02791382558643818,0.05554475635290146,0.03314065560698509,-0.050943613052368164,-0.04364189878106117,-0.06569419056177139,0.10320276767015457,0.014875725843012333,0.11455446481704712,0.059672627598047256,0.08748847246170044,0.05551090091466904
IER5L,0.026509928956834808,36,0.04161578416824341,0.05344128981232643,0.07776134461164474,-0.03179998695850372,-0.02884632535278797,0.16636338829994202,-0.13427087664604187,-0.039042793214321136,-0.012184499762952328,-0.03018619492650032,-0.07457305490970612,0.13550494611263275,0.0689077228307724,0.002815120853483677,0.009354280307888985,0.19937542080879211,0.0015556938014924526,0.058715708553791046,0.0703219398856163,0.12576636672019958,0.10063526034355164,0.05110751837491989,0.026810552924871445,0.1254579722881317,0.019388362765312195,0.0458240807056427,0.003974660765379667,-0.0499708317220211,-0.05648009106516838,-0.016721075400710106,0.050651345402002335,-0.04461490362882614,0.024842949584126472,0.06607281416654587,-0.034464359283447266,-0.018752088770270348
IFI27,0.09512949295135008,36,0.024832259863615036,-0.07255416363477707,-0.007141485810279846,-0.08040787279605865,0.023897407576441765,-0.15644194185733795,0.21568094193935394,0.33034250140190125,0.3316603899002075,0.5170687437057495,0.21633076667785645,0.3730320334434509,0.202134907245636,0.26906630396842957,0.24230848252773285,0.30951792001724243,0.24051900207996368,0.21720293164253235,-0.1382177174091339,-0.10088897496461868,-0.029925964772701263,0.0758018046617508,0.09111832827329636,0.010123129934072495,0.15913942456245422,-0.05713745579123497,0.02230367437005043,-0.0670250803232193,-0.08593150973320007,-0.062304623425006866,-0.09279107302427292,-0.08143175393342972,0.04359579086303711,0.2089623510837555,0.1352168768644333,0.19700539112091064
IFI27L1,0.04714336783702796,36,-0.06272827088832855,-0.008500619791448116,0.0031186777632683516,0.00949349906295538,-0.017126306891441345,-0.02967589721083641,0.1668066680431366,0.2530871033668518,0.16992904245853424,0.10711364448070526,0.043107323348522186,0.26620760560035706,0.10573428124189377,0.1571788489818573,-0.0488821342587471,0.09305915236473083,0.09222417324781418,-0.026865340769290924,-0.004358914215117693,0.0871710255742073,-0.035316865891218185,-0.027686752378940582,0.10647299140691757,0.0881398394703865,0.010332110337913036,0.015224221162497997,-0.02482452616095543,-0.010298163630068302,-0.020923158153891563,-0.06998023390769958,0.031989969313144684,-0.005103429313749075,0.045919016003608704,0.14704668521881104,0.071302630007267,0.01877334713935852
IFI44L,-0.034365066207505554,36,-0.03273117169737816,0.023620648309588432,0.025082822889089584,-0.023095037788152695,-0.012442553415894508,0.06458315998315811,0.016224144026637077,0.0188684593886137,-0.01232895813882351,-0.002295352518558502,-0.008676637895405293,-0.038363225758075714,-0.0992426946759224,-0.14984121918678284,-0.14277057349681854,0.022913256660103798,0.035571418702602386,-0.07820674777030945,-0.08261331915855408,0.02422652393579483,-0.09785360097885132,-0.1102193146944046,-0.06206293776631355,0.12773370742797852,-0.05751447007060051,-0.048907507210969925,0.0005272216512821615,-0.0788739025592804,-0.0202036015689373,-0.0009709320147521794,-0.1282576471567154,-0.1032627522945404,-0.06711357086896896,-0.03642765060067177,-0.0337056890130043,-0.0685126781463623
IGFBP2,0.11083188819207458,36,0.04258061200380325,0.02297314628958702,-0.05937976390123367,0.022666871547698975,-0.014450320973992348,-0.04134189710021019,0.12163630872964859,0.1806497424840927,0.15592283010482788,0.3705352544784546,0.13340389728546143,0.14624819159507751,0.16505193710327148,0.2793313264846802,0.06296566128730774,0.025474824011325836,0.11661641299724579,0.24731037020683289,0.1552836149930954,0.3095848858356476,0.11105512827634811,0.2165766954421997,0.11629068851470947,0.28067323565483093,0.023763488978147507,-0.050720322877168655,0.03907686099410057,-0.0011033506598323584,0.033831946551799774,0.015383679419755936,0.13233636319637299,0.05046011507511139,0.11654344201087952,0.18324950337409973,0.22789345681667328,0.05157313868403435
IGFBP4,0.012940290435734723,36,0.17596234381198883,0.17472469806671143,0.21269993484020233,0.12345030903816223,0.09657483547925949,0.2722444236278534,-0.20630963146686554,-0.26438266038894653,-0.24012920260429382,-0.30980050563812256,-0.16347062587738037,-0.2178746908903122,0.05609988793730736,-0.010518907569348812,0.06287200003862381,0.30237606167793274,-0.0872059017419815,0.04146954417228699,0.15504038333892822,-0.03462529554963112,-0.012535377405583858,0.11199873685836792,0.07805793732404709,0.05819355323910713,-0.02149093896150589,0.01945548504590988,0.013714399188756943,0.03222666680812836,0.10545169562101364,0.10911759734153748,0.041298799216747284,0.09917148947715759,0.040649380534887314,-0.07303191721439362,-0.16832660138607025,-0.10729745030403137
IGHA1,0.17404328545348513,36,0.16730187833309174,0.27224212884902954,0.19440917670726776,0.1597280502319336,0.08448495715856552,0.1832035630941391,0.20089729130268097,0.07389981299638748,0.40143150091171265,0.14012207090854645,0.26108217239379883,0.4191019833087921,0.25774767994880676,0.1731218844652176,0.2991665303707123,0.22929668426513672,0.26060593128204346,0.1413547396659851,0.2536507546901703,0.25814929604530334,0.3592914342880249,0.2302800714969635,0.05958908423781395,0.0552416630089283,-0.04955526068806648,-0.17996753752231598,-0.07033012062311172,0.016982030123472214,0.04875129833817482,0.10326164215803146,0.18574883043766022,0.22261828184127808,0.12173362821340561,0.3331993520259857,0.17448434233665466,0.2232314497232437
IGHG3,-0.07870283477111822,36,-0.0917944684624672,-0.08624479174613953,-0.12318867444992065,-0.03736351430416107,-0.24459514021873474,-0.11096347868442535,0.05528472363948822,0.167854905128479,-0.0201509278267622,0.20843635499477386,-0.0457286462187767,0.11465217918157578,-0.0997873842716217,-0.03706244006752968,0.012849681079387665,-0.10335017740726471,-0.05637925863265991,-0.08747243136167526,-0.2359238713979721,-0.23980824649333954,-0.3210630416870117,-0.1518082320690155,-0.07080148905515671,-0.0385703444480896,0.07428179681301117,0.11001598834991455,0.05524095892906189,-0.18149060010910034,-0.203004390001297,-0.15639597177505493,-0.10356614738702774,-0.16977445781230927,-0.01081699039787054,-0.2159368395805359,-0.29105985164642334,-0.0978168323636055
IGHG4,-0.033767394579222634,36,-0.0918426662683487,-0.0028989575803279877,0.005816031713038683,-0.09763893485069275,0.01422681100666523,-0.0345427468419075,0.1477636992931366,0.10050490498542786,-0.05104595795273781,0.022495027631521225,0.07779017835855484,-0.011926720850169659,0.15353475511074066,0.1446761190891266,0.10887590795755386,-0.07021624594926834,-0.011193270795047283,-0.06517179310321808,-0.04563441127538681,-0.07517307251691818,-0.09235237538814545,0.0908011943101883,0.09810662269592285,0.08162716031074524,-0.029279638081789017,0.20703549683094025,0.12463854253292084,0.07877327501773834,0.005874899215996265,0.06215853989124298,-0.32505327463150024,-0.3153224289417267,-0.15689626336097717,-0.4169519245624542,-0.5255366563796997,-0.3216480314731598
IGHM,-0.036299135328994855,36,-0.03846345096826553,-0.16155090928077698,-0.19915921986103058,-0.14602303504943848,-0.04705008864402771,-0.1915884166955948,0.01546139270067215,0.11506808549165726,0.06467033177614212,0.1790429651737213,0.13591378927230835,0.1070912629365921,-0.25466468930244446,-0.03632129356265068,-0.135136678814888,-0.2899576425552368,-0.1684197336435318,-0.0693378746509552,-0.18515658378601074,-0.12989787757396698,-0.1605963408946991,-0.02604660391807556,-0.05400024354457855,-0.14327065646648407,0.104185551404953,0.13172701001167297,0.2164747416973114,-0.09845373034477234,-0.14797571301460266,-0.10238576680421829,-0.05096270889043808,0.09375887364149094,0.047295622527599335,0.05670524016022682,0.11050853133201599,0.1517469882965088
IGKC,-0.12883818387571308,36,-0.08801499754190445,-0.22241882979869843,-0.1748853474855423,-0.043632879853248596,-0.15728065371513367,-0.24405470490455627,-0.08989885449409485,0.030168546363711357,-0.17997965216636658,0.12111278623342514,-0.18341878056526184,0.005293386522680521,-0.22880278527736664,-0.10558506846427917,-0.01011208351701498,-0.3183809220790863,-0.18941091001033783,0.006764160003513098,-0.2045155167579651,-0.2249411940574646,-0.26098254323005676,-0.25374630093574524,-0.16018493473529816,-0.09489228576421738,0.08175837248563766,0.07066845893859863,0.0664357841014862,-0.014984309673309326,-0.00998727511614561,-0.03826562687754631,-0.17574012279510498,-0.19422002136707306,-0.08917658030986786,-0.37591826915740967,-0.44173887372016907,-0.24520578980445862
IGLC2,-0.10847060032473463,36,-0.1165037453174591,-0.218020960688591,-0.04319526255130768,-0.026228800415992737,-0.18405437469482422,-0.14335598051548004,-0.15488091111183167,0.036611516028642654,-0.10478317737579346,-0.02387103997170925,-0.0632459744811058,0.020316405221819878,-0.0471055842936039,0.016386598348617554,0.13780945539474487,-0.08343890309333801,-0.0034189156722277403,-0.07655727118253708,-0.16567915678024292,-0.15159571170806885,-0.2644721269607544,-0.06362476944923401,-0.16189377009868622,0.06235460564494133,-0.02916535548865795,0.020764585584402084,0.014433218166232109,-0.18396444618701935,-0.21334470808506012,-0.1331680864095688,-0.3882991671562195,-0.24404840171337128,-0.19412681460380554,-0.24478495121002197,-0.26983094215393066,-0.216958686709404
IGLC3,-0.02675461003349887,36,-0.11227995157241821,-0.0606137253344059,-0.08633462339639664,-0.11536112427711487,-0.05623381957411766,-0.15847466886043549,0.02073686383664608,0.22905534505844116,-0.05100005120038986,0.35743045806884766,-0.08281918615102768,0.14619825780391693,0.096033476293087,0.13842959702014923,0.0868140161037445,-0.025267288088798523,-0.013304470106959343,-0.025245128199458122,-0.2452625334262848,-0.14100508391857147,-0.22264240682125092,0.057812970131635666,-0.09533897787332535,0.21924598515033722,-0.008203412406146526,-0.09314067661762238,0.031634002923965454,-0.09603463113307953,-0.16244566440582275,-0.1371714472770691,-0.03646230697631836,-0.005536503158509731,0.021711230278015137,-0.15930932760238647,-0.14718645811080933,-0.03159469738602638
IGLC7,0.013808583648984922,34,0.10676854103803635,0.0029437285847961903,-0.04439958930015564,-0.05021015182137489,,,-0.006802909076213837,0.018526339903473854,0.01493604201823473,0.014221946708858013,-0.06684566289186478,-0.04184531792998314,0.13076919317245483,0.08265692740678787,0.0801069363951683,0.10470637679100037,0.021714532747864723,-0.041976798325777054,0.06967650353908539,0.04793915897607803,0.05895910784602165,0.026668816804885864,0.02273062989115715,0.16440725326538086,0.0017093583010137081,0.04685242101550102,0.02559715136885643,-0.09786739200353622,-0.08031005412340164,-0.0924893319606781,-0.04550160467624664,-0.015637081116437912,0.0570492185652256,-0.11365808546543121,0.010277613066136837,0.05781802535057068
IKZF3,0.08883314340993012,36,-0.00042454080539755523,-0.09202759712934494,0.06569626927375793,0.13075141608715057,0.10683321207761765,0.0657791867852211,0.12670491635799408,0.05796258524060249,0.16421614587306976,0.1930532604455948,0.15384168922901154,0.15263745188713074,0.10750272870063782,0.21123339235782623,0.1451939046382904,0.23214173316955566,0.22778917849063873,0.3098902404308319,-0.015599106438457966,-0.021169034764170647,-0.07516073435544968,0.0007027200772427022,0.16431526839733124,0.13368025422096252,0.009007631801068783,0.06626228243112564,0.04296933114528656,0.029066208750009537,0.04464339092373848,0.07705336809158325,0.02169969119131565,0.05704454332590103,0.012549755163490772,0.11040988564491272,0.12171618640422821,0.060026347637176514
IL10RA,0.07186947632969047,36,0.06755275279283524,-0.04151776432991028,0.02987121418118477,-0.02922678366303444,0.10361641645431519,-0.0747516006231308,0.18167713284492493,0.30228251218795776,0.27410888671875,0.3141930103302002,0.20842981338500977,0.2782764136791229,0.05707663297653198,0.0079099265858531,-0.008724266663193703,-0.052362505346536636,0.14958350360393524,0.08600772172212601,0.026444872841238976,0.07662412524223328,-0.026331741362810135,-0.11763410270214081,-0.009224182926118374,0.07949477434158325,0.041992925107479095,0.0007842236664146185,0.09067100286483765,-0.011152678169310093,-0.008430770598351955,-0.0210471972823143,0.04839382320642471,0.06532623618841171,0.03363887220621109,0.17529179155826569,0.17865711450576782,0.10979904234409332
ILKAP,0.06412747502326965,36,-0.010714078322052956,0.059629496186971664,0.01551450788974762,0.04777540639042854,0.022912167012691498,0.15638957917690277,0.0720411092042923,0.06195443496108055,0.22410979866981506,0.17239035665988922,0.1316145658493042,0.11988690495491028,0.025091039016842842,0.04704299196600914,0.022354213520884514,0.13555216789245605,0.04545348882675171,0.07199692726135254,0.057551752775907516,0.1309652179479599,0.012384518049657345,0.1545974463224411,0.034793466329574585,-0.01243259385228157,-0.08170546591281891,-0.05349913612008095,0.04710320010781288,-0.06184891611337662,0.011947751976549625,-0.0167611762881279,0.11474838107824326,0.027394676581025124,0.12164928019046783,0.1325659602880478,0.09900118410587311,0.16913847625255585
INAFM1,-0.014906870205272248,36,-0.01838185451924801,-0.10441101342439651,0.029104163870215416,-0.051085278391838074,0.03259310871362686,0.004444117192178965,-0.01293084118515253,-0.05619489401578903,-0.018288156017661095,0.016727998852729797,-0.1483604609966278,-0.08914104104042053,0.0003631518629845232,0.13710372149944305,-0.06059965491294861,-0.12300658971071243,-0.007760251872241497,-0.019369790330529213,-0.10528766363859177,0.010164665058255196,-0.01568056456744671,0.08429747819900513,0.060687463730573654,-0.012885433621704578,0.10565691441297531,-0.04151136428117752,0.07395105063915253,-0.012823712080717087,-0.04091896489262581,-0.09602528810501099,-0.03482243791222572,0.01066118385642767,0.04806710407137871,0.035548750311136246,-0.08464266359806061,-0.03189028054475784
INPP4B,0.0305753479301024,36,-0.02063058502972126,0.13842913508415222,-0.031078077852725983,0.026859931647777557,0.0451551228761673,-0.029443632811307907,-0.08141794055700302,0.0459800623357296,0.08742014318704605,0.05499991774559021,0.09945324063301086,0.019344568252563477,0.12017545849084854,0.07666441798210144,-0.017221948131918907,0.0005511199706234038,0.040555767714977264,-0.0024272126611322165,0.13694430887699127,-0.010779031552374363,0.10674415528774261,0.07047981768846512,-0.023560769855976105,0.03310668095946312,0.008870718069374561,-0.08464951813220978,0.007374520413577557,0.018128855153918266,0.03904624655842781,-0.021889710798859596,0.00260318536311388,0.04831065237522125,0.02880629152059555,0.007698340341448784,0.04764758422970772,0.11246071010828018
INPP5D,0.05697819430174099,36,0.01301250234246254,-0.00737116951495409,-0.11256322264671326,-0.078160360455513,-0.0923011302947998,0.018288513645529747,0.20099219679832458,0.18298585712909698,0.12727436423301697,0.13635212182998657,0.10282368212938309,0.1998169720172882,0.015879346057772636,0.06792749464511871,0.08861587941646576,-0.13471853733062744,0.19953350722789764,-0.07843246310949326,-0.08408547937870026,0.03630773723125458,0.07135307788848877,0.04045208916068077,0.11113597452640533,-0.009917473420500755,0.05082232877612114,0.038638029247522354,0.10313539206981659,-0.0087125888094306,0.08294068276882172,0.02717449702322483,0.025854161009192467,0.06834620237350464,0.13858509063720703,0.16108392179012299,0.17138205468654633,0.17676374316215515
INPP5J,0.07752732173280998,36,0.09033165872097015,0.06235642358660698,-0.0063890330493450165,0.005388615187257528,0.11469246447086334,0.12632596492767334,0.17168579995632172,0.19072599709033966,0.10830754041671753,0.20940880477428436,0.2145867794752121,0.20692408084869385,0.004357299767434597,0.027279071509838104,0.07857334613800049,0.049229953438043594,0.05947195738554001,0.031004315242171288,0.0630730465054512,0.1819887012243271,0.08089986443519592,0.10597866773605347,0.028314238414168358,0.06087417155504227,-0.01384404581040144,0.019731182605028152,0.06185449659824371,0.02153758332133293,0.011487516574561596,0.040846530348062515,0.08189785480499268,0.019430987536907196,-0.009031986817717552,0.07016866654157639,0.0948687419295311,0.12664632499217987
INTS8,0.1709533822722733,36,0.09182868897914886,0.09033134579658508,0.07352267950773239,0.2049904316663742,0.12100290507078171,0.12148217111825943,0.1279342621564865,0.3685300946235657,0.31130558252334595,0.28568536043167114,0.31062212586402893,0.3787791430950165,0.20649969577789307,0.14234350621700287,0.2722306251525879,0.1797063946723938,0.11894875019788742,0.2099168300628662,0.175035297870636,0.31964319944381714,0.22530892491340637,0.30200329422950745,0.2491564154624939,0.25660333037376404,-0.07218267768621445,0.023468581959605217,-0.049821604043245316,0.043595172464847565,0.059846702963113785,0.10905655473470688,0.1681646704673767,0.15043200552463531,0.18669161200523376,0.18040503561496735,0.15121786296367645,0.0600367896258831
ISG15,0.01966749293367482,36,0.16173629462718964,0.11957213282585144,-0.017397549003362656,0.08477705717086792,-0.01612943224608898,-0.015539181418716908,0.11843536049127579,0.2114029973745346,0.042830098420381546,0.2007349133491516,0.0429447740316391,0.057279910892248154,0.006434138864278793,-0.053764671087265015,0.0682770237326622,-0.024029839783906937,0.07677149772644043,0.011688129976391792,-0.06631337851285934,-0.16868187487125397,-0.11533600836992264,0.004892316181212664,-0.05721212923526764,-0.04342636466026306,-0.016272738575935364,0.10477364808320999,0.05648278817534447,-0.034104250371456146,-0.02633855491876602,0.030646203085780144,0.004205402452498674,-0.028246769681572914,-0.09394866228103638,0.0385819636285305,-0.0014915629290044308,0.04379606246948242
ISLR,-0.024265732810211677,36,-0.008490401320159435,0.015042566694319248,0.03135562315583229,-0.018422894179821014,0.004393413662910461,-0.002539197914302349,-0.18823060393333435,-0.06708434969186783,-0.02297334186732769,-0.1483885645866394,-0.13763530552387238,-0.16921710968017578,0.08837917447090149,-0.035120029002428055,-0.031976182013750076,-0.013594178482890129,-0.03584962338209152,0.06538768857717514,0.03626270219683647,-0.00870529841631651,0.009982909075915813,0.009206428192555904,0.05426816642284393,0.08659009635448456,0.028730476275086403,-0.030178522691130638,0.018457883968949318,-0.04660361260175705,-0.007501504849642515,-0.04151773080229759,-0.05375772714614868,-0.060128506273031235,-0.060343287885189056,-0.05251821503043175,-0.09897448122501373,0.018127158284187317
ITGA5,0.05454913682640634,36,0.016031155362725258,-0.01593100093305111,0.07450124621391296,0.07295162975788116,-0.042624834924936295,-0.0499044694006443,0.03492371365427971,0.14669577777385712,0.14348581433296204,0.101171113550663,0.07456693798303604,0.09872596710920334,0.11038369685411453,0.05810290947556496,-0.01961970329284668,-0.115291528403759,0.12851732969284058,0.059982214123010635,0.060388218611478806,0.0915323942899704,0.060848578810691833,0.040562763810157776,0.08935687690973282,0.08469537645578384,-0.002706199651584029,-0.023682134225964546,-0.0062848348170518875,-0.0733850821852684,-0.01655740477144718,0.01347668282687664,0.16692134737968445,0.10414130240678787,0.13461406528949738,0.12974613904953003,0.12642799317836761,0.10700487345457077
ITGB4,0.09217601335452248,36,0.08293082565069199,0.11802909523248672,0.12429603189229965,0.013692453503608704,-0.01731145568192005,0.003614055458456278,-0.012773140333592892,0.15008415281772614,0.043042074888944626,0.06601094454526901,0.056464530527591705,0.0707969143986702,0.17640022933483124,0.20736004412174225,0.12894564867019653,0.1651908904314041,0.08151417970657349,0.09137152135372162,0.18587465584278107,0.17602357268333435,0.2083459496498108,0.252458393573761,0.07704678922891617,0.14371666312217712,0.07293066382408142,-0.0247352235019207,-0.11473449319601059,0.044982608407735825,0.04517609253525734,0.02810472995042801,0.08420095592737198,0.09324341267347336,0.09164499491453171,0.21298564970493317,0.07140814512968063,0.12000392377376556
ITGB6,0.22577187676021518,36,0.1261122226715088,0.15282316505908966,0.0954151600599289,0.12519100308418274,0.020456304773688316,0.0008304578950628638,0.20329290628433228,0.09631765633821487,0.1412472128868103,0.19305333495140076,0.062389351427555084,0.18930865824222565,0.35170069336891174,0.30068066716194153,0.21434126794338226,0.36031588912010193,0.23212830722332,0.34154900908470154,0.4170360863208771,0.4170949459075928,0.48486897349357605,0.4081529676914215,0.35104480385780334,0.30761420726776123,-0.03410730138421059,0.06068147346377373,0.01635831966996193,0.12219631671905518,0.19196179509162903,0.16957418620586395,0.2828995883464813,0.3157389461994171,0.31293779611587524,0.3751882314682007,0.44998884201049805,0.27140411734580994
ITSN1,-0.0001001116179395467,36,0.07021760940551758,-0.03476893529295921,0.09543514251708984,-0.001484819920733571,0.020547468215227127,0.027629414573311806,0.07068902254104614,-0.11477077007293701,-0.030463945120573044,-0.05813894793391228,-0.07445059716701508,-0.0518137663602829,0.07970253378152847,-0.04999294504523277,0.13491778075695038,-0.044378187507390976,0.013071517460048199,-0.08540162444114685,-0.013360677286982536,-0.02296147309243679,0.01751899905502796,-0.06612450629472733,-0.052329011261463165,-0.025333769619464874,0.045188434422016144,-0.04719649627804756,0.04549117758870125,0.09221861511468887,0.004304997157305479,0.01212055142968893,0.07426267117261887,0.0017489705933257937,0.011257448233664036,-0.04572746902704239,-0.0027850097976624966,0.0015565792564302683
JAG2,0.06914533497345271,36,0.012203686870634556,-0.0015886826440691948,0.0969424843788147,-0.055706869810819626,-0.0015312987379729748,-0.02890060842037201,0.08572006225585938,0.14534784853458405,0.17162685096263885,0.22549870610237122,0.203654944896698,0.09758495539426804,-0.03845797851681709,-0.016058888286352158,-0.18303625285625458,0.044030070304870605,0.03575427085161209,0.0008505000150762498,0.10551439225673676,0.18038234114646912,0.1368277668952942,0.07711631059646606,0.13389424979686737,0.1502918303012848,0.04954281821846962,-0.06647014617919922,0.0668141096830368,0.00560201657935977,0.0268997959792614,-0.04375345632433891,0.15888497233390808,0.126668319106102,0.12368827313184738,0.19647911190986633,0.16436262428760529,0.10255292803049088
JAK1,0.05067262486813383,36,0.04321073740720749,0.035280175507068634,-0.005213752388954163,0.021527165547013283,-0.05733085423707962,-0.005671907216310501,0.03331046923995018,-0.0836993083357811,0.07686896622180939,-0.056864380836486816,-0.055877309292554855,-0.10482141375541687,0.1800929605960846,0.14520396292209625,0.13298767805099487,0.013776430860161781,0.16306167840957642,0.12893450260162354,0.028237812221050262,0.0047737169079482555,0.1367066353559494,0.09412884712219238,-0.027134070172905922,0.12440409511327744,0.05421469733119011,0.023135939612984657,-0.08602578192949295,-0.01698967069387436,-0.042654894292354584,-0.04367738217115402,0.18887834250926971,0.26365214586257935,0.22434528172016144,0.06551570445299149,0.16103778779506683,0.06688948720693588
JAK3,0.07016214199959198,36,-0.10213638842105865,-0.10133541375398636,-0.03802529349923134,-0.13915905356407166,0.1844814419746399,-0.14971202611923218,0.19805476069450378,0.26304346323013306,0.1734846532344818,0.2393825799226761,0.17802894115447998,0.28419625759124756,0.04513433948159218,0.11039041727781296,0.07848227769136429,0.12858113646507263,0.11032930761575699,-0.11228801310062408,0.027187660336494446,0.09285564720630646,0.01783984899520874,-0.0023745803628116846,0.010713605210185051,0.06416168063879013,0.026656823232769966,0.027623530477285385,0.044397950172424316,0.03701641783118248,-0.012377813458442688,-0.026625731959939003,0.10494576394557953,0.050846848636865616,0.043772876262664795,0.20486684143543243,0.28476983308792114,0.17862652242183685
JCHAIN,-0.050304108829651445,36,-0.016184382140636444,-0.002978795673698187,0.09693609178066254,-0.01328412164002657,0.07850763946771622,0.02555740252137184,-0.07996157556772232,-0.03408665210008621,-0.11248183995485306,-0.24951089918613434,-0.1793248951435089,-0.049702905118465424,-0.10327380895614624,-0.09642303735017776,-0.0058473460376262665,0.0332149937748909,0.03779708221554756,-0.026063842698931694,-0.015155039727687836,0.1347041130065918,0.07246772199869156,-0.04524516686797142,-0.151874378323555,-0.1640290915966034,0.04227154329419136,0.044741299003362656,-0.06695035099983215,0.00909364502876997,-0.08276040107011795,0.008811105974018574,-0.04820387437939644,-0.10370301455259323,-0.043093979358673096,-0.18529297411441803,-0.2600281238555908,-0.2595900595188141
JMJD6,0.10983779459881286,36,0.06788626313209534,0.03007657080888748,0.042581941932439804,0.12980633974075317,0.10838550329208374,0.04488823190331459,0.15002867579460144,0.05248638242483139,0.1129547581076622,0.08743156492710114,0.2552866041660309,0.3203637897968292,0.04739391803741455,0.1672493815422058,0.15371651947498322,0.10561074316501617,0.06033778935670853,0.2230854481458664,0.11403953284025192,0.21759597957134247,0.10975290834903717,0.2039617896080017,0.17997702956199646,0.2095470279455185,0.0217401385307312,0.10330300778150558,0.025788545608520508,-0.017962440848350525,-0.03511040285229683,0.004529562778770924,0.1563199907541275,0.14239689707756042,0.0872117355465889,0.03296555206179619,0.16585920751094818,0.07267411798238754
KAT6B,0.02849918929213244,36,0.017215799540281296,0.013381034135818481,0.05554187297821045,0.014805350452661514,0.06998858600854874,-0.021516621112823486,-0.012545254081487656,0.11035241186618805,0.07654017210006714,0.10770603269338608,0.0006224073003977537,0.07280728220939636,0.08336590975522995,0.046759624034166336,-0.005050536710768938,0.0076795658096671104,-0.021174460649490356,0.08490272611379623,0.1631293147802353,0.08838494122028351,-0.020020093768835068,0.018572673201560974,0.04342188686132431,0.047871869057416916,0.015380875207483768,0.03717886656522751,-0.04732261970639229,-0.011887469328939915,-0.007182474713772535,-0.02613157406449318,-0.032230958342552185,0.023609958589076996,-0.038896527141332626,0.010947942733764648,0.018600521609187126,0.041161779314279556
KATNA1,0.08020427557251726,36,-0.044237807393074036,0.07968687266111374,0.06679464876651764,0.13698002696037292,0.009951135143637657,0.09465325623750687,0.1407003253698349,0.38402554392814636,0.08798371255397797,0.2858060896396637,-0.008410649374127388,0.24832792580127716,0.13562338054180145,0.13734522461891174,-0.13771426677703857,0.07640911638736725,-0.009001732803881168,-0.017858460545539856,0.015971975401043892,0.10601421445608139,0.12778609991073608,0.002141359494999051,0.06427019834518433,0.00527239590883255,0.009788630530238152,0.05497629567980766,0.06496022641658783,0.065465547144413,0.04705754294991493,0.0060921115800738335,0.08139023184776306,0.11254260689020157,0.03840341418981552,0.09032769501209259,0.18819934129714966,0.13962969183921814
KCNAB2,0.05251550185494125,36,0.004490915220230818,-0.017593899741768837,0.07554113119840622,-0.04575658217072487,0.051344744861125946,0.01472793985158205,0.057390034198760986,0.2528521716594696,0.1132333055138588,0.28854116797447205,0.18134324252605438,0.08806674182415009,-0.018560245633125305,-0.017734576016664505,-0.11019904166460037,-0.004691106732934713,0.15552031993865967,-0.04579414054751396,-0.06823740154504776,0.08410940319299698,0.0705631822347641,0.013915076851844788,0.014960373751819134,0.07637537270784378,0.03275437653064728,0.06265975534915924,0.07178423553705215,-0.02318068966269493,0.011379381641745567,-0.01454158779233694,0.053174905478954315,0.09824509918689728,0.06130409240722656,0.16934232413768768,0.06664996594190598,0.08657807856798172
KCTD10,0.12758617294538352,36,0.10501105338335037,0.04225444048643112,0.0915188267827034,0.01425581332296133,0.11483117192983627,0.026269929483532906,0.16426311433315277,0.1817788928747177,0.2851584851741791,0.31284093856811523,0.26560986042022705,0.271069198846817,0.10899675637483597,0.21088407933712006,0.09426316618919373,0.0877460241317749,0.1734304577112198,0.21648283302783966,0.17639823257923126,0.2656611502170563,0.17225073277950287,0.21835170686244965,0.09205629676580429,0.11594416201114655,0.016273953020572662,0.01563822291791439,-0.06546640396118164,0.027933483943343163,-0.012733939103782177,-0.020399920642375946,0.17099517583847046,0.08976530283689499,0.12304883450269699,0.1377984583377838,0.12380050867795944,0.1791212260723114
KDM4B,0.17663171822237522,36,0.1396906077861786,0.04258519783616066,0.11957045644521713,0.10748813301324844,-0.03217267617583275,0.10153751075267792,0.19768640398979187,0.34302622079849243,0.41186171770095825,0.28139057755470276,0.30611860752105713,0.37009963393211365,0.3548487722873688,0.23032236099243164,0.3290375769138336,0.20442737638950348,0.16941826045513153,0.2578620910644531,0.1514010727405548,0.20729802548885345,0.22549906373023987,0.2800837755203247,0.1889280080795288,0.15333829820156097,0.01647343672811985,0.08925735205411911,0.07607840746641159,0.00016279402188956738,0.05263745039701462,-0.0004896763130091131,0.08641291409730911,0.144588902592659,0.13348031044006348,0.23644205927848816,0.252976655960083,0.1293741762638092
KIAA0895L,0.10863131943107066,36,-0.0363365039229393,0.037549663335084915,0.10538174211978912,0.05121514946222305,0.028826573863625526,0.07934091240167618,0.3186447322368622,0.19296029210090637,0.24512600898742676,0.20596860349178314,0.09710763394832611,0.18161006271839142,0.2164747565984726,0.0609891302883625,0.1679999828338623,0.055977120995521545,0.1359311044216156,0.10170387476682663,0.1421022266149521,0.06754472851753235,0.11803612858057022,0.2435978204011917,0.17640700936317444,0.07073470205068588,0.008125130087137222,0.026600748300552368,0.056830525398254395,0.024066511541604996,-0.004243797156959772,0.011645152233541012,0.15081582963466644,0.044117409735918045,0.11421068012714386,0.14312982559204102,0.1627800166606903,0.10775601118803024
KIAA1211L,0.038243400650875024,36,0.03069796785712242,0.029419023543596268,0.0478643961250782,0.04537493735551834,0.09408918023109436,0.026065442711114883,0.06485527753829956,0.06706877052783966,0.025218753144145012,-0.0030946582555770874,0.07307382673025131,0.06640700250864029,0.10399026423692703,-0.018736761063337326,-0.01590796560049057,0.048109088093042374,0.072691909968853,0.06866798549890518,0.10561617463827133,0.07641533017158508,-0.002437397837638855,0.13118280470371246,0.05107828602194786,0.06477836519479752,0.015955502167344093,0.002231223275884986,-0.04310322925448418,-0.04834436625242233,-0.04804997518658638,0.02418464981019497,-0.02199515514075756,0.04455522447824478,0.04642052948474884,0.028658311814069748,0.10209206491708755,0.02166963927447796
KIAA1217,0.042000277226583824,36,0.08508516848087311,0.06128189340233803,-0.005668492056429386,-0.040215395390987396,0.13225790858268738,-0.03160720691084862,-0.136651873588562,-0.0247039832174778,-0.12444961071014404,-0.08064915984869003,-0.07526741921901703,-0.08170626312494278,-0.05359618738293648,0.022702788934111595,0.08341483026742935,-0.04936312139034271,0.2548151910305023,0.056707218289375305,0.08688996732234955,-0.00833421852439642,0.18407967686653137,0.19045011699199677,0.01667395792901516,0.10001323372125626,-0.017580129206180573,0.06511646509170532,-0.035398393869400024,-0.013632286339998245,-0.05171706900000572,-0.020638713613152504,0.1811840683221817,0.150967076420784,0.1675346940755844,0.13884025812149048,0.19256731867790222,0.19260767102241516
KIAA1468,0.06357035983657827,36,0.018430890515446663,0.18749816715717316,-0.007927501574158669,0.04725828766822815,0.040210288017988205,0.05606655776500702,0.02314896509051323,0.14095108211040497,-0.0035317111760377884,0.06739773601293564,0.010460104793310165,-0.04007970169186592,0.20795294642448425,0.10710503160953522,0.08671863377094269,0.12086288630962372,0.06309634447097778,0.12291794270277023,0.06532535701990128,0.14147447049617767,0.0002928681788034737,0.05113906040787697,0.13279730081558228,0.047814615070819855,0.07991091161966324,-0.07711255550384521,0.0014269888633862138,0.03557050973176956,-0.004399726167321205,0.04070282727479935,0.15640023350715637,0.02199638821184635,0.06441490352153778,0.0626557245850563,0.13984298706054688,0.07974313944578171
KIAA1715,0.10583346989005804,36,0.06337030231952667,0.161162868142128,0.0343678779900074,0.023877684026956558,0.03134726360440254,0.06831414252519608,0.14306488633155823,0.16718998551368713,0.25367337465286255,0.1100744754076004,0.14346995949745178,0.0919286459684372,0.14942559599876404,0.1676882803440094,0.19995097815990448,0.23265427350997925,0.16480430960655212,0.19016751646995544,0.11296296119689941,0.11747203767299652,0.008489657193422318,0.12694424390792847,0.137070894241333,0.15491564571857452,-0.02807845175266266,-0.03997061774134636,0.03979020193219185,0.06754311174154282,0.062055569142103195,-0.0353163406252861,0.07629665732383728,0.24166427552700043,0.0903017669916153,0.0739004835486412,0.11310510337352753,0.09432529658079147
KIF13B,0.07578574315508983,36,0.032639238983392715,0.21339218318462372,0.007659170776605606,-0.006934500299394131,-0.0466340146958828,0.038864776492118835,-0.05844666063785553,0.1390848308801651,0.23144428431987762,0.1974938064813614,0.21660439670085907,0.11519380658864975,0.11054030805826187,0.1065942645072937,-0.020834123715758324,0.2123328596353531,0.1260671466588974,0.19871501624584198,0.1088898554444313,-0.0439034178853035,0.075162373483181,0.09197372943162918,0.11690565943717957,0.014256253838539124,0.011617613956332207,0.000761982228141278,0.003359702415764332,0.03215464577078819,0.017172792926430702,-0.012898427434265614,0.044857922941446304,0.07860759645700455,0.09700765460729599,0.07993654161691666,0.1335502564907074,0.06509722769260406
KIF2C,0.04889326110585696,36,-0.01784941367805004,0.07793079316616058,0.16917099058628082,-0.013850241899490356,-0.05190904811024666,0.07415354996919632,0.0543268658220768,0.14189352095127106,0.07937737554311752,0.07700099050998688,0.1564272940158844,0.10804174095392227,0.05104166269302368,0.03483397513628006,0.057057321071624756,0.05561356246471405,-0.04032031446695328,-0.03512950614094734,0.032105255872011185,0.0626874566078186,0.10716463625431061,0.13021400570869446,0.02956039272248745,-0.015754476189613342,0.06388337165117264,0.005445295013487339,0.08332420885562897,0.033213697373867035,-0.07549669593572617,0.04046698659658432,0.1356942355632782,-0.0035390183329582214,0.0395810566842556,0.0566302165389061,0.11503875255584717,-0.05787309631705284
KLF9,0.05934628425166011,36,0.06434299796819687,0.0903756245970726,0.08269369602203369,0.033861108124256134,-0.00875774770975113,0.13021960854530334,0.22261323034763336,0.08321558684110641,0.1377233862876892,0.14333420991897583,0.09331833571195602,0.11313353478908539,0.051213618367910385,0.011442262679338455,0.058761902153491974,-0.052092138677835464,0.13402380049228668,0.10899164527654648,0.03690892830491066,0.08166215568780899,0.09498108178377151,0.15049149096012115,0.13457602262496948,0.07450342923402786,-0.04005543515086174,0.05461858585476875,-0.06626911461353302,-0.040750652551651,0.01410345733165741,-0.03435569629073143,0.01679088920354843,-0.10323633253574371,0.088311567902565,0.027116337791085243,0.10193925350904465,0.04671560227870941
KMT2B,0.17884227912226278,36,0.05493598431348801,0.14292261004447937,0.17907068133354187,0.04046747833490372,0.08216065913438797,0.003558674594387412,0.28542256355285645,0.39637982845306396,0.26002123951911926,0.3089967370033264,0.4484122693538666,0.427267462015152,0.20063912868499756,0.22207418084144592,0.11455374956130981,0.15747693181037903,0.21875929832458496,0.195786714553833,0.028808871284127235,0.18318091332912445,0.22384195029735565,0.17785491049289703,0.19477060437202454,0.19364050030708313,0.029842710122466087,0.0384599044919014,0.050370071083307266,0.0777960792183876,0.024899797514081,0.015033993870019913,0.17282231152057648,0.22336247563362122,0.2255951464176178,0.22671127319335938,0.3516801595687866,0.2607441842556
KMT2E,-0.013843196120837497,36,0.011188958771526814,0.1289113163948059,-0.043088532984256744,-0.011391870677471161,0.03526013344526291,0.12323572486639023,-0.11889950186014175,-0.03028501756489277,0.007831655442714691,-0.004747026599943638,-0.03954104706645012,-0.159029021859169,0.06489811837673187,-0.039140354841947556,-0.06400490552186966,-0.08808499574661255,-0.017367342486977577,0.08877695351839066,0.05657530575990677,-0.015615837648510933,0.04795357584953308,0.06446117907762527,0.016823163256049156,0.057226814329624176,0.006356109399348497,0.027620691806077957,-0.04515894502401352,0.022258302196860313,-0.008059654384851456,-0.02570788934826851,-0.060832682996988297,-0.01685713790357113,-0.028930537402629852,-0.15506812930107117,-0.1364763379096985,-0.1494462937116623
KPNB1,0.09933697287407187,36,0.10062479972839355,-0.07458361983299255,0.0836513340473175,0.049984924495220184,0.13438276946544647,0.08960755914449692,0.10040438175201416,0.20450465381145477,0.051301341503858566,0.20204220712184906,0.153583362698555,0.2652050256729126,0.0942145586013794,0.08495748043060303,0.15012624859809875,0.16272982954978943,0.21286287903785706,0.04061424359679222,0.07825490832328796,0.11202532052993774,0.17641909420490265,0.1323680728673935,0.04551531746983528,0.06165311858057976,0.027251286432147026,0.03494981676340103,0.0331970676779747,0.025522183626890182,-0.014992590993642807,-0.014874940738081932,0.08724113553762436,0.16625967621803284,0.10295101255178452,0.07297258824110031,0.16288958489894867,0.18031439185142517
KRAS,0.05037811216768912,36,0.028520995751023293,0.08979563415050507,0.17895708978176117,0.10879122465848923,0.060956865549087524,0.04549261927604675,-0.10545364767313004,-0.15115885436534882,-0.1596221923828125,-0.055651258677244186,-0.11808745563030243,-0.04268433898687363,0.0024430472403764725,0.1922309547662735,0.11165353655815125,0.1105993390083313,0.15784892439842224,0.1954946666955948,0.11998221278190613,0.1647455245256424,0.06109647452831268,0.0742044448852539,0.08796154707670212,0.16080909967422485,-0.052165888249874115,-0.04872326925396919,-0.019841890782117844,0.003142783185467124,-0.031560562551021576,0.00935305655002594,0.13211530447006226,0.11157047748565674,0.0951034352183342,0.09044402092695236,0.14188173413276672,0.06336638331413269
KRT10,0.1375391331061514,36,-0.055514462292194366,0.04513917863368988,0.16946415603160858,-0.004467003513127565,0.05332726985216141,0.13685652613639832,0.25306054949760437,0.27361544966697693,0.25708523392677307,0.3450138568878174,0.3296934962272644,0.33169785141944885,0.08458048105239868,0.2662000358104706,0.13939008116722107,0.17215432226657867,0.15177766978740692,0.14444509148597717,0.16872350871562958,0.17814019322395325,0.10556238889694214,0.24710851907730103,0.05339663103222847,0.21267063915729523,-0.08129671961069107,-0.02634374611079693,0.03346945717930794,0.04335648939013481,0.011369256302714348,-0.033755019307136536,0.1613963395357132,0.0769743025302887,0.1466083973646164,0.2284722775220871,0.16475826501846313,0.16727782785892487
KRT14,-0.03583165501583029,22,-0.12041500210762024,-0.024322576820850372,-0.11347277462482452,-0.009804652072489262,-0.040925756096839905,0.007378337439149618,-0.028460944071412086,-0.02111450582742691,-0.08484888076782227,-0.16068577766418457,-0.017474183812737465,-0.11966601014137268,,,,,,,,,,,,,,-0.014468182809650898,,0.00826179701834917,0.017690321430563927,-0.022446276620030403,0.07526891678571701,-0.03125463053584099,0.019832303747534752,-0.043496351689100266,-0.039949990808963776,-0.02392159029841423
KRT17,-0.016752862101687544,36,-0.0362921878695488,-0.11309900879859924,-0.08533015102148056,-0.026230167597532272,0.09282445162534714,0.006525903474539518,0.08037225157022476,-0.03715194761753082,-0.005507517606019974,0.04130030423402786,-0.023892313241958618,-0.056199368089437485,-0.1280912309885025,0.12154345959424973,-0.09224432706832886,-0.012703587301075459,0.005563424434512854,-0.011858886107802391,-0.042589832097291946,-0.024325398728251457,0.11445824056863785,0.0015271581942215562,-0.11091224104166031,-0.15281696617603302,-0.018605642020702362,-0.1099420040845871,0.021045854315161705,0.030067525804042816,0.026075417175889015,0.013169912621378899,-0.02153944782912731,-7.650460611330345e-05,0.010043357498943806,-0.009070842526853085,0.011794605292379856,-0.060935329645872116
KRT5,0.0010323573912804326,30,-0.004637834150344133,0.025066561996936798,-0.005506688728928566,0.041407812386751175,-0.03792625293135643,0.016157669946551323,0.060747332870960236,0.054227832704782486,0.07558862864971161,0.14491283893585205,0.11242411285638809,-0.005727313458919525,,,-0.014970166608691216,-0.054416876286268234,,-0.12493942677974701,,-0.08254948258399963,0.026148119941353798,-0.010935146361589432,,,0.02958070859313011,0.012579739093780518,0.02982969395816326,-0.03068351186811924,-0.011469858698546886,-0.0023909856099635363,0.028233328834176064,-0.11463504284620285,-0.04176178574562073,0.011148156598210335,0.010087449103593826,-0.10461889207363129
KRT8,0.15229482596947086,36,0.16293539106845856,0.0262154471129179,0.08814970403909683,-0.044892340898513794,0.010491322726011276,0.028493234887719154,0.1129472628235817,0.3131745159626007,0.2063131332397461,0.22612479329109192,0.17901204526424408,0.3428589701652527,0.28697115182876587,0.1304994523525238,0.24156183004379272,0.14669789373874664,0.06049857288599014,0.24827973544597626,0.22218525409698486,0.3420591950416565,0.27622291445732117,0.2704814374446869,0.0857413113117218,0.16354425251483917,-0.034818049520254135,-0.06483495235443115,0.008995735086500645,0.008182153105735779,-0.0064769284799695015,-0.018059279769659042,0.22601710259914398,0.20470839738845825,0.24644413590431213,0.2942690849304199,0.2821335196495056,0.20948633551597595
KRT86,0.01613785477174032,36,0.00480179488658905,0.02371964603662491,0.07282007485628128,-0.05269310995936394,-0.03869282826781273,0.09452404826879501,-0.13563406467437744,-0.0932319313287735,-0.07641766965389252,-0.043738968670368195,-0.026457378640770912,-0.012839262373745441,-0.08009836822748184,0.10668632388114929,0.06064483895897865,-0.01651752181351185,0.06881344318389893,0.04546710476279259,0.11114801466464996,-0.03290162980556488,0.031240321695804596,0.0037627655547112226,0.03976013511419296,0.11926563829183578,0.04934520646929741,0.07115165144205093,-0.011539271101355553,0.005647812504321337,-0.006536421366035938,-0.008579847402870655,0.011871830560266972,0.08677606284618378,0.007289956323802471,0.055240366607904434,0.05832074210047722,0.08854326605796814
LAMB2,0.07290336976034774,36,-0.04407217726111412,-0.006340831518173218,0.11406382918357849,0.030587537214159966,-0.05293971300125122,0.09184587001800537,0.0664227306842804,0.17433814704418182,0.03139421343803406,0.2650904655456543,0.10928516834974289,0.10302220284938812,0.034069642424583435,0.03770507499575615,0.029553459957242012,-0.02782130055129528,-0.02640862762928009,0.07839620113372803,0.05294417962431908,0.043973907828330994,0.04409428685903549,0.15286867320537567,0.0982675552368164,0.08202055096626282,0.009756502695381641,-0.015317021869122982,0.05167437717318535,-0.012496773153543472,-0.04868140071630478,-0.047347292304039,0.13249465823173523,0.19396929442882538,0.187022402882576,0.23028020560741425,0.27979159355163574,0.18101371824741364
LAMTOR2,0.1404268222567124,36,0.06163117662072182,-0.056809231638908386,0.06125222519040108,0.042821601033210754,0.014763698913156986,0.02359294332563877,0.2390657365322113,0.37153324484825134,0.2383495420217514,0.483407199382782,0.26976072788238525,0.2390337437391281,0.2508777976036072,0.2324140965938568,0.20225970447063446,0.0799005925655365,0.130226731300354,0.07751238346099854,0.1396009922027588,0.25457900762557983,0.22258177399635315,0.21333853900432587,0.29269376397132874,0.09613843262195587,0.005277757067233324,-0.029810504987835884,-0.05649583041667938,-0.1030317097902298,-0.023385995998978615,-0.00011270664253970608,0.15977975726127625,0.2464633733034134,0.28052282333374023,0.16207082569599152,0.15343080461025238,0.08013058453798294
LANCL1,0.015460888699938854,36,0.06829617917537689,-0.04490513727068901,0.04601826146245003,0.13317464292049408,0.0423719696700573,0.027055395767092705,-0.09025994688272476,-0.2139885276556015,-0.01895134523510933,-0.08392425626516342,-0.15324530005455017,-0.21103473007678986,-0.08422479778528214,0.12968194484710693,0.1210748553276062,-0.028159406036138535,-0.045711059123277664,-0.02816709689795971,0.08574449270963669,0.14659394323825836,0.0038272636011242867,0.006396167911589146,0.08097194135189056,0.13599105179309845,0.01995421014726162,0.03024429641664028,-0.0206168033182621,-0.06152743101119995,0.023598456755280495,-0.03109644167125225,0.044637810438871384,0.12343516200780869,0.15335990488529205,0.10280470550060272,0.06609472632408142,0.08107689023017883
LARP1B,0.07208635467880715,36,0.1557646244764328,0.1215583086013794,-0.015496359206736088,0.024350740015506744,-0.026238350197672844,0.08935777097940445,0.19466137886047363,0.05786558613181114,0.1827940195798874,0.2854328751564026,0.3106536567211151,0.24023748934268951,0.07639995962381363,-0.028788050636649132,0.14651668071746826,0.2406325787305832,0.030608173459768295,0.03086066246032715,0.012812393717467785,-0.0383782684803009,0.19077841937541962,-0.019717946648597717,0.07531476765871048,0.004172406625002623,-0.017864959314465523,0.017806535586714745,-0.08312424272298813,0.001620742492377758,0.0336560383439064,-0.016834085807204247,-0.06400968879461288,0.10551705211400986,0.06438682973384857,0.04706558212637901,0.05624261870980263,0.10849282890558243
LARP7,0.048468338878592476,36,0.041328392922878265,0.08640606701374054,0.0590544268488884,0.0008403252577409148,-0.00540490448474884,-0.04463008791208267,0.03484022244811058,0.07523869723081589,0.0711851567029953,0.04069950804114342,0.1054823026061058,0.08524521440267563,0.08456007391214371,0.10322441905736923,-0.05209102854132652,0.07131438702344894,0.10556407272815704,0.08716604113578796,0.04390069097280502,-0.021458111703395844,0.01647340878844261,0.1124362125992775,0.05494103208184242,0.08663380891084671,-0.021936044096946716,-0.027145273983478546,0.013119269162416458,0.044427551329135895,-0.005239122547209263,0.050926290452480316,0.15391655266284943,0.030403627082705498,0.03589939698576927,0.04451965540647507,0.0824228972196579,0.10059507191181183
LCK,0.03547601686376664,36,-0.08837659657001495,-0.010434416122734547,0.03745429217815399,-0.036191534250974655,-0.1426878422498703,0.037662941962480545,0.22003208100795746,0.15462501347064972,0.1909014880657196,0.14058052003383636,0.11417188495397568,0.18616831302642822,0.08550411462783813,-0.04591545835137367,0.03818371146917343,0.06518767774105072,0.007781246677041054,-0.19192203879356384,-0.02921462617814541,-0.05760665982961655,0.008106069639325142,0.0020099347457289696,0.03563173860311508,0.06811761856079102,-0.07633546739816666,0.07408836483955383,0.01279076561331749,-0.05059182643890381,0.01864374428987503,-0.01837369240820408,0.050342053174972534,0.07157371193170547,0.14042282104492188,0.10730927437543869,0.08418934047222137,0.07330804318189621
LCP1,0.10200373637619325,36,-0.07917016744613647,-0.06781907379627228,-0.018481148406863213,-0.11726189404726028,-0.0478082112967968,-0.04274695739150047,0.1337732970714569,0.19243884086608887,0.17178000509738922,0.237199604511261,0.1228194609284401,0.41869819164276123,0.31129348278045654,0.2610599994659424,0.24822524189949036,0.2587343752384186,0.20071470737457275,0.32919949293136597,0.0030179370660334826,0.021373875439167023,-0.011779715307056904,-0.02945680357515812,-0.008008722215890884,0.11851035803556442,0.0622013583779335,-0.008044696412980556,0.03207581862807274,0.01770271733403206,0.02321571484208107,0.008597270585596561,0.06005768105387688,0.03774036467075348,0.10180125385522842,0.20911654829978943,0.2989337742328644,0.2224305272102356
LGALS1,0.027279774115110438,36,0.08775346726179123,-0.024741794914007187,0.033638108521699905,0.054717447608709335,-0.0343208983540535,-0.02266964130103588,-0.05095818638801575,-0.23983898758888245,-0.041315123438835144,-0.2317529022693634,0.017769956961274147,-0.20657813549041748,0.03415874019265175,-0.06831175088882446,0.15268851816654205,0.08123280107975006,0.07912367582321167,0.009172428399324417,0.09326022118330002,0.14845402538776398,0.23056457936763763,0.1776982843875885,0.028688088059425354,0.24879190325737,0.07030326128005981,0.05409577116370201,0.029576744884252548,0.07141456753015518,0.0689660981297493,0.07244405150413513,-0.049937330186367035,0.01410845946520567,-0.09935617446899414,0.06462367624044418,0.05592453107237816,0.07268338650465012
LIMCH1,0.0701527227776953,36,0.011294152587652206,0.16223374009132385,-0.0055549913085997105,0.06501329690217972,0.02411085180938244,-0.008546847850084305,0.0018283221870660782,0.08072060346603394,0.014755887910723686,0.07416950911283493,0.030390894040465355,-0.008076070807874203,0.09228311479091644,0.07566490024328232,0.21405509114265442,0.13725581765174866,0.13630107045173645,0.1878492683172226,0.08301452547311783,0.26593682169914246,0.08344366401433945,0.1769884079694748,0.16287517547607422,0.05753656104207039,-0.01463045459240675,-0.014500477351248264,-0.016955019906163216,0.03980918228626251,0.01682700403034687,-0.05603283643722534,0.1187940314412117,0.06127791479229927,0.0630534365773201,0.03553595021367073,0.11376915872097015,0.06300636380910873
LIMK1,0.10697708812141274,36,0.017886070534586906,-0.04522101208567619,0.07388068735599518,0.05747302621603012,-0.13338293135166168,0.09542154520750046,0.1372523456811905,0.16676700115203857,0.07917218655347824,0.20242874324321747,0.12023631483316422,0.29127076268196106,0.12363763898611069,0.1667412966489792,0.02507668361067772,-0.009369834326207638,0.08824338018894196,0.2505045533180237,0.20877966284751892,0.2553797960281372,0.18852747976779938,0.23835478723049164,0.10889140516519547,0.2216886729001999,-0.03569215163588524,0.0011955556692555547,0.0142310606315732,-0.09684436023235321,0.04273988679051399,-0.04104459658265114,0.16455765068531036,0.2246413230895996,0.15088540315628052,0.11194947361946106,0.2088894248008728,0.17602623999118805
LINC00176,0.05173372659191955,36,-0.05768881365656853,0.01437948364764452,-0.055090490728616714,0.027816167101264,0.0318823978304863,-0.03926314041018486,-0.0016280312556773424,0.14188355207443237,0.06487483531236649,0.21273580193519592,0.1088053286075592,0.1904306709766388,0.12855017185211182,-0.026539271697402,0.011729666031897068,0.234700545668602,0.031325824558734894,0.046147994697093964,-0.021598543971776962,0.1527528315782547,0.04648030549287796,0.07375742495059967,0.07091245800256729,0.15208502113819122,-0.06265124678611755,-0.007928338833153248,-0.0009560647304169834,0.012773636728525162,0.0014594115782529116,-0.03589385747909546,0.026143407449126244,0.10195949673652649,0.055042944848537445,0.07390332221984863,0.07729075849056244,0.08182849735021591
LINGO1,0.05440213299755539,35,-0.11049308627843857,0.026931991800665855,0.07046914845705032,-0.03033009171485901,0.07951775193214417,0.06459823995828629,0.12215862423181534,0.12627683579921722,-0.005135511048138142,0.0048273783177137375,,0.035183195024728775,0.04262847453355789,0.0433402918279171,-0.05368012562394142,0.1167464479804039,0.1482623964548111,-0.029312560334801674,0.13861966133117676,0.09094926714897156,0.18165774643421173,0.11142326891422272,0.03220929950475693,0.11761532723903656,-0.01356582436710596,0.012433439493179321,0.019917134195566177,0.07089600712060928,0.001431516371667385,0.022034240886569023,0.042188286781311035,0.1743651181459427,0.07678031921386719,0.10517728328704834,0.05298391729593277,0.014969244599342346
LLGL1,0.04105498151653188,36,0.017367227002978325,0.007301677018404007,-0.008500461466610432,-0.016667544841766357,0.08596360683441162,0.007488658186048269,0.04084326699376106,0.045685961842536926,-0.020820777863264084,0.08680958300828934,0.09742642939090729,0.04674443230032921,0.014388847164809704,0.21066823601722717,0.001055711298249662,0.0009001760627143085,0.039826709777116776,0.039956748485565186,0.04858836159110069,0.0633123591542244,0.07719024270772934,0.08535453677177429,0.09388299286365509,0.16290906071662903,-0.01646345853805542,0.046041667461395264,-0.0418442040681839,-0.05202922970056534,-0.021965181455016136,-0.018903112038969994,0.16104283928871155,0.04288395494222641,-0.011160510592162609,0.10894372314214706,0.07694040238857269,-0.02318359725177288
LMF1,0.04979890623342145,36,0.09263614565134048,0.0824178159236908,0.047672856599092484,-0.08936423808336258,-0.008051606826484203,0.12860722839832306,0.06699270009994507,0.02295668050646782,0.07243568450212479,0.1203967034816742,0.13449887931346893,0.1618976593017578,0.12115291506052017,0.00442291097715497,0.03165574371814728,0.006425716448575258,-0.007735418155789375,0.21181710064411163,-2.398302740402869e-06,0.07628092169761658,-0.017131712287664413,0.1102897897362709,-0.02321805991232395,0.08583831042051315,0.03163432329893112,-0.16172711551189423,0.0704483911395073,-0.028652409091591835,0.02201244793832302,-0.04537640139460564,0.08241923153400421,0.07276586443185806,0.13966448605060577,0.03956574946641922,0.08845487236976624,0.04865885525941849
LMNA,-0.021896273460394394,36,0.09137967228889465,-0.04487411677837372,0.028568198904395103,0.04572362080216408,0.008384651504456997,0.037791840732097626,-0.02370402403175831,-0.15391623973846436,-0.07708325982093811,-0.11058429628610611,-0.028922853991389275,-0.06722767651081085,0.04413095489144325,0.04041618853807449,0.028933821246027946,-0.021174389868974686,0.05326854810118675,-0.04700528085231781,0.012892031110823154,-0.039630357176065445,0.08171132951974869,0.07245197892189026,0.007226131856441498,-0.031008146703243256,-0.058534957468509674,0.028788894414901733,-0.09289640188217163,0.05582818388938904,0.0029235912952572107,0.06185372918844223,-0.14368365705013275,-0.14234159886837006,-0.2537324130535126,-0.09656870365142822,-0.04609881713986397,-0.011552020907402039
LRRC8A,0.07737324397183126,36,-0.004770136438310146,0.053777530789375305,0.04363682121038437,0.06150620058178902,0.0019978508353233337,0.02846664935350418,0.18590864539146423,0.08311346918344498,0.11720950901508331,0.07181154191493988,-0.0040249302983284,0.17986035346984863,0.13008011877536774,0.19424903392791748,0.16695153713226318,0.15549980103969574,-0.009373951703310013,0.1758117824792862,0.16849255561828613,0.05770781636238098,0.050361424684524536,0.21896861493587494,0.07485047727823257,0.010490268468856812,-0.020733051002025604,0.012455063872039318,-0.03290371969342232,0.01423654519021511,0.016442107036709785,0.06860992312431335,0.05184643343091011,0.036758437752723694,0.07049978524446487,0.10669636726379395,0.19433453679084778,0.05461136996746063
LRWD1,0.07721161308129215,36,0.01623697020113468,-0.07191280275583267,0.06069999560713768,0.056908369064331055,-0.004253935534507036,0.09559919685125351,0.08771932125091553,0.1492704153060913,0.13478372991085052,0.22540812194347382,0.12533465027809143,0.21819201111793518,-0.09940268099308014,0.10861513763666153,0.1042974516749382,0.0879911333322525,0.03360491245985031,0.10745716094970703,0.09006384760141373,0.13522842526435852,0.13960614800453186,0.17983587086200714,0.17846901714801788,0.24979059398174286,0.045328378677368164,-0.04077673330903053,-0.06996045261621475,0.01519797183573246,0.0455024354159832,-0.017758222296833992,0.01658092439174652,0.06310104578733444,-0.034657977521419525,0.08238038420677185,0.16615630686283112,0.09898094832897186
LST1,-0.00506816856634234,36,0.030076246708631516,-0.0003907026839442551,0.010554471053183079,-0.06667391955852509,-0.06425660103559494,0.03158968687057495,-0.12416990101337433,-0.11711841076612473,-0.06752867996692657,-0.17665009200572968,-0.04746007174253464,-0.027086542919278145,0.06770897656679153,0.17804846167564392,0.1359902322292328,-0.09223923832178116,-0.027830222621560097,-0.0018189706606790423,-0.04391028359532356,0.09922541677951813,-0.04636473208665848,-0.06749951839447021,-0.02866264618933201,0.069138303399086,0.007742470595985651,0.04255347326397896,0.04598579183220863,0.03434840962290764,-0.033828556537628174,-0.02662617713212967,0.04979206621646881,-0.033058181405067444,-0.004133179783821106,0.018481865525245667,0.01140612456947565,0.08221056312322617
LTB4R,0.12485739322275752,36,0.02141409181058407,-0.00330931693315506,0.03971386328339577,0.1285104900598526,0.02742379903793335,0.08030557632446289,0.18354520201683044,0.3142630159854889,0.09824289381504059,0.2037268728017807,0.09129553288221359,0.17732658982276917,0.15931370854377747,0.22083957493305206,0.15887878835201263,0.2627633213996887,0.11868704855442047,0.18175958096981049,0.0657009705901146,0.15093199908733368,0.17008531093597412,0.2057231366634369,0.24148429930210114,0.1472843736410141,0.048918530344963074,0.08877798169851303,0.02518133819103241,0.01137759443372488,0.05236733704805374,0.044482581317424774,0.05390148609876633,0.12418121099472046,0.06891871988773346,0.18267960846424103,0.21748962998390198,0.1306794136762619
LTBP3,0.017890721742231917,36,-0.12500572204589844,-0.03430090844631195,-0.0018812640337273479,-0.03038857690989971,-0.11227400600910187,0.045996375381946564,0.05688305199146271,0.01962008699774742,-0.001661288901232183,0.020172694697976112,0.0005919435643590987,-0.07383103668689728,0.07470853626728058,0.10899150371551514,-0.019616028293967247,-0.06247224658727646,0.008319544605910778,-0.08055122941732407,0.04111308604478836,0.003744768677279353,0.012297182343900204,0.056238383054733276,0.041619397699832916,0.04528011381626129,-0.01639111153781414,-0.058002203702926636,-0.01160613913089037,-0.05587635561823845,-0.0737171620130539,-0.04082207381725311,0.1885315328836441,0.14890934526920319,0.1634465754032135,0.08011092245578766,0.19171489775180817,0.13417339324951172
LTF,0.06658104170734684,36,-0.05632254108786583,-0.047926463186740875,-0.008412104099988937,0.021847298368811607,-0.03234056383371353,-0.006139162462204695,0.06995589286088943,0.11470349878072739,0.07695595175027847,0.21138061583042145,0.06010342389345169,-0.017083775252103806,0.03495866060256958,0.0465104840695858,0.06830580532550812,0.05839936435222626,-0.18122929334640503,-0.05576843395829201,0.13102883100509644,0.17779676616191864,0.04702676460146904,0.0836876779794693,0.1381072700023651,0.12373166531324387,-0.030194105580449104,0.06247271969914436,0.035672470927238464,0.039998218417167664,0.005516273435205221,-0.032584309577941895,0.18836791813373566,0.2854500114917755,0.1744794398546219,0.23950672149658203,0.20324650406837463,0.1657080054283142
LUC7L,0.12243408436835226,36,-0.09600573778152466,0.04790593683719635,0.15893715620040894,0.14246824383735657,0.11480966210365295,0.09795635938644409,0.163896381855011,0.28451111912727356,0.2258332520723343,0.20634672045707703,0.17704519629478455,0.2616894841194153,0.17138826847076416,0.13566800951957703,0.193526953458786,0.12979061901569366,0.04172670468688011,0.18575018644332886,0.10069052129983902,0.04385528340935707,0.1064908355474472,0.1892412155866623,0.15166032314300537,0.09564254432916641,-0.027483254671096802,0.11443376541137695,-0.015277792699635029,0.003551600966602564,0.11048143357038498,0.002052326686680317,0.07326202839612961,0.18668220937252045,0.03235230594873428,0.23481252789497375,0.2633264660835266,0.09860818088054657
LUC7L3,0.1642902480153781,36,-0.022709913551807404,0.087354376912117,0.16106656193733215,0.047068964689970016,0.08608978241682053,0.025855498388409615,0.1975579559803009,0.15672022104263306,0.2849361002445221,0.23914261162281036,0.34837350249290466,0.36175620555877686,0.06785639375448227,0.2076573222875595,0.11645495891571045,0.21489861607551575,0.14028367400169373,0.1650460660457611,0.3265432119369507,0.2179154008626938,0.1629982888698578,0.24979223310947418,0.17511768639087677,0.15618640184402466,-0.007950865663588047,-0.007938351482152939,-0.006085765082389116,0.19363239407539368,0.11642349511384964,0.17147280275821686,0.1651364266872406,0.19261333346366882,0.15909026563167572,0.1984187364578247,0.29103589057922363,0.27463844418525696
LUM,0.01626303057289786,36,0.030581872910261154,-0.10127367079257965,-0.05558008328080177,-0.07781573385000229,-0.013918614946305752,-0.0629969984292984,-0.2789565920829773,-0.2969028353691101,-0.31933337450027466,-0.31396687030792236,-0.3548855185508728,-0.38062795996665955,0.1533534824848175,0.04927957430481911,0.181988924741745,0.012655333615839481,0.14625407755374908,0.1336859166622162,0.09310167282819748,0.12395820766687393,0.19379888474941254,0.18002916872501373,0.08988821506500244,0.30661705136299133,-0.01976908929646015,0.008801134303212166,-0.14810650050640106,-0.046943049877882004,0.047054607421159744,-0.029257865622639656,0.277438759803772,0.30019792914390564,0.16131964325904846,0.14900098741054535,0.24438036978244781,0.20241804420948029
LYL1,0.00985271591343917,36,-0.0014826577389612794,-0.06518872827291489,-0.004471949301660061,0.093415766954422,-0.04576665163040161,-0.03245987370610237,0.16652604937553406,0.08537719398736954,-0.046452511101961136,0.14354155957698822,0.01526831928640604,0.07790479063987732,-0.028880339115858078,-0.05365245044231415,0.0446651354432106,-0.06633950024843216,0.07711300253868103,-0.064774289727211,0.05818723887205124,-0.09626906365156174,0.006942857522517443,-0.03143686056137085,0.031692422926425934,0.0018393897917121649,-0.10602409392595291,0.019415466114878654,-0.06579360365867615,-0.043080080300569534,-0.05076341703534126,0.008870186284184456,0.02424653060734272,0.0053221313282847404,0.040463417768478394,0.13840307295322418,0.06108532473444939,0.05725398659706116
MAGEF1,0.18748431148317954,36,0.13111576437950134,0.06102263554930687,0.03699196130037308,0.11320578306913376,0.07539544999599457,0.05445995181798935,0.22013278305530548,0.3907209634780884,0.20719413459300995,0.21184639632701874,0.2900535762310028,0.28175050020217896,0.3351937234401703,0.24741600453853607,0.27674171328544617,0.2524138391017914,0.1942371428012848,0.3024657666683197,0.31384140253067017,0.22417913377285004,0.2695949971675873,0.35638904571533203,0.3324771523475647,0.23600926995277405,-0.056470081210136414,0.002771490253508091,-0.026152200996875763,0.03343856334686279,0.0965941920876503,0.06566755473613739,0.20118306577205658,0.14601831138134003,0.1690179705619812,0.16330532729625702,0.28776752948760986,0.25144439935684204
MAGI1,0.030594443501387205,36,0.047067366540431976,0.06942308694124222,0.033138975501060486,0.03275914862751961,0.13537976145744324,-0.011987069621682167,0.06309621781110764,0.06823564320802689,0.05411979556083679,-0.044205665588378906,-0.007991046644747257,-0.027417490258812904,0.11297157406806946,-0.07045269012451172,0.11588963121175766,0.14258062839508057,0.12990246713161469,0.008799244649708271,0.0893930196762085,0.018465157598257065,0.07186906784772873,0.07947389781475067,-0.008287979289889336,0.008524478413164616,0.06618645042181015,0.0078120301477611065,0.012369370087981224,0.022768503054976463,-0.017282703891396523,-0.029632968828082085,-0.037603117525577545,0.06785690039396286,-0.08864861726760864,0.04587572067975998,-0.006849287077784538,-0.05219953507184982
MAGOHB,0.08037865929266748,36,-0.04451638460159302,0.11849129945039749,0.1627226620912552,0.1613776832818985,0.03271332383155823,-0.0013315853429958224,0.10961045324802399,0.10253531485795975,0.07335000485181808,0.05338071286678314,0.1431836485862732,0.12741942703723907,0.25072306394577026,0.1127416118979454,0.14380833506584167,0.17945890128612518,0.029498590156435966,0.14534956216812134,0.0170819703489542,0.08060697466135025,0.0916220024228096,0.12841351330280304,0.16888411343097687,0.06355064362287521,-0.04378669336438179,-0.01841638796031475,-0.05029687285423279,0.013662118464708328,-0.007920399308204651,0.006355565041303635,0.10469398647546768,0.05883851274847984,0.006816463079303503,0.09242168813943863,0.16175837814807892,0.11882953345775604
MAP1S,0.07731703257498641,36,-0.013681994751095772,0.07149118185043335,0.07638940215110779,0.09161321073770523,0.016487909480929375,-0.024871638044714928,0.21385422348976135,0.20724056661128998,0.09662902355194092,0.21950332820415497,0.1921444684267044,0.2902977466583252,0.1638839691877365,0.1811097413301468,0.0627356618642807,0.052226901054382324,0.16049927473068237,0.04385114088654518,0.09533260017633438,0.03339511156082153,0.16027186810970306,-0.019916625693440437,-0.011581677943468094,0.01330519188195467,-0.035720568150281906,0.06860368698835373,-0.05048409104347229,-0.04339473694562912,-0.046231433749198914,-0.05686265975236893,0.020626865327358246,0.13392199575901031,0.02068566158413887,0.16844376921653748,0.10053682327270508,0.13107727468013763
MAP3K14,0.033817853345276996,36,-0.041265781968832016,-0.006295919883996248,0.004303032997995615,0.053794268518686295,-0.10524845123291016,0.001187545945867896,-0.01808737777173519,0.10581658035516739,0.06864993274211884,0.21077869832515717,-0.02060251496732235,0.15643291175365448,-0.004804219119250774,0.011038715951144695,-0.01489951554685831,-0.013530667871236801,-0.06039715185761452,0.080294668674469,0.02409525215625763,0.059937044978141785,0.04455166682600975,0.21821905672550201,-0.02896842546761036,0.1213793233036995,0.03191594406962395,0.013181913644075394,-0.0065121822990477085,-0.020228704437613487,-0.012021985836327076,-0.03652656078338623,0.07459262758493423,0.061448123306035995,0.11952511966228485,0.03706139326095581,0.06935527920722961,0.03927307948470116
MAP3K6,0.07774452491301215,36,0.08007393777370453,-0.018554041162133217,0.001601401250809431,0.05932314693927765,0.03114575520157814,-0.09147369861602783,0.16265185177326202,0.28741922974586487,0.1603369116783142,0.23738276958465576,0.21546219289302826,0.27257344126701355,0.010407550260424614,0.11565046012401581,0.11840647459030151,0.06992747634649277,0.0684736967086792,-0.04874534532427788,-0.03362281993031502,0.0274322759360075,0.1832498013973236,0.1571780890226364,0.024928174912929535,0.09240441769361496,0.07179158926010132,-0.04382779449224472,-0.020173454657197,-0.008699581027030945,-0.009843811392784119,-0.04719683527946472,0.1688254326581955,0.11330870538949966,0.13431288301944733,0.07874669134616852,0.09473680704832077,0.08318911492824554
MAP4K2,0.036354138824713625,36,-0.04467296972870827,-0.01927785761654377,-0.0009297022479586303,-0.09408435225486755,-0.08416120707988739,0.07076243311166763,0.08156388252973557,0.03261300176382065,0.04032723233103752,0.16469602286815643,-0.023018889129161835,0.02575063705444336,-0.04528931528329849,0.02712848410010338,-0.006893229205161333,-0.023394178599119186,0.1577501893043518,-0.09004620462656021,0.12570740282535553,0.10611461102962494,0.12268377095460892,0.06963943690061569,-0.0007397000445052981,0.07653534412384033,-0.026279767975211143,-0.01932152360677719,-0.014825870282948017,0.0407441221177578,0.017136411741375923,-0.01959710568189621,0.0825813040137291,0.16669557988643646,0.12103766202926636,0.11441340297460556,0.1806366741657257,-0.00323673477396369
MAPK9,0.07256448578037736,36,-0.021981509402394295,0.07898746430873871,0.09033256769180298,-0.01315340120345354,0.045184239745140076,-0.011835859157145023,0.18111245334148407,0.23443378508090973,0.1262083649635315,0.18045561015605927,0.11667579412460327,0.19899974763393402,0.12036891281604767,0.13519568741321564,0.07763980329036713,0.0818384662270546,-0.04288094863295555,0.34980422258377075,0.022219164296984673,0.050331901758909225,0.06972218304872513,0.14283229410648346,-0.0084411995485425,0.06159038096666336,-0.0727948248386383,0.02292102761566639,-0.033774200826883316,0.029621437191963196,0.0052405153401196,0.02205047756433487,0.10364136844873428,-0.008143439888954163,0.059386808425188065,0.09335937350988388,0.08855929225683212,0.036613527685403824
MAPKAPK5,0.10801252871493085,36,0.019632156938314438,0.1177034080028534,0.04955434799194336,0.03719969466328621,0.02755860798060894,0.07985925674438477,0.2300000935792923,0.24685551226139069,0.17161515355110168,0.19708950817584991,0.2732321321964264,0.21401669085025787,0.09418898075819016,0.15789347887039185,0.10092180967330933,0.07480482757091522,0.19782552123069763,0.23204955458641052,0.16488300263881683,0.04814869537949562,0.11939933151006699,0.14779625833034515,0.11497138440608978,0.07747527211904526,0.034413181245326996,-0.0074285767041146755,-0.06792442500591278,0.009940290823578835,0.043099503964185715,0.009491696022450924,0.05961443483829498,0.03518437594175339,0.14386926591396332,0.13937582075595856,0.18559183180332184,0.10854895412921906
MAPT,0.004397814091883928,34,0.038969140499830246,-0.0003895187401212752,0.07486316561698914,0.03865491971373558,0.012333126738667488,-0.025882594287395477,-0.012265566736459732,-0.013203137554228306,-0.006251205690205097,0.060902923345565796,-0.0025064032524824142,-0.024935968220233917,-0.038110408931970596,,-0.00286992103792727,0.049081116914749146,-0.06185898929834366,,-0.03319184109568596,0.028381241485476494,0.003725168528035283,-0.09702546149492264,-0.0487620010972023,0.051052775233983994,0.06570426374673843,0.02147568389773369,-0.07050015032291412,0.003768435213714838,-0.03146062046289444,0.06203700602054596,0.07141731679439545,0.014174060896039009,-0.056853923946619034,0.08984744548797607,0.00421600928530097,-0.015010408125817776
MARS,0.14327826160782328,36,0.13177818059921265,0.06216537952423096,0.07868190109729767,0.056271519511938095,0.09514056146144867,0.05165058374404907,0.0770864486694336,0.24919439852237701,0.19200357794761658,0.32683008909225464,0.33866289258003235,0.3060242831707001,0.1474311649799347,0.1416478306055069,-0.009964630007743835,0.23424290120601654,0.21514229476451874,0.26662400364875793,0.10158766806125641,0.2035149484872818,0.23009774088859558,0.18865607678890228,0.26835915446281433,0.21084578335285187,-0.005392139311879873,-0.046931736171245575,-0.021907988935709,-0.01330607756972313,0.08451821655035019,-0.05859950929880142,0.17018479108810425,0.08543466776609421,0.1839257925748825,0.22481387853622437,0.21416401863098145,0.17743875086307526
MAVS,0.08601361961660182,36,0.07442645728588104,0.05985741689801216,0.06844919919967651,0.05815000832080841,-0.02372542954981327,0.05271333456039429,0.05664049834012985,0.13841021060943604,0.2087620049715042,0.2648051679134369,0.14094848930835724,0.13761337101459503,0.12767140567302704,0.30283430218696594,0.11979572474956512,0.12731753289699554,-0.011889496818184853,0.11538354307413101,-0.01280901487916708,0.14339680969715118,0.08380430191755295,0.16564975678920746,-0.0019052177667617798,0.13855965435504913,-0.1131591722369194,-0.009214470162987709,-0.04046192392706871,-0.004638552665710449,-0.00706631550565362,-0.0013909555273130536,0.08745939284563065,0.11249430477619171,0.11464957892894745,0.14879313111305237,0.10227257013320923,0.1718926876783371
MCTS1,0.11054268663024737,36,-0.015637673437595367,0.032117392867803574,0.15963901579380035,0.06518422812223434,0.027149617671966553,0.12568062543869019,0.1485447734594345,0.21387368440628052,0.2742522656917572,0.25914883613586426,0.19159401953220367,0.2650779187679291,0.13888657093048096,0.034634772688150406,0.11684978008270264,0.1327301561832428,0.10792853683233261,0.10104594379663467,0.25984206795692444,0.20592379570007324,0.12584221363067627,0.3166360557079315,0.1293623298406601,0.09662193059921265,0.017515456303954124,-0.02619665116071701,-0.02937755174934864,0.01752554252743721,-0.007922375574707985,-0.0490105040371418,0.10803920030593872,0.11421138048171997,0.04821910336613655,0.1418580263853073,0.1394565850496292,-0.0077103516086936
MDM2,0.12025965856284732,36,0.09245026856660843,0.19621945917606354,0.08170964568853378,0.038571398705244064,0.09993894398212433,0.047784075140953064,0.10593822598457336,0.171654611825943,0.173811674118042,0.21221616864204407,0.204194575548172,0.31039610505104065,0.12294089794158936,0.26543277502059937,0.02417321316897869,0.19859568774700165,0.08407031744718552,0.214769184589386,0.0969536304473877,0.08915602415800095,0.1790393739938736,0.17760729789733887,0.16837376356124878,0.10721882432699203,0.03378430753946304,0.012756806798279285,-0.04922160133719444,0.07256956398487091,0.05567934364080429,-0.013544680550694466,0.10268443077802658,0.14599308371543884,0.0665537491440773,0.09180337935686111,0.16355592012405396,0.18351726233959198
MED13L,0.07969076282137798,36,-0.02108619175851345,-0.12486778944730759,0.02013484574854374,-0.06461329758167267,0.12357532978057861,0.0804634541273117,0.21706458926200867,0.19535410404205322,0.24069449305534363,0.038506023585796356,0.12218742817640305,0.2183721512556076,0.07455650717020035,-0.052917174994945526,0.07823420315980911,0.1281668096780777,0.10719934105873108,0.16651418805122375,0.05700031667947769,0.0801464393734932,0.14754895865917206,0.10171794146299362,0.11907459795475006,0.03430046886205673,-0.002997743897140026,0.019542844966053963,0.043073754757642746,-0.008603360503911972,0.06536450982093811,0.017042266204953194,0.09147756546735764,0.12314416468143463,0.06694185733795166,0.09268748015165329,0.14146816730499268,0.13239821791648865
MED25,0.11396392908257742,36,0.07570582628250122,-0.07125291228294373,0.10587561875581741,0.09285660833120346,-0.04826761409640312,0.12448544055223465,0.05859072506427765,0.19431261718273163,0.10116832703351974,0.20308291912078857,0.13233238458633423,0.12762537598609924,0.20248711109161377,0.06659815460443497,0.2310209423303604,0.23999550938606262,0.07121153175830841,0.2673986554145813,0.20185843110084534,0.1551036387681961,0.11417735368013382,0.15398649871349335,0.1450050175189972,0.1907358467578888,-0.05433284863829613,0.021886492148041725,0.05153487250208855,0.016807930544018745,0.008048462681472301,-0.02914397045969963,0.13950414955615997,0.15443745255470276,0.20436608791351318,0.1346990019083023,0.2303573042154312,0.08844250440597534
MELK,0.06253168980225123,35,0.007118357811123133,0.1036170944571495,-0.0310199037194252,0.06476424634456635,-0.06982920318841934,-0.07584992051124573,0.12826085090637207,0.06457863003015518,0.24119411408901215,0.23521652817726135,0.17232678830623627,0.1304343044757843,-0.08523412048816681,0.09930168092250824,0.14011934399604797,0.12836849689483643,0.05871433764696121,-0.0008710383553989232,0.06749997287988663,0.12793482840061188,0.11901852488517761,0.13740971684455872,-0.01607600972056389,0.0007427121745422482,-0.03531502187252045,-0.04814029112458229,0.01200758945196867,0.09065267443656921,0.018791643902659416,0.034399863332509995,0.03174128755927086,0.1766035407781601,0.03756166249513626,,0.1183372512459755,0.00422860961407423
MEN1,0.049250171118829816,36,0.02403336577117443,0.026834016665816307,0.03191507235169411,0.02028544992208481,0.07126419991254807,-0.09903369098901749,0.0045729209668934345,0.06554676592350006,0.10226033627986908,0.2151651829481125,0.007973436266183853,0.131804421544075,0.10584232211112976,0.10976168513298035,0.132970929145813,0.12327104806900024,-0.06557251513004303,0.07657334953546524,0.04902926832437515,0.04602162912487984,0.06374447047710419,0.0400330126285553,0.056779373437166214,0.032524604350328445,-0.00730401836335659,-0.01312200166285038,-0.07603128999471664,-0.046630505472421646,-0.02879747748374939,0.024208934977650642,0.1384325623512268,0.125985249876976,0.011689843609929085,0.12232961505651474,0.09242081642150879,0.05622377619147301
METTL12,0.002211659052085856,36,-0.010635827668011189,-0.06567080318927765,0.008371860720217228,0.01448629517108202,-0.07080003619194031,0.0006374944350682199,-0.13896772265434265,-0.18338613212108612,-0.05582400783896446,-0.0563073493540287,-0.25335633754730225,-0.001889662817120552,0.11379712074995041,0.03589075058698654,0.052459873259067535,0.049885690212249756,-0.05867486819624901,0.054047465324401855,0.07313093543052673,0.16212522983551025,0.04831666499376297,-0.01705198734998703,0.0659230425953865,0.10021521896123886,0.027561532333493233,-0.04150460660457611,0.051074493676424026,-0.00784354005008936,-0.0378129817545414,-0.0010419103782624006,0.08004570752382278,-0.009463611990213394,0.11551982909440994,0.015833768993616104,0.00699855200946331,0.013529585674405098
METTL16,0.0630000017829136,36,0.0212420541793108,0.0595523901283741,-0.04092932865023613,0.0312638059258461,0.038844384253025055,0.10618771612644196,0.08123940974473953,0.12437964230775833,0.11794406175613403,0.05056560039520264,0.2002267986536026,0.1329771876335144,0.19727343320846558,0.05969850346446037,0.07041092216968536,0.10905507206916809,-0.035854361951351166,-0.05112861469388008,0.08972880244255066,0.037859927862882614,0.015030127950012684,0.17566540837287903,0.013827882707118988,0.071363165974617,0.018596898764371872,0.0671684518456459,0.08773188292980194,0.034782931208610535,-0.08546771109104156,0.0023648429196327925,0.04714164510369301,0.1004345640540123,0.0455378033220768,0.0844317227602005,0.07431595772504807,0.1145370826125145
MFAP4,-0.015602136163377307,36,0.011560958810150623,0.053390324115753174,0.09464947134256363,0.07693929970264435,-0.01826748438179493,0.0673295184969902,-0.04904225841164589,-0.0727500468492508,-0.012205062434077263,-0.06333976238965988,0.02813366800546646,0.03375539928674698,0.006617470644414425,-0.10130833089351654,-0.021899668499827385,0.0001971484161913395,-0.049056559801101685,-0.016225870698690414,0.02934725396335125,-0.17723169922828674,0.04173732548952103,-0.06632106006145477,-0.0926414281129837,0.04151106998324394,-0.005467751529067755,0.03181324154138565,0.0052190818823874,-0.07761156558990479,0.022551748901605606,0.005554351024329662,-0.0018424360314384103,0.01384403370320797,-0.008358915336430073,-0.0705576241016388,-0.08610610663890839,-0.13559463620185852
MFSD3,0.01437577213962666,36,0.030042946338653564,0.06637406349182129,-0.10250002890825272,0.0704856887459755,-0.04214630275964737,0.12265254557132721,-0.10525108128786087,-0.05466983839869499,0.05876903980970383,-0.06787436455488205,0.054182812571525574,-0.04961545392870903,0.06391750276088715,-0.0070602684281766415,-0.07749845087528229,0.06470637768507004,-0.16857244074344635,0.05758349224925041,0.010876437649130821,0.037884421646595,0.15834346413612366,0.0816316157579422,0.014585752040147781,0.0017317908350378275,-0.012341964989900589,0.012856480665504932,-0.0022823000326752663,0.06441644579172134,0.01931769959628582,-0.0451224111020565,0.08805184811353683,0.04342280700802803,0.04115049168467522,0.02492314949631691,0.05231022834777832,0.012245601043105125
MFSD7,0.03484959110371872,36,-0.008515321649610996,-0.03330652788281441,-0.07850289344787598,0.08540911972522736,-0.0011657568393275142,0.10072418302297592,0.11828451603651047,0.11376632004976273,0.024871062487363815,0.06769026815891266,0.061513639986515045,0.06420144438743591,0.09741552174091339,-0.010702847503125668,0.16334544122219086,0.06225432828068733,-0.03606771305203438,0.019854923710227013,0.06511826068162918,0.16354238986968994,0.07245197892189026,0.1516621708869934,-0.07873658835887909,0.07673963159322739,0.01983186975121498,0.02211879752576351,-0.07265710830688477,-0.026777219027280807,-0.11640001088380814,-0.044501952826976776,0.013677584938704967,-0.004886853042989969,0.012693189084529877,0.04406815394759178,0.0822426900267601,0.0633285865187645
MGMT,0.07424719158249597,36,0.05116388574242592,0.04363052174448967,0.07394411414861679,-0.06809362024068832,-0.06567171961069107,0.1798085868358612,0.030186323449015617,0.03229537978768349,0.0463123694062233,0.09368232637643814,0.024900885298848152,0.09290570020675659,0.1509135216474533,0.11139287054538727,0.08746398240327835,0.05962870270013809,0.15677165985107422,0.0843166708946228,0.04986637830734253,0.2184472680091858,0.12392895668745041,0.24779528379440308,0.13969895243644714,0.21251283586025238,0.03658606484532356,0.06724753975868225,0.016544325277209282,-0.05721540376543999,-0.022067349404096603,0.0041550761088728905,0.09646929055452347,0.04125788435339928,0.15301501750946045,0.05742081627249718,0.039818521589040756,0.06186527758836746
MGP,-0.071625800544603,36,0.026977235451340675,-0.024720506742596626,0.008316629566252232,-0.08678987622261047,0.011860350146889687,0.009351191110908985,-0.2562231719493866,-0.09046616405248642,-0.11048856377601624,-0.2497301697731018,-0.16449083387851715,-0.029941163957118988,-0.15524528920650482,-0.2581145763397217,-0.08699920028448105,-0.1358759105205536,-0.016668934375047684,-0.13590943813323975,-0.17393764853477478,-0.19892644882202148,-0.2003689408302307,-0.15838339924812317,-0.08633998781442642,-0.15209083259105682,-0.016315901651978493,0.019549645483493805,-0.08308957517147064,0.0399048812687397,0.017748309299349785,0.07505784183740616,-0.0323619581758976,0.12022630870342255,0.06263859570026398,-0.016078542917966843,-0.040521290153265,-0.01008148305118084
MIA,0.011268258137120441,22,,,0.08351260423660278,0.006013269070535898,,0.01179191842675209,0.04039875045418739,-0.11575036495923996,0.017893236130475998,-0.1073395162820816,-0.07742555439472198,0.05766496807336807,,0.03672371804714203,0.04690121114253998,,0.0970408171415329,,,,,,,,,-0.008233712054789066,-0.03445560112595558,0.01978093944489956,0.024143777787685394,0.011788252741098404,0.013663053512573242,0.08190561085939407,,-0.005535759963095188,0.04294939711689949,0.004470663610845804
MIB2,0.09131772795485125,36,0.016568727791309357,0.03817078843712807,0.10072094202041626,0.11537282168865204,-0.018242627382278442,-0.10726938396692276,0.2582135796546936,0.2086513489484787,0.2551490366458893,0.22287563979625702,0.2335338443517685,0.06474074721336365,0.010378857143223286,0.08152510970830917,0.15570740401744843,0.01859969273209572,0.06398003548383713,-0.08732439577579498,-0.0152969341725111,0.21032553911209106,0.15538322925567627,0.04886866733431816,0.2076840102672577,0.12423934787511826,0.0717315748333931,0.05629371851682663,0.04689597338438034,-0.016799716278910637,0.02011219784617424,0.010324030183255672,0.10426759719848633,0.11087694764137268,0.11280597001314163,0.08267329633235931,0.23331713676452637,0.09238345175981522
MICAL1,0.06924932769551459,36,-0.07308793812990189,0.015229327604174614,-0.05284057557582855,0.02076592668890953,-0.006766133010387421,-0.12238489836454391,0.2816073000431061,0.2783505916595459,0.19550876319408417,0.2788894474506378,0.14058494567871094,0.2637242078781128,0.14110223948955536,-0.026817686855793,-0.13714706897735596,0.14307346940040588,0.02088426984846592,0.09148914366960526,0.042409855872392654,-0.05627991631627083,0.005342032294720411,0.08017747104167938,0.024521952494978905,0.011256728321313858,0.0674196109175682,0.05058040842413902,-0.016465460881590843,0.02830607444047928,-0.023017428815364838,-0.06506801396608353,0.07957721501588821,0.059939946979284286,0.07558181881904602,0.21717806160449982,0.23613271117210388,0.22321739792823792
MICALL2,0.08620235631274732,36,0.09446970373392105,0.07183897495269775,0.03902331367135048,0.14156752824783325,0.00046561838826164603,0.0854254961013794,0.23999711871147156,0.26766225695610046,0.2777916491031647,0.1694176346063614,0.08568104356527328,0.2007257640361786,0.17530782520771027,0.13115505874156952,-0.009251432493329048,-0.03928912431001663,-0.049041952937841415,0.01198083907365799,0.008917314000427723,0.005459703505039215,0.09167242795228958,0.0015592455165460706,0.09013114869594574,0.15549856424331665,0.06679634004831314,0.04906315356492996,-0.059522707015275955,0.001476167468354106,0.035333286970853806,-0.038692161440849304,0.07797744125127792,0.18486163020133972,0.1651819497346878,0.10512823611497879,0.12031305581331253,0.14720271527767181
MID1IP1,0.15297897986116973,36,0.10690473765134811,0.056250426918268204,0.06694740056991577,0.2250770479440689,0.037332672625780106,0.06927801668643951,0.25108101963996887,0.20756548643112183,0.2507091462612152,0.33399122953414917,0.05138956755399704,0.13742737472057343,0.20141032338142395,0.29637107253074646,0.2410152703523636,0.16436319053173065,0.0191327054053545,0.24599727988243103,0.11270535737276077,0.14074857532978058,0.10667841136455536,0.3133469820022583,0.17522279918193817,0.23118463158607483,0.019456882029771805,0.011232162825763226,0.00016814126865938306,0.035562071949243546,0.019673315808176994,0.06852370500564575,0.2686447203159332,0.2343411147594452,0.2875373661518097,0.15440738201141357,0.14235232770442963,0.22321335971355438
MIF,0.06610894248782036,36,0.02188255824148655,0.11638392508029938,-0.08948204666376114,0.06467405706644058,-0.05031020939350128,0.08874978125095367,0.04456597939133644,0.14811067283153534,0.2164841592311859,0.0026506572030484676,0.07860293984413147,0.131705641746521,0.24957579374313354,0.09430980682373047,-0.022289762273430824,0.038920093327760696,0.08283492922782898,0.04529847204685211,0.05102997645735741,0.07463284581899643,0.1296897977590561,0.19310878217220306,0.014445429667830467,0.04357379674911499,-0.02573114074766636,0.0017143316799774766,-0.0074561224319040775,-0.023948559537529945,0.017183899879455566,0.017489153891801834,0.11942454427480698,0.19690963625907898,0.20240934193134308,0.05638616532087326,0.058531779795885086,-0.002139178104698658
MIIP,0.10733679598908769,36,0.09058096259832382,0.03595072776079178,0.04049478471279144,-0.047493353486061096,0.0800500214099884,0.0622393935918808,0.1841602474451065,0.2677565813064575,0.25387150049209595,0.2774033546447754,0.21927298605442047,0.20178641378879547,0.05582292377948761,0.11116325110197067,0.1350010484457016,0.06650403141975403,0.11043712496757507,0.12674173712730408,0.1004997193813324,0.1367528736591339,-0.01456168107688427,0.15479806065559387,0.041569504886865616,0.10907597839832306,0.020959537476301193,-0.0016529766144230962,0.014146458357572556,0.030244935303926468,0.012919711880385876,-0.00927006360143423,0.12046994268894196,0.18172429502010345,0.1880800873041153,0.16439828276634216,0.21512550115585327,0.12710075080394745
MKI67,0.1317841930107938,36,0.023805776610970497,0.10107747465372086,0.08920848369598389,0.03066898323595524,0.02472211793065071,0.1595393568277359,0.20129349827766418,0.2361176759004593,0.33684179186820984,0.3873477280139923,0.19139862060546875,0.37543246150016785,0.06372451782226562,0.13551494479179382,0.15713314712047577,0.12359648942947388,0.09317117184400558,0.14766168594360352,0.19604790210723877,0.20765294134616852,0.2006290853023529,0.21146510541439056,0.17241469025611877,0.15101225674152374,0.040979862213134766,0.05662183091044426,-0.009725252166390419,-0.05299913510680199,-0.020926984027028084,0.05577779561281204,0.14451758563518524,0.04769110307097435,0.08219511061906815,0.09349165111780167,0.18517352640628815,0.1039559468626976
MKNK1,0.11475632726473527,36,0.02993876114487648,0.13646140694618225,0.021773261949419975,0.07605965435504913,0.08618370443582535,0.06732974201440811,0.10446105152368546,0.15082882344722748,0.28140750527381897,0.27829432487487793,0.29945239424705505,0.2418699413537979,0.0612494982779026,0.0954100489616394,0.13196782767772675,0.23965758085250854,0.10154738277196884,0.18521694839000702,0.14464996755123138,0.014390908181667328,0.10015281289815903,0.17920975387096405,0.06944533437490463,0.15624958276748657,0.02624608762562275,0.09612873941659927,0.0016425750218331814,-0.022916462272405624,0.03195982053875923,0.045423634350299835,0.13355308771133423,0.11883503198623657,0.09197483211755753,0.10032198578119278,0.1228310838341713,0.13201914727687836
MLLT4,0.08826086985775167,36,-0.062072064727544785,-0.02078408934175968,0.09050065279006958,0.014326109550893307,0.04139447584748268,0.011080952361226082,0.19484631717205048,0.049502093344926834,0.1054706797003746,0.16565899550914764,0.037256576120853424,0.24575456976890564,0.09436903148889542,0.1454319804906845,0.15226681530475616,0.10963642597198486,0.04575399309396744,0.20368121564388275,0.11129079014062881,0.13066869974136353,0.03232574462890625,0.09017124027013779,0.11073581874370575,0.10794846713542938,0.023769181221723557,0.008887705393135548,-0.11599966138601303,0.024845203384757042,0.07431740313768387,0.02730714902281761,0.12534575164318085,0.05555329844355583,0.1045442521572113,0.17519700527191162,0.22145844995975494,0.2449500858783722
MLPH,0.20886826989266816,36,0.1939244270324707,0.1907520294189453,0.2393980175256729,0.1783917248249054,0.09711679071187973,0.1524972766637802,0.3790113925933838,0.3302009105682373,0.35952508449554443,0.4090072512626648,0.32275310158729553,0.42354583740234375,0.2783004641532898,0.3587489128112793,0.1762508749961853,0.4052768349647522,0.23058664798736572,0.20151206851005554,0.2844785749912262,0.32373738288879395,0.3875177800655365,0.318355917930603,0.19931352138519287,0.14904464781284332,-0.03642888739705086,-0.019025908783078194,-0.017877092584967613,0.0600040964782238,0.05606652796268463,-0.0020934350322932005,0.10519342869520187,0.14828996360301971,0.15730074048042297,0.1145060583949089,0.20509885251522064,0.15897589921951294
MLST8,0.13043680646741349,36,0.09315680712461472,0.01146911270916462,0.02495630457997322,-0.022328950464725494,0.020561039447784424,0.0606037899851799,0.18910710513591766,0.26013389229774475,0.18720519542694092,0.2652352750301361,0.10727479308843613,0.33677926659584045,0.10289064794778824,0.20958013832569122,0.1645994931459427,0.08339077979326248,0.2669401466846466,0.30277010798454285,0.11145718395709991,0.31639188528060913,0.14481547474861145,0.1519840955734253,0.29022273421287537,0.20466089248657227,0.010016475804150105,0.02521575801074505,-0.04395829141139984,-0.05237308144569397,-0.026149548590183258,0.0029428161215037107,0.09220165759325027,0.2021104097366333,0.15976914763450623,0.18695053458213806,0.13435061275959015,0.12079133093357086
MMP11,0.18043750661632252,36,0.008521776646375656,-0.0722145065665245,0.03077233023941517,0.06353844702243805,0.14657101035118103,-0.004728518892079592,0.2713649868965149,0.2620182931423187,0.2259613424539566,0.38499289751052856,0.219737708568573,0.1496107578277588,0.2798425555229187,0.27963805198669434,0.09246930480003357,0.18881455063819885,0.1525668501853943,0.1437884420156479,0.34097811579704285,0.3901461958885193,0.30542898178100586,0.3247593641281128,0.3405526578426361,0.35908961296081543,-0.005264576990157366,-0.00786634348332882,-0.017806826159358025,-0.04170145466923714,-0.06267295777797699,-0.03998296335339546,0.40523529052734375,0.300048828125,0.35405638813972473,0.2113553136587143,0.27291199564933777,0.24321633577346802
MMP9,0.06643551557014386,36,0.029677128419280052,-0.09174442291259766,-0.024886971339583397,0.0506943054497242,0.0377037413418293,-0.04468075558543205,0.17751425504684448,0.2584725022315979,0.16803467273712158,0.44318661093711853,0.17109127342700958,0.2495245486497879,0.048074085265398026,-0.00796201266348362,0.07814062386751175,0.13941572606563568,0.08389702439308167,0.13474978506565094,-0.06901409476995468,-0.02198941633105278,-0.04590175300836563,-0.12706434726715088,-0.032735586166381836,0.08597952872514725,0.023333799093961716,0.031706053763628006,0.04818674549460411,-0.008495024405419827,0.021223068237304688,-0.01097202580422163,0.05825779214501381,0.016024474054574966,0.06782807409763336,0.17864608764648438,0.13581372797489166,0.13994933664798737
MORC2,0.1597650005068216,36,0.12680277228355408,0.0648021325469017,0.09103456884622574,0.03648703545331955,0.039952538907527924,0.09160452336072922,0.38570499420166016,0.251967191696167,0.2662509083747864,0.17171454429626465,0.10443910211324692,0.2026871293783188,0.29303547739982605,0.19833135604858398,0.36442044377326965,0.22214828431606293,0.2164555937051773,0.19162988662719727,0.2052624225616455,0.28572893142700195,0.24976952373981476,0.22427648305892944,0.2312348634004593,0.11124306917190552,0.06361684948205948,0.03036567009985447,-0.022578390315175056,0.042425550520420074,-0.018157072365283966,0.02614414505660534,0.1594473272562027,0.17518453299999237,0.16704799234867096,0.19637426733970642,0.10644662380218506,0.19823874533176422
MPND,0.0779389858362265,36,-0.003157238708809018,0.005123305134475231,-0.03078269027173519,0.0683327317237854,-0.08611895143985748,0.09085071831941605,0.08167698234319687,0.21764858067035675,0.1767949014902115,0.2741001844406128,0.1680581420660019,0.1719599962234497,0.089533232152462,0.23193985223770142,0.09802494943141937,0.1433349996805191,0.12326338142156601,0.22725754976272583,-0.05147199332714081,0.15835286676883698,0.002865284215658903,-0.06906375288963318,0.14425964653491974,0.1393326371908188,0.08747921139001846,-0.019930044189095497,0.02104661986231804,-0.015159491449594498,-0.07262326031923294,0.0394461415708065,0.028201354667544365,0.05410999059677124,0.03309573605656624,0.07372168451547623,0.14740510284900665,0.05689512938261032
MPST,0.12563606711207992,36,-0.01448816154152155,0.08501477539539337,0.0977332592010498,-0.008936651051044464,-0.07839249074459076,0.03552727401256561,0.18935057520866394,0.28904181718826294,0.2187049239873886,0.3222893476486206,0.1500937044620514,0.11911780387163162,0.22107341885566711,0.1972641497850418,0.23189467191696167,0.07482115924358368,0.14880843460559845,0.1900946944952011,0.1862187385559082,0.21211659908294678,0.20753918588161469,0.19926980137825012,0.1911308467388153,0.2236669957637787,-0.03706597536802292,0.010667799040675163,-0.030052214860916138,-0.06456571072340012,-0.02579331584274769,-0.013066709041595459,0.171733558177948,0.1672760248184204,0.21773631870746613,0.13761819899082184,0.15895976126194,0.14049580693244934
MRPL2,0.06181902819015603,36,0.004059040453284979,-0.001714532496407628,-0.00901721604168415,0.002096552401781082,-0.024722812697291374,-0.002822467125952244,0.08021838963031769,0.16536515951156616,0.10417278110980988,0.12654733657836914,0.05574510619044304,0.236527681350708,0.15869741141796112,0.06356499344110489,0.009796548634767532,0.10899009555578232,0.10574586689472198,-0.07347282767295837,0.0585835799574852,0.014958467334508896,0.012114547193050385,0.11486408114433289,0.07913192361593246,0.31023985147476196,0.034879229962825775,-0.04554661735892296,0.001687512849457562,-0.033611852675676346,-0.00370407965965569,0.057759903371334076,0.08780470490455627,0.040336884558200836,0.07154356688261032,0.07704180479049683,0.12476131319999695,0.11286308616399765
MRPL21,0.1539208024154909,36,0.04707298427820206,0.11713659018278122,0.0931110605597496,0.0632275864481926,0.08186070621013641,0.10733230412006378,0.32231640815734863,0.33250749111175537,0.2648599445819855,0.31045371294021606,0.3564135730266571,0.28564003109931946,0.10202313959598541,0.027700480073690414,0.1180637776851654,0.17421738803386688,0.1902540922164917,0.144453763961792,0.28736603260040283,0.22682589292526245,0.18809257447719574,0.25596123933792114,0.19966085255146027,0.1572316437959671,0.08045119047164917,0.0005075903027318418,0.028420409187674522,-0.018518462777137756,0.053565315902233124,-0.0021065380424261093,0.1561029851436615,0.24879255890846252,0.20171068608760834,0.16095617413520813,0.14993923902511597,0.027544468641281128
MRPL23,0.029651550149234634,36,-0.08142702281475067,0.028351562097668648,-0.15102370083332062,-0.10424289107322693,0.0163899976760149,0.017516033723950386,-0.00787579920142889,0.03332090005278587,0.007665468845516443,-0.025595419108867645,0.05272276699542999,-0.0029883182141929865,0.0029821277130395174,0.14157722890377045,0.15272116661071777,0.09264907985925674,0.1144581213593483,0.011783326976001263,0.14855961501598358,0.0676083043217659,0.08029995858669281,0.11138439178466797,0.05339658260345459,0.2263873815536499,-0.04150644317269325,0.0516468808054924,-0.04131379723548889,-0.049618080258369446,-0.08561627566814423,-0.05345878377556801,0.13421089947223663,0.12478945404291153,0.10371807962656021,-0.052163343876600266,-0.013316886499524117,0.003463238477706909
MRPL51,0.12526234844699502,36,0.0965016558766365,0.05829927325248718,0.12487764656543732,0.03296436369419098,0.006469280458986759,0.08655785024166107,0.13611742854118347,-0.02971751056611538,0.03547218069434166,-0.04482989013195038,0.04796704649925232,0.031299348920583725,0.32769086956977844,0.2876414656639099,0.17026230692863464,0.12674465775489807,0.017703412100672722,0.15041790902614594,0.2570020258426666,0.2453770637512207,0.19743315875530243,0.32430368661880493,0.22256818413734436,0.24956491589546204,0.038153622299432755,-0.02410888671875,0.014269365929067135,-0.05768768489360809,0.09398463368415833,-0.026133017614483833,0.24895590543746948,0.2389788031578064,0.23556610941886902,0.19522711634635925,0.2658930718898773,0.12765717506408691
MRPL54,0.01926142229220002,36,-0.05570385605096817,-0.013562886044383049,-0.025900477543473244,-0.08745937794446945,-0.06189015880227089,-0.001139742904342711,0.08346088975667953,0.10264309495687485,0.14167003333568573,0.1365893930196762,-0.032830215990543365,0.07469197362661362,0.04838743060827255,0.057909559458494186,0.09715203940868378,-0.07699806988239288,0.02894439548254013,-0.06674608588218689,0.04623304307460785,0.14762446284294128,0.08474678546190262,0.12090422213077545,-0.010649018920958042,0.05612311139702797,-0.05619862303137779,-0.08536119759082794,-0.035398297011852264,0.015197467990219593,-0.004367434419691563,-0.05480809882283211,-0.009233311749994755,0.1438744217157364,0.053315356373786926,0.004478306509554386,0.0071272701025009155,-0.0794152021408081
MRPS22,0.12220117506674594,36,0.03670351952314377,0.10213567316532135,0.09566681832075119,0.09760630130767822,0.06714724749326706,0.0907895416021347,0.13664835691452026,0.2233005166053772,0.2731609344482422,0.412290096282959,0.22364036738872528,0.19055365025997162,0.09258643537759781,0.1469271183013916,0.1044083759188652,0.13193358480930328,0.03202596679329872,0.21988773345947266,0.15110749006271362,0.13147778809070587,0.1671246886253357,0.24745041131973267,0.15692122280597687,0.11555693298578262,-0.08326629549264908,0.016625061631202698,-0.017216678708791733,-0.020988257601857185,0.020960168913006783,0.031206918880343437,0.1914527416229248,0.1860281229019165,0.115440733730793,0.09302778542041779,0.16278640925884247,0.056134819984436035
MS4A6A,0.05903335202795764,36,0.012814636342227459,-0.011128275655210018,0.023078983649611473,-0.030526913702487946,0.017532572150230408,0.011387383565306664,0.06405816227197647,0.1855417639017105,0.13272729516029358,0.14972785115242004,-0.003459283383563161,0.17354127764701843,0.07526028156280518,0.1080293208360672,-0.011229654774069786,0.0020641146693378687,0.08318319916725159,0.040816765278577805,-0.0831843763589859,-0.07216174155473709,0.0492636077105999,0.09449335187673569,0.16200222074985504,0.1309494525194168,0.07167451828718185,0.022485896944999695,0.03763018175959587,-0.02246175892651081,-0.010360615327954292,-0.07552932947874069,0.0899445191025734,0.09992426633834839,0.09910392016172409,0.18865349888801575,0.1539512425661087,0.1654023379087448
MST1R,0.12853319896385074,36,-0.05195675790309906,0.08139908313751221,0.09566058218479156,0.0651283860206604,0.023622117936611176,0.16074861586093903,0.2528204023838043,0.42132410407066345,0.27954286336898804,0.28052908182144165,0.24457357823848724,0.33346185088157654,0.0581602044403553,0.0490875206887722,0.06662708520889282,0.2521483600139618,0.15004296600818634,0.04712626710534096,0.21906763315200806,0.2863507568836212,0.11277832835912704,0.23384365439414978,0.21809883415699005,0.05356974899768829,-0.03980689495801926,-0.052363310009241104,-0.06595419347286224,0.048702776432037354,-0.010074079036712646,-0.025581011548638344,0.2342575490474701,0.13729959726333618,0.12029340118169785,0.14803484082221985,0.15252147614955902,0.04610974341630936
MTG2,0.11952242069593114,36,0.007632321212440729,0.04441435635089874,-0.012442954815924168,0.11884689331054688,0.08155900985002518,0.07763294130563736,0.27764540910720825,0.19475524127483368,0.06440369784832001,0.22654660046100616,0.2429429143667221,0.36330732703208923,0.08278138190507889,0.15643899142742157,0.1790427416563034,0.08448848128318787,0.2715578079223633,0.003673990024253726,0.21744239330291748,0.11990148574113846,0.107308529317379,0.20646949112415314,0.18229594826698303,0.14885015785694122,-0.04560291767120361,-0.021291662007570267,-0.028632747009396553,-0.010825568810105324,0.01130911335349083,-0.026255382224917412,0.15777237713336945,0.22342757880687714,0.22696617245674133,0.10457545518875122,0.14394305646419525,0.11992651224136353
MTMR12,0.08969162955569725,36,-0.00940054003149271,0.021787231788039207,0.07190515100955963,0.0763663649559021,0.043538931757211685,0.014978939667344093,-0.020707814022898674,0.1027730405330658,0.25785768032073975,0.037160854786634445,0.04679730534553528,0.20559553802013397,0.18585240840911865,0.08507602661848068,0.07729028910398483,0.09030808508396149,-0.007102226838469505,0.15529347956180573,0.20151935517787933,0.12801593542099,0.12320615351200104,0.21144792437553406,0.1591220647096634,0.06751494109630585,0.015774328261613846,0.0040490105748176575,-0.041028402745723724,0.020464465022087097,0.08624140918254852,0.03629098832607269,0.018299391493201256,0.06426269561052322,0.2224833220243454,0.12326060980558395,0.23721691966056824,0.11538680642843246
MUC1,-0.048014226697786294,36,-0.062183670699596405,0.1556980311870575,-0.043606195598840714,0.005198132246732712,0.08901654183864594,0.04288442060351372,0.05374111607670784,-0.018336309120059013,-0.06818965077400208,-0.10436732321977615,0.05451897531747818,-0.11451426148414612,0.03973446413874626,-0.1299065500497818,-0.10273260623216629,-0.08523702621459961,-0.0006142353522591293,-0.09058839827775955,-0.07032449543476105,-0.16871266067028046,-0.09855102747678757,-0.02544913999736309,-0.03207381069660187,-0.128689706325531,-0.05269375443458557,-0.006286440882831812,0.03660935163497925,0.00851322803646326,0.014276961795985699,0.04479170963168144,-0.1584361344575882,-0.20019826292991638,-0.2609832286834717,-0.09691336005926132,-0.08751648664474487,-0.06639035791158676
MUCL1,0.1309297128011369,36,0.11196673661470413,0.04157985746860504,0.04368160665035248,0.11813893914222717,0.03420247882604599,0.08198050409555435,0.19117026031017303,0.21421201527118683,0.31236886978149414,0.2678563594818115,0.24856379628181458,0.1794966757297516,0.32275155186653137,0.25319772958755493,0.17373907566070557,0.3103538453578949,0.04198453202843666,0.28105971217155457,0.07881680130958557,0.007199577055871487,0.023081641644239426,0.087744802236557,0.02260068990290165,0.11395225673913956,-0.10262472182512283,-0.12565752863883972,-0.09861036390066147,-0.010967254638671875,-0.04384724050760269,-0.026537613943219185,0.30285391211509705,0.28564387559890747,0.2906184196472168,0.18013149499893188,0.2827451527118683,0.2180212140083313
MUS81,0.13395387117957902,36,0.09405215084552765,0.062026992440223694,0.016979346051812172,0.0888446643948555,0.08836817741394043,0.07598186284303665,0.2567138373851776,0.37205713987350464,0.21350832283496857,0.24612219631671906,0.1953147053718567,0.21560345590114594,0.09981513768434525,0.17344056069850922,0.06324635446071625,0.06835707277059555,0.15109200775623322,0.1414434164762497,0.20759029686450958,0.208708718419075,0.23540322482585907,0.16340067982673645,0.22648514807224274,0.14768432080745697,-0.017733735963702202,0.03289109468460083,-0.009069595485925674,-0.013986918143928051,0.05052061378955841,-0.0263699721544981,0.1447107344865799,0.15900376439094543,0.18801310658454895,0.18520550429821014,0.17943383753299713,0.13748113811016083
MVP,0.07326720336762567,36,-0.013027646578848362,-0.09259135276079178,-0.07070223242044449,0.08182727545499802,0.03636613488197327,-0.03881465643644333,0.12739448249340057,0.19868643581867218,0.15724721550941467,0.3595888018608093,0.08158853650093079,0.2928314208984375,0.03409704938530922,-0.10656970739364624,0.04342108592391014,-0.08696944266557693,0.12710388004779816,0.12588158249855042,0.04850326478481293,0.050657838582992554,0.05924339219927788,0.20332762598991394,0.05064576491713524,0.15762779116630554,0.021729765459895134,0.02271510288119316,0.01728535071015358,-0.04927584528923035,-0.07649942487478256,-0.08455027639865875,0.18201974034309387,0.20974506437778473,0.18425922095775604,0.11963469535112381,0.14394286274909973,0.11924852430820465
MX2,0.054887168174092144,36,-0.04284780099987984,0.017215559259057045,0.010654621757566929,0.021255645900964737,-0.036770205944776535,0.023074712604284286,0.2865758538246155,0.23296278715133667,0.3115914463996887,0.13325195014476776,0.16222058236598969,0.11718563735485077,-0.01863199844956398,0.0021054367534816265,-0.06454744935035706,-0.054837003350257874,-0.07568846642971039,0.08320432156324387,0.02805175445973873,0.07892477512359619,0.06344813108444214,0.1439499706029892,0.06563372164964676,0.03651600331068039,0.016645289957523346,-0.006710082292556763,0.02305641584098339,0.009086157195270061,0.018483461812138557,-0.0298920888453722,0.07631079107522964,-0.005027095787227154,0.07729149609804153,0.06388911604881287,0.10634300857782364,0.10196159780025482
MYBL2,0.10693555736603837,36,0.057182393968105316,-0.0429391972720623,0.029606472700834274,0.024793032556772232,0.05103467404842377,0.0354880765080452,0.2175309807062149,0.22185125946998596,0.26757022738456726,0.30058178305625916,0.16559959948062897,0.11423509567975998,0.09904998540878296,0.1375546008348465,0.039534904062747955,0.2287711203098297,0.1539769321680069,0.1610109955072403,0.030101967975497246,0.17375969886779785,0.14711564779281616,0.1998058408498764,0.13226233422756195,0.11657728999853134,-0.019901948049664497,0.0047180382534861565,0.03740087151527405,-0.01926286891102791,0.08228277415037155,-0.040179282426834106,0.08866407722234726,0.205292746424675,0.129433274269104,0.08769842237234116,0.12005184590816498,0.11142639815807343
MYC,0.09922330948110256,36,0.04851141571998596,0.04421721771359444,0.020834384486079216,0.07251288741827011,0.033747997134923935,0.09929967671632767,0.21622589230537415,0.17572611570358276,0.242532417178154,0.25192663073539734,0.16137205064296722,0.09018730372190475,-0.004200891591608524,0.12090154737234116,-0.033183932304382324,0.11879953742027283,0.0473814532160759,0.11604271084070206,0.13958781957626343,0.16774629056453705,0.23243261873722076,0.18661725521087646,0.178119495511055,0.14909209311008453,-0.029215998947620392,-0.09432213753461838,-0.025073984637856483,0.014584915712475777,0.057562779635190964,-0.019829126074910164,0.12874950468540192,0.15356194972991943,0.09987202286720276,0.1576370745897293,0.14095675945281982,0.1111253947019577
MYH10,0.04456952326775839,36,-0.027282623574137688,0.045981764793395996,-0.0070720878429710865,0.04273056238889694,0.06195960193872452,0.10077042877674103,-0.005938144400715828,0.013867680914700031,0.08879013359546661,0.0999789759516716,0.046993907541036606,0.07031455636024475,-0.014664220623672009,0.1374455690383911,0.04827501252293587,0.10567483305931091,-0.14880608022212982,0.007613228168338537,0.11206658184528351,0.07466277480125427,0.12476574629545212,0.1033066138625145,-0.013927401043474674,-0.012875600717961788,0.00704300357028842,0.037361349910497665,0.051525410264730453,0.010682322084903717,0.023107176646590233,0.03091401420533657,0.019572999328374863,0.14813372492790222,0.005396873690187931,-0.007180314511060715,0.057705700397491455,0.16560876369476318
MYL12B,0.263383036867405,36,0.16148589551448822,0.2548125386238098,0.19479824602603912,0.15590602159500122,0.2408984750509262,0.1640111356973648,0.3566947281360626,0.3758666217327118,0.5185099840164185,0.5404313206672668,0.46064114570617676,0.41955459117889404,0.3598956763744354,0.4544069766998291,0.2722419798374176,0.34844130277633667,0.22204174101352692,0.35223355889320374,0.2911128103733063,0.29647865891456604,0.3621150255203247,0.3559217154979706,0.27858391404151917,0.15666070580482483,0.014930752106010914,-0.017267322167754173,-0.06974512338638306,0.04151396080851555,0.09664078056812286,0.04992196336388588,0.27690526843070984,0.313766747713089,0.2706634998321533,0.26211780309677124,0.42696648836135864,0.22162973880767822
MYL6B,0.058071514048303165,36,0.1376420259475708,-0.025490522384643555,0.03748983144760132,-0.061428919434547424,-0.05608382821083069,0.039862312376499176,0.12292416393756866,0.12920136749744415,0.16159193217754364,0.13931144773960114,0.07412656396627426,0.03884197771549225,0.022350603714585304,0.1524958461523056,0.07977556437253952,0.12476098537445068,-0.0999530628323555,0.06026633083820343,0.08318269997835159,0.022365111857652664,0.11654384434223175,0.11490842700004578,0.04619067907333374,0.11009756475687027,-0.022832447662949562,-0.01520643848925829,0.01076967641711235,-0.037795137614011765,-0.014538607560098171,-0.014497472904622555,0.030991310253739357,0.11023346334695816,0.16649016737937927,0.09855043888092041,0.1186050996184349,0.08883150666952133
MYL9,-0.0034306413338830075,36,-0.025684986263513565,-0.045618779957294464,-0.0014712510164827108,-0.03039085678756237,0.025704437866806984,0.014445784501731396,-0.03810891881585121,-0.17084050178527832,-0.05574290454387665,-0.2457651048898697,-0.1836014986038208,-0.05025690421462059,0.17460866272449493,0.0207329373806715,-0.017744889482855797,0.12494594603776932,-0.04659018665552139,0.1121722161769867,0.1309770792722702,0.17103557288646698,0.02990373969078064,0.10587593168020248,0.035081829875707626,-0.03141730651259422,-0.11277351528406143,-0.1236463263630867,-0.015045437030494213,0.001285393489524722,-0.010620059445500374,-0.018296383321285248,-0.02719947136938572,0.03634179010987282,0.1046578660607338,0.07474665343761444,-0.0601760633289814,0.02497241646051407
MYO1G,0.04315678137613253,36,0.024718666449189186,-0.09131713956594467,0.008403339423239231,-0.0342707522213459,-0.025912154465913773,-0.005986131727695465,0.1873246133327484,0.1998806744813919,0.01525367982685566,0.08935356885194778,-0.017323974519968033,0.10865896195173264,0.20997457206249237,0.0788596048951149,-0.03965671360492706,0.0744565948843956,0.11234114319086075,0.12108371406793594,-0.005009254906326532,0.03933818265795708,0.007172792684286833,0.004669855814427137,0.032342784106731415,0.09911202639341354,0.027478259056806564,-0.05294062942266464,-0.05311752110719681,0.0294024795293808,-0.05746954306960106,-0.05025952681899071,0.08817461878061295,0.02965399995446205,0.09762450307607651,0.05365695059299469,0.09694402664899826,0.1510278582572937
MYO9B,0.09630425617150548,36,0.004040762782096863,0.10736271739006042,0.0600716695189476,0.03999602794647217,-0.016463126987218857,0.06822819262742996,0.18512257933616638,0.20271089673042297,0.284342497587204,0.30893394351005554,0.26955699920654297,0.2064855545759201,0.02008463256061077,0.20603087544441223,-0.03717610239982605,0.08373849838972092,0.08847422897815704,0.13020917773246765,0.0026130664627999067,0.013485608622431755,0.05253108963370323,0.0290523674339056,0.0464378297328949,0.151109516620636,-0.003029696876183152,0.02460770681500435,0.05886828526854515,-0.03348768502473831,-0.033376362174749374,-0.10213237255811691,0.1336260735988617,0.1278151273727417,0.20394279062747955,0.1960456818342209,0.1959792971611023,0.1911148726940155
MZT2A,0.033075901025666904,36,0.010883964598178864,0.01814955845475197,0.1610940396785736,-0.10627926141023636,-0.03443079814314842,0.16905170679092407,0.03947033733129501,0.1802670955657959,0.16215938329696655,0.1723863184452057,-0.04376935213804245,0.08787578344345093,0.0726500004529953,0.06195567548274994,0.009648947045207024,0.05715330317616463,0.10005376487970352,0.05271599814295769,0.08387429267168045,0.07597759366035461,0.004010708536952734,0.03374062851071358,0.09891915321350098,0.10027490556240082,0.023434463888406754,0.04369574040174484,0.00015140717732720077,-0.04892599582672119,0.019144220277667046,-0.013783005066215992,-0.06827164441347122,-0.07658080011606216,-0.18236802518367767,-0.06972263753414154,0.02464766427874565,-0.02852269820868969
NAA10,0.11155801234094219,36,-0.05572766065597534,0.1072535589337349,0.0696740448474884,0.055707864463329315,0.047111064195632935,0.1081518903374672,0.2553024888038635,0.26410818099975586,0.20011305809020996,0.22346630692481995,0.23536306619644165,0.1724097579717636,0.24059432744979858,0.20685116946697235,0.0951356515288353,0.05931321159005165,0.07836301624774933,0.16174748539924622,0.23246537148952484,0.23042413592338562,0.044544998556375504,0.15678459405899048,0.16572989523410797,0.16178926825523376,-0.06201064959168434,-0.039190687239170074,-0.14274927973747253,-0.007147252094000578,-0.07044588029384613,-0.007502698339521885,0.0995134711265564,0.11721806973218918,0.26596835255622864,0.07232581079006195,0.12412462383508682,0.14930781722068787
NANS,0.05201142047169722,36,-0.04858637973666191,-0.017893588170409203,-0.051966555416584015,0.00850001536309719,-0.09569088369607925,0.11174850910902023,-0.05112161487340927,0.032846495509147644,0.01523061003535986,0.12873858213424683,-0.07462724298238754,0.11162114143371582,0.17380739748477936,0.1293606162071228,0.113040030002594,0.14517083764076233,0.04336993396282196,0.1902064085006714,0.04510778561234474,0.14189450442790985,0.15759269893169403,0.11504998058080673,0.1043236032128334,0.07568184286355972,0.006630494724959135,-0.05077896639704704,-0.0242022518068552,-0.07349660992622375,-0.012228528968989849,-0.012380562722682953,0.11205651611089706,0.14860571920871735,0.07891318947076797,0.06250860542058945,0.03328220546245575,0.10009659826755524
NAT1,0.0693129079017256,35,-0.05365993455052376,-0.015729349106550217,0.0438348650932312,0.03198046237230301,-0.037755440920591354,-0.006992480251938105,0.18606340885162354,0.19400109350681305,0.10363344103097916,0.26513588428497314,0.1930040568113327,0.22648480534553528,0.09130962938070297,0.1499600112438202,0.09246969223022461,0.013185056857764721,0.18005765974521637,0.011039640754461288,0.06029219925403595,0.011519569903612137,-0.013661504723131657,0.03656588867306709,0.13485898077487946,0.07158305495977402,-0.05766133591532707,-0.04576990380883217,,-0.008061198517680168,-0.04054791480302811,-0.03353675454854965,0.08513953536748886,0.06709342449903488,0.06527621299028397,0.10731422901153564,0.15550245344638824,0.16202233731746674
NCKAP1L,0.035437895095027566,36,-0.10903184860944748,-0.007843381725251675,0.07753334194421768,-0.02638053521513939,-0.013975230045616627,-0.09190258383750916,0.23423241078853607,0.14434833824634552,0.030147172510623932,0.09503699094057083,0.11261431872844696,0.18435563147068024,0.06998924911022186,-0.03669999912381172,-0.015227872878313065,0.03509929031133652,0.0369129404425621,-0.0032027973793447018,-0.03003675676882267,-0.10159489512443542,0.016529692336916924,0.047680437564849854,0.017419295385479927,0.006713928654789925,-0.029041238129138947,0.0868932232260704,0.031921468675136566,0.02642163820564747,0.0705239325761795,0.07361897826194763,0.07641712576150894,-0.0013894739095121622,0.08246192336082458,0.05926563963294029,0.05661832541227341,0.06933554261922836
NCKAP5L,0.048502731059367456,36,-0.045511506497859955,-0.06518976390361786,0.059033628553152084,0.0796675980091095,-0.015647629275918007,-0.048478368669748306,0.046349771320819855,0.0946098044514656,0.017235063016414642,0.0837298259139061,0.03351262956857681,-0.09745889157056808,0.18719296157360077,0.09983628988265991,0.0609932616353035,0.10663849115371704,0.11101186275482178,0.05979429930448532,-0.03632180020213127,0.11664899438619614,0.10256126523017883,0.07745447754859924,0.07748450338840485,0.0224453192204237,0.03383041173219681,-0.034922029823064804,0.0076239402405917645,0.014020591042935848,0.030640950426459312,-0.005144072230905294,0.09861855953931808,0.027383042499423027,0.11600106954574585,0.12480997294187546,0.08876726776361465,0.1168765276670456
NDC80,0.025430991613705243,35,-0.17163121700286865,0.10632484406232834,-0.036985911428928375,-0.08404513448476791,0.0657142624258995,-0.002700942102819681,0.10118276625871658,0.07021046429872513,0.16831721365451813,0.1305345892906189,-0.08915216475725174,0.13241656124591827,0.0670035108923912,-0.037606753408908844,0.02568734809756279,0.0073487358167767525,-0.04233357310295105,0.06970446556806564,0.012381457723677158,0.07514526695013046,-0.06621219962835312,0.05441645160317421,0.01683611050248146,-0.007070248946547508,0.005955882836133242,0.009390565566718578,0.012187344022095203,0.0028425867203623056,0.039519671350717545,-0.03467279300093651,0.07788196206092834,-0.02006222866475582,0.07225772738456726,,0.0812295451760292,0.07806853950023651
NDRG1,0.1667859490391695,36,0.07217931002378464,-0.008504350669682026,0.039635371416807175,0.0017199586145579815,-0.02683224342763424,0.023678995668888092,0.35679662227630615,0.32845860719680786,0.20080222189426422,0.20789164304733276,0.2888730764389038,0.20515750348567963,0.12024499475955963,0.08921336382627487,0.05739154666662216,0.13625690340995789,0.09671749919652939,0.1717597097158432,0.37828871607780457,0.33222442865371704,0.3530750274658203,0.3168915808200836,0.41568949818611145,0.29801270365715027,0.03747095912694931,-0.0290092583745718,-0.03013673797249794,0.005940193776041269,0.035210493952035904,0.01787422224879265,0.29820874333381653,0.3318233788013458,0.3068999946117401,0.20184637606143951,0.20056958496570587,0.17197352647781372
NDUFA1,0.1589495657568073,36,-0.04374678432941437,0.039582595229148865,0.15106596052646637,0.05746578797698021,-0.002493418985977769,0.07502338290214539,0.11341727524995804,0.3664650022983551,0.30742713809013367,0.39194315671920776,0.20034706592559814,0.38588598370552063,0.19346030056476593,0.29138702154159546,0.2760264277458191,0.15659695863723755,0.1528727263212204,0.10171689093112946,0.1584087610244751,0.2963746190071106,0.3163990080356598,0.35440173745155334,0.2942642569541931,0.1331939995288849,0.02350669912993908,0.016769452020525932,0.0011610575020313263,-0.03912793844938278,-0.016510073095560074,-0.11857841163873672,0.19593247771263123,0.20373627543449402,0.22036632895469666,0.16414298117160797,0.1566939651966095,0.1466057002544403
NDUFA12,0.1487671924664432,36,0.02724127098917961,0.16898518800735474,0.03231392055749893,0.09922979772090912,0.13322262465953827,0.09616675972938538,0.2170679271221161,0.28083929419517517,0.15977923572063446,0.3397575318813324,0.20504885911941528,0.2835526466369629,0.3091135323047638,0.24446707963943481,0.16258804500102997,0.2051117867231369,0.20402468740940094,0.10148219019174576,0.24808937311172485,0.11133555322885513,0.2825002372264862,0.24855780601501465,0.16136127710342407,0.23673021793365479,-0.0023069658782333136,0.04143271595239639,0.02689097821712494,0.013602829538285732,0.02295648865401745,-0.016281289979815483,0.17293664813041687,0.09270374476909637,0.08663024008274078,0.12788382172584534,0.16395869851112366,0.06664417684078217
NDUFB2,0.1837456365497524,36,0.15783724188804626,0.0891389548778534,0.11081669479608536,-0.041675712913274765,0.12562774121761322,0.18507318198680878,0.109206423163414,0.22215501964092255,0.27151963114738464,0.3715837597846985,0.1998983472585678,0.25112855434417725,0.34236371517181396,0.31714513897895813,0.20680901408195496,0.22949646413326263,0.2618781626224518,0.2616204619407654,0.16187967360019684,0.27268412709236145,0.24351866543293,0.3921092748641968,0.3020073175430298,0.2985694408416748,-0.056687116622924805,0.04356740415096283,0.07552720606327057,-0.0038512235041707754,0.04563380777835846,-0.001234708703123033,0.2118855118751526,0.1449260711669922,0.24371476471424103,0.20289720594882965,0.2593216896057129,0.10675100982189178
NDUFB3,0.16416326647676113,36,0.05794209614396095,0.1194380521774292,0.12470097839832306,0.09044113010168076,0.12161324173212051,0.059225402772426605,0.35670003294944763,0.4057028293609619,0.4637710750102997,0.4380820691585541,0.34111180901527405,0.37905606627464294,0.2783709168434143,0.15005014836788177,0.08097659051418304,0.17184755206108093,0.14026027917861938,0.15993677079677582,0.2170337587594986,0.2574050724506378,0.20289966464042664,0.21316644549369812,0.11838112026453018,0.10205299407243729,-0.025742188096046448,0.08016472309827805,-0.068534716963768,0.017667125910520554,-0.004473967012017965,-0.07078608870506287,0.2392735779285431,0.17534038424491882,0.22191131114959717,0.05500657111406326,0.13840803503990173,0.10147672891616821
NDUFB9,0.035265926161729216,36,-0.015100342221558094,-0.06996326893568039,-0.013391227461397648,-0.028621163219213486,-0.10570289194583893,-0.05901677533984184,-0.13458062708377838,-0.1550302803516388,-0.09301396459341049,-0.29647430777549744,-0.1462191641330719,-0.06339605152606964,0.32770684361457825,0.1767030954360962,0.05552066117525101,0.06325139850378036,0.04910311847925186,0.09685150533914566,0.11212197691202164,0.35329192876815796,0.1203087642788887,0.1740541160106659,0.09770239144563675,0.11033594608306885,-0.048978228121995926,-0.06385619938373566,-0.012933487072587013,-0.025250433012843132,-0.015928102657198906,-0.0018630141858011484,0.21736599504947662,0.15482227504253387,0.1986522525548935,0.1372585892677307,0.11807012557983398,0.05577188730239868
NDUFC1,0.16633043536502454,36,0.09215524792671204,0.20097562670707703,0.09365352243185043,0.14437776803970337,0.1984623670578003,0.14307773113250732,0.16246235370635986,0.21249355375766754,0.3230288624763489,0.3434411883354187,0.32259151339530945,0.2702970504760742,0.15629258751869202,0.1346612572669983,0.0715286061167717,0.22732222080230713,0.12873302400112152,0.2933575510978699,0.2557857930660248,0.19702452421188354,0.24501177668571472,0.2993392050266266,0.28537315130233765,0.2442771941423416,-0.09496869891881943,0.02476554922759533,-0.0381987988948822,-0.016024231910705566,0.06322349607944489,0.04310573637485504,0.2384391725063324,0.1975134164094925,0.17500510811805725,0.11355199664831161,0.12816283106803894,0.10759641975164413
NDUFS1,0.16534711813761127,36,0.11786022037267685,0.23555488884449005,0.19369828701019287,0.11980874091386795,0.17689989507198334,0.1440654993057251,0.21900010108947754,0.30924996733665466,0.30473464727401733,0.34050968289375305,0.2911125421524048,0.34409427642822266,0.2540101408958435,0.11402152478694916,0.1872762143611908,0.10456782579421997,0.2532244324684143,0.05242776870727539,0.2553184926509857,0.19313102960586548,0.22226203978061676,0.17115259170532227,0.06887727975845337,0.05868980288505554,0.03881007060408592,0.006397159770131111,-0.013503571972250938,0.0871901586651802,0.07738619297742844,0.058629896491765976,0.2879217863082886,0.20385931432247162,0.16046491265296936,0.03460590913891792,0.1309354156255722,0.14825111627578735
NDUFV3,0.05192719275752703,36,0.06088778004050255,0.0707244798541069,0.04340410977602005,0.027067232877016068,-0.07134704291820526,0.013244975358247757,0.11864795535802841,0.021959327161312103,0.03676130995154381,0.05458910018205643,0.08761486411094666,-0.014155499637126923,0.16830773651599884,0.08742202073335648,0.12441164255142212,0.1334637701511383,0.037271689623594284,-0.02056696265935898,0.05460185185074806,0.13165627419948578,0.05137509107589722,0.1559680551290512,0.060787055641412735,0.07535763829946518,-0.029535742476582527,-0.025247348472476006,-0.01897411420941353,-0.059183865785598755,-0.034591589123010635,-0.026724863797426224,0.09465605765581131,0.1374194473028183,0.15413276851177216,0.05914194509387016,0.03881042078137398,0.0700213685631752
NEBL,0.03770912851258698,36,0.08228234201669693,0.015935232862830162,0.10642214119434357,0.061050210148096085,0.07976382970809937,0.06204138323664665,-0.1986714005470276,0.08016099780797958,-0.138917937874794,-0.0895264521241188,-0.19442817568778992,-0.006485699210315943,0.16846810281276703,0.05695727840065956,-0.027241824194788933,0.09394460916519165,0.029577121138572693,0.09428947418928146,0.138962522149086,-0.04539504274725914,0.09934080392122269,0.2164755016565323,0.12505313754081726,0.017073340713977814,0.030904866755008698,0.007893756031990051,0.021951662376523018,-0.024109214544296265,0.027473527938127518,-0.02520037069916725,0.13980677723884583,0.032720647752285004,-0.00587836280465126,0.11036308854818344,0.12260185182094574,0.09186889976263046
NEK7,0.09090145061943783,36,0.04888726398348808,-0.009300156496465206,-0.04611745849251747,0.045423414558172226,0.07509544491767883,-0.03675508871674538,0.13255071640014648,0.21269983053207397,0.2820044159889221,0.280885249376297,0.25233203172683716,0.25166136026382446,0.22772085666656494,0.15151913464069366,0.039229389280080795,0.01927013508975506,0.16806329786777496,0.25286608934402466,0.06932529807090759,0.068873830139637,0.21594002842903137,0.021793799474835396,0.09473209083080292,0.08562921732664108,-0.07011983543634415,-0.08857816457748413,-0.03962148725986481,0.07207470387220383,0.05191926658153534,0.045818425714969635,0.06783799082040787,0.10312407463788986,0.11694054305553436,0.00180493772495538,0.0679316595196724,0.03898991644382477
NELFE,0.03138443111028108,36,-0.0428042858839035,-0.05513962730765343,-0.006536323577165604,-0.11295964568853378,-0.01788138598203659,0.0552755668759346,-0.0070436690002679825,0.025165915489196777,0.007848522625863552,0.09718670696020126,0.0488569550216198,0.12155477702617645,0.13897083699703217,0.11190686374902725,0.05829951539635658,0.057703033089637756,0.1155160591006279,0.03271782770752907,0.08731509745121002,0.09624515473842621,0.09064748883247375,0.1041913628578186,0.02896691858768463,-0.034656547009944916,-0.039461344480514526,-0.00721496157348156,-0.07157637178897858,-0.06391897797584534,-0.04753803834319115,-0.06999354809522629,0.06936044991016388,0.05903429910540581,0.09549876302480698,0.049636222422122955,0.0861421450972557,0.06852376461029053
NFATC4,0.012071610412224092,36,-0.0034942892380058765,-0.009601620025932789,-0.0011428339639678597,-0.05246831104159355,0.02240603230893612,0.05211561918258667,-0.03451571241021156,-0.08263731747865677,-0.0320432148873806,0.1156872883439064,0.07091756910085678,0.07301048934459686,0.1354861557483673,-0.10311194509267807,-0.011668086983263493,0.00838822778314352,-0.20316146314144135,0.035852596163749695,0.006650739815086126,-0.024320153519511223,0.02972773276269436,0.10468535870313644,-0.01578516699373722,0.11730243265628815,-0.10378991067409515,0.024699699133634567,0.10361064225435257,-0.04840778559446335,-0.020330760627985,-0.03656227886676788,0.0940941721200943,-0.023469964042305946,-0.03992913290858269,0.09474404901266098,0.11656153202056885,0.075077585875988
NFIC,-0.05531632498928553,36,0.02178903855383396,0.08670750260353088,0.0447055958211422,0.020869862288236618,0.015457099303603172,0.033875472843647,-0.19792847335338593,-0.17905987799167633,-0.290294885635376,-0.17505677044391632,-0.17986758053302765,-0.2734304964542389,0.09353997558355331,-0.1870238482952118,-0.02434915490448475,0.05972442775964737,0.0018351400503888726,-0.1655631959438324,0.06218167766928673,0.0917644053697586,-0.03059106506407261,-0.010934651829302311,0.054010022431612015,0.06627927720546722,-0.08449787646532059,-0.08306194096803665,-0.0038245590403676033,0.00309379817917943,-0.0006355959922075272,-0.05159108340740204,-0.1375921368598938,-0.21265530586242676,-0.07879376411437988,-0.08937878906726837,-0.07367251068353653,-0.11741743236780167
NINJ1,0.11308874185973157,36,0.013343083672225475,0.0063234432600438595,-0.05504309758543968,-0.18118131160736084,-0.058258913457393646,0.1495334357023239,0.1476905643939972,0.32001978158950806,0.2325451821088791,0.3910292088985443,0.1866835355758667,0.0944921001791954,0.14502856135368347,0.1971738636493683,0.08042147010564804,0.11940440535545349,0.13211379945278168,0.13102443516254425,0.14628057181835175,0.30171120166778564,0.19947731494903564,0.22743546962738037,0.12945307791233063,0.26884758472442627,0.016973165795207024,-0.04115899279713631,-0.04212139919400215,-0.0442306213080883,-0.04457559436559677,-0.016441117972135544,0.13897933065891266,0.17597584426403046,0.19152706861495972,0.14024093747138977,0.17425815761089325,0.09621915966272354
NIT2,0.14249566340044517,36,0.012633225880563259,0.04436424374580383,0.141160786151886,-0.00020091344777029008,0.05616847425699234,0.11264748126268387,0.36820489168167114,0.43488430976867676,0.30438342690467834,0.28153371810913086,0.24785616993904114,0.31699422001838684,0.10513683408498764,0.1067139059305191,0.2352008819580078,0.09869520366191864,0.09907608479261398,0.20731331408023834,0.17814582586288452,0.23061196506023407,0.1688484102487564,0.30059459805488586,0.2078835368156433,0.12166804820299149,-0.042181313037872314,-0.012834789231419563,-0.0006460376898758113,-0.019515031948685646,-0.01556526217609644,-0.03617291897535324,0.15621791779994965,0.19188827276229858,0.21562007069587708,0.09512536227703094,0.16181747615337372,0.05557149276137352
NMRAL1,0.14025499104172923,36,0.09178999811410904,0.06138494610786438,-0.07494930922985077,0.019269771873950958,-0.06794846802949905,0.13192710280418396,0.3301181197166443,0.3355824947357178,0.2586396634578705,0.3157704174518585,0.23130089044570923,0.2347884476184845,0.23548069596290588,0.08945712447166443,0.1254759281873703,0.09932878613471985,0.15615573525428772,0.21781210601329803,0.16506904363632202,0.203732430934906,0.09274332225322723,0.277730256319046,0.17741556465625763,0.2104271650314331,-0.00040046393405646086,-0.005019995849579573,-0.02912885509431362,0.027110006660223007,0.08948098123073578,-0.008461984805762768,0.19238650798797607,0.30751052498817444,0.18032510578632355,0.08050217479467392,0.14814446866512299,0.1482289731502533
NR1H2,-0.03126689667503039,36,-0.04516158998012543,-0.023181715980172157,-0.08622526377439499,-0.07242722809314728,-0.012639215216040611,0.0383213646709919,-0.1477649211883545,-0.17446565628051758,-0.12375342100858688,-0.3460675776004791,-0.16563425958156586,-0.06991633772850037,0.011513950303196907,0.06777273863554001,0.02879982814192772,-0.1195235401391983,-0.01829945482313633,0.01591985858976841,0.07987143099308014,0.04012824967503548,0.06415416300296783,0.1351100206375122,0.007522578351199627,-0.02252081222832203,-0.012903716415166855,0.006426991429179907,-0.046512067317962646,-0.028565874323248863,0.00720647256821394,-0.025180146098136902,-0.013191243633627892,0.0016940557397902012,-0.014742177911102772,-0.037351835519075394,0.00855040829628706,-0.03257233649492264
NR4A1,0.006573910818486992,36,0.050150275230407715,0.03841591998934746,0.043335724622011185,-0.06243333965539932,-0.01812257617712021,-0.042184215039014816,-0.2696983516216278,-0.21766868233680725,-0.14048528671264648,-0.2995193302631378,-0.21995404362678528,-0.10460173338651657,0.16386215388774872,-0.05213727429509163,0.07795432955026627,-0.05890604481101036,0.02189541794359684,0.11387700587511063,0.048602353781461716,0.17157690227031708,0.04189784824848175,0.20708304643630981,0.17054392397403717,0.1800277978181839,-0.014459452591836452,-0.002950177760794759,0.04791038855910301,-0.06440401077270508,0.028333136811852455,0.02380230836570263,0.12425436079502106,0.06740748882293701,0.044503070414066315,-0.021172882989048958,0.11447471380233765,0.04545002430677414
NRP1,0.024996937899332907,36,0.03885475546121597,-0.03444761410355568,-0.09099035710096359,0.027176400646567345,0.0421530082821846,-0.008260016329586506,-0.0643167495727539,-0.0071662841364741325,0.03673659637570381,0.012225315906107426,-0.029388101771473885,-0.16325978934764862,-0.023657167330384254,0.15369798243045807,-0.04660196974873543,0.08561812341213226,0.12581424415111542,0.10736134648323059,0.024606162682175636,-0.05889134854078293,-0.03586199879646301,0.07429693639278412,0.07137606292963028,0.05406633019447327,0.008562865667045116,-0.0695091038942337,-0.057001691311597824,0.017430366948246956,0.029033903032541275,0.010910515673458576,0.15687759220600128,0.2173088639974594,0.10883396863937378,0.06767524033784866,0.10107527673244476,0.017550097778439522
NSMCE1,0.09289326479968925,36,0.047127652913331985,0.07094582915306091,0.13144326210021973,0.1047869473695755,-0.04933428019285202,0.045856356620788574,0.15299543738365173,0.16399745643138885,0.1218646988272667,0.2861875891685486,0.08330009132623672,0.1855604648590088,0.24272869527339935,0.12195698171854019,0.28026291728019714,0.14686450362205505,0.08994314819574356,0.11256200820207596,0.02524172142148018,0.03594280034303665,0.18038439750671387,0.10118019580841064,0.17872406542301178,0.09094054251909256,0.010235690511763096,-0.012758685275912285,-0.052306167781353,-0.07731063663959503,-0.04192998260259628,-0.01764122024178505,0.09757344424724579,0.09046687185764313,0.09448885172605515,0.1539543867111206,0.12512055039405823,0.022800946608185768
NTMT1,0.041412764177140265,36,-0.005785273388028145,0.07034056633710861,-0.021612204611301422,-0.02317156083881855,-0.10233128815889359,-0.0012538539012894034,0.14510129392147064,0.20641696453094482,0.01695895381271839,0.12100914865732193,0.06005798652768135,-0.0018539312295615673,0.21479766070842743,0.15503636002540588,0.023259194567799568,0.08423900604248047,0.021930687129497528,0.03273908421397209,-0.04065273702144623,0.07223093509674072,0.005153711419552565,0.11102995276451111,-0.034172866493463516,-0.006773615255951881,0.005551933776587248,0.06479617208242416,-0.008560826070606709,-0.03623759746551514,0.06528376042842865,-0.038825664669275284,0.05915958434343338,0.095628522336483,0.07566147297620773,0.04571818932890892,-0.0010793275432661176,0.06106911599636078
NUF2,0.056460650553668126,36,0.009640770964324474,0.04873286560177803,0.004070373717695475,0.10597928613424301,-0.0026716592255979776,-0.07728219777345657,0.07119268923997879,0.054132357239723206,-0.0038695456460118294,0.052413228899240494,0.14556311070919037,0.09323657304048538,0.22407780587673187,0.10591011494398117,0.00424516387283802,-0.05824729800224304,0.029357686638832092,0.1937400847673416,0.026664787903428078,0.09239806979894638,0.010682521387934685,0.13446271419525146,0.04536325857043266,0.005648244637995958,0.026360981166362762,0.010302307084202766,-0.05728175863623619,0.03650839254260063,0.05419199541211128,0.012629933655261993,0.10686592012643814,0.05950808897614479,0.12900099158287048,0.1613224297761917,0.09087195992469788,0.08686117082834244
NUP214,0.09093751944601536,36,-0.05280107632279396,0.04890618845820427,0.13415472209453583,0.005052330903708935,0.09724919497966766,-0.006486584432423115,0.16839762032032013,0.2133188396692276,0.2438184767961502,0.2619175910949707,0.2054937481880188,0.254794716835022,0.2079945057630539,0.13130685687065125,0.02014140971004963,0.10167150944471359,0.0239561814814806,0.036327868700027466,0.08878130465745926,0.15327173471450806,0.21980637311935425,0.100832998752594,0.054457709193229675,0.02269677072763443,-0.00904227327555418,-0.015497355721890926,-0.045556362718343735,-0.03410934656858444,-0.04491151496767998,0.008171960711479187,0.06904523819684982,0.07219842821359634,0.12635405361652374,0.09028814733028412,0.17007315158843994,0.15167558193206787
NUP93,0.13547219045237094,36,0.10408417880535126,0.00046019020373933017,-0.0006248782156035304,0.04185176268219948,0.031416576355695724,0.0371025986969471,0.27929478883743286,0.4202534854412079,0.36807873845100403,0.3081945776939392,0.23963379859924316,0.29592612385749817,0.19490857422351837,0.14776434004306793,0.07027027755975723,0.12755416333675385,0.20363235473632812,0.16148516535758972,0.13049976527690887,0.15215688943862915,0.1800841987133026,0.15447749197483063,0.1395236700773239,0.20513804256916046,0.028493642807006836,-0.03179657831788063,-0.03237592428922653,0.04317900910973549,0.04987012594938278,0.038469333201646805,0.12368747591972351,0.10729275643825531,0.05647772550582886,0.1624041646718979,0.19888825714588165,0.1392419934272766
NXN,0.03693350808074077,36,-0.05076909437775612,0.03150340914726257,-0.02021690271794796,-0.13712868094444275,0.020841483026742935,0.01461497787386179,-0.013234085403382778,0.05049789324402809,0.08814847469329834,0.015977375209331512,0.1240730956196785,0.12405610084533691,-0.10730111598968506,-0.030741751194000244,0.01663299649953842,0.014468537643551826,-0.027063272893428802,0.07120560854673386,0.10011625289916992,0.10146349668502808,0.16120052337646484,0.08828862756490707,0.11860105395317078,0.12373585999011993,-0.053543854504823685,-0.020753344520926476,-0.015046363696455956,0.002236049622297287,0.11551333218812943,-0.05946654453873634,0.11830393224954605,0.05886375159025192,0.10189960151910782,0.12007829546928406,0.054495107382535934,0.028055464848876
OASL,0.034117790857433446,36,-0.02088674157857895,0.12264727056026459,-0.03134060278534889,-0.054248396307229996,-0.04693488031625748,0.0247604139149189,0.2377641648054123,0.14969179034233093,0.12294892966747284,0.25316864252090454,0.07418297976255417,0.1439492404460907,-0.1100335568189621,0.025871597230434418,-0.059551872313022614,-0.0452711284160614,0.0702684223651886,0.06557830423116684,0.0970555990934372,0.07299577444791794,0.02736687660217285,0.03841705620288849,0.05549350008368492,0.05812246724963188,-0.07194681465625763,-0.0769074335694313,-0.0063211205415427685,-0.06692381948232651,-0.0024324366822838783,0.02659560739994049,-0.011032135225832462,-0.02110174484550953,0.05445370450615883,0.0798332691192627,-0.002829373814165592,0.05483691766858101
OGFRL1,0.03320217115348593,36,0.03627169132232666,-0.08001258969306946,-0.022261129692196846,0.0005308517720550299,0.06598784774541855,-0.04073339328169823,0.08745628595352173,-0.09179355949163437,0.00010690072667784989,0.08018919825553894,-0.025682726874947548,-0.12222399562597275,-0.014758559875190258,0.14668861031532288,-0.0006836901302449405,0.0708913803100586,-0.006992286071181297,-0.039118506014347076,0.016061021015048027,0.04497646540403366,0.12914860248565674,0.05296192690730095,0.12598316371440887,0.07910678535699844,0.0523238442838192,0.01835150271654129,-0.006250437814742327,-0.009073247201740742,-0.00596203375607729,0.07591398060321808,0.05939382314682007,0.09945979714393616,0.1406402438879013,0.06051119044423103,0.1623363345861435,0.05553286895155907
OPTN,0.034744413815335266,36,-0.05620882287621498,0.03965580835938454,0.07527366280555725,-0.019140340387821198,0.006288824137300253,0.054762449115514755,0.08769521117210388,-0.07163386046886444,0.0018897925037890673,0.014628696255385876,0.13225029408931732,0.04752654209733009,-0.0649455264210701,0.0060052089393138885,-0.08344727009534836,0.07677639275789261,0.007753161247819662,-0.07642026245594025,0.10683375597000122,0.02271217107772827,0.09233861416578293,0.19142569601535797,0.1580483317375183,-0.03350672498345375,-0.000521751819178462,-0.007321283686906099,-0.05113348364830017,-0.029363855719566345,0.012976998463273048,0.02939213067293167,0.05402413010597229,0.17001275718212128,0.11195597797632217,0.1223994642496109,0.007201157044619322,0.11461485177278519
ORC2,0.016660447934150904,36,-0.040055565536022186,0.14256472885608673,-0.008655350655317307,0.06133696064352989,0.06244010850787163,-0.03885243088006973,-0.08991248160600662,-0.009942270815372467,0.01703609526157379,-0.09299011528491974,-8.45777103677392e-05,-0.09120797365903854,-0.09785137325525284,-0.026499567553400993,-0.010923899710178375,0.1336095780134201,0.1682816445827484,-0.024402432143688202,0.06178828328847885,-0.0014963673893362284,0.09924352914094925,0.05378439277410507,0.11707856506109238,0.012104512192308903,0.02231718599796295,-0.07542748749256134,0.002275304403156042,0.049780745059251785,-0.00926801934838295,0.02794700674712658,0.04533473774790764,0.03582467511296272,0.004396477248519659,0.018452713266015053,0.05900555104017258,0.022743243724107742
ORC6,0.06970746775752762,36,0.02914556860923767,0.12545111775398254,0.0893104076385498,0.009822697378695011,0.0031288950704038143,0.05151142179965973,0.05696487799286842,0.09515602141618729,0.07728797942399979,0.04033016785979271,0.199541836977005,0.11719663441181183,0.0743696391582489,0.0036913545336574316,0.11061407625675201,0.13736514747142792,-0.032095398753881454,0.05350656062364578,0.072733074426651,0.05317207798361778,0.11711975932121277,0.14755915105342865,-0.03714457154273987,0.1238691583275795,-0.07326638698577881,0.017572343349456787,-0.004727040883153677,0.050058189779520035,-0.002123061567544937,0.037287402898073196,0.21296153962612152,0.12175127863883972,0.025604603812098503,0.1269935965538025,0.15540175139904022,0.12234696745872498
OSBPL8,-0.015018620774854854,36,0.00518064433708787,0.12947018444538116,0.06361916661262512,-0.018717430531978607,-0.0017461301758885384,-0.058746110647916794,-0.12906990945339203,-0.21070554852485657,-0.08448898792266846,-0.038259077817201614,-0.09494037181138992,-0.21589995920658112,-0.03436921909451485,-0.024379273876547813,0.04172661900520325,0.022754289209842682,-0.044020406901836395,0.0891609638929367,0.023309657350182533,0.016260305419564247,-0.05345485359430313,0.11646895855665207,-0.03649742901325226,0.02438722737133503,-0.0014005607226863503,0.0003409591445233673,-0.03114289417862892,0.039452824741601944,0.0057502021081745625,0.027851464226841927,0.017466967925429344,-0.057348039001226425,-0.022071192041039467,-0.03427107259631157,0.0053285108879208565,0.022329173982143402
P4HA2,0.033457644917588264,36,0.10159054398536682,-0.006346508394926786,0.007767590694129467,0.04093080013990402,-0.014663998037576675,0.1093747541308403,0.030229909345507622,-0.01509082317352295,-0.01034634280949831,-0.07116734981536865,0.059271927922964096,-0.033879101276397705,0.10695760697126389,-0.04077856242656708,0.111222043633461,-0.009255191311240196,0.014709513634443283,-0.02463500387966633,0.018454592674970627,0.05826325714588165,-0.0211043581366539,0.15810254216194153,-0.026527879759669304,0.1745942234992981,-0.05174518749117851,-0.03273233771324158,-0.04598554968833923,-0.027811642736196518,0.10227873921394348,-0.027572767809033394,0.06582540273666382,0.1893998235464096,0.07587403804063797,0.0912177786231041,0.041687484830617905,0.10636524856090546
PAF1,0.03782948069339101,36,0.05051223561167717,0.03477994352579117,0.030473103746771812,-0.07348772138357162,-0.06186838075518608,-0.026087962090969086,0.018743716180324554,0.024546559900045395,0.10038083046674728,0.11930202692747116,0.04034764692187309,0.12071670591831207,-0.016237575560808182,0.2037408947944641,0.10290327668190002,0.05385205149650574,0.1447221040725708,0.06660038232803345,0.015261477790772915,0.11402862519025803,0.004960728343576193,-0.09642307460308075,0.07109222561120987,0.037047307938337326,-0.0018022380536422133,0.05032224580645561,0.02284678816795349,-0.05029972270131111,0.033543288707733154,-0.030290402472019196,0.005166289396584034,-0.0071062310598790646,0.11247000098228455,0.042950339615345,0.07340741157531738,0.030746405944228172
PAFAH1B3,0.09914939069413878,36,-0.01780014857649803,0.1212300956249237,0.10486891120672226,0.04855780303478241,-0.012609229423105717,0.04498865455389023,0.1595533937215805,0.23672300577163696,0.20829634368419647,0.3521187901496887,0.2093495875597,0.24347956478595734,0.16489598155021667,0.15819165110588074,0.01077378261834383,0.22763866186141968,0.12516644597053528,0.0001754053373588249,0.06964023411273956,0.11489904671907425,0.110666923224926,0.10681276023387909,0.06919824331998825,0.15628215670585632,-0.06292562931776047,-0.010532109066843987,-0.06643285602331161,0.009555106051266193,-0.014454887248575687,-0.06120443344116211,0.13065993785858154,0.1885540932416916,0.13547512888908386,0.12348312884569168,0.06932608783245087,0.11477643251419067
PAQR4,0.1089873055051511,36,0.06811988353729248,0.07779116928577423,0.16726092994213104,0.15682096779346466,0.031992554664611816,0.10941381007432938,0.21365973353385925,0.14438727498054504,0.17110635340213776,0.13603784143924713,0.21347759664058685,0.1854037195444107,0.20666898787021637,0.13600394129753113,0.24359409511089325,0.21095839142799377,9.567981032887474e-05,0.02849949337542057,0.1553950309753418,0.09811544418334961,0.03874325752258301,0.16883252561092377,0.17695151269435883,0.10346255451440811,0.017357926815748215,-0.023186614736914635,-0.12131317704916,-0.03511035069823265,0.015756499022245407,0.03590664640069008,0.18391864001750946,0.21886149048805237,0.14633296430110931,0.10852828621864319,0.05911692604422569,0.07458101212978363
PARN,0.03172045531229944,36,-0.00792103074491024,0.015016531571745872,0.04617171734571457,0.07696859538555145,0.042412448674440384,-0.001040014554746449,-0.007912753149867058,0.0810660645365715,0.006461620796471834,0.03794937580823898,0.06235191971063614,-0.10396938771009445,0.04606013000011444,-0.09599543362855911,0.18648812174797058,0.07072461396455765,0.08610935509204865,0.051568884402513504,0.011508115567266941,0.07626736164093018,0.0028450789395719767,0.02929140441119671,0.02327832579612732,0.058158379048109055,0.1126435399055481,0.04010699689388275,-0.021846242249011993,-0.02110290341079235,-0.003879551775753498,-0.03734154626727104,0.09073615819215775,0.09675319492816925,0.0256707314401865,0.05878724530339241,0.015877462923526764,-0.008328119292855263
PCCB,0.11249362661813696,36,0.11516637355089188,0.09626423567533493,0.12839138507843018,0.21325944364070892,0.08943033218383789,0.09362665563821793,0.1531262844800949,0.2520878314971924,0.17794811725616455,0.20425106585025787,0.12033459544181824,0.24036486446857452,0.11985669285058975,0.09296707808971405,0.08297134935855865,0.16160325706005096,0.022985633462667465,0.17705456912517548,0.24950025975704193,0.14421281218528748,0.1541268676519394,0.11620398610830307,0.07673411071300507,0.1527063399553299,-0.07482727617025375,0.015795547515153885,0.029948536306619644,-0.03481350094079971,0.0405951552093029,0.022249547764658928,0.04260003939270973,0.16275833547115326,0.08049040287733078,0.19695711135864258,0.09105955064296722,0.04178296774625778
PCIF1,0.07474293656640738,36,0.1257137507200241,-0.00020305212819948792,0.004277646541595459,0.03386824578046799,-0.01070903055369854,-0.012282279320061207,0.1430659145116806,0.26548030972480774,0.1968153864145279,0.17388269305229187,0.1711634397506714,0.3395193815231323,0.09038713574409485,0.10734845697879791,-0.08664223551750183,0.12582558393478394,0.04130333289504051,0.013254585675895214,0.11367890238761902,0.08883623778820038,0.046304851770401,0.15164031088352203,0.07555714249610901,0.052125535905361176,-0.021207060664892197,0.0013933689333498478,-0.08797184377908707,-0.002758295740932226,0.02854279987514019,-0.06195078790187836,0.07549282908439636,0.049678314477205276,0.09201018512248993,0.13128890097141266,0.11659451574087143,0.11942054331302643
PDCD5,0.18827055879713347,36,0.11653529107570648,0.1578262448310852,0.1747557371854782,0.052027568221092224,0.14395152032375336,0.11620834469795227,0.3414737582206726,0.3508937954902649,0.2618069052696228,0.3373003304004669,0.29595044255256653,0.44230109453201294,0.13340894877910614,0.3182101249694824,0.33301907777786255,0.29677557945251465,0.16073167324066162,0.41977229714393616,0.2007930874824524,0.305650532245636,0.24917057156562805,0.2702455222606659,0.23408043384552002,0.12531492114067078,-0.009327896870672703,0.0838770642876625,0.007001564372330904,0.031193114817142487,0.030021153390407562,-0.044583071023225784,0.21581344306468964,0.13052383065223694,0.1339421272277832,0.1297992765903473,0.1183355301618576,0.11294017732143402
PDGFRA,-0.028397416799432702,36,0.07721240818500519,-0.012285036966204643,0.04477384686470032,-0.08602891117334366,0.014668285846710205,0.0516088530421257,-0.09852921962738037,-0.10564449429512024,-0.02029753290116787,-0.16362151503562927,-0.19933073222637177,-0.21116584539413452,-0.05649885907769203,0.03434881195425987,-0.103296659886837,-0.004142931196838617,0.014449267648160458,0.01354967337101698,-0.04908553510904312,-0.07923878729343414,-0.01625347137451172,0.07838673144578934,0.031088534742593765,-0.08625425398349762,-0.06559864431619644,0.05881612002849579,-0.019681468605995178,-0.007398740854114294,0.05120696499943733,0.018839236348867416,-0.019853511825203896,-0.04123003035783768,0.09295066446065903,-0.05009498447179794,-0.14975108206272125,0.04107584431767464
PDGFRB,0.018417623346774943,36,0.02665111981332302,0.020366987213492393,0.02309711091220379,0.050253771245479584,0.05855951085686684,0.034414537250995636,-0.10967756062746048,-0.0958595722913742,-0.09783823788166046,0.039997395128011703,-0.09838898479938507,-0.08614499866962433,-0.07503030449151993,0.029648540541529655,0.17696882784366608,-0.028097176924347878,0.0811423659324646,0.01780644804239273,0.05988415330648422,0.08007457852363586,0.11584077030420303,0.00971680972725153,0.1260032057762146,0.11734567582607269,-0.0476517379283905,0.013145853765308857,-0.012935511767864227,0.0056074755266308784,-0.06443215906620026,0.05055646970868111,0.13942328095436096,0.07063326984643936,0.07856854796409607,-0.006530925165861845,-0.028710387647151947,-0.011374708265066147
PER1,0.08940415497636423,36,0.005805477034300566,0.08927985280752182,-0.011116559617221355,-0.033129069954156876,0.0874241441488266,0.13542528450489044,0.3196972608566284,0.2751382887363434,0.24062788486480713,0.26688051223754883,0.18984679877758026,0.253637433052063,-0.05053861811757088,0.08612655103206635,0.008972031995654106,-0.09150607138872147,-0.05657654255628586,-0.012599493376910686,0.024275070056319237,0.02378295175731182,0.029750196263194084,0.09046599268913269,0.20082847774028778,0.10144054889678955,-0.024727091193199158,0.06209602579474449,0.0019484465010464191,0.00953639019280672,0.0005671537946909666,0.05353468656539917,0.03463379666209221,0.139040008187294,0.21746689081192017,0.09459304064512253,0.24594901502132416,0.2099728137254715
PEX11G,0.025822330130419385,36,-0.02146482840180397,0.00945807620882988,0.024572735652327538,-0.018481140956282616,0.08726431429386139,-0.015559677965939045,-0.044386427849531174,0.19437731802463531,-0.011499092914164066,-0.014020195230841637,0.032323628664016724,0.00990237109363079,0.1280907839536667,0.004518251866102219,0.03930426761507988,-0.009436046704649925,-0.07329738140106201,0.029472049325704575,0.046798497438430786,-0.007571537047624588,-0.07633683830499649,0.15080992877483368,0.05211956053972244,0.14856211841106415,-0.005886298604309559,0.0038882459048181772,-0.08423424512147903,-0.03393671289086342,-0.0068776351399719715,-0.025325456634163857,0.08857916295528412,0.023365730419754982,0.12904052436351776,0.09501772373914719,-0.02257430925965309,0.10302641987800598
PEX14,0.04154192739062839,36,-0.05890800803899765,-0.005477326922118664,-0.040563274174928665,0.01759258098900318,0.017750907689332962,0.03423390910029411,0.04988199472427368,0.268105685710907,0.02681765705347061,0.21264611184597015,0.16272687911987305,0.039848558604717255,-0.0029406091198325157,0.049849122762680054,0.03887875750660896,0.045321717858314514,-0.008704660460352898,0.06037599965929985,0.03472217544913292,0.03422527760267258,0.01983180269598961,0.014114721678197384,0.10570181906223297,-0.004407326225191355,-0.003935569431632757,-0.02486688829958439,0.03767644241452217,-0.009588442742824554,-0.02703816257417202,-0.014650858938694,0.09847922623157501,0.09757162630558014,-0.007789679802954197,0.05307099595665932,0.08773787319660187,0.0972183495759964
PGLS,0.052376079618827336,36,-0.027497269213199615,-0.027670301496982574,0.1283387392759323,-0.07564250379800797,0.08748064190149307,0.06305690109729767,-0.06773128360509872,0.04549047350883484,-0.04423840716481209,-0.03942178934812546,0.07015054672956467,0.16309331357479095,0.05931385979056358,0.2609754204750061,0.11341143399477005,0.06551090627908707,-0.08977548778057098,0.04021262750029564,0.15018971264362335,0.13086669147014618,0.04641975089907646,0.13462401926517487,0.06273027509450912,0.10592558979988098,0.012235804460942745,-0.006459891330450773,-0.055867232382297516,0.0056063709780573845,-0.04748152568936348,-0.03537021577358246,0.11769972741603851,0.11254400759935379,0.18596196174621582,0.10375333577394485,0.13085982203483582,0.006242840550839901
PGR,0.017871774689410813,32,-0.07539518922567368,0.03799756243824959,-0.01830899901688099,-0.033657580614089966,-0.05201724171638489,0.16881418228149414,0.04120715335011482,0.03674454614520073,-0.04663557931780815,0.06581061333417892,-0.028278084471821785,0.12894147634506226,-0.12960116565227509,0.03106790967285633,-0.10730467736721039,0.003907754551619291,,,0.061287906020879745,-0.051662739366292953,-0.015404099598526955,0.016616929322481155,0.05956796929240227,0.0038928575813770294,0.0518813282251358,,0.039316575974226,,0.050972942262887955,-0.007338940165936947,0.08189031481742859,0.04451577737927437,0.049385685473680496,-0.007847605273127556,0.05484006926417351,0.11668913811445236
PHF11,0.032226401723973036,36,0.0029474033508449793,0.07664160430431366,-0.0032534608617424965,0.08601336181163788,-0.02612951025366783,-0.0358118936419487,0.043885957449674606,-0.038307979702949524,0.0917511135339737,0.09222766757011414,0.03747228905558586,0.02076701447367668,0.11612891405820847,-0.019687112420797348,-0.09666234254837036,0.08697205036878586,0.13575640320777893,0.030462848022580147,0.029178423807024956,-0.04036223143339157,0.05752183124423027,-0.09461747109889984,0.06414478272199631,0.03529980406165123,-0.02332790195941925,0.04071388766169548,0.03116433694958687,-0.036447376012802124,-0.014505445957183838,-0.028271524235606194,0.09636808186769485,0.02101568691432476,0.0643477737903595,0.10890620946884155,0.1616009771823883,0.08624628931283951
PHF13,0.07808819852167896,36,0.06707417219877243,0.01852741464972496,0.06919598579406738,0.027094440534710884,0.08834488689899445,-0.027447311207652092,0.1922353208065033,0.17426054179668427,0.05670415237545967,0.11207421869039536,0.0689372718334198,0.22478340566158295,0.10306312888860703,-0.021425584331154823,0.022862527519464493,-0.015993554145097733,0.1015315130352974,0.15846949815750122,0.1316504180431366,0.16791421175003052,0.08328936994075775,0.1592017561197281,0.18979281187057495,0.1122238039970398,0.025228045880794525,-0.03676271438598633,-0.0008944473811425269,-0.04194701090455055,-0.04767026752233505,-0.0013801574241369963,0.02413606457412243,0.16409149765968323,0.07230882346630096,0.08020763844251633,0.14976240694522858,0.15973086655139923
PHF21A,0.05449287299820248,36,-0.016317015513777733,0.009194817394018173,0.08775901049375534,0.11180301755666733,0.08540310710668564,0.039100587368011475,0.0274778101593256,0.09629375487565994,0.003663585986942053,0.003838926088064909,0.09307864308357239,0.039574120193719864,0.008553463965654373,0.2674345076084137,0.12884801626205444,-0.14131450653076172,-0.0004290961369406432,0.100244902074337,0.09963759034872055,0.03246083855628967,0.03812239691615105,0.11155698448419571,0.03211658447980881,0.09169292449951172,-0.04011146351695061,0.01857629232108593,-0.03960198536515236,0.032149914652109146,0.017824243754148483,0.025840960443019867,0.18811920285224915,0.07712230831384659,0.20897668600082397,0.024710046127438545,0.03942004218697548,0.05892220884561539
PHGDH,0.1337395484248797,36,0.025208767503499985,-0.023691954091191292,0.09067052602767944,0.04205796867609024,0.12347038835287094,0.10406146198511124,0.18668627738952637,0.16449488699436188,0.2139548659324646,0.2296084314584732,0.016541089862585068,0.15714536607265472,0.3450283110141754,0.17361541092395782,0.25457412004470825,0.19784197211265564,0.14497987926006317,0.3934745490550995,0.06857585161924362,0.19854019582271576,0.1340804547071457,0.12936902046203613,0.26127636432647705,0.17664459347724915,0.01082498300820589,0.016198288649320602,0.046261224895715714,-0.044483788311481476,-0.02318967692553997,-0.005073432810604572,0.1849597841501236,0.13039861619472504,0.15328235924243927,0.20020848512649536,0.2030952125787735,0.13393288850784302
PHKB,0.11632735615259865,36,0.0018549845553934574,0.0891791582107544,0.13439983129501343,0.11025969684123993,0.06632665544748306,0.0030784790869802237,0.22097983956336975,0.2559437155723572,0.18756431341171265,0.2029353827238083,0.22838151454925537,0.2694823443889618,0.21816658973693848,0.18345725536346436,-0.007588221691548824,0.14605095982551575,0.10666250437498093,0.1236804947257042,0.13435609638690948,0.07387091964483261,0.08792275190353394,0.18633858859539032,0.17105700075626373,0.148855522274971,-0.009490634314715862,-0.011700666509568691,-0.08303433656692505,0.0056390478275716305,0.020691027864813805,0.05150334909558296,0.14708086848258972,0.2270742505788803,0.19456355273723602,0.06000766530632973,0.17811648547649384,0.06411783397197723
PIGQ,0.10553335721811487,36,0.09545386582612991,0.004454984329640865,0.18515481054782867,0.06930186599493027,0.06835007667541504,0.040195949375629425,0.10834576189517975,0.12887123227119446,0.15317010879516602,0.19791336357593536,0.050706904381513596,0.04637273773550987,0.19101101160049438,0.25279372930526733,0.1458185762166977,0.30502671003341675,0.12323885411024094,0.15223625302314758,0.014254812151193619,0.2880072593688965,0.22868897020816803,0.11822399497032166,0.06509299576282501,0.17724403738975525,-0.057841815054416656,-0.06339528411626816,0.038607724010944366,-0.025259366258978844,-0.06334852427244186,-0.09481701999902725,0.15681028366088867,0.13862872123718262,0.24815250933170319,0.1219940334558487,0.0480322390794754,0.14170849323272705
PIH1D1,0.0250965586811718,36,0.009863204322755337,0.08680795133113861,0.0440090075135231,-0.05999073386192322,0.12763571739196777,-0.03892171010375023,-0.1222839429974556,0.10734719783067703,-0.08759576082229614,-0.040526919066905975,0.05344332382082939,0.08198405057191849,0.17142434418201447,-0.08295127749443054,0.015880027785897255,0.013017355464398861,0.006956679746508598,0.15958701074123383,0.005776365753263235,-0.0016251658089458942,0.09926135092973709,0.05442408472299576,0.05106915906071663,0.1623060405254364,-0.05688944458961487,-0.013827027752995491,0.03749881684780121,-0.058692604303359985,-0.11230052262544632,-0.08981362730264664,0.03679604083299637,0.1291053593158722,0.04732519015669823,0.059645574539899826,0.08958375453948975,0.018147241324186325
PILRA,0.04807981381115193,36,0.05839655548334122,0.003247234970331192,-0.0037754017394036055,0.025583187118172646,-0.036739103496074677,0.03584378585219383,0.16635945439338684,0.31487566232681274,0.169877290725708,0.26268652081489563,0.1276402324438095,0.14353446662425995,-0.06386209279298782,0.05717622861266136,0.0476471483707428,0.008454198949038982,-0.048175182193517685,0.06008763983845711,-0.016513528302311897,0.06711076945066452,-0.0863552987575531,0.024863166734576225,-0.027609795331954956,0.015257173217833042,0.04822200536727905,0.06592938303947449,0.09545966982841492,-0.06385572254657745,-0.015073874965310097,-0.06594081968069077,0.03208061307668686,0.0369180291891098,0.019029734656214714,0.09190825372934341,0.10326088964939117,0.07732482254505157
PIM2,0.11835141425641875,36,0.0693608969449997,-0.008019338361918926,0.11129007488489151,0.1523095667362213,-0.05215563252568245,-0.008873049169778824,0.3062160909175873,0.21358902752399445,0.32107269763946533,0.3707584738731384,0.23138506710529327,0.3071683943271637,0.021613046526908875,0.1581568419933319,0.1846468150615692,0.16112464666366577,0.23054036498069763,0.03223356604576111,0.12893910706043243,0.10905054211616516,0.02813872881233692,0.13131338357925415,0.09607356786727905,0.10987795144319534,0.0656992718577385,0.10980892926454544,0.13157612085342407,-0.055443499237298965,-0.02965652197599411,-0.08301407098770142,0.033086903393268585,0.03664907068014145,0.0755092054605484,0.2580254077911377,0.19168317317962646,0.12091609090566635
PITX1,0.09407733008831404,36,0.08933528512716293,0.18656301498413086,0.05144549906253815,-0.01714509166777134,0.047993261367082596,0.0851883813738823,0.18433912098407745,0.13588103652000427,0.009765862487256527,0.24273459613323212,0.12611518800258636,0.13655710220336914,0.048823218792676926,-0.03060101345181465,0.10608940571546555,0.111918605864048,0.06572472304105759,-0.030157452449202538,0.1855873316526413,0.19572219252586365,0.2028721123933792,0.2955368161201477,0.27725350856781006,0.14312458038330078,-0.014464341104030609,7.133252802304924e-05,-0.02916252240538597,-0.028679030016064644,0.05614081770181656,-0.004114577081054449,0.04738246276974678,0.08242221921682358,0.11268743872642517,0.0903044268488884,0.16115526854991913,0.06237310171127319
PKNOX1,0.06281150376243103,36,-0.01821320690214634,0.04511171206831932,0.08136464655399323,0.10733018815517426,0.02418164163827896,0.009131273254752159,0.190213143825531,0.2624017000198364,0.09791648387908936,0.11001006513834,0.06087338551878929,0.19751587510108948,0.04889899864792824,0.10374153405427933,-0.044205039739608765,0.22661034762859344,-0.02562430500984192,0.05906766280531883,0.041988812386989594,0.04088229313492775,-0.03954576700925827,0.050220925360918045,0.04939907416701317,0.05396558344364166,0.03224416822195053,-0.08390552550554276,0.0029111660551279783,0.005467609968036413,0.04024570807814598,0.040586188435554504,0.11843401193618774,0.10475316643714905,0.00951153039932251,0.03915625065565109,0.15457653999328613,0.06399629265069962
PLAC9,0.02356004292151839,36,0.0225675031542778,-0.009075981564819813,0.0176825113594532,-0.019324997439980507,0.0643823891878128,-0.039888788014650345,0.05709827318787575,0.035500120371580124,-0.05458357557654381,-0.05843192711472511,0.0007880014018155634,0.09815265983343124,0.02728269062936306,0.037922974675893784,0.09393339604139328,0.04420074447989464,0.05715205892920494,0.13736245036125183,0.019218893721699715,0.04297943413257599,0.06934967637062073,0.024034783244132996,0.09167585521936417,-0.016321266070008278,-0.03708710893988609,-0.0014883051626384258,-0.031133044511079788,-0.05235200375318527,0.057951271533966064,0.014370349235832691,0.05287788063287735,0.023724988102912903,0.03110463172197342,0.009883353486657143,0.026505770161747932,0.01014588214457035
PLEKHO2,0.02470435569315062,36,-0.0025778079871088266,0.011918006464838982,-0.005500782746821642,-0.10059656947851181,-0.05649694800376892,-0.005711083300411701,0.07406891882419586,0.08109045773744583,0.07611284404993057,0.10670445114374161,-0.003073470899835229,0.02433052472770214,0.15016424655914307,0.09482914954423904,0.04151349142193794,0.01115321647375822,0.029797330498695374,0.052409227937459946,-0.05114999786019325,0.03819717466831207,0.05938516557216644,-0.03918606787919998,0.054236043244600296,-0.015176534652709961,0.000793258601333946,-0.006770677864551544,-0.015928756445646286,-0.02083459310233593,-0.005325842648744583,-0.042368415743112564,0.06952234357595444,0.053814660757780075,0.07903116941452026,0.049261510372161865,-0.01619420014321804,0.11791536211967468
PLIN2,0.04126989787457407,36,-0.009793026372790337,0.026769328862428665,0.06365085393190384,-0.08625507354736328,0.004791226238012314,0.001132112112827599,0.20246478915214539,0.1246865764260292,0.2164810746908188,0.09206856042146683,0.06205492839217186,0.043457504361867905,0.058279432356357574,0.008921611122786999,0.04874806851148605,-0.10399002581834793,0.1454848349094391,0.005510392133146524,0.06007365509867668,0.03793064504861832,0.09478014707565308,0.005381918512284756,0.06198033317923546,0.022184720262885094,-0.011732663959264755,0.010569321922957897,-0.029985850676894188,-0.0032747765071690083,-0.052513718605041504,-0.025730153545737267,0.13345831632614136,0.013093160465359688,0.055225830525159836,0.025239529088139534,0.09633361548185349,0.08823912590742111
PLK1,0.11558145807228154,36,0.06633646786212921,0.02355509251356125,0.0942745953798294,0.1013529896736145,0.16699767112731934,-0.057651832699775696,0.2011718899011612,0.2936047315597534,0.2344324141740799,0.19813190400600433,0.08753129094839096,0.2748253643512726,0.10746090114116669,0.1479291021823883,0.06994491815567017,0.15105272829532623,0.18462581932544708,0.197167307138443,0.1549995094537735,0.07998299598693848,0.053736817091703415,0.19582195580005646,0.19030636548995972,0.1535077542066574,0.01999947428703308,-0.025988144800066948,-0.03750380128622055,-0.005991004407405853,0.00854567065834999,0.03757619857788086,0.1355668157339096,0.1057073250412941,0.1616634577512741,0.13135890662670135,0.1694238781929016,0.08947496116161346
PLK2,0.1625822825719499,36,0.1735660582780838,0.08926453441381454,0.15259981155395508,0.19955027103424072,0.07315616309642792,-0.048463981598615646,0.29395756125450134,0.24501565098762512,0.33017075061798096,0.21033692359924316,0.23950548470020294,0.292416512966156,0.22923095524311066,0.22883285582065582,0.10593415796756744,0.2645024061203003,0.15647563338279724,0.21284542977809906,0.09990107268095016,0.14953181147575378,0.23019938170909882,0.1544157862663269,0.06672753393650055,0.08660448342561722,-0.04218956455588341,-0.008786233142018318,-0.05128346383571625,-0.006041816435754299,0.16408902406692505,0.08974623680114746,0.20715279877185822,0.32179418206214905,0.19109126925468445,0.18207837641239166,0.32749488949775696,0.24153922498226166
PLLP,0.08989177898587918,36,0.006850861944258213,0.11725351959466934,0.03477577865123749,0.09690563380718231,-0.03183247521519661,0.011841361410915852,0.11259773373603821,0.23363147675991058,0.16376656293869019,0.18502561748027802,0.026556028053164482,0.20756708085536957,0.07478703558444977,0.04745152220129967,0.11309697479009628,-0.0007385683129541576,0.10828343778848648,0.17448243498802185,0.1214502826333046,0.09657637774944305,0.13430991768836975,0.17843320965766907,0.10567643493413925,0.0897306278347969,-0.03355572372674942,-0.012592626735568047,0.04033032804727554,0.08510955423116684,-0.061179932206869125,0.09081953763961792,0.17274855077266693,0.1267080307006836,0.07339823991060257,0.12255275994539261,0.16130532324314117,0.06198113411664963
PLP2,0.09113935359346215,36,0.04190173000097275,-0.0646146908402443,0.12771722674369812,0.008313150145113468,-0.07168246060609818,0.00034059310564771295,0.13309814035892487,0.19852085411548615,0.21812179684638977,0.30153486132621765,0.09279245138168335,0.25223320722579956,0.21190449595451355,0.18108506500720978,0.14657136797904968,0.18749257922172546,0.09724048525094986,0.20789039134979248,0.22097548842430115,0.20335139334201813,0.1796226054430008,0.07771404832601547,0.16733644902706146,0.08852868527173996,-0.07389599084854126,-0.10897751897573471,0.00737714534625411,-0.04960779473185539,-0.001409352757036686,-0.06056255102157593,0.0610145665705204,0.01210454199463129,0.05162150785326958,0.07300733029842377,0.09395349770784378,0.06840143352746964
PLPPR2,0.07236418752129087,36,0.0038414066657423973,-0.05246356502175331,0.015635371208190918,-0.08589234203100204,0.027355724945664406,0.09563204646110535,0.09981109201908112,0.11848146468400955,0.16606484353542328,0.14361834526062012,0.0921127125620842,0.10665614157915115,0.15695981681346893,0.01915929652750492,0.10859248042106628,0.16912247240543365,0.0903501808643341,0.06829331070184708,0.12697431445121765,0.1449231207370758,0.06802690774202347,0.0800759494304657,0.08213355392217636,0.10364864766597748,-0.042256973683834076,-0.05442502349615097,-0.0020256571006029844,0.01670253649353981,-0.06157314032316208,-0.0060659656301140785,0.08886220306158066,0.09553829580545425,0.10557542741298676,0.1402105689048767,0.18466822803020477,0.1907869577407837
PLSCR1,0.055659654521150514,36,-0.11246239393949509,-0.02742045372724533,-0.0583103746175766,0.013936992734670639,0.020726321265101433,-0.07838813215494156,0.10558637976646423,0.1310802698135376,0.15342935919761658,0.11241881549358368,0.12391215562820435,0.20526902377605438,0.12414795160293579,0.05058056861162186,-0.022707970812916756,0.12617413699626923,0.24329520761966705,0.09708526730537415,0.062297333031892776,0.024599798023700714,-0.08086840808391571,0.03419799357652664,0.0313679464161396,0.04320763796567917,-0.0013476844178512692,-0.015687962993979454,0.03593013808131218,0.008895685896277428,0.04825352877378464,0.05558551847934723,0.09601373225450516,0.12876644730567932,0.10733502358198166,0.09809073805809021,0.07668794691562653,0.042069025337696075
PLTP,-0.02192378540833791,36,-0.020190006121993065,-0.08477358520030975,-0.043853823095560074,-0.12215053290128708,-0.08876514434814453,0.033354971557855606,-0.3522026538848877,-0.25706297159194946,-0.12184641510248184,-0.34832942485809326,-0.23525375127792358,-0.24664606153964996,0.0766163244843483,-0.07169220596551895,0.10572361201047897,0.1028900071978569,0.006838709115982056,0.09318094700574875,0.022867077961564064,0.14534635841846466,0.06769108027219772,0.14847241342067719,0.10648105293512344,0.059435661882162094,0.026847200468182564,-0.024938536807894707,0.0913790762424469,-0.1169811487197876,0.06869768351316452,-0.0854073017835617,0.09404468536376953,0.0622868686914444,0.047727689146995544,0.035672061145305634,0.062209777534008026,-0.02692596986889839
PLVAP,-0.02225944759993581,36,0.052473876625299454,0.053929705172777176,-0.024003664031624794,-0.08775928616523743,0.04445255175232887,0.07885809242725372,-0.1425848752260208,-0.2542679011821747,-0.04142751917243004,-0.17566333711147308,-0.0653836727142334,-0.12370568513870239,0.0543300099670887,-0.10866434127092361,-0.010615029372274876,-0.040926743298769,-0.026109397411346436,-0.027362503111362457,-0.029608184471726418,-0.0471164844930172,-0.018495388329029083,0.16451804339885712,0.011797379702329636,0.13127100467681885,-0.021178606897592545,-0.03744163736701012,0.004721830599009991,0.002672965871170163,0.00029533079941757023,0.002122357953339815,0.06081714481115341,0.06153582036495209,-0.019077720120549202,-0.0885944813489914,-0.07009332627058029,-0.0650564432144165
PLXNA1,0.17714042484941375,36,0.05267363414168358,0.034268300980329514,0.07489898055791855,0.09958294779062271,0.025346869602799416,0.10998046398162842,0.394624263048172,0.22729849815368652,0.39274370670318604,0.32368066906929016,0.3429563641548157,0.30585387349128723,0.19565559923648834,0.15790559351444244,0.25362899899482727,0.21028007566928864,0.028380539268255234,0.22254310548305511,0.20183402299880981,0.24164268374443054,0.27728530764579773,0.24302347004413605,0.1753235161304474,0.24728915095329285,-0.002187430625781417,0.049305837601423264,0.00684158643707633,0.022598475217819214,0.040339142084121704,-0.03201228752732277,0.2356121838092804,0.27471089363098145,0.2271902859210968,0.24693989753723145,0.2951362729072571,0.17387980222702026
PLXND1,0.09603572817933229,36,-0.007579031400382519,0.015388925559818745,0.061609722673892975,0.08715493232011795,-0.07212984561920166,0.016473887488245964,0.2724877893924713,0.1073809489607811,0.11215787380933762,0.20792493224143982,0.1261254996061325,0.2299763560295105,-0.04589289054274559,0.02120264060795307,-0.033437807112932205,0.046045199036598206,0.08264435082674026,-0.11399053037166595,0.18950845301151276,0.29908740520477295,0.12504100799560547,0.18513034284114838,0.11696762591600418,0.06189154088497162,0.08531814068555832,0.08687275648117065,0.07965654134750366,0.03678357973694801,0.025453023612499237,-0.07729685306549072,0.14479179680347443,0.22040173411369324,0.21649578213691711,0.13723766803741455,0.22085128724575043,0.1895514279603958
PMP22,-0.007751595235377964,36,0.06350842863321304,0.001454169163480401,-0.0030569180380553007,-0.05568700283765793,-0.09474390745162964,-0.03208383172750473,-0.06281299889087677,-0.21056948602199554,-0.11088959872722626,-0.21191298961639404,-0.2014852613210678,-0.23124197125434875,-0.0029238953720778227,0.06399396061897278,0.0019397558644413948,-0.033195365220308304,-0.046635426580905914,0.14829187095165253,0.08235044032335281,0.04697355255484581,0.13964888453483582,0.008646419271826744,0.03042655996978283,0.07343776524066925,-0.004532063379883766,-0.05721324682235718,0.029172034934163094,0.05729489028453827,-0.02278553508222103,-0.019410261884331703,0.09575699269771576,0.13308310508728027,0.07417706400156021,0.049801792949438095,0.011044741608202457,0.011119903065264225
PNISR,-0.015514454385993304,36,-0.00014365448441822082,0.032599516212940216,0.012474173679947853,0.08127090334892273,-0.055984918028116226,-0.013704998418688774,-0.10962454229593277,0.017533892765641212,-0.1183396652340889,-0.023749981075525284,-0.07951737940311432,-0.06910449266433716,-0.02615322358906269,0.00811070017516613,0.012883485294878483,0.03104778751730919,0.06521348655223846,0.10236392170190811,0.019289972260594368,-0.08307132124900818,-0.007412133738398552,0.00547016691416502,-0.09758244454860687,0.039937540888786316,-0.03153398260474205,0.017566340044140816,-0.061150215566158295,-0.02215118333697319,0.04139886796474457,0.03464200720191002,-0.022654445841908455,-0.05508933961391449,0.017536664381623268,-0.16108740866184235,0.016062051057815552,-0.07586650550365448
PNMT,0.1116632081490631,36,0.14050310850143433,0.10460826754570007,0.09001654386520386,-0.03180263936519623,0.007408651057630777,-0.023188918828964233,0.12349652498960495,0.25884804129600525,0.32946085929870605,0.3636547327041626,0.1901433765888214,0.2969268262386322,0.12814529240131378,0.03949592635035515,0.07045211642980576,0.19333021342754364,0.07627104967832565,0.06450682133436203,0.18993063271045685,0.19536428153514862,0.18424616754055023,0.07681107521057129,0.21105319261550903,0.17822128534317017,0.051812849938869476,0.10767880082130432,0.11572655290365219,-0.012382608838379383,-0.08048906922340393,-0.010470938868820667,0.09227269142866135,0.027063151821494102,0.11642637103796005,0.016472158953547478,0.039188820868730545,0.09867328405380249
PNP,0.07479176059455818,36,0.047681696712970734,0.0860108956694603,0.06247904151678085,0.0037395511753857136,0.021590249612927437,0.05222946032881737,0.03438382223248482,0.11284088343381882,0.11300653219223022,0.07995260506868362,0.046753305941820145,0.20057161152362823,0.06891923397779465,0.09548310935497284,0.2508857250213623,0.1611233353614807,0.016143731772899628,0.17743046581745148,0.12010692805051804,0.05463340878486633,0.10090968757867813,0.23243293166160583,0.09335560351610184,-0.007869819179177284,-0.023907437920570374,0.024696338921785355,-0.048829175531864166,0.0011586317559704185,0.020984767004847527,-0.050265636295080185,0.025003785267472267,0.08119215071201324,-0.009211815893650055,0.12067277729511261,0.14851032197475433,0.17770467698574066
PNPLA6,0.09970144768400739,36,-0.012911646626889706,-0.029239187017083168,0.0761735737323761,-0.02226237952709198,0.0061669680289924145,0.0660063773393631,0.1199851855635643,0.25060635805130005,0.1455068290233612,0.1705412119626999,0.12909628450870514,0.13027523458003998,0.082264244556427,0.07095162570476532,0.27230942249298096,0.03134521096944809,0.17570725083351135,-0.014533815905451775,0.10811875015497208,0.14061343669891357,0.16337722539901733,0.13808919489383698,0.16852694749832153,0.20192524790763855,0.0039693433791399,0.01314154639840126,0.05114127695560455,-0.03364153951406479,-0.035243868827819824,-0.018528461456298828,0.14586341381072998,0.18862931430339813,0.16393138468265533,0.19505050778388977,0.20870520174503326,0.13759444653987885
PODNL1,0.017677236332221784,36,0.021537145599722862,0.05573144927620888,0.005919973831623793,0.05066800117492676,0.0023978566750884056,0.032651543617248535,0.022596629336476326,-0.06739101558923721,-0.070833720266819,-0.07753553986549377,-0.055374179035425186,0.0774882435798645,0.04431113973259926,-0.0027345416601747274,0.05077372118830681,-0.0011120479321107268,0.02024759352207184,-0.027361340820789337,-0.025638939812779427,0.09783346951007843,0.00915872398763895,0.08779143542051315,0.07507801800966263,0.022108303382992744,-0.029323015362024307,0.021940337494015694,-0.005202149040997028,0.004217900335788727,-0.06982404738664627,-0.009979001246392727,0.03229069337248802,0.04392775520682335,0.04078834876418114,0.021389463916420937,0.09031771868467331,0.14752458035945892
PODXL,0.04776063016227757,36,0.04154633730649948,0.005265249405056238,0.047934435307979584,0.09119944274425507,0.04402419552206993,0.05617273226380348,0.0027154013514518738,0.009624042548239231,0.13566277921199799,0.06952252238988876,0.02083667181432247,-0.0028996674809604883,0.0916428342461586,0.10959388315677643,-0.019416209310293198,0.04525547847151756,-0.03959055244922638,0.09246067702770233,-0.016154741868376732,-0.030223673209547997,0.12354428321123123,0.019653405994176865,-0.01410751324146986,0.03226245939731598,0.03784012794494629,-0.009421582333743572,0.049602024257183075,0.009144403040409088,-0.019705291837453842,-0.0717257410287857,0.1227121576666832,0.1893199384212494,0.0637512281537056,0.11222577095031738,0.23139849305152893,0.08771668374538422
POLR2E,0.044592878800661616,36,0.04313763603568077,0.04630974680185318,0.09228188544511795,-0.007924096658825874,-0.01579866372048855,0.018568851053714752,-0.14272652566432953,-0.16568847000598907,-0.1708844006061554,-0.21294145286083221,-0.15056507289409637,-0.03069392591714859,0.006843097507953644,-0.020313143730163574,0.10409239679574966,0.24289852380752563,0.1107780784368515,0.14579780399799347,0.2107856273651123,0.15208759903907776,0.1534876823425293,0.19688449800014496,0.2404562085866928,0.11389950662851334,0.022646823897957802,-0.005377164576202631,-0.115101657807827,-0.00414837384596467,-0.05469812825322151,0.0037530583795160055,0.1701936423778534,0.15188302099704742,0.18205910921096802,0.04234302416443825,0.15887446701526642,0.09214242547750473
POLR2J,0.08653755815854917,36,0.052306246012449265,0.023796776309609413,0.07992807775735855,-0.06413288414478302,-0.008627597242593765,0.1290053427219391,-0.01974007859826088,0.08902621269226074,-0.008912785910069942,0.10752718895673752,0.040111031383275986,0.005709624383598566,0.07222095876932144,0.17409206926822662,0.07802056521177292,0.2577918767929077,0.17307254672050476,0.21875394880771637,0.15190058946609497,0.22065579891204834,0.08412348479032516,0.2296665906906128,0.1819118708372116,0.19768965244293213,-0.012286449782550335,0.008586941286921501,-0.037312716245651245,0.006599533371627331,-0.06272134184837341,-0.04309602081775665,0.12353873997926712,0.13977548480033875,0.17127487063407898,0.0982113853096962,0.12693901360034943,0.1299455463886261
POR,0.1248028806852138,36,0.04377816617488861,0.031477879732847214,0.09830523282289505,0.04647090658545494,0.00034645749838091433,0.050106871873140335,0.23114340007305145,0.1169438511133194,0.2129197120666504,0.3589819371700287,0.2214435487985611,0.2678636908531189,0.18652354180812836,0.20836836099624634,0.07274586707353592,0.13937346637248993,0.06374773383140564,0.1552392542362213,0.1873827874660492,0.26227542757987976,0.15825700759887695,0.30420705676078796,0.18830353021621704,0.1971668303012848,-0.01061562541872263,-0.014294659718871117,0.04674079641699791,-0.05964164808392525,-0.02036949247121811,-0.08249828964471817,0.09709925204515457,0.20404726266860962,0.21382929384708405,0.09965655207633972,0.13810250163078308,0.07747524231672287
POSTN,0.04478006846167975,36,-0.08385355770587921,-0.18935613334178925,-0.08738068491220474,-0.04891867935657501,0.037807174026966095,-0.046842288225889206,-0.1976638287305832,-0.20750629901885986,-0.2455836981534958,-0.250550776720047,-0.243687242269516,-0.24829918146133423,-0.023230882361531258,0.13128525018692017,0.17800572514533997,0.12784279882907867,0.09987960010766983,0.1345156580209732,0.17074690759181976,0.24284473061561584,0.1997077912092209,0.12589102983474731,0.11262674629688263,0.1649821251630783,0.059146009385585785,0.12276594340801239,0.026068463921546936,0.02529589831829071,-0.042198311537504196,-0.04119542986154556,0.28811436891555786,0.22822870314121246,0.3290756642818451,0.2719627320766449,0.3217426836490631,0.16981345415115356
PPHLN1,0.11576669996914764,36,0.031342338770627975,0.11258575320243835,0.011342833749949932,0.12317519634962082,0.011258086189627647,0.06420182436704636,0.1483253389596939,0.15204201638698578,0.18701811134815216,0.21436616778373718,0.2548844516277313,0.25638192892074585,0.24263162910938263,0.04981750249862671,0.12997423112392426,0.21342946588993073,0.22114057838916779,0.10963750630617142,0.16540056467056274,0.12890738248825073,0.1876593828201294,0.1168476790189743,0.07211294025182724,0.08377212285995483,0.0062011610716581345,-0.011998912319540977,-0.05367853119969368,0.021965663880109787,0.03436575084924698,0.044962722808122635,0.12330436706542969,0.16062797605991364,0.20309974253177643,0.15048611164093018,0.08807462453842163,0.11193548887968063
PPIB,-0.0312054008019105,36,-0.03367822989821434,-0.1369306594133377,-0.07890551537275314,-0.10431023687124252,-0.026372777298092842,-0.056038327515125275,-0.1281888782978058,-0.12091545015573502,-0.0671052560210228,-0.2775943875312805,0.017818734049797058,-0.1360558569431305,-0.024302219972014427,0.023305144160985947,0.022084349766373634,0.04499814286828041,0.01612863503396511,0.11217787861824036,-0.04737532138824463,0.04958365112543106,-0.056985653936862946,-0.06343181431293488,-0.024173596873879433,-0.04946613311767578,-0.05205610767006874,-0.025496821850538254,-0.04578493908047676,-0.12277314066886902,-0.06404095888137817,-0.0013700836570933461,0.020799661055207253,0.10022673010826111,0.17169427871704102,-0.010322457179427147,0.039136484265327454,0.012326705269515514
PPIH,0.06378736239599271,36,0.09477245807647705,0.01427479088306427,0.05934472009539604,0.06295228749513626,0.08219053596258163,0.18202872574329376,-0.009752752259373665,-0.06951328366994858,0.019107336178421974,-0.08609232306480408,-0.05633871629834175,-0.033369943499565125,0.0974741280078888,0.14091289043426514,-0.08991724252700806,0.08624815195798874,0.10377707332372665,0.11849923431873322,0.1558065414428711,0.17936167120933533,0.1557459831237793,0.10970385372638702,0.2371496707201004,0.06900056451559067,0.005196124315261841,0.022590449079871178,0.05897929519414902,0.03026549331843853,-0.08634789288043976,-0.005254184361547232,0.08253292739391327,0.07186663150787354,0.13058480620384216,0.10245697945356369,0.11453626304864883,0.14557179808616638
PPM1G,0.13745443696259624,36,0.060816872864961624,0.013543051667511463,-0.0312033761292696,0.033170051872730255,0.13276398181915283,0.012583855539560318,0.26114800572395325,0.2625274360179901,0.15736982226371765,0.2958747148513794,0.22209830582141876,0.35080841183662415,0.3047124445438385,0.12696918845176697,0.19750185310840607,0.23514437675476074,0.06596864014863968,0.24132436513900757,0.15369510650634766,0.18946827948093414,0.12635111808776855,0.2745751142501831,0.06332951784133911,0.22213955223560333,-0.011794139631092548,0.03830086067318916,0.023534798994660378,0.03129969909787178,0.020482059568166733,0.01511696632951498,0.09951046109199524,0.12795326113700867,0.17727671563625336,0.15437336266040802,0.1505899280309677,0.14903506636619568
PPP1R1A,0.06174265524411263,36,-0.0154935447499156,-0.015701178461313248,0.0639946460723877,-0.002093021059408784,-0.08205220103263855,-0.02381773293018341,0.04627612605690956,0.0017070128815248609,0.12761333584785461,0.012579590082168579,-0.04611418396234512,-0.00965187232941389,0.1168442964553833,0.16454017162322998,0.1940334439277649,0.22798776626586914,0.16823112964630127,0.23289157450199127,0.13218048214912415,0.2904699742794037,0.21360720694065094,0.22752659022808075,0.20157663524150848,0.21524198353290558,-0.0021397678647190332,-0.06904046982526779,-0.045435186475515366,-0.01682225428521633,-0.006033660843968391,0.003571993438526988,0.1146431416273117,0.0821087583899498,0.06166955456137657,-0.2071966975927353,-0.033547695726156235,-0.10142035782337189
PPP1R1B,0.06400565959564927,36,0.10512784123420715,-0.021691085770726204,0.07093995064496994,0.03546983748674393,-0.06697466224431992,-0.04000839218497276,-0.1029505506157875,0.20083926618099213,0.11643444746732712,0.14710699021816254,0.055146217346191406,0.2973758280277252,0.17684143781661987,0.09352818131446838,0.1056608036160469,0.15154911577701569,0.08731669932603836,0.06848733127117157,-0.00551257049664855,0.11727416515350342,0.1027517318725586,0.08825787156820297,0.1844632923603058,0.10407032072544098,0.1256454437971115,0.023547884076833725,0.030016733333468437,0.12340069562196732,0.06636559963226318,-0.011551275849342346,0.08890944719314575,-0.027983827516436577,-0.04753802716732025,-0.06991224735975266,-0.019582480192184448,-0.048618268221616745
PPP1R37,0.08908044464058346,36,0.027759917080402374,0.07706471532583237,0.10401889681816101,0.11174357682466507,-0.02077043056488037,-0.03588217869400978,0.21645477414131165,0.2132605016231537,0.02749575302004814,0.2282557487487793,0.23758500814437866,0.10410775989294052,0.18453443050384521,0.09817131608724594,0.15559479594230652,0.10896922647953033,0.07932335138320923,0.04046742618083954,0.0679619312286377,0.11218839883804321,0.10888435691595078,0.08880320936441422,0.21793901920318604,0.07039591670036316,0.017875226214528084,-0.10791289061307907,-0.04815058410167694,-0.0754842460155487,-0.030473122373223305,0.042731598019599915,0.1895424872636795,0.16390156745910645,0.08337198197841644,0.12344978749752045,0.07329551875591278,0.15042126178741455
PRKAB1,0.1350242109555337,36,0.08066757023334503,0.00533108739182353,0.09854704141616821,0.16380251944065094,0.018249982967972755,0.0817919373512268,0.19611196219921112,0.2907090187072754,0.27670955657958984,0.37425610423088074,0.36663833260536194,0.2236299216747284,0.27636128664016724,0.1892298460006714,0.1497136950492859,0.23306016623973846,0.10608549416065216,0.23765850067138672,0.19021430611610413,0.16923607885837555,0.05931919440627098,0.1994536817073822,0.0988335832953453,0.11864695698022842,0.02545301429927349,0.02968434989452362,-0.040334466844797134,-0.05168434605002403,0.011683622375130653,0.0031695165671408176,0.056283749639987946,0.1343349814414978,0.09849704802036285,0.1206103265285492,0.1568930447101593,0.11202292889356613
PRKCSH,0.1937974987862011,36,0.0075757987797260284,0.03774568811058998,0.08206649124622345,-0.04949970915913582,0.1351730227470398,0.13690979778766632,0.27526795864105225,0.2763341963291168,0.3173399865627289,0.4004599452018738,0.3035614490509033,0.37119999527931213,0.22696779668331146,0.18953710794448853,0.058908116072416306,0.1763286590576172,0.2201443463563919,0.2902931272983551,0.1827911138534546,0.2480812817811966,0.21083681285381317,0.3721749484539032,0.20127122104167938,0.2933240532875061,0.017474615946412086,-0.01792922243475914,0.0034633632749319077,-0.01111699640750885,0.03879023343324661,-0.01623903401196003,0.3494308292865753,0.3373587429523468,0.4342068135738373,0.31420186161994934,0.33551737666130066,0.2267581671476364
PROSER1,0.07994182110350165,36,0.0325118824839592,0.15662455558776855,0.010278557427227497,0.042573023587465286,0.11765091866254807,0.09515803307294846,0.08309248089790344,0.11319740116596222,0.044601764529943466,0.11763814836740494,0.05817297846078873,0.06554528325796127,0.09780851006507874,0.12723775207996368,0.23232218623161316,0.0768059641122818,0.03771878778934479,0.11497822403907776,0.09425216168165207,0.046711813658475876,0.09134112298488617,0.13033516705036163,0.08897163718938828,0.1322735846042633,-0.034236930310726166,0.08076988905668259,-0.025159111246466637,-0.03333325311541557,0.090884268283844,0.01832544058561325,0.09544969350099564,0.0924123004078865,0.05973733216524124,0.1368403434753418,0.1658814549446106,0.02253219299018383
PRPF6,0.11229189392664314,36,0.07893476635217667,0.06306203454732895,0.11283153295516968,0.06989725679159164,0.060811761766672134,-0.05139555037021637,0.22280040383338928,0.43697816133499146,0.17248423397541046,0.38873574137687683,0.10817142575979233,0.3003230094909668,0.13354945182800293,0.08422501385211945,0.04099905863404274,0.1363609880208969,0.12812966108322144,0.29569879174232483,0.006561048794537783,0.08086882531642914,0.0843045562505722,0.09241047501564026,0.15213395655155182,0.10897217690944672,0.033108897507190704,-0.06089800223708153,0.021280916407704353,-0.03865348547697067,-0.0008404220570810139,-0.03445153683423996,0.010547759011387825,0.12964962422847748,0.1986190378665924,0.16808955371379852,0.22572395205497742,0.08248310536146164
PRPSAP1,0.12001390179567453,36,0.03027128428220749,0.027300149202346802,0.1131599172949791,0.05817271023988724,0.10826700925827026,0.1490747332572937,0.1704084575176239,0.20138543844223022,0.2522810399532318,0.11223985999822617,0.15107642114162445,0.1405026763677597,0.170169860124588,0.08889463543891907,0.25252777338027954,0.2638801634311676,-0.01608813740313053,0.11326054483652115,0.2095145583152771,0.18478772044181824,0.10604208707809448,0.16466158628463745,0.18138645589351654,0.13281965255737305,-0.01947588101029396,0.014058420434594154,-0.04762228578329086,0.13667626678943634,0.03560706228017807,0.005896748509258032,0.11371206492185593,0.16959676146507263,0.1876044124364853,0.16343921422958374,0.058013010770082474,0.13699807226657867
PSCA,0.05689084168342459,36,0.028835484758019447,-0.03497157245874405,0.050510600209236145,0.04430894926190376,-0.048848990350961685,0.14601294696331024,0.05402205139398575,-0.010529957711696625,0.1367107778787613,-0.09767257422208786,0.06112687289714813,0.07049433141946793,0.02968543767929077,-0.011075688526034355,0.10722658038139343,0.04301486164331436,0.07170906662940979,0.07838065177202225,0.009800654835999012,0.1854332685470581,0.1977209746837616,0.2218581736087799,0.12104359269142151,0.19920246303081512,0.02959866262972355,-0.02847880683839321,-0.029002737253904343,0.02521420456469059,0.006410947069525719,-0.04793257266283035,0.09358261525630951,0.10644953697919846,0.11092996597290039,0.07220213860273361,0.05303553491830826,0.002061854349449277
PSMD4,0.09855761843371308,36,0.0736752524971962,0.09870067238807678,-0.08967830240726471,0.052128586918115616,-0.006116906180977821,-0.010653101839125156,0.283767431974411,0.1986086666584015,0.1978020966053009,0.39731472730636597,0.028749238699674606,0.2460341453552246,0.14107242226600647,0.173991397023201,0.15395234525203705,-0.049140725284814835,0.0775923877954483,0.21974560618400574,0.1081649661064148,0.2519720494747162,0.16350264847278595,0.19821633398532867,0.16992810368537903,0.12701120972633362,0.007188078481703997,-0.03502441570162773,-0.035488154739141464,-0.07809826731681824,-0.02853284776210785,-0.01293189451098442,0.0642961785197258,0.25599873065948486,0.030716782435774803,0.036349568516016006,0.04924706369638443,0.08801218867301941
PSTPIP1,0.03534972223375613,36,-0.03882783278822899,-0.04873604327440262,0.04104100540280342,-0.05641332268714905,-0.08032247424125671,-0.07620851695537567,0.12519314885139465,0.1537436842918396,0.053762778639793396,0.19250641763210297,0.14845113456249237,0.170477956533432,0.034824710339307785,0.033904653042554855,-0.07279038429260254,-0.01934090442955494,-0.006598705891519785,0.17298011481761932,0.02146666683256626,0.007134806830435991,0.05060232803225517,0.024930080398917198,-0.012792195193469524,0.12152809649705887,0.07094749063253403,-0.0028595642652362585,-0.05806901305913925,-0.014601255767047405,0.02023651823401451,-0.0702262818813324,0.02477070316672325,0.04002723470330238,0.039237070828676224,0.08581992983818054,0.08643164485692978,0.11035832017660141
PTGDS,0.03373920421533209,36,0.008902258239686489,-0.008315387181937695,0.09693910926580429,0.04260171204805374,-0.0352393239736557,-0.14618471264839172,0.18552076816558838,0.3348958492279053,0.2107529193162918,0.32352814078330994,0.2537488341331482,0.22027070820331573,0.0071496679447591305,-0.10050024837255478,-0.15144890546798706,-0.04444998502731323,-0.011951890774071217,-0.12381315231323242,-0.10044349730014801,-0.06732376664876938,-0.11961374431848526,-0.1961657702922821,-0.0818825513124466,0.04981665685772896,0.007119384128600359,0.10431385040283203,0.04575592651963234,-0.07143963873386383,0.0003213968884665519,-0.09534396976232529,0.08239730447530746,0.11039963364601135,0.018458591774106026,0.13391374051570892,0.19209438562393188,0.13982705771923065
PTOV1,0.14600591884098119,36,0.11316182464361191,0.09275485575199127,0.05557837709784508,-0.06568159908056259,-0.14575718343257904,0.07840549200773239,0.1966199427843094,0.3347167670726776,0.2555661201477051,0.41043218970298767,0.18157128989696503,0.3689451813697815,0.2792074680328369,0.12929807603359222,0.10574249178171158,0.1575474590063095,0.23174232244491577,0.2730931043624878,0.1297491490840912,0.17460693418979645,0.14751750230789185,0.22926688194274902,0.19457994401454926,0.16616445779800415,-0.03599795326590538,0.015754852443933487,0.012608859688043594,-0.01597699336707592,0.04088559374213219,0.004936661571264267,0.09050559252500534,0.2536657750606537,0.26275745034217834,0.19941101968288422,0.16545653343200684,0.16737663745880127
PTP4A3,0.06950422248658267,36,0.06099100038409233,-0.06257716566324234,0.037217866629362106,0.07905767858028412,-0.04127606004476547,0.058920618146657944,0.08359052240848541,0.16671189665794373,0.23759610950946808,0.10753384977579117,0.012806546874344349,0.1305958777666092,-8.849660844134632e-06,0.01902446150779724,0.06043020263314247,0.2052091807126999,0.18792417645454407,0.08844519406557083,0.1059245616197586,0.14293213188648224,0.057240020483732224,0.17617937922477722,0.09118932485580444,0.08873642981052399,-0.00769564276561141,-0.0013999907532706857,-0.01152348704636097,-0.04611848294734955,0.018930986523628235,-0.04779873788356781,0.08096671849489212,0.09176518768072128,0.10436081141233444,0.07906612753868103,0.06629621237516403,0.08090735226869583
PTPRC,-0.026202431729264692,36,0.020501887425780296,0.03201436623930931,0.028468897566199303,0.0711337998509407,0.04375452548265457,-0.01555036474019289,-0.14011205732822418,-0.192821204662323,-0.24894976615905762,-0.16130076348781586,-0.23027433454990387,-0.22062872350215912,-0.08962056040763855,-0.17268285155296326,-0.002166721737012267,-0.20265311002731323,0.06556420773267746,-0.12213049829006195,5.727644747821614e-06,0.009040789678692818,-0.1157548651099205,0.025233736261725426,0.0645076185464859,0.12220810353755951,0.05297838896512985,-0.0007770568481646478,0.004395027179270983,0.07677217572927475,-0.0072150882333517075,-0.07393722981214523,-0.0032797115854918957,0.06620144098997116,0.06558703631162643,0.0988897979259491,0.1071261540055275,0.10218368470668793
PTPRJ,0.13212474634767407,36,-0.01541096717119217,-0.037821050733327866,0.09937775880098343,0.039455022662878036,0.11907845735549927,-0.06104739010334015,0.2328575998544693,0.35325416922569275,0.27753543853759766,0.30982694029808044,0.2091147005558014,0.3653438687324524,0.10889790207147598,0.18795235455036163,0.24294042587280273,0.29862624406814575,0.12373550981283188,0.19411666691303253,0.16700994968414307,0.18418972194194794,0.06417674571275711,0.16943778097629547,0.0967000275850296,0.18953293561935425,0.011593545787036419,0.03887593373656273,-0.0028481753543019295,0.06464093178510666,0.002727787010371685,0.02112453430891037,0.03640230745077133,0.13000817596912384,0.1257539540529251,0.09719128161668777,0.1426621526479721,0.16947762668132782
PTRF,0.032419593552024,36,0.12619318068027496,0.06456654518842697,0.0765635147690773,0.11144306510686874,0.12309082597494125,-0.03694493696093559,-0.07023341208696365,0.018941577523946762,0.03825630992650986,-0.04432731866836548,0.017845114693045616,-0.026596469804644585,0.1386420726776123,0.0889936238527298,0.043703850358724594,0.09026727080345154,-0.043071527034044266,0.06252633780241013,0.18594788014888763,0.024287518113851547,-0.09503992646932602,0.10677164047956467,0.06468737870454788,-0.020505225285887718,-0.023624766618013382,0.018971331417560577,0.020660726353526115,-0.0044008283875882626,0.023344064131379128,0.024457141757011414,0.019706131890416145,-0.03318853676319122,-0.023568347096443176,0.08230622857809067,-0.04850922152400017,0.06494255363941193
PTRH1,0.02975438612176933,36,-0.02314877323806286,0.1381208896636963,0.024048879742622375,0.08683960139751434,0.01064080186188221,0.09908170998096466,0.024906694889068604,0.07898906618356705,-0.04628938063979149,0.018367843702435493,0.10169138014316559,0.13080227375030518,0.039686329662799835,-0.0490943118929863,0.04138365760445595,0.12207581102848053,-0.007632910739630461,0.04326359182596207,-0.02144576422870159,0.020185299217700958,-0.04669300094246864,0.08718936890363693,0.0059522585943341255,0.05318548157811165,0.006403306499123573,-0.047461748123168945,-0.04439152032136917,-0.040875934064388275,0.006464267615228891,0.0024493762757629156,0.06976146996021271,0.022830048575997353,0.06189114600419998,0.08305253833532333,0.06844020634889603,-0.04951205477118492
PTTG1,0.13902740730231422,36,0.09039489924907684,0.03555852174758911,0.06289837509393692,0.0355943888425827,0.08256901800632477,0.12886080145835876,0.357215940952301,0.20762871205806732,0.39296790957450867,0.44171804189682007,0.2732923924922943,0.31087544560432434,0.09507825970649719,0.1661483347415924,0.11509501188993454,0.19887199997901917,0.12818944454193115,-0.05274413898587227,0.17964467406272888,0.2181771844625473,0.21112895011901855,0.17720644176006317,0.07690153270959854,0.18545043468475342,0.049893200397491455,0.046849943697452545,0.07305204123258591,-0.006416175048798323,0.06452330201864243,0.034255508333444595,0.10988672077655792,0.04906465858221054,0.04106075316667557,0.1839587390422821,0.143125519156456,0.09700987488031387
PUS3,0.02859198891221442,36,0.013424805365502834,-0.0203689094632864,0.09757620841264725,0.002433160785585642,-0.07993514090776443,-0.0860593244433403,-0.005441694054752588,0.10829956084489822,0.0264449380338192,-0.0140689080581069,0.06813525408506393,-0.0015301379607990384,-0.054457761347293854,0.06634686142206192,0.24502530694007874,0.1472051441669464,0.08548035472631454,-0.04273257777094841,0.04349081963300705,-0.034272875636816025,0.001831281348131597,0.04701431840658188,0.13816845417022705,0.03237432986497879,-0.11693783104419708,0.024406755343079567,-0.02443331480026245,0.055043842643499374,0.029684145003557205,0.051899056881666183,0.08231249451637268,-0.00204427819699049,-0.003721871878951788,0.02360456809401512,0.0939561203122139,0.03115844540297985
PWP1,0.08543713157996535,36,0.05110650137066841,-0.0230527613312006,0.02808757685124874,0.028029249981045723,-0.010170225985348225,0.12341482192277908,0.21024319529533386,0.08352228999137878,0.16940991580486298,0.12208535522222519,0.1375485062599182,0.14287029206752777,0.15574413537979126,0.14844605326652527,0.012771738693118095,0.15473777055740356,0.0630933865904808,0.0448777936398983,0.19010818004608154,0.17108428478240967,0.13078488409519196,0.20953980088233948,0.041171226650476456,0.16525113582611084,-0.022405607625842094,-0.01475442573428154,-0.024862825870513916,-0.048394083976745605,0.00866434071213007,0.05220726132392883,0.09696358442306519,0.08825275301933289,0.08733721077442169,0.03130802884697914,0.1556122899055481,0.1151031032204628
PWWP2B,0.09602331886546583,36,0.03480043634772301,0.006594729609787464,0.02613208442926407,0.07117599248886108,0.0627993792295456,0.09200660139322281,0.12293710559606552,0.19615213572978973,0.17585928738117218,0.2042994201183319,0.15425044298171997,0.13067567348480225,0.12485461682081223,0.2250378280878067,0.1995733380317688,0.11376118659973145,0.1280420571565628,0.20979748666286469,0.09814949333667755,0.18444563448429108,0.12996791303157806,0.16031338274478912,0.16428010165691376,0.06044773384928703,-0.004191884770989418,-0.0011250978568568826,0.008823751471936703,0.008092408999800682,0.00328393024392426,-0.02555788680911064,0.06597556173801422,0.17005619406700134,0.06410074979066849,0.0327347032725811,0.014030213467776775,0.04426277428865433
PXDN,0.15025520221873498,36,0.12764836847782135,0.06558191031217575,0.0036871677730232477,0.10499817132949829,0.08222731947898865,0.16034118831157684,0.04968809336423874,0.15385515987873077,0.13078540563583374,0.26086071133613586,0.263901025056839,0.20878545939922333,0.3474591076374054,0.06261558830738068,0.17610643804073334,0.1684194654226303,0.2125668078660965,0.28424128890037537,0.1898087114095688,0.2542937695980072,0.2275906354188919,0.332629919052124,0.21030360460281372,0.16959820687770844,-0.059170614928007126,-0.03354012221097946,-0.08255360275506973,0.05792149528861046,0.058538444340229034,0.024313433095812798,0.23616614937782288,0.260236531496048,0.2975717782974243,0.15628597140312195,0.16407914459705353,0.08134514838457108
PYURF,0.09649309990183813,36,0.0006665437249466777,0.071684330701828,0.05393676832318306,-0.021751301363110542,-0.023996902629733086,-0.00436761137098074,0.16043724119663239,0.28519898653030396,0.2407381683588028,0.2910098135471344,0.3092940151691437,0.16649137437343597,0.1446012258529663,0.09583555907011032,0.03260350227355957,0.02815527841448784,0.0697527602314949,0.10826260596513748,0.10892250388860703,0.1425079107284546,0.06795430183410645,0.1784810721874237,0.12728150188922882,0.26043009757995605,0.02586633525788784,-0.0009754072525538504,-0.02183956652879715,0.08147383481264114,0.02068587765097618,0.004976291209459305,0.08470682054758072,0.045954104512929916,0.15515632927417755,0.020802021026611328,0.1219797432422638,0.04083546623587608
QSOX1,0.14086120926529272,36,0.03944190964102745,0.03063066303730011,0.024099601432681084,0.0699581652879715,0.0002954640658572316,0.0024084490723907948,0.11767926067113876,0.3606719672679901,0.2452070415019989,0.3128213882446289,0.15001077950000763,0.3165420889854431,0.28997108340263367,0.25405681133270264,0.12427319586277008,0.17695005238056183,0.1848648190498352,0.2844237685203552,0.08647522330284119,0.25723695755004883,0.1532990038394928,0.05186768248677254,0.12799115478992462,0.2049700915813446,-0.03673282638192177,-0.05966947600245476,0.009279903024435043,0.015223578549921513,-0.013554781675338745,-0.022331584244966507,0.15508770942687988,0.2786262333393097,0.2315458506345749,0.20797494053840637,0.21774472296237946,0.22166264057159424
R3HDM2,0.09974685572605166,36,0.09283261746168137,0.12413796782493591,0.015305612236261368,0.14461670815944672,0.12823964655399323,0.11004416644573212,0.19528770446777344,0.11971012502908707,0.26945823431015015,0.05871104821562767,0.14449284970760345,0.29399678111076355,0.05169917643070221,0.17441751062870026,-0.02260240726172924,0.21414022147655487,0.06076405942440033,0.12773849070072174,0.08969385921955109,0.061139076948165894,0.08419543504714966,0.09285399317741394,0.19990693032741547,0.08909982442855835,0.016383258625864983,-0.03417840600013733,-0.026842892169952393,0.06715188920497894,0.0371650792658329,0.008638043887913227,0.12642034888267517,0.03698241338133812,0.10886498540639877,0.12852589786052704,0.10404932498931885,0.09784723073244095
RAB11FIP1,0.057296729122754186,36,0.03855104371905327,0.05595563352108002,0.0976698026061058,0.06741379201412201,-0.07108596712350845,0.01720908284187317,-0.16694848239421844,-0.07487613707780838,-0.09096965938806534,-0.11146555840969086,-0.10550609976053238,-0.019281361252069473,0.1551792174577713,-0.05686919391155243,-0.023418085649609566,0.11107320338487625,0.14685899019241333,0.17926082015037537,0.16880430281162262,0.28333956003189087,0.19497206807136536,0.2789424955844879,0.2389320582151413,0.27656054496765137,-0.026328060775995255,-0.018929868936538696,-0.08332040160894394,0.0021820685360580683,0.03556254506111145,0.06596902757883072,0.1652018278837204,0.00706208823248744,0.1038893535733223,0.04992453008890152,0.0864478126168251,0.08471925556659698
RAB3A,0.04033775998848594,36,-0.03831584379076958,-0.06629283726215363,-0.04052753746509552,0.004746631253510714,-0.04156165570020676,0.11506988108158112,0.034161508083343506,-0.06837737560272217,0.010249343700706959,-0.0048928027972579,0.0776769146323204,0.10809358209371567,0.07281484454870224,0.058457084000110626,0.06309710443019867,0.06442110240459442,-0.02331586554646492,0.15023596584796906,0.09697238355875015,0.01216940488666296,0.13999015092849731,0.11319821327924728,0.09477987140417099,0.1631457805633545,0.009851090610027313,0.027736248448491096,-0.057899393141269684,0.04484408348798752,-0.027644965797662735,0.029269464313983917,0.055480290204286575,0.09679163992404938,0.0816488116979599,-0.04003997519612312,0.08097680658102036,0.05514940991997719
RAB3GAP1,0.13970602195089063,36,0.01089378073811531,0.08950721472501755,0.057199783623218536,0.019875576719641685,0.10685884952545166,0.04608609154820442,0.3549672067165375,0.3077181875705719,0.27309611439704895,0.32197776436805725,0.32196640968322754,0.3246479332447052,0.1345287412405014,0.2446366846561432,0.17661969363689423,0.11651688814163208,0.05912238731980324,0.20764057338237762,0.16507796943187714,0.10538896918296814,0.1716260313987732,0.11033289134502411,0.1468375027179718,0.12784604728221893,0.031985532492399216,0.026909369975328445,-0.028572972863912582,-0.031015545129776,0.03196835145354271,0.04867104813456535,0.17150329053401947,0.11338377743959427,0.22149500250816345,0.14912711083889008,0.19423295557498932,0.09875957667827606
RAB3IL1,0.008574774249508563,36,-0.019113969057798386,0.009606371633708477,0.009227738715708256,-0.09422579407691956,0.04300577566027641,-0.017312560230493546,-0.04971703886985779,0.014092168770730495,-0.03264797478914261,0.12021267414093018,0.06503955274820328,0.07249238342046738,-0.02200554870069027,0.1045268103480339,0.05893367528915405,0.07929868996143341,-0.00995005201548338,-0.11561916023492813,-0.022537920624017715,0.050072673708200455,0.029983794316649437,-0.060144808143377304,0.06104623153805733,0.020472681149840355,-0.039600491523742676,-0.020244499668478966,0.03512450307607651,0.022183584049344063,0.022570734843611717,0.0022058903705328703,0.023506904020905495,0.024428531527519226,-0.05029195174574852,-0.007219966500997543,-0.04026705026626587,0.04155929014086723
RABGAP1L,0.08122672643124436,36,-0.017674440518021584,0.1101805716753006,0.027845721691846848,0.036418601870536804,-0.0055389138869941235,0.0025865414645522833,0.16978588700294495,0.04266355186700821,0.10176586359739304,0.07563382387161255,0.1252361685037613,0.1710723489522934,0.16883741319179535,0.13348788022994995,0.2847006618976593,0.1633930504322052,0.24055439233779907,0.18231669068336487,-0.011212017387151718,-0.14675545692443848,-0.002649691654369235,-0.05017925798892975,0.15636441111564636,0.20103545486927032,0.0030859129037708044,-0.04914148151874542,-0.016974620521068573,0.06711188703775406,0.04276008531451225,0.004501641727983952,0.04127072915434837,0.11264549940824509,0.05715097114443779,0.1630477011203766,0.15701983869075775,0.18181473016738892
RALBP1,0.015843346291351028,36,0.015078099444508553,0.019799893721938133,-0.043444469571113586,0.05857327580451965,-0.020281415432691574,0.04692459478974342,0.023372946307063103,0.02600226178765297,0.020563801750540733,0.011081603355705738,0.050625331699848175,0.0017257804283872247,-0.029557442292571068,-0.01669769361615181,0.07283956557512283,0.1754082292318344,0.0944378674030304,0.04009078070521355,0.04556690901517868,0.0159061998128891,0.13210058212280273,-0.029785368591547012,-0.004128088243305683,0.12233123928308487,-0.01973428949713707,-0.05919867753982544,-0.09525223076343536,-0.02185457944869995,0.006183522753417492,-0.02822635881602764,-0.03191277012228966,-0.04499373584985733,0.07384761422872543,0.04919819533824921,-0.02722802571952343,-0.05900268256664276
RALGAPA2,0.07268376532010734,36,0.01307028066366911,0.10869170725345612,0.07662992179393768,0.08207149803638458,0.03260178491473198,0.008348164148628712,0.09076051414012909,0.15514658391475677,0.19411180913448334,0.0636986568570137,0.040601298213005066,0.13740582764148712,0.02306855097413063,0.1358805000782013,0.09109421074390411,0.01201618555933237,0.12612882256507874,0.17486818134784698,0.20225059986114502,0.11428859084844589,-0.007522766478359699,0.17187367379665375,0.06628668308258057,0.04935033991932869,0.01381708588451147,0.054852019995450974,0.02517552487552166,-0.015834681689739227,-0.06093697249889374,-0.00907545443624258,0.06916620582342148,0.1170327365398407,0.1306888312101364,-0.027431054040789604,0.15326756238937378,0.0031721284613013268
RAMP2,-0.030928822816349566,36,-0.01889323815703392,0.05253449082374573,-0.06648276746273041,-0.133638396859169,0.09051606059074402,-0.00740862637758255,-0.12678425014019012,-0.11949516087770462,-0.11274540424346924,-0.0464194193482399,0.06770883500576019,-0.12247886508703232,-0.009482619352638721,-0.14484623074531555,0.0525166317820549,0.024844415485858917,-0.04751431569457054,0.025811748579144478,-0.02951754815876484,0.006604466587305069,-0.09154310077428818,0.11090795695781708,-0.10140801966190338,0.04572240635752678,-0.005609546322375536,0.02887922339141369,-0.05937347561120987,-0.027242589741945267,-0.01864241622388363,-0.04199697822332382,-0.051162391901016235,-0.044167809188365936,0.027747832238674164,-0.1302758902311325,-0.09949929267168045,0.00939666386693716
RAP1B,-0.017865754761765454,36,-0.001687911106273532,0.07314876466989517,-0.03571796789765358,0.033162329345941544,-0.006897730752825737,0.05060409754514694,-0.24931880831718445,-0.06861268728971481,-0.095026396214962,-0.1226242259144783,-0.11258535087108612,-0.3028082847595215,0.0509645976126194,-0.07249542325735092,-0.060526300221681595,-0.03947428613901138,0.049430131912231445,-0.03388497233390808,-0.026296477764844894,0.0210490170866251,0.07787169516086578,0.03133930265903473,0.08490400016307831,-0.019075825810432434,0.022623885422945023,0.015345761552453041,-0.03845274820923805,0.019635803997516632,0.04417802020907402,-0.016820183023810387,-0.00029243112658150494,-0.004026015754789114,0.15357956290245056,0.020524123683571815,0.027037158608436584,-0.111941397190094
RARS2,-0.0007445582870989003,36,0.09387397766113281,0.07973182946443558,0.004472687374800444,0.03294544294476509,0.05386234074831009,-0.13092035055160522,-0.17167147994041443,-0.18471544981002808,-0.2062276005744934,-0.21347364783287048,-0.037552814930677414,-0.22371181845664978,0.04780540242791176,0.05000445619225502,-0.10421237349510193,0.02796672098338604,0.045413389801979065,-0.003874383168295026,0.0522552914917469,0.05422075092792511,0.04587557911872864,0.10472582280635834,-0.006294785067439079,-0.004606699105352163,0.019924044609069824,-0.026680639013648033,0.04492621868848801,0.011664757505059242,-0.0007583016413263977,0.04000559076666832,0.03460761532187462,0.061057936400175095,0.04629305377602577,0.14362432062625885,0.06713709980249405,0.12550191581249237
RASA2,0.05054874379291303,36,-0.023875292390584946,-0.018463732674717903,0.028760887682437897,0.07038451731204987,0.06313075870275497,-0.08054761588573456,-0.062333520501852036,-0.07656107097864151,0.08537231385707855,0.08258455991744995,0.08155851811170578,0.09622452408075333,0.04623786360025406,0.09477271884679794,0.03383873775601387,0.07626752555370331,0.08838193863630295,0.1095903143286705,0.04536983743309975,0.04861979931592941,0.10965273529291153,0.07068771123886108,0.057700078934431076,-0.023885518312454224,0.04507167264819145,-0.03386129438877106,0.03317653015255928,-0.010506493039429188,0.05678419768810272,0.06187497824430466,0.07029838860034943,0.0879400372505188,0.09608402103185654,0.1103249117732048,0.24819312989711761,0.05090610682964325
RASGRP2,-0.019614579156041145,36,-0.03903205692768097,-0.0005957763642072678,-0.04351631924510002,-0.09785646945238113,-0.05176982656121254,-0.04641878977417946,-0.21237397193908691,-0.14775587618350983,0.03953949734568596,-0.18015660345554352,-0.10225953906774521,-0.12688502669334412,0.009316874668002129,-0.03374138101935387,0.014347176067531109,0.0594196580350399,-0.07725419104099274,0.09496849775314331,0.060967616736888885,-0.09531694650650024,-0.11514098197221756,-0.02368990145623684,0.04714062437415123,0.029246797785162926,-0.024304211139678955,0.03067585453391075,0.11227700114250183,-0.03772857040166855,-0.013077719137072563,-0.06842908263206482,0.015098831616342068,0.020113561302423477,-0.021520808339118958,0.06663274765014648,0.1168607845902443,0.13609367609024048
RASSF3,0.07869291611455588,36,-0.031147874891757965,-0.009831891395151615,0.122640460729599,-0.02424054592847824,0.15473343431949615,-0.17228899896144867,0.08350314199924469,0.21223695576190948,0.16518500447273254,0.14060798287391663,0.16082586348056793,0.17899908125400543,-0.004388993605971336,0.30252769589424133,0.12824413180351257,0.01445313822478056,0.01778881438076496,0.09437774866819382,0.07574012130498886,0.2005140632390976,0.10112111270427704,0.16336248815059662,0.12985502183437347,0.1416274756193161,0.015601241029798985,-0.06721453368663788,-0.004554879851639271,0.053936414420604706,0.019586779177188873,0.003882751101627946,0.04960170388221741,-0.049173545092344284,0.09850594401359558,0.08420588821172714,0.12184112519025803,0.16028065979480743
RBL1,0.10528696962218317,36,0.061487190425395966,0.03839896619319916,0.09036405384540558,0.09638679772615433,0.10660666227340698,-0.0648048147559166,0.23842942714691162,0.34669268131256104,0.30257725715637207,0.18570558726787567,0.26843005418777466,0.29811224341392517,0.017601720988750458,0.08719898760318756,0.1748984158039093,0.14539001882076263,0.11984577775001526,0.11981350183486938,0.16211317479610443,0.18696439266204834,-0.05792085826396942,0.11782272905111313,0.038386519998311996,0.09087593853473663,-0.060031481087207794,0.07510613650083542,0.05188905820250511,0.0071359435096383095,0.04853639379143715,-0.09004399925470352,0.11596840620040894,0.18699127435684204,0.12107802927494049,0.04093136265873909,0.10495495796203613,0.016438398510217667
RBM42,0.14688461382562915,36,0.10204163193702698,0.03844217211008072,0.0007359767332673073,0.1332140415906906,-0.06550316512584686,0.11125320941209793,0.3130958080291748,0.3010514974594116,0.2526601552963257,0.43464142084121704,0.31499814987182617,0.38213106989860535,0.30655160546302795,0.19702081382274628,0.1926409751176834,0.13921743631362915,0.16871164739131927,0.24884013831615448,0.055286552757024765,0.08077460527420044,0.11181044578552246,0.15113720297813416,0.09365169703960419,0.20511658489704132,-0.020818913355469704,0.07416430115699768,-0.05234289541840553,0.031325679272413254,-0.004778341390192509,-0.09074252098798752,0.2398887574672699,0.13133792579174042,0.19332940876483917,0.2031780332326889,0.1466204822063446,0.16716250777244568
RECQL4,0.08130785249199511,36,0.03589552640914917,-0.09167845547199249,0.017213474959135056,-0.015322139486670494,-0.02216390334069729,0.07635882496833801,0.26653143763542175,0.3012979328632355,0.15924078226089478,0.2783659100532532,0.13701775670051575,-0.005332597531378269,0.011445974931120872,0.1438608169555664,0.15761232376098633,0.06593463569879532,0.10645657032728195,0.1238519623875618,0.11529462039470673,0.11338667571544647,0.1512323021888733,0.19985122978687286,0.0822107195854187,0.10830143839120865,0.0068422951735556126,-0.0801425576210022,0.0024652641732245684,0.09622019529342651,0.0070428806357085705,-0.02414569817483425,0.07026379555463791,0.10139436274766922,0.02846011519432068,0.07807967811822891,0.0949513167142868,0.028787221759557724
RECQL5,0.10169019244494848,36,0.06837844103574753,0.07292088121175766,0.04868805781006813,0.013654464855790138,0.06107502058148384,-0.032055772840976715,0.19753322005271912,0.23621490597724915,0.09551892429590225,0.2084280103445053,0.1742817908525467,0.0973290428519249,0.17095713317394257,0.180715873837471,0.05250144004821777,0.11289932578802109,0.07283957302570343,0.19987063109874725,0.09278344362974167,0.12485019862651825,0.15454532206058502,0.03760857507586479,0.18842549622058868,0.13771864771842957,0.000978013384155929,0.035806503146886826,0.047250304371118546,0.04460543021559715,-0.02281137742102146,0.04374796152114868,0.07521205395460129,0.12046351283788681,0.038785334676504135,0.22406072914600372,0.13623487949371338,0.14883093535900116
REEP6,0.07931845772287084,36,-0.038176029920578,0.0553789921104908,-0.06236732006072998,-0.01911933533847332,-0.028603898361325264,0.07554718852043152,0.1685038059949875,0.22636495530605316,0.27099907398223877,0.2503936290740967,0.1256411075592041,0.2564747929573059,0.12101152539253235,0.1416584849357605,0.12277911603450775,0.07228564471006393,0.07115186005830765,0.11545488983392715,0.1596616506576538,0.10699966549873352,0.12740854918956757,0.04970372095704079,0.2521224617958069,0.17119945585727692,-0.10292273014783859,-0.020649699494242668,-0.0993049293756485,-0.027226563543081284,-0.02181149832904339,-0.030414074659347534,0.0690443143248558,0.14722466468811035,0.14545096457004547,-0.0023489175364375114,0.05864912271499634,-0.052700161933898926
RGS1,0.10419337117087303,36,-0.0753246322274208,0.06659037619829178,0.10379185527563095,0.02802412025630474,-0.024110181257128716,-0.05225282162427902,0.3108120560646057,0.24533674120903015,0.22903303802013397,0.1988237500190735,0.22288955748081207,0.330717533826828,-0.0028678805101662874,0.07394455373287201,0.19758076965808868,0.2374393343925476,0.07050535827875137,0.1889367401599884,0.00610898993909359,0.07033117860555649,0.1649770885705948,0.0455687940120697,-0.013363998383283615,0.1061883494257927,0.06360531598329544,-0.02563796192407608,-0.0476590171456337,0.041329625993967056,-0.040211815387010574,0.06123426556587219,0.10257621854543686,0.17518313229084015,0.15304821729660034,0.16588106751441956,0.22308014333248138,0.14885149896144867
RHOB,0.22213715171286216,36,-0.0076863425783813,0.06991994380950928,0.1614587903022766,0.19641073048114777,0.1077437624335289,0.044504716992378235,0.4470316767692566,0.3406437337398529,0.3968748152256012,0.46426644921302795,0.3931127190589905,0.4273897707462311,0.17450271546840668,0.28365087509155273,0.2098160684108734,0.2812800407409668,0.21715767681598663,0.27213340997695923,0.3062528371810913,0.3452952802181244,0.3633842468261719,0.3534677028656006,0.3362201452255249,0.30568867921829224,-0.023566730320453644,-0.040173180401325226,-0.06790080666542053,-0.022782571613788605,0.0598134882748127,0.04994942247867584,0.17136791348457336,0.2440466284751892,0.30623888969421387,0.2977689504623413,0.28906023502349854,0.24259477853775024
RIOK1,0.05397065827209088,36,0.021407078951597214,-0.02741001732647419,0.03491119667887688,0.10541348904371262,0.1299048662185669,-0.027412686496973038,-0.057184599339962006,-0.008150782436132431,0.14286091923713684,0.1118215024471283,0.15235240757465363,0.11902649700641632,0.11817121505737305,0.07271908223628998,0.10632497072219849,0.08716409653425217,0.036842912435531616,0.004219816066324711,0.026545150205492973,-0.006982734426856041,-0.055333733558654785,0.09914211928844452,0.01212364248931408,0.1358334720134735,0.039723675698041916,-0.012162159197032452,0.035437289625406265,-0.01961629092693329,-0.032895416021347046,-0.010114636272192001,0.09039434045553207,0.008999399840831757,0.09885231405496597,0.10783181339502335,0.11838742345571518,0.18379606306552887
RMND1,0.026856509308951598,36,0.10580404847860336,0.04466085880994797,0.04568586125969887,-0.17907771468162537,0.052474819123744965,-0.0889921635389328,0.08203724771738052,-0.06419480592012405,0.0154237300157547,0.08963079005479813,0.024635933339595795,0.028331654146313667,0.038069576025009155,0.04353497922420502,0.03647259250283241,-0.03665159270167351,-0.002177004236727953,0.14737123250961304,-0.02452688105404377,0.13007612526416779,0.12398216873407364,0.043321315199136734,0.16378585994243622,0.17270417511463165,-0.029870934784412384,-0.08598466962575912,0.02594550885260105,-0.030179662629961967,-0.059332288801670074,-0.01552936714142561,0.02132091112434864,-0.038769468665122986,0.04104676470160484,0.13669583201408386,0.03742753714323044,-0.028318632394075394
RNASET2,0.1644591852867355,36,0.06908293813467026,-0.12290071696043015,0.059835415333509445,0.03137540817260742,0.011984609998762608,0.0301841851323843,0.3495199382305145,0.38482216000556946,0.3390869200229645,0.5177228450775146,0.35466814041137695,0.412455677986145,0.23200134932994843,0.10506219416856766,0.28895315527915955,0.24190838634967804,0.10489434748888016,0.24507151544094086,0.12217176705598831,0.14347240328788757,0.17479126155376434,0.216473788022995,0.16737326979637146,0.19154998660087585,-0.050682466477155685,0.045623939484357834,-0.03727114573121071,-0.048914190381765366,0.020358426496386528,-0.06731642037630081,0.2039722055196762,0.26084989309310913,0.1773093044757843,0.2459840327501297,0.29463890194892883,0.20441724359989166
RND3,0.08311584562761709,36,0.04897870123386383,-0.04291950538754463,-0.06610428541898727,-0.003406848991289735,-0.005069120787084103,0.07269366085529327,0.09076650440692902,0.19043540954589844,0.14865081012248993,0.08336219191551208,0.1915111392736435,0.22262130677700043,0.09347330778837204,0.19868476688861847,0.005916854366660118,0.09751420468091965,0.07558619230985641,0.15590085089206696,0.07982593029737473,0.0069869449362158775,0.028175685554742813,0.14964917302131653,0.0395810641348362,0.07037878036499023,0.058421388268470764,-0.0037752818316221237,0.02476935088634491,-0.012289031408727169,-0.016705483198165894,0.046208735555410385,0.20420216023921967,0.10685320198535919,0.1898529827594757,0.15598423779010773,0.1353948712348938,0.17005959153175354
RNF135,0.09004857678276797,36,0.029791777953505516,0.2060282677412033,0.09106883406639099,0.10466878116130829,0.09656590223312378,0.08543209731578827,0.012236387468874454,0.12842515110969543,0.16663849353790283,0.035800617188215256,0.02681318297982216,0.16543567180633545,0.10568124800920486,0.131402388215065,0.08740667253732681,0.0859256237745285,0.15392029285430908,0.15364062786102295,0.08216124773025513,0.16062681376934052,0.21330781280994415,0.06272778660058975,0.08346438407897949,0.02089727483689785,-0.04710409417748451,0.002841787412762642,0.05417025089263916,0.05313766747713089,0.023735687136650085,-0.0677855834364891,0.08099847286939621,0.14107228815555573,0.05445294454693794,0.1628197282552719,0.16088929772377014,0.13245297968387604
RNF170,0.01488698450622097,36,0.026512669399380684,0.028550753369927406,0.03367840126156807,-0.027696017175912857,-0.0581057108938694,-0.0446469746530056,-0.06515195220708847,-0.08113989233970642,0.02270630933344364,-0.003539412748068571,0.05294279754161835,0.12952499091625214,-0.08045382052659988,-0.033272113651037216,0.03821590915322304,0.0038265499752014875,0.032740119844675064,-0.0005066433805041015,0.07865389436483383,0.01004392933100462,0.018500035628676414,-0.06353320181369781,0.015914062038064003,0.06273617595434189,-0.006802338175475597,-0.07042931765317917,0.030983546748757362,-0.02309635654091835,-0.049689147621393204,0.02340429462492466,0.13554051518440247,0.12582090497016907,0.10189805924892426,-0.0007332272361963987,0.03585100546479225,0.1366826444864273
RRAS,0.067139879696899,36,0.045914165675640106,-0.04926609992980957,-0.04178154096007347,-0.05996666103601456,-0.005593067035079002,-0.04862489178776741,0.30970296263694763,0.20583482086658478,0.16287878155708313,0.3512915074825287,0.09403371065855026,0.03981947526335716,-0.006562442518770695,0.11376439034938812,-0.13088609278202057,0.10525384545326233,0.1464053839445114,0.014097905717790127,-0.09020794183015823,-0.06602353602647781,0.09044199436903,0.17188987135887146,0.03351455181837082,0.15540413558483124,-0.0026576556265354156,-0.058130957186222076,-0.008944550529122353,-0.01742301695048809,-0.03469708561897278,-0.06767792254686356,0.2353915423154831,0.15965959429740906,0.27748793363571167,0.15487757325172424,0.17358365654945374,0.06423132866621017
RRM2,0.17306910338811576,36,0.057467781007289886,0.15135972201824188,0.061548952013254166,0.10000842809677124,0.10066772252321243,0.1835479736328125,0.15695573389530182,0.21838955581188202,0.2475081980228424,0.2783278226852417,0.19864501059055328,0.3226833641529083,0.1774965226650238,0.11569833010435104,0.25143665075302124,0.23592305183410645,0.23172330856323242,0.19177953898906708,0.2969166040420532,0.23678593337535858,0.28873294591903687,0.36063674092292786,0.24364259839057922,0.17904742062091827,0.03797171637415886,0.03182188794016838,-0.008127952925860882,0.02078789658844471,0.031780607998371124,-0.05876763164997101,0.19361284375190735,0.16421565413475037,0.2021162062883377,0.22475649416446686,0.28853410482406616,0.21485598385334015
RSL1D1,0.09227458698054154,36,0.14726057648658752,0.0623544380068779,0.05112311989068985,0.08310449868440628,0.05670018494129181,0.08114927262067795,0.11254779994487762,0.2240164577960968,0.17352162301540375,0.29597732424736023,0.09427192062139511,0.25361573696136475,0.22019249200820923,0.1863248646259308,0.04272002726793289,0.16600528359413147,-0.03740571066737175,0.20521530508995056,0.049129221588373184,0.09042100608348846,0.051506541669368744,0.14975236356258392,0.11757601797580719,0.1417613923549652,-0.015236255712807178,0.04349607601761818,0.03729167953133583,-0.061029769480228424,0.050214219838380814,-0.05165821686387062,0.1484357863664627,0.03542649745941162,0.10646560788154602,0.009289947338402271,-0.014227326028048992,0.014575126580893993
RSRP1,0.08424656719176306,36,0.0595792792737484,0.21533732116222382,0.08651073276996613,0.028568299487233162,0.08870738744735718,0.08708822727203369,0.08953151106834412,0.0700877383351326,0.04235544055700302,0.11023908853530884,0.0728425681591034,-0.03460724279284477,0.2570323348045349,0.11323068290948868,-0.09814278781414032,0.014227725565433502,0.13446126878261566,0.14815577864646912,0.07785329967737198,0.017286866903305054,0.09700191766023636,0.08904979377985,0.05902582406997681,0.07222427427768707,-0.015480383299291134,0.05386598780751228,0.020746929571032524,0.09762506932020187,0.013444204814732075,0.0467623695731163,0.15268808603286743,0.14183618128299713,0.17125292122364044,0.15187135338783264,0.1654251664876938,0.1351912021636963
RUVBL1,0.1221201279582197,36,0.00936464685946703,0.05484582856297493,0.10309826582670212,0.09298637509346008,0.043872859328985214,0.18222801387310028,0.11396875232458115,0.25257137417793274,0.13643863797187805,0.19691362977027893,0.17434252798557281,0.29134058952331543,0.126421719789505,0.14658725261688232,0.139849454164505,0.1380140334367752,0.18890249729156494,0.16054286062717438,0.22223646938800812,0.1412471979856491,0.17228159308433533,0.23500221967697144,0.17606477439403534,0.1170865073800087,-0.06450677663087845,-0.07676908373832703,0.07686243206262589,-0.06468047201633453,0.014012178406119347,0.0016887177480384707,0.17787185311317444,0.17447076737880707,0.09813085198402405,0.11954433470964432,0.18906310200691223,0.13442862033843994
S100A14,0.09724710987130594,36,0.04503992199897766,-0.021683674305677414,0.047422654926776886,0.003328087506815791,-0.004665926098823547,0.19074666500091553,0.15766295790672302,0.21069864928722382,0.11661040782928467,0.26795223355293274,0.11026232689619064,0.3087077736854553,0.13538773357868195,0.09179447591304779,0.1377507746219635,0.2614632248878479,0.1645350605249405,-0.09550473839044571,0.1739645004272461,0.2725295424461365,0.12017525732517242,0.19879138469696045,0.1290116012096405,0.10102526098489761,-0.019476065412163734,-0.06283971667289734,-0.049931466579437256,-0.03698350861668587,0.042034558951854706,0.07908226549625397,0.04429062455892563,0.03594649210572243,0.07548422366380692,0.04673236981034279,0.1126919537782669,0.11085806787014008
S100A9,0.010159255160639683,36,-0.05343430116772652,-0.04035664349794388,-0.033005572855472565,-0.042798444628715515,-0.07118000835180283,-0.05469778925180435,0.16296249628067017,0.1654033213853836,0.07729096710681915,0.1348714828491211,0.07660020887851715,0.14381878077983856,-0.05257515236735344,0.1488719880580902,-0.07541245222091675,0.018777908757328987,-0.09584242850542068,0.11951438337564468,0.12539337575435638,0.24108071625232697,0.1962180882692337,0.15018661320209503,0.16597391664981842,0.07867111265659332,-0.1852874904870987,-0.31714656949043274,-0.1858471781015396,-0.05679159611463547,-0.0324258990585804,-0.04992192983627319,0.13060176372528076,0.026248205453157425,0.30040934681892395,-0.2514100670814514,-0.20837360620498657,-0.29065436124801636
SAMM50,0.09383883205009624,36,0.03823995590209961,0.00520256208255887,0.07333344221115112,0.02997198887169361,-0.04708673804998398,-0.09807640314102173,0.18981774151325226,0.31500378251075745,0.18249766528606415,0.22878886759281158,0.12977594137191772,0.1569591760635376,0.09059298783540726,0.11117202788591385,0.04978329315781593,0.22873476147651672,0.08767589181661606,0.198013573884964,0.11310988664627075,0.1325228363275528,0.18049423396587372,0.21882900595664978,0.15719445049762726,0.039348650723695755,0.06683880090713501,-0.13100814819335938,-0.003105836920440197,-0.02565976232290268,-0.0015989437233656645,-0.014666587114334106,0.024337491020560265,0.12907111644744873,0.08492492884397507,0.17189127206802368,0.14480364322662354,0.12047039717435837
SASH1,0.05079463481282195,36,0.12911595404148102,0.0933598130941391,0.012297256849706173,0.06830067932605743,0.055188875645399094,0.07819724082946777,0.022220123559236526,-0.0626411885023117,-0.01744907535612583,0.06977073848247528,-0.014194199815392494,0.1908891797065735,0.08579694479703903,0.017327437177300453,0.134597048163414,0.07350529730319977,0.11372023820877075,0.1388401985168457,0.0893494263291359,0.034894492477178574,-0.020007530227303505,-0.0409785695374012,0.1364915817975998,0.014857861213386059,-0.05394993722438812,-0.02027854695916176,-0.02038629539310932,0.011389778926968575,0.07852786779403687,0.008258625864982605,0.11058591306209564,0.0752301812171936,0.055338189005851746,0.05150488391518593,0.08660934120416641,0.04232702776789665
SAT1,0.09079905062551713,36,-0.011649228632450104,-0.051756203174591064,0.009683375246822834,0.011002002283930779,-0.026540612801909447,-0.07432645559310913,0.019667092710733414,0.013701807707548141,-0.06566519290208817,-0.011690588667988777,-0.03009941056370735,0.05708962678909302,0.33456501364707947,0.20579276978969574,0.018780119717121124,0.07770143449306488,0.24311713874340057,0.35268527269363403,0.10140552371740341,0.1242714524269104,0.15693825483322144,0.1348486691713333,0.08886249363422394,0.10973085463047028,0.02139924094080925,0.03820297122001648,0.03803587704896927,-0.037748441100120544,0.006063209380954504,-0.02638189122080803,0.13815686106681824,0.2033464014530182,0.2657780647277832,0.23849952220916748,0.33734625577926636,0.2579525411128998
SCAF1,0.056795734294711214,36,0.12659278512001038,0.1166064441204071,0.04438510909676552,-0.05431816726922989,-0.0825577825307846,0.035985067486763,-0.006415016017854214,0.10418196767568588,6.288209260674194e-05,0.029065167531371117,0.008468065410852432,0.11113748699426651,0.1019027978181839,0.12301825731992722,0.019748708233237267,0.11953773349523544,0.10856504738330841,0.057213082909584045,0.09530313313007355,0.06365376710891724,0.032371390610933304,0.1579754650592804,0.1358896791934967,-0.01038338989019394,0.03194902464747429,0.0341806523501873,-0.06195531040430069,-0.012003092095255852,-0.024196630343794823,-0.034215349704027176,0.1382323056459427,0.06655751913785934,0.10891715437173843,0.06511664390563965,0.13436654210090637,0.15970729291439056
SCD,0.25237251730221844,36,0.25419116020202637,0.28403711318969727,0.25255826115608215,0.20990340411663055,0.2587161958217621,0.22372785210609436,0.30003538727760315,0.38897940516471863,0.39592140913009644,0.44056692719459534,0.26562097668647766,0.46798551082611084,0.3326876759529114,0.3806721866130829,0.30142173171043396,0.4650769829750061,0.020791754126548767,0.3926016688346863,0.45963749289512634,0.37785667181015015,0.3519224226474762,0.422207236289978,0.27000880241394043,0.3292475938796997,0.04067539423704147,0.033310722559690475,0.05936165899038315,0.160630002617836,0.16289809346199036,0.099441759288311,0.0485522635281086,0.018869949504733086,0.15709970891475677,0.13503219187259674,0.2449682205915451,0.07819483429193497
SCNN1D,0.023392110063772027,36,0.15909062325954437,0.0430399551987648,0.01567288115620613,-0.001354796695522964,-0.0442301481962204,0.04921715334057808,0.06356968730688095,-0.08204220235347748,-0.03720223903656006,-0.013383603654801846,-0.10243362188339233,-0.08695629239082336,-0.01625891774892807,-0.032723307609558105,0.13962453603744507,0.1061309427022934,0.14137187600135803,0.0868726596236229,0.0352029986679554,0.09751264750957489,0.0908607542514801,-0.005983149167150259,-0.005068277474492788,0.004056479781866074,0.002522022696211934,0.0644647628068924,-0.029714858159422874,0.01748679205775261,0.05050444230437279,-0.03095831908285618,0.026493478566408157,0.08964353054761887,-0.03727002441883087,0.015326734632253647,0.049695681780576706,0.019335079938173294
SCX,0.11430703198938216,36,0.09585817903280258,0.03919168934226036,0.13890352845191956,0.1434323638677597,0.11407734453678131,0.008546593599021435,0.17941740155220032,0.2330518364906311,0.1713438183069229,0.12335195392370224,0.10861425846815109,0.1253175437450409,0.08708144724369049,0.15672090649604797,0.12723849713802338,0.12600845098495483,0.0832759290933609,0.10602014511823654,0.11134979128837585,0.3034931719303131,0.1480134129524231,0.2839661240577698,0.23550879955291748,0.1458684802055359,-0.011757325381040573,0.053339432924985886,0.0767311155796051,0.04415235295891762,0.024541109800338745,0.056282203644514084,0.04835333675146103,0.14729419350624084,0.04237593710422516,0.05806323140859604,0.17904123663902283,0.0009846593020483851
SDHB,0.1372589043878381,36,-0.00149254419375211,0.11424212157726288,0.11988446861505508,0.12935638427734375,0.07778125256299973,0.04771419242024422,0.28855210542678833,0.47952646017074585,0.33713576197624207,0.23560655117034912,0.27845749258995056,0.27679625153541565,0.18302848935127258,0.18078665435314178,0.19143231213092804,0.07610560953617096,0.028666766360402107,0.11668264120817184,0.1557236760854721,0.1906057596206665,0.1647021323442459,0.12985900044441223,0.1711910367012024,0.02225261554121971,0.02111249789595604,0.06960105150938034,-0.017497943714261055,-0.01872287318110466,0.07364457100629807,-0.037259336560964584,0.24843522906303406,0.16003552079200745,0.16906966269016266,0.15164880454540253,0.08445637673139572,0.04219980537891388
SEC14L2,-0.009701607334944937,36,-0.056116268038749695,0.03852490335702896,0.03502703085541725,-0.01489411760121584,-0.01255760807543993,-0.02958570048213005,0.10805031657218933,0.2151152342557907,0.049051545560359955,-0.020748188719153404,0.04734043404459953,-0.1581178903579712,0.06878012418746948,0.10554048418998718,-0.09342524409294128,-0.06953147053718567,-0.01348727848380804,0.04259156808257103,-0.01694783940911293,-0.058057282119989395,-0.13588322699069977,-0.055201441049575806,0.05411126837134361,-0.09810863435268402,-0.009738732129335403,-0.025839759036898613,-0.010896149091422558,-0.052009858191013336,-0.03667384758591652,0.02097964473068714,0.02373012900352478,-0.05715080350637436,-0.040674589574337006,0.028199682012200356,-0.05956485867500305,-0.06108944118022919
SEC23A,0.014537422775497867,36,-0.06267014890909195,0.02599385194480419,-0.002261545043438673,0.06159419193863869,-0.05565542355179787,-0.1325434148311615,-0.02018088474869728,0.009205397218465805,0.033879898488521576,0.02472059242427349,0.020078707486391068,0.07283704727888107,-0.1053505465388298,0.07366754859685898,-0.03595152869820595,-0.009068718180060387,0.13133293390274048,0.08814269304275513,0.10230594128370285,0.04764926806092262,0.04711471125483513,0.036622922867536545,0.0984915941953659,0.04577576369047165,-0.060106828808784485,-0.09425471723079681,-0.05024096742272377,-0.01621723361313343,0.006236966699361801,0.020275253802537918,0.024339377880096436,0.01798703335225582,0.12793095409870148,0.07428465783596039,0.07310375571250916,-0.09572188556194305
SEMA3B,0.010759051948197238,36,-0.04461494833230972,0.017725899815559387,-0.06874629855155945,0.11718890815973282,0.09941229224205017,-0.0032513539772480726,-0.0395088754594326,-0.04950486496090889,-0.11471658200025558,-0.07764113694429398,-0.08781445026397705,0.0004469156265258789,0.031630415469408035,0.11772681027650833,0.047282762825489044,0.0002619953884277493,0.21088209748268127,-0.039382968097925186,-0.032009512186050415,0.03025580756366253,0.004578571766614914,0.15267306566238403,0.05460299178957939,0.0015843218425288796,-0.02362069860100746,-0.03685078024864197,0.04326396808028221,-0.006204445846378803,-0.058557674288749695,0.01706749200820923,-0.07421090453863144,0.021831868216395378,-0.031011855229735374,0.04062121734023094,0.03718564286828041,0.12875017523765564
SEMA4B,0.16002136674554399,36,0.07490376383066177,0.05982627719640732,0.139043927192688,0.08690911531448364,0.10755414515733719,0.02862321026623249,0.22057180106639862,0.307441771030426,0.26883167028427124,0.25218990445137024,0.2682420611381531,0.28602245450019836,0.28836309909820557,0.2126941829919815,0.24753032624721527,0.35995128750801086,0.13807028532028198,0.2238902449607849,0.23374074697494507,0.20499826967716217,0.24899478256702423,0.20500126481056213,0.30837103724479675,0.21758027374744415,-0.09576249122619629,-0.046514272689819336,-0.05871311575174332,0.043914176523685455,-0.006498575676232576,0.007079979404807091,0.22227467596530914,0.1553623378276825,0.13233184814453125,0.11640360206365585,0.194210484623909,0.10733465105295181
SF3B4,0.032596164046683244,36,-0.013322120532393456,-0.04904172942042351,0.060631830245256424,0.011563127860426903,0.06656893342733383,-0.012649981305003166,-0.14361803233623505,-0.08213329315185547,-0.05100443959236145,-0.18213127553462982,-0.12308821082115173,-0.1663535237312317,0.10661272704601288,0.0934644266963005,0.1082291305065155,0.06664218008518219,-0.011836572550237179,0.14496389031410217,0.1681545078754425,0.20624803006649017,0.10829045623540878,0.15890899300575256,0.01191345788538456,0.11105141788721085,-0.03899519890546799,0.030849579721689224,-0.0022050682455301285,-0.006155019626021385,-0.008636673912405968,0.013247799128293991,0.05515090748667717,0.08056750148534775,0.13466618955135345,0.052622269839048386,0.13151951134204865,0.14276617765426636
SFRP1,0.01031915022617942,31,0.013337613083422184,-0.0519634485244751,-0.07349350303411484,0.03823559731245041,-3.3768461435101926e-05,0.03838253393769264,-0.001888573751784861,0.014117409475147724,-0.04589216783642769,-0.022532574832439423,-0.04619554802775383,-0.10735177993774414,-0.11217828094959259,-0.10334385931491852,0.05726280063390732,0.1611189991235733,,,-0.056967198848724365,,0.10159163177013397,0.0064013199880719185,0.09878776222467422,-0.0026751384139060974,0.056069694459438324,0.06504591554403305,-0.020708026364445686,,0.0027131186798214912,,0.050017908215522766,0.05850139632821083,-0.004947099834680557,0.10358574986457825,0.04946812987327576,0.05542704463005066
SFSWAP,0.1143522172254355,36,0.13813871145248413,0.06585367769002914,0.12369447201490402,0.16826142370700836,0.06160292029380798,-0.07996300607919693,0.19505132734775543,0.07855089753866196,0.2733517587184906,0.1829150766134262,0.2982273995876312,0.22203373908996582,0.13328255712985992,-0.0029049688018858433,0.13248957693576813,0.23326662182807922,0.04214589670300484,0.140016108751297,0.1090717762708664,-0.012425189837813377,0.14142385125160217,0.15510863065719604,0.007776875048875809,0.04760318621993065,-0.0032090649474412203,0.06449456512928009,-0.0005107003962621093,0.09214632958173752,0.009201127104461193,0.08999764174222946,0.13647085428237915,0.1840691715478897,0.16802288591861725,0.11169660836458206,0.26097309589385986,0.14875398576259613
SGTA,0.131172436011386,36,0.03625853359699249,0.07045779377222061,-0.022830521687865257,0.04306519404053688,-0.17472688853740692,0.06084171310067177,0.18576250970363617,0.30131396651268005,0.22515682876110077,0.37591221928596497,0.19506683945655823,0.205039381980896,0.16124622523784637,0.2500707507133484,0.15729643404483795,0.054260190576314926,0.13427716493606567,0.22488196194171906,0.2133846879005432,0.17941658198833466,0.1801118552684784,0.21381869912147522,0.16925768554210663,0.2845894396305084,0.023645851761102676,-0.035899240523576736,0.006365729495882988,0.04676935449242592,-0.0006981480401009321,-0.03439135104417801,0.11790932714939117,0.1621326506137848,0.2112390398979187,0.16186925768852234,0.17035041749477386,0.16898556053638458
SH3BP5L,0.0833624250954017,36,0.0026274293195456266,0.02243354730308056,0.10014992207288742,-0.0010438964236527681,-0.06435923278331757,-0.14792701601982117,0.1571844518184662,0.22902686893939972,0.21400779485702515,0.18079620599746704,0.1566907912492752,0.13142184913158417,-0.007782163098454475,0.038735006004571915,0.21647997200489044,0.16538269817829132,0.12575286626815796,0.014670745469629765,0.13223665952682495,0.09839294850826263,0.188730388879776,0.05021284148097038,0.17075249552726746,0.05103347450494766,0.007316510193049908,0.044804126024246216,0.01659528724849224,-0.005393638275563717,-0.0088203651830554,0.02382972463965416,0.17472562193870544,0.11164500564336777,0.16213200986385345,0.10490439087152481,0.10285136848688126,0.04085061326622963
SIGLEC1,0.043534359079785645,36,0.06487066298723221,-0.04174518957734108,0.022489206865429878,-0.01287069171667099,-0.06594283878803253,0.030555076897144318,0.13911865651607513,0.17888548970222473,0.1282229870557785,0.32360172271728516,0.17586879432201385,0.2703340947628021,0.03389301896095276,0.06186299026012421,0.05742015317082405,-0.0016493580769747496,-0.04810594022274017,0.004881279543042183,0.003372872481122613,-0.041038110852241516,0.016109896823763847,0.02632169798016548,0.11553792655467987,0.02266707830131054,0.01274950709193945,0.06997260451316833,-0.05931451916694641,-0.1051718220114708,-0.057724855840206146,-0.08987477421760559,0.03834366425871849,0.09281482547521591,0.06630581617355347,0.06273460388183594,0.11274512112140656,-0.0410047210752964
SIGMAR1,0.12275454185954812,36,0.005730862729251385,0.043585311621427536,0.061257775872945786,0.08931592851877213,-0.010259130038321018,0.019879797473549843,0.27783024311065674,0.40078631043434143,0.174564391374588,0.28921735286712646,0.3044950067996979,0.2621317505836487,0.1891234666109085,0.18718034029006958,0.05323852598667145,0.17045564949512482,0.1493397355079651,0.21567289531230927,0.15028391778469086,0.2067209780216217,0.10810914635658264,0.1594546139240265,0.20760712027549744,0.1015511155128479,-0.012646705843508244,-0.05266466364264488,-0.05424577742815018,0.00500065041705966,-0.05757017061114311,0.016234679147601128,0.21137553453445435,0.13818399608135223,0.11380115151405334,0.11230647563934326,0.15917430818080902,0.022940922528505325
SLC16A2,0.059633770220292114,36,-0.041602909564971924,0.04927612096071243,-0.04202332720160484,0.06269600987434387,0.050786182284355164,0.04944705218076706,0.018907230347394943,0.07963824272155762,-0.03638200834393501,0.2464454472064972,0.07090554386377335,0.01987297087907791,0.1892092376947403,0.1043923869729042,0.3300343453884125,-0.0371200256049633,0.0748661682009697,0.15250955522060394,-0.010608036071062088,0.06424639374017715,-0.00918703805655241,0.025381511077284813,0.09312804788351059,0.0793471410870552,0.00997641310095787,0.056433726102113724,0.020721320062875748,-0.005185754504054785,0.01767897605895996,0.014247491955757141,0.06608656793832779,0.1351901739835739,0.05068610981106758,0.07421202212572098,0.09919475764036179,0.02340768091380596
SLC16A3,0.09548499715876663,36,0.03806103393435478,0.01125304028391838,0.06881751120090485,-0.04144297167658806,-0.007851647213101387,-0.0873025432229042,0.14407998323440552,0.28685399889945984,0.21697014570236206,0.4087982177734375,0.21118201315402985,0.2313174307346344,0.11416088789701462,0.030091606080532074,0.023571792989969254,0.17769767343997955,0.16965560615062714,0.05296904966235161,0.06203969940543175,0.0340304858982563,0.07602417469024658,0.06253344565629959,0.08377775549888611,0.07353571057319641,0.02571074478328228,-0.006949910428375006,-0.003589404746890068,-0.026239339262247086,-0.04945651441812515,-0.11190316826105118,0.2141096442937851,0.19686076045036316,0.1743747442960739,0.14070932567119598,0.16762502491474152,0.2753838896751404
SLC22A18,0.05918095647616105,36,0.011120900511741638,0.08455264568328857,-0.01139008067548275,0.044825032353401184,0.05092483013868332,-0.005787321832031012,0.22712083160877228,0.2238306701183319,0.22639307379722595,0.2043297290802002,0.09594915062189102,0.14898118376731873,0.16914035379886627,-0.08561287820339203,0.0305262990295887,0.07934565842151642,-0.11115997284650803,0.06786792725324631,0.029056036844849586,0.024485841393470764,0.12753655016422272,0.10980555415153503,0.12022369354963303,0.0017758230678737164,-0.02766428329050541,-0.08172430098056793,0.00598817178979516,0.03966797888278961,-0.008659026585519314,-0.010738832876086235,0.06347579509019852,0.08579645305871964,0.018456652760505676,0.044730737805366516,0.08222074806690216,0.05512280762195587
SLC25A24,0.09008398233790002,36,-0.04814538732171059,0.12734515964984894,0.06613362580537796,0.07623668760061264,0.015380216762423515,-0.016224201768636703,0.048838481307029724,0.22708344459533691,0.03148820996284485,-0.00203818641602993,0.16643019020557404,0.09068708121776581,0.12643274664878845,0.1459045559167862,0.15356124937534332,0.13132280111312866,0.11152996867895126,0.23614048957824707,0.11540935933589935,0.025611763820052147,0.11017820984125137,0.20091275870800018,0.1120191365480423,0.10176680982112885,-0.0007534145261161029,-0.007891087792813778,0.03648291528224945,0.06414749473333359,0.03406912833452225,0.01570010930299759,0.061895739287137985,0.20779550075531006,0.06804805248975754,0.08163603395223618,0.23592332005500793,0.09196440130472183
SLC2A1,-0.027650297942778304,36,-0.004037049133330584,0.034980252385139465,0.1108594611287117,0.020301688462495804,0.012276902794837952,0.19369076192378998,-0.25672292709350586,-0.1930059939622879,-0.25222817063331604,-0.3366517126560211,-0.2540644109249115,-0.2305869311094284,0.06608470529317856,-0.013682340271770954,0.16622509062290192,0.10652793943881989,0.07636001706123352,0.01175379566848278,0.07364276051521301,0.14632675051689148,0.1404387652873993,0.1478760540485382,0.01763891987502575,0.13622958958148956,-0.07377257198095322,-0.04738259315490723,-0.017234332859516144,0.013350250199437141,-0.013930798508226871,-0.016964882612228394,-0.07701581716537476,-0.16653786599636078,-0.04239344596862793,-0.1535022109746933,-0.19316773116588593,-0.127092644572258
SLC2A8,0.0626741736001956,36,0.07947202771902084,-0.11297531425952911,-0.0061777448281645775,-0.0040775807574391365,0.04964210093021393,0.04023474082350731,0.12723618745803833,0.13658735156059265,0.04688229411840439,0.18560481071472168,0.09515959769487381,0.19854657351970673,0.09934031963348389,0.08128622174263,0.10063353180885315,0.11635462194681168,0.10423176735639572,0.11525575816631317,-0.004398863762617111,0.042921289801597595,0.08795790374279022,0.05969401076436043,0.1690274178981781,0.017447004094719887,-0.02986004948616028,-0.01997479610145092,0.07997921854257584,0.0439937561750412,-0.0063557918183505535,-0.00284102582372725,0.10720659792423248,-0.015080749057233334,0.07601291686296463,0.10235362499952316,0.07086803019046783,0.0240824893116951
SLC35A2,0.12609764667124385,36,-0.005902471486479044,0.10764127224683762,0.12009023874998093,0.1539974808692932,0.11911462247371674,0.06225619465112686,0.14886590838432312,0.13341306149959564,0.21639379858970642,0.20848530530929565,0.09789009392261505,0.12636470794677734,0.1873810887336731,0.10063660144805908,0.20829926431179047,0.17894650995731354,0.10136426985263824,0.11306511610746384,0.16756471991539001,0.24044129252433777,0.14854350686073303,0.29726558923721313,0.1815938502550125,0.1292569786310196,0.02575038932263851,0.02724200114607811,0.006542309653013945,-0.008516764268279076,0.019261065870523453,0.03419076278805733,0.24263976514339447,0.11802388727664948,0.1699710339307785,0.07330286502838135,0.22092083096504211,0.06721813231706619
SLC39A6,0.17028348253936404,36,0.044989459216594696,0.20394040644168854,0.029364105314016342,0.06322547048330307,0.09838464111089706,0.1158299446105957,0.41472959518432617,0.40186768770217896,0.48188358545303345,0.5089980959892273,0.3805970549583435,0.4154262840747833,0.16432368755340576,0.17331711947917938,0.0814441442489624,0.22086966037750244,0.21954818069934845,0.25331488251686096,0.1555667668581009,0.23476575314998627,0.1465473622083664,0.122334323823452,0.019269008189439774,0.08185182511806488,-0.134102925658226,0.0428256094455719,-0.04170767217874527,-0.04716700315475464,0.012098461389541626,-0.008829235099256039,0.17649701237678528,0.13047102093696594,0.2504805326461792,0.24836811423301697,0.31974363327026367,0.14913877844810486
SLC43A1,-0.017605785973298933,36,-0.04932389780879021,0.001380376284942031,0.007660781964659691,-0.07817220687866211,0.008515626192092896,-0.06379050016403198,-0.07173319160938263,-0.09288347512483597,-0.08288294821977615,-0.10252659767866135,-0.09681680798530579,-0.06372160464525223,0.04387643560767174,-0.003328496590256691,0.06278260797262192,-0.05254596099257469,0.149318128824234,0.07298596203327179,-0.023028455674648285,0.0699349045753479,0.06204012781381607,0.047017719596624374,0.041993651539087296,-0.038487691432237625,0.000459319882793352,-0.01094054989516735,0.002914076205343008,-0.061024319380521774,0.04292428866028786,-0.0025212662294507027,-0.08171682804822922,-0.05055798217654228,-0.0900207906961441,-0.04273964464664459,-0.0043585412204265594,-0.08449054509401321
SLC4A5,0.07823067093138686,36,-0.025905827060341835,0.08288781344890594,0.03346520662307739,-0.013181534595787525,0.013569536618888378,0.07650428265333176,0.13729830086231232,0.13546626269817352,0.032398369163274765,0.17712417244911194,0.1740674525499344,0.08225864917039871,0.07241078466176987,0.04298416152596474,0.15081855654716492,0.040694933384656906,0.09194064140319824,0.03879949077963829,0.147378608584404,0.12137790769338608,0.14551949501037598,0.19968533515930176,0.10414356738328934,0.01216411218047142,0.03626134246587753,-0.03233393654227257,0.10885680466890335,-0.02787676826119423,0.045638829469680786,0.002553171245381236,0.060028426349163055,0.08479174226522446,0.03928888589143753,0.170024573802948,0.09805029630661011,0.1571505069732666
SLC8B1,0.06812757796918352,36,-0.00037460774183273315,-0.045355286449193954,0.015392279252409935,0.05701815336942673,-0.041101425886154175,-0.0186908058822155,0.22612351179122925,0.13263334333896637,0.19320639967918396,0.10056599974632263,0.0720386877655983,0.06846118718385696,0.09138849377632141,-0.06072986498475075,0.13426122069358826,0.13226214051246643,0.05727405846118927,0.19144009053707123,0.1448974758386612,0.12822143733501434,0.12259555608034134,0.09083929657936096,0.05353160947561264,0.07908423244953156,0.026578566059470177,0.0961584597826004,-0.08440277725458145,0.038172751665115356,-0.004226079210639,-0.041370805352926254,0.050442181527614594,0.05232662335038185,0.11662992835044861,0.18193106353282928,0.06247791275382042,0.03289179876446724
SLC9A3R2,0.04084164587159952,36,0.1228545606136322,0.06605570018291473,0.010347092524170876,0.10351835191249847,0.09439575672149658,0.04732748493552208,-0.08229813724756241,-0.17978352308273315,-0.10846319049596786,-0.17669633030891418,-0.1382211148738861,0.048670873045921326,0.10539329797029495,0.020136676728725433,0.06647470593452454,-0.04090137407183647,0.10793661326169968,0.09633959829807281,-0.018835797905921936,0.17899805307388306,0.02559129148721695,0.2001742273569107,0.07052964717149734,0.14896027743816376,0.012889377772808075,0.025051096454262733,-0.04870296269655228,0.043205685913562775,0.010297395288944244,0.02013910934329033,0.10693027079105377,0.051590487360954285,0.11738183349370956,0.12701858580112457,0.13771668076515198,0.09827695041894913
SLC9A8,0.07411780298894478,36,0.033013101667165756,-0.08802089095115662,-0.005570065230131149,-0.05067285895347595,0.023999612778425217,0.06656359136104584,0.1819268763065338,0.13014109432697296,0.1586877703666687,0.3929051160812378,0.14443226158618927,0.17372778058052063,0.032948944717645645,0.1687210649251938,0.06111384183168411,-0.03823940083384514,0.11677775532007217,-0.012632814235985279,0.15552188456058502,0.008291718550026417,0.15972968935966492,0.14213810861110687,0.14583024382591248,0.08651381731033325,-0.013104883022606373,0.026745209470391273,-0.08042341470718384,-0.043995339423418045,-0.020362256094813347,0.05071520805358887,0.1230820044875145,0.057287026196718216,0.018396906554698944,0.12782399356365204,0.1495821326971054,0.084646075963974
SLFN13,0.07664998100760083,36,0.04518260434269905,0.06494607776403427,0.10744983702898026,0.15557149052619934,-0.015047679655253887,0.041838809847831726,0.1481620818376541,0.02832905203104019,0.04262092709541321,0.12482306361198425,0.03669372946023941,0.11820591986179352,0.1817760318517685,-0.07358433306217194,0.07990788668394089,0.216271311044693,0.12438956648111343,0.17024390399456024,0.08419569581747055,0.07945949584245682,0.04130991920828819,0.09151501208543777,0.04637787491083145,0.08700290322303772,0.0731884092092514,-0.02751607820391655,0.03780444711446762,-0.041885457932949066,0.0173011627048254,0.010638628154993057,0.07286626845598221,0.17083650827407837,0.05727377533912659,0.12786510586738586,0.19285811483860016,0.04052725061774254
SLPI,0.07440351186475407,36,0.09060585498809814,0.018501345068216324,0.08039331436157227,0.0510454922914505,0.021645022556185722,0.050002455711364746,0.13757994771003723,0.18815858662128448,0.23184636235237122,0.06043614447116852,0.24325737357139587,0.13082139194011688,0.04661150276660919,0.11189484596252441,0.09456253796815872,0.14878669381141663,0.09247695654630661,0.06212834268808365,0.058964818716049194,0.09114911407232285,0.0007573850452899933,0.06962514668703079,0.08968585729598999,0.07342233508825302,-0.07624297589063644,-0.031559910625219345,-0.0400860570371151,-0.011317947879433632,0.005292214918881655,-0.015422738157212734,0.1162259578704834,0.12250358611345291,0.12690690159797668,0.027504106983542442,0.11903657764196396,0.09132788330316544
SMCHD1,0.06118809192493144,36,-0.020477047190070152,0.19483746588230133,0.04579019546508789,0.08324646204710007,0.06481078267097473,0.0030268924310803413,-0.04009635001420975,0.1830669492483139,0.09131242334842682,-0.024879705160856247,0.07079216092824936,0.20119135081768036,0.10532031953334808,0.09789223223924637,0.14441458880901337,0.14318980276584625,0.07264617085456848,0.08199447393417358,-0.13451355695724487,-0.05713266134262085,0.0063400669023394585,-0.015728123486042023,-0.08143198490142822,0.0587383508682251,-0.07686042040586472,0.04385380074381828,0.010212534107267857,-0.0062757269479334354,0.06794536113739014,0.006119794212281704,0.1406162679195404,0.17876575887203217,0.1789647489786148,0.17624960839748383,0.1367158740758896,0.07211244851350784
SMG9,0.1389912790618837,36,-0.02450522407889366,0.04070429876446724,0.07472511380910873,0.04006902500987053,-0.019653797149658203,-0.005590696353465319,0.22503696382045746,0.37577518820762634,0.18980644643306732,0.35224416851997375,0.31751176714897156,0.2581949234008789,0.18893243372440338,0.13801032304763794,0.2218645215034485,0.1599607914686203,0.09690603613853455,0.0853516086935997,0.12933383882045746,0.1867082566022873,0.18420685827732086,0.14650565385818481,0.15261825919151306,0.14717930555343628,0.06209466606378555,0.05659596994519234,0.019414391368627548,0.02931833453476429,0.020169775933027267,0.00651249336078763,0.1598396897315979,0.0849866271018982,0.18313314020633698,0.24748940765857697,0.21618445217609406,0.25605103373527527
SMYD2,0.10477453664255638,36,0.11234558373689651,-0.021192306652665138,-0.007770674303174019,0.07602646946907043,0.09049288183450699,0.06794505566358566,0.10559296607971191,0.23838676512241364,0.15133899450302124,0.19266965985298157,0.29692554473876953,0.21725818514823914,0.046052444726228714,0.08127012848854065,0.151251882314682,0.1458960622549057,0.12222383171319962,0.09249016642570496,0.11787062883377075,0.10902633517980576,0.13832837343215942,0.11539019644260406,0.21437056362628937,0.18576137721538544,0.011762826703488827,0.03391271457076073,-0.09125137329101562,0.06260126829147339,0.06721948832273483,0.035950422286987305,0.178177610039711,0.09522437304258347,0.06987444311380386,0.05202244967222214,0.11592322587966919,0.10051475465297699
SNAPC3,0.0396467879634454,36,0.03215279430150986,-0.0889316126704216,-0.012840683571994305,-0.07144848257303238,0.014649991877377033,0.10226734727621078,0.002636648714542389,-0.013355848379433155,-0.05442890152335167,0.10750401765108109,0.080741748213768,0.016775459051132202,0.21946066617965698,-0.04646604508161545,-0.05733441561460495,-0.03242487460374832,0.08315911144018173,-0.004841177258640528,0.016092170029878616,0.10011804848909378,-0.02263183705508709,0.11363204568624496,0.1651623398065567,0.06899137049913406,-0.03913756459951401,0.003609178587794304,0.05191608518362045,0.029617762193083763,0.03387231007218361,0.09165971726179123,0.17744572460651398,0.0020771946292370558,0.06132875010371208,0.10456717759370804,0.08595572412014008,0.10573242604732513
SNF8,0.07381531605238302,36,-0.05807876214385033,0.03165239468216896,0.007374398410320282,-0.0065689729526638985,-0.05767493695020676,0.031172892078757286,0.0618131197988987,0.19903995096683502,0.1886492520570755,0.2853844463825226,0.0628337487578392,0.1960660219192505,0.14846336841583252,0.2618633508682251,0.17507903277873993,0.05750671401619911,0.10414139926433563,0.14241808652877808,0.0042681386694312096,0.12634623050689697,0.06425980478525162,-0.004941287450492382,-0.009294969961047173,0.05143535137176514,0.007856136187911034,-0.01840764470398426,0.0062124705873429775,-0.054457567632198334,-0.006992391310632229,0.020884593948721886,0.08684176206588745,0.17531298100948334,0.0773613303899765,0.13736900687217712,0.10874859988689423,0.053413327783346176
SNRPD3,0.1673160307109356,36,0.06809915602207184,0.08508788794279099,0.08211313188076019,0.22469466924667358,0.14315859973430634,0.12261524051427841,0.30168071389198303,0.23679906129837036,0.311603844165802,0.21761558949947357,0.24642710387706757,0.3061215579509735,0.2413628101348877,0.09006698429584503,0.25364983081817627,0.2661198675632477,0.24635116755962372,0.2800462245941162,0.20736144483089447,0.24974757432937622,0.2418276071548462,0.27138179540634155,0.19640611112117767,0.15635786950588226,-0.02494622953236103,-0.030574968084692955,-0.045634087175130844,-0.06078051030635834,-0.04330326244235039,0.02641618251800537,0.12511174380779266,0.21390143036842346,0.1526854932308197,0.21712015569210052,0.18356430530548096,0.26312100887298584
SNTA1,0.049535200808249,36,0.004551949445158243,-0.0040253945626318455,0.04144887253642082,-0.043527986854314804,-0.05648477375507355,0.028806190937757492,0.15655019879341125,0.12860357761383057,0.19559520483016968,0.286316454410553,0.04232484847307205,0.11075028032064438,0.011365437880158424,0.11994872987270355,0.012292400933802128,0.043082233518362045,0.16130079329013824,0.004499158356338739,-0.011044309474527836,-0.00637090066447854,0.15008220076560974,0.0844891369342804,-0.0009893111418932676,0.05298924073576927,-0.05306987464427948,0.02844797819852829,-0.08640474826097488,0.029763637110590935,-0.0014675748534500599,0.04168708994984627,0.005540946498513222,0.09188514202833176,0.08996530622243881,0.11329873651266098,-0.004122267011553049,0.015188624151051044
SNX33,0.06908778993723293,36,-0.030534368008375168,0.04972866177558899,-0.0192085113376379,0.12790547311306,0.038227226585149765,0.04661738872528076,0.031785059720277786,0.12288444489240646,0.19322247803211212,0.09767400473356247,0.020594926550984383,0.16139142215251923,0.08905879408121109,0.056855667382478714,0.12505851686000824,0.018192484974861145,-0.0016510679852217436,0.01535980124026537,0.08632713556289673,0.09317271411418915,0.08878746628761292,0.20914721488952637,0.03721100836992264,0.12960416078567505,0.030609838664531708,-0.06638066470623016,-0.0025898818857967854,0.0060028498992323875,-0.0017417052295058966,0.022170137614011765,0.11507951468229294,0.13420599699020386,0.13042913377285004,0.06571315228939056,0.2055368274450302,0.060713134706020355
SNX8,0.0873351698780122,36,0.08866089582443237,0.06005765497684479,0.007881210185587406,0.03299650922417641,0.020410001277923584,0.035750340670347214,0.19853514432907104,0.19371585547924042,0.18629741668701172,0.20872746407985687,0.1711842268705368,0.18082910776138306,-0.017992006614804268,0.26349249482154846,0.12544018030166626,0.1629447340965271,0.17804718017578125,0.11338093131780624,0.032662417739629745,0.029193926602602005,-0.038129471242427826,0.06996870040893555,0.11948183178901672,0.07664263248443604,0.0012575921136885881,-0.009242330677807331,-0.01773829013109207,-0.043984394520521164,-0.012997422367334366,-0.0063444278202950954,0.06904547661542892,0.06814958900213242,0.13624270260334015,0.1511957198381424,0.12621288001537323,0.1820896416902542
SOD3,-0.008446732036342533,36,0.021266229450702667,0.02582666464149952,-0.06621406972408295,-0.04974741488695145,-0.023438097909092903,-0.07645121216773987,-0.02644006349146366,-0.09787284582853317,-0.012745446525514126,-0.01987314410507679,0.046324681490659714,-0.03137914091348648,-0.07764880359172821,-0.046333808451890945,-0.06506653875112534,-0.0976404994726181,-0.03695204481482506,0.04448588192462921,-0.0620805062353611,0.06741983443498611,-0.002691284054890275,0.11989784240722656,-0.0003479266888462007,-0.0021461828146129847,0.0028429485391825438,0.004590142052620649,0.0705580785870552,0.027737725526094437,-0.07521926611661911,-0.07389411330223083,0.037512753158807755,0.00869971513748169,0.07044243067502975,0.04092937707901001,0.08759064227342606,-0.03602489084005356
SOS2,0.012409145442587841,36,-0.09643436223268509,0.07492871582508087,-0.029995622113347054,0.05679554492235184,0.032023753970861435,-0.01944516971707344,-0.005263840314000845,-0.11801166087388992,-0.11098924279212952,0.04573832452297211,-0.0627540796995163,-0.12767653167247772,-0.0044832006096839905,0.0872991606593132,0.014007504098117352,0.01874866709113121,0.020346373319625854,0.05806635320186615,-0.044366031885147095,0.13189418613910675,0.019138511270284653,-0.003723646979779005,0.1446513831615448,0.039440903812646866,0.06419288367033005,0.015540714375674725,-0.037892598658800125,0.025752590969204903,-0.0341155044734478,-0.00818437710404396,0.08418285101652145,0.07218927890062332,-0.03445799648761749,-0.00119780411478132,0.10804037749767303,0.07274282723665237
SOX4,0.055396473841999715,36,0.09021209925413132,-0.058132756501436234,0.15355220437049866,5.636233595396334e-07,-0.035268012434244156,0.02390468679368496,-0.040533386170864105,0.14447282254695892,0.09199955314397812,0.06280481070280075,0.07999376207590103,0.13876137137413025,0.04513763263821602,-0.07698759436607361,0.14999116957187653,0.19714327156543732,0.11314047127962112,0.14867819845676422,0.050395168364048004,0.0593595877289772,0.1481788605451584,0.23147772252559662,0.16988666355609894,0.13303597271442413,-0.01437540166079998,-0.0446561798453331,-0.04876186326146126,-0.017241600900888443,-0.002464761957526207,0.04647260159254074,0.0643777996301651,0.08544515818357468,-0.03289426863193512,-0.031610921025276184,-0.05787978693842888,0.02665743976831436
SP6,0.0695725775246198,36,0.06007077917456627,-0.006848352495580912,0.08909239619970322,0.07133793085813522,-0.015227978117763996,0.03984921798110008,-0.019720958545804024,0.03415975347161293,0.09058727324008942,0.10858318954706192,0.0948239117860794,-0.12838831543922424,0.009919343516230583,0.10407660901546478,0.06392717361450195,0.021001603454351425,0.03657449409365654,0.0831141322851181,0.08648599684238434,0.20212584733963013,0.16361185908317566,0.20017673075199127,0.1410081386566162,0.20322856307029724,0.027609338983893394,0.13388460874557495,0.06237391009926796,-0.011050786823034286,-0.012759281322360039,0.016671160236001015,0.06719715893268585,0.08309920132160187,0.06636516749858856,0.21518541872501373,0.08289968967437744,0.039567865431308746
SPAG9,0.09011116065084934,36,-0.1418684720993042,0.05658796802163124,-0.026639480143785477,-0.07750499248504639,0.02124226652085781,0.0497538261115551,0.23082460463047028,0.14706075191497803,0.1894727647304535,0.26452431082725525,0.30543702840805054,0.4752129018306732,-0.033042922616004944,0.14485006034374237,0.23498882353305817,0.06945326924324036,0.06987158209085464,0.1211603581905365,0.17992208898067474,0.07530781626701355,0.09300190955400467,0.0889887586236,-0.039009805768728256,0.15818549692630768,-0.05785737186670303,-0.030486252158880234,0.04200802743434906,0.03006666898727417,0.011159613728523254,-0.023826802149415016,0.05969393253326416,0.12694549560546875,0.12455469369888306,0.07990428060293198,0.17609792947769165,0.04796065390110016
SPARC,-0.04365455676128881,36,-0.08657562732696533,-0.04825110733509064,-0.0899321511387825,-0.13402292132377625,-0.07707202434539795,-0.03259222209453583,-0.28017711639404297,-0.29037854075431824,-0.24013148248195648,-0.3124285340309143,-0.3661637604236603,-0.2284218966960907,0.04870491847395897,0.23030224442481995,0.09002913534641266,0.15033352375030518,-0.019947335124015808,0.022310685366392136,0.06834346801042557,0.11735224723815918,0.06879705935716629,0.03391602635383606,0.17458969354629517,0.07093576341867447,-0.08104528486728668,0.025047162547707558,-0.07003368437290192,-0.005461333319544792,0.002930381800979376,-0.05066552385687828,0.031682129949331284,0.1014668270945549,0.16076385974884033,-0.13050325214862823,-0.22563380002975464,-0.19963157176971436
SPIN1,0.10422666567481226,36,0.15799225866794586,0.08652372658252716,-0.07641083002090454,0.13220082223415375,0.051030080765485764,0.09313682466745377,0.08579910546541214,0.20085734128952026,0.1669391542673111,0.0626610815525055,0.2030610591173172,0.11988229304552078,0.1696004569530487,0.21565204858779907,0.20197013020515442,0.17567849159240723,0.032053567469120026,0.19340117275714874,0.1572681963443756,0.05071714147925377,0.15201596915721893,0.12446953356266022,0.22112827003002167,0.09847285598516464,-0.10105708241462708,-0.06631863117218018,-0.09802486002445221,0.02847810834646225,0.06517302244901657,0.03349963203072548,0.10598018765449524,0.12561814486980438,0.07250900566577911,0.11059341579675674,0.2328471541404724,0.166761115193367
SPSB1,0.05121664930548933,36,0.10455671697854996,0.11796195060014725,-0.04585161432623863,0.080745629966259,-0.04005187377333641,-0.09750126302242279,0.005005399696528912,-0.01150569785386324,-0.03382028639316559,0.016832631081342697,0.12497468292713165,0.07191988080739975,-0.024296870455145836,0.01055927388370037,-0.02627166546881199,0.08578168600797653,0.13237731158733368,0.08592459559440613,0.004672287032008171,0.04044504836201668,0.1226736307144165,0.16787947714328766,0.11761002987623215,0.09109663218259811,0.018727054819464684,-0.029838068410754204,-0.025803063064813614,-0.02928665466606617,0.040677208453416824,-0.023659607395529747,0.20490407943725586,0.1311800628900528,0.2280595749616623,0.08717026561498642,0.1291433423757553,0.010807586833834648
SRGN,0.1352837988589373,36,0.030263962224125862,-0.09853000193834305,0.03681093454360962,0.00648298067972064,-0.06986883282661438,-0.024035515263676643,0.3693462014198303,0.3642979562282562,0.30812832713127136,0.3419777452945709,0.31170007586479187,0.31805846095085144,0.1072457954287529,0.2130957543849945,0.08799689263105392,0.07037097215652466,0.14167511463165283,0.14118605852127075,0.15849505364894867,0.09132498502731323,0.21399863064289093,0.11901882290840149,0.21796175837516785,0.2244250327348709,-0.02044639363884926,0.05505441874265671,-0.004662093240767717,0.02170517109334469,0.028292527422308922,0.011863901279866695,0.1683778613805771,0.136928990483284,0.1188584417104721,0.21451331675052643,0.29037225246429443,0.1679311990737915
SRPX2,0.04358411627213678,36,0.0851227194070816,-0.07044094800949097,-0.017505399882793427,-0.022515615448355675,-0.0001221895799972117,0.002606026129797101,0.062232594937086105,0.07597262412309647,0.08838869631290436,0.0691356211900711,0.02324020117521286,0.04830710217356682,0.11222822219133377,0.11745411902666092,0.03469093516469002,-0.020799556747078896,-0.04375803843140602,0.057060565799474716,0.050990812480449677,0.2167382538318634,0.04872371256351471,0.07157664000988007,0.037332769483327866,0.07788451761007309,-0.06852000206708908,-0.014066553674638271,-0.056266702711582184,0.020780622959136963,0.030993903055787086,0.0028312206268310547,0.12319441139698029,0.12194646894931793,0.16945497691631317,0.0008624940528534353,0.0683530792593956,0.06491988152265549
SRR,0.09979801917991911,36,0.03529218211770058,-0.03562398999929428,0.08879619836807251,0.030058061704039574,-0.024798020720481873,0.041992735117673874,0.10810115188360214,0.1993352174758911,0.1791064441204071,0.24220387637615204,0.16462144255638123,0.24295808374881744,0.08717645704746246,0.26145267486572266,0.20656898617744446,-0.0022404079791158438,0.07398538291454315,0.04938388988375664,0.18011510372161865,0.18695630133152008,0.16086287796497345,0.06531798839569092,0.18282538652420044,0.1719048023223877,-0.033352453261613846,0.002377866767346859,0.032590411603450775,0.07747043669223785,-0.008814431726932526,-0.03773374482989311,0.13217279314994812,0.10024553537368774,0.13066601753234863,0.04309745505452156,0.14201989769935608,0.11563608050346375
SRRT,0.19125816101505835,36,0.061334751546382904,0.19151070713996887,0.10218974202871323,0.18362250924110413,0.02259354665875435,0.09935037791728973,0.29602015018463135,0.37486532330513,0.2565224766731262,0.3742465078830719,0.2840292155742645,0.37972190976142883,0.24178335070610046,0.279604971408844,0.19668631255626678,0.20491057634353638,0.16433724761009216,0.2702379822731018,0.11217083781957626,0.2511906921863556,0.27518096566200256,0.27949076890945435,0.20693175494670868,0.3116077482700348,0.04561125114560127,0.018339620903134346,0.006365888752043247,0.07894258946180344,0.0336814746260643,0.0017264679772779346,0.1565970480442047,0.18206802010536194,0.17824849486351013,0.2851652204990387,0.2600994408130646,0.21830785274505615
SRSF1,0.1932761347787972,36,0.08561199903488159,0.10912158340215683,0.19923613965511322,0.1365700513124466,0.019091058522462845,0.11307825893163681,0.29711881279945374,0.31886354088783264,0.2441343069076538,0.4199550151824951,0.36729946732521057,0.32305997610092163,0.2667566239833832,0.2548876404762268,0.1888641119003296,0.1311393827199936,0.20479723811149597,0.43689244985580444,0.34540173411369324,0.3482907712459564,0.3085707426071167,0.29248207807540894,0.18538397550582886,0.17757298052310944,-0.029938582330942154,-0.09179583191871643,-0.04396836832165718,0.0024324150290340185,0.07931479811668396,0.0728459507226944,0.16799019277095795,0.2433561384677887,0.23737305402755737,0.1491347998380661,0.23265010118484497,0.1643662452697754
SRSF5,0.20231575992268822,36,0.03203977644443512,0.224427729845047,0.14894437789916992,0.23504385352134705,0.14621613919734955,0.06524664163589478,0.3449728786945343,0.3670138120651245,0.4953518509864807,0.29503756761550903,0.36628586053848267,0.4434658885002136,0.2602402865886688,0.290467768907547,0.27196869254112244,0.23871742188930511,0.15029381215572357,0.33089083433151245,0.08722632378339767,0.12285812199115753,0.12731677293777466,0.10589846968650818,0.060144782066345215,0.08697792887687683,0.056291550397872925,0.003387737087905407,-0.014704477041959763,0.08061976730823517,0.08454188704490662,0.04730129987001419,0.1662474125623703,0.2157614380121231,0.1917434185743332,0.3187144100666046,0.424753338098526,0.4116619825363159
SSSCA1,0.05675954927412224,36,0.08829796314239502,0.13257168233394623,0.029293229803442955,-0.012833249755203724,-0.03010660596191883,-0.03066096268594265,0.09265024960041046,0.08654677122831345,0.15911565721035004,0.11062964051961899,0.07943806797266006,0.045807622373104095,0.1273348331451416,0.13133040070533752,0.03466955944895744,0.10794758796691895,0.011350736953318119,0.11388053745031357,0.1823558211326599,0.06867391616106033,0.14295996725559235,0.14726610481739044,0.06605454534292221,0.017949717119336128,-0.054199978709220886,-0.0007251363131217659,0.02889900468289852,-0.03384806215763092,0.011296688579022884,-0.09155429899692535,-0.05106274038553238,0.13680636882781982,0.03340857848525047,0.011590867303311825,0.12063868343830109,0.02957000583410263
STAMBP,0.09215588713414036,36,-0.078085757791996,-0.005580417346209288,0.08077951520681381,0.039390455931425095,0.06479302793741226,0.11307421326637268,0.25139281153678894,0.12865972518920898,0.18529032170772552,0.36536046862602234,0.22551310062408447,0.1613200306892395,0.17049983143806458,-0.04148779809474945,0.2670242190361023,0.060697898268699646,0.05194492265582085,0.05792216956615448,0.0639849603176117,0.18313336372375488,0.043537721037864685,0.08764626085758209,0.20622244477272034,0.1620039939880371,0.0016879666363820434,-0.0327862910926342,-0.04388410598039627,0.012573983520269394,-0.011940679512917995,0.0037566893734037876,0.08130138367414474,0.08687460422515869,0.1001662090420723,0.09260236471891403,0.11100424081087112,0.0712180882692337
STAT5A,0.01580515451173091,36,-0.02947246842086315,-0.09653410315513611,-0.04628698527812958,-0.012401950545608997,0.01809329353272915,0.10344461351633072,0.025229720398783684,0.02463778480887413,0.013091431930661201,-0.019670991227030754,0.00982578657567501,-0.06708694994449615,0.07630779594182968,-0.01510112639516592,0.06477829813957214,0.059001997113227844,0.04470536857843399,-0.08568675816059113,-0.059489037841558456,0.05266283452510834,0.018941044807434082,-0.016702746972441673,0.060238517820835114,0.13166457414627075,0.014124961569905281,0.06808475404977798,-0.00024502689484506845,0.020734436810016632,0.01492141094058752,-0.06610900163650513,0.0433642715215683,0.050387267023324966,0.014539401978254318,0.09644102305173874,0.0021555686835199594,0.05639655143022537
STK17A,0.05787971209631198,36,0.05033614858984947,0.028659936040639877,-0.09951460361480713,0.010172437876462936,0.009656630456447601,0.13532988727092743,0.15227587521076202,0.010666945017874241,0.10617928951978683,0.1794949173927307,0.17281879484653473,0.27453872561454773,-0.03269869461655617,-0.1622336208820343,-0.02929450199007988,0.0420837439596653,0.18360371887683868,0.08788488805294037,-0.03949279710650444,-0.13604550063610077,0.06633040308952332,0.0746840089559555,0.0208936408162117,0.04722984880208969,0.0672626718878746,0.07908465713262558,0.07575596123933792,0.0284357201308012,0.012103911489248276,-0.041687268763780594,0.17621323466300964,0.030673488974571228,0.09738729149103165,0.20176100730895996,0.09478509426116943,0.10833374410867691
STK4,0.03587443758927596,36,-0.10376109182834625,0.07117820531129837,0.09184484928846359,-0.009310794994235039,-0.034731216728687286,-0.028590602800250053,0.1962873637676239,0.10787943750619888,-0.06341280788183212,0.025724858045578003,0.06407579779624939,0.019518611952662468,0.010468351654708385,-0.0018268042476847768,-0.06803131848573685,0.0049390047788619995,0.10469749569892883,0.06168603152036667,-0.013998017646372318,-0.022584205493330956,0.010378114879131317,-0.005488283932209015,0.020268794149160385,0.013310777023434639,0.03839365020394325,0.011511540040373802,0.010875152423977852,0.07065486907958984,-0.01952415145933628,0.04541861638426781,0.1346411108970642,0.09119986742734909,0.05682941898703575,0.21163401007652283,0.12144635617733002,0.06787676364183426
STMN1,0.23095995591332516,36,0.16058941185474396,0.02570650912821293,0.1700003296136856,0.19351880252361298,0.11625455319881439,0.0859651193022728,0.3315685987472534,0.31921589374542236,0.3968281149864197,0.3187568783760071,0.35080191493034363,0.45677950978279114,0.29460227489471436,0.13827641308307648,0.2380639910697937,0.4266224801540375,0.21482843160629272,0.38684582710266113,0.22893567383289337,0.3661153018474579,0.3320811092853546,0.36194276809692383,0.3567984104156494,0.28698480129241943,-0.033028021454811096,-0.009372400119900703,0.026477273553609848,0.08584169298410416,0.08550535142421722,0.036352790892124176,0.2808196544647217,0.26699844002723694,0.27321261167526245,0.22462724149227142,0.31476283073425293,0.20427782833576202
STRN3,0.0350144663130373,36,0.09159782528877258,0.033951714634895325,0.033815447241067886,0.03029254823923111,-0.04989944025874138,-0.004328412003815174,0.02116909809410572,0.1115354672074318,0.05432506650686264,0.13860119879245758,-0.019524769857525826,0.12541134655475616,0.12754690647125244,0.05301066115498543,0.15592022240161896,-6.643336382694542e-05,-0.03213948756456375,0.0756528303027153,0.07323909550905228,-0.008818186819553375,-0.0002719589101616293,0.080868199467659,0.029078245162963867,0.03594425693154335,-0.02476816065609455,-0.013882809318602085,-0.036630745977163315,0.007704923395067453,0.0034675931092351675,-0.03828895837068558,0.028212744742631912,0.04572076350450516,0.03142891451716423,0.009561407379806042,0.06256580352783203,0.028517870232462883
STT3A,0.1035406110475176,36,-0.0059965671971440315,-0.040615081787109375,-0.07573019713163376,0.08435642719268799,0.12865452468395233,0.05094745755195618,0.31315794587135315,0.2276003658771515,0.13306432962417603,0.23924939334392548,0.2255159467458725,0.20960910618305206,0.22552694380283356,0.18077580630779266,0.06625891476869583,0.11825760453939438,0.08710641413927078,0.08371420204639435,0.09453483670949936,0.10706650465726852,0.11521375179290771,0.16383987665176392,0.24736903607845306,0.18298208713531494,-0.0070487456396222115,0.044793032109737396,-0.0030118555296212435,-0.06443610787391663,-0.0007652737549506128,-0.08315511792898178,0.11809604614973068,0.20213571190834045,0.11581265181303024,0.058966264128685,0.15957874059677124,0.02403702214360237
SUGP1,0.07485213730898169,36,0.00979032926261425,-0.0055574094876646996,-0.00552518293261528,-0.00925576314330101,0.045136965811252594,-0.01132754422724247,0.18469277024269104,0.06341470032930374,0.13670934736728668,0.23526008427143097,0.11130137741565704,0.12501056492328644,0.029546543955802917,0.1494542360305786,0.18764245510101318,0.1441250890493393,0.04673369228839874,0.18848466873168945,0.023523429408669472,0.10815385729074478,-0.027617022395133972,0.21811802685260773,0.09636838734149933,0.06860529631376266,0.059698283672332764,0.009598291479051113,0.05686154589056969,-0.02609013393521309,0.0060207657516002655,0.023215623572468758,0.030317828059196472,0.06875215470790863,0.07170180976390839,0.11308834701776505,0.10626473277807236,0.06245879456400871
SURF1,0.008700990583747625,36,0.03322761505842209,0.006849254947155714,-0.03440532088279724,-0.04232720285654068,-0.051365677267313004,-0.027907337993383408,-0.016339225694537163,-0.04197421669960022,-0.08527501672506332,-0.2213706076145172,0.0643385723233223,-0.06890418380498886,0.1622007191181183,0.027321839705109596,0.09617793560028076,0.0652550458908081,0.19654066860675812,0.10315477102994919,-0.03293047472834587,0.10579389333724976,-0.1257755309343338,0.06142911687493324,-0.051392562687397,-0.03237053379416466,0.005176740698516369,-0.011343520134687424,0.041295941919088364,-0.019324973225593567,-0.036364827305078506,0.001441699918359518,0.01651868410408497,0.02435316890478134,0.10142046958208084,0.029570750892162323,0.03011816367506981,0.04042182117700577
SVIL,0.0567559992066688,36,0.05153359845280647,-0.03528729826211929,0.0026060910895466805,0.014405013993382454,0.028532015159726143,0.016094667837023735,0.20285962522029877,0.04784846305847168,-0.10029178112745285,0.05709780752658844,0.054271943867206573,0.0708431825041771,-0.07262814044952393,0.1186610534787178,0.1080951914191246,0.01915726438164711,-0.012746083550155163,0.20006617903709412,0.021886229515075684,0.08647218346595764,0.10475213080644608,-0.019230933859944344,0.031853336840867996,0.11653038114309311,-0.019296884536743164,-0.01697707176208496,0.018129276111721992,-0.0468636192381382,0.07798786461353302,0.08129078894853592,0.11626192927360535,0.14437894523143768,0.16101248562335968,0.1344694197177887,0.18180206418037415,0.09763865172863007
SYDE1,0.0155248193170539,36,0.033360108733177185,-0.026702547445893288,0.00880519486963749,-0.05158933252096176,0.013129793107509613,-0.0051068710163235664,0.04952859506011009,-0.09001503884792328,0.04902408644556999,0.04550645872950554,-0.05341770127415657,-0.055185455828905106,0.12466457486152649,0.09604133665561676,-0.0540379174053669,0.05947160720825195,0.03221491351723671,0.07624458521604538,0.09748240560293198,-0.0126979174092412,0.07608039677143097,-0.026308756321668625,0.04408804699778557,-0.0027792612090706825,0.0088993264362216,-0.00827932357788086,-0.024375082924962044,-0.051429957151412964,0.08830038458108902,-0.03269537165760994,0.02514646388590336,0.0477382093667984,0.054140813648700714,0.05078122764825821,-0.02659940905869007,-0.0005350902792997658
SYK,0.08742159063856686,36,0.11891313642263412,0.028968563303351402,0.026383213698863983,-0.0004784324555657804,-0.03459107130765915,-0.018653780221939087,0.16867652535438538,0.3161287009716034,0.15446043014526367,0.2970969080924988,0.28000447154045105,0.13237980008125305,0.16987469792366028,0.005509969312697649,0.09683234989643097,0.16614221036434174,0.11544178426265717,0.01598787121474743,0.09389488399028778,0.07058592140674591,0.12669141590595245,0.09771043062210083,0.15282012522220612,0.05592327192425728,-0.00218850071541965,0.0599205456674099,-0.05348418653011322,0.06364882737398148,-0.09511808305978775,-0.07397221028804779,0.07272640615701675,0.13474082946777344,0.1241423562169075,0.17165613174438477,0.07920161634683609,0.029200132936239243
TACC3,0.10516986285155225,36,0.003115311963483691,0.01775781624019146,0.006892259698361158,0.054863397032022476,-0.0145654221996665,0.018223468214273453,0.18711523711681366,0.2486117035150528,0.21826231479644775,0.17837974429130554,0.20314158499240875,0.1994725614786148,0.08190103620290756,0.2734130024909973,0.07472275197505951,0.09947706013917923,0.062193695455789566,0.21048066020011902,0.15688671171665192,0.18930107355117798,0.13883741199970245,0.20122124254703522,0.05990716069936752,0.1279372125864029,0.06690501421689987,-0.003101438283920288,-0.004270168021321297,0.04947422817349434,-0.06664172559976578,0.03595208749175072,0.09003463387489319,0.06484515219926834,0.12330308556556702,0.1922229528427124,0.08851408213376999,0.1513281613588333
TANC2,0.14060430732853194,36,-0.003456745995208621,-0.024670543149113655,0.02223583683371544,0.061440274119377136,0.0875706598162651,-0.1007419005036354,0.24874170124530792,0.3924645185470581,0.4039042890071869,0.3687218725681305,0.4299961030483246,0.4299531579017639,0.03251812607049942,0.0846242904663086,0.14758683741092682,0.1320587396621704,0.07112694531679153,0.19539237022399902,0.2586761713027954,0.254749596118927,0.2600274384021759,0.20725445449352264,0.1609015017747879,0.2606346607208252,-0.056968074291944504,-0.019431428983807564,-0.03609253466129303,0.0009822548599913716,0.05099482461810112,0.004791587125509977,0.04012148827314377,0.12079426646232605,0.1091780811548233,0.18120373785495758,0.16233131289482117,0.12213919311761856
TARBP1,0.13259254769460918,36,0.09346503019332886,0.02836928889155388,0.16320127248764038,0.1555253565311432,0.15723194181919098,0.05145880579948425,0.24618996679782867,0.0859881192445755,0.152806356549263,0.20644333958625793,0.12104127556085587,0.24073664844036102,0.1655750423669815,0.17503133416175842,0.12089467793703079,0.1382611244916916,0.058041151612997055,0.06387690454721451,0.14891265332698822,0.20763352513313293,0.16645687818527222,0.19614070653915405,0.06687711924314499,0.11628230661153793,0.050342217087745667,0.006653196644037962,-0.0006007320480421185,0.0799252986907959,0.04009737819433212,0.0776507779955864,0.28634345531463623,0.1975884735584259,0.12016554176807404,0.22410108149051666,0.19223397970199585,0.17239022254943848
TAX1BP1,0.14931939165398944,36,-0.027980323880910873,0.13005869090557098,0.12877553701400757,0.15371586382389069,0.05414526164531708,0.044715456664562225,0.21456924080848694,0.28001776337623596,0.2562796473503113,0.29199105501174927,0.2593899369239807,0.4119030833244324,0.25182831287384033,0.09043775498867035,0.2735883295536041,0.2182702124118805,0.1289185732603073,0.24486762285232544,0.0784682035446167,-0.0009297083015553653,0.09674260020256042,0.21700967848300934,0.20054101943969727,0.18142956495285034,0.008849474601447582,-0.03423846513032913,0.01982431858778,0.07161016762256622,0.06174693629145622,-0.02813957817852497,0.25313395261764526,0.11865724623203278,0.2721676826477051,0.16194722056388855,0.19716912508010864,0.09401664137840271
TAX1BP3,0.0846101352168868,36,-0.04643969237804413,-0.13059091567993164,0.07068213075399399,0.05467849224805832,-0.062823586165905,0.015983296558260918,0.18132294714450836,0.2913631200790405,0.1881340742111206,0.1499861180782318,0.1305886209011078,0.2436959594488144,0.1486440747976303,0.13062818348407745,-0.052851948887109756,0.25463566184043884,0.06524692475795746,0.07460533082485199,0.09555874764919281,0.15532979369163513,0.15103133022785187,0.25419554114341736,0.1581701785326004,0.08088695257902145,-0.0017064521089196205,-0.06842587888240814,-0.05357908457517624,-0.02863801270723343,0.03462853282690048,-0.04661012068390846,0.1054910346865654,0.07573114335536957,0.058968063443899155,0.1390497088432312,0.15214914083480835,0.07624545693397522
TBC1D10A,0.05362000236184233,36,0.020495358854532242,0.0569835789501667,0.04100240767002106,-0.07172583788633347,0.034555353224277496,0.02295859158039093,-0.08718377351760864,-0.10106267780065536,-0.04684920981526375,-0.15786969661712646,-0.021947775036096573,0.0735996812582016,0.10275731235742569,0.1623450517654419,0.19331394135951996,0.047013059258461,-0.049379490315914154,0.19988314807415009,0.16827012598514557,0.04896043613553047,0.05703408271074295,0.1797463744878769,0.0671522468328476,0.16025154292583466,-0.03611914813518524,-0.019458645954728127,0.04323681816458702,0.008942701853811741,-0.028800921514630318,0.028843600302934647,0.17531782388687134,0.08472388237714767,0.19904786348342896,0.17334385216236115,0.10424264520406723,0.09669578075408936
TBC1D23,0.1343398540177279,36,0.010516002774238586,0.10189413279294968,0.0722661018371582,0.10882921516895294,0.07257472723722458,0.03992985561490059,0.315814346075058,0.19220539927482605,0.3156867027282715,0.34522873163223267,0.3204546570777893,0.2515096664428711,0.2028147578239441,0.09902320802211761,0.09766193479299545,0.10161087661981583,0.19971001148223877,0.17297130823135376,0.08406789600849152,0.05071202665567398,0.16059482097625732,0.13017593324184418,0.1455044448375702,0.15466517210006714,-0.01943664252758026,-0.009784486144781113,-0.06865977495908737,0.04931633546948433,0.13792619109153748,0.0338427871465683,0.245939701795578,0.18778596818447113,0.20801123976707458,0.09010528773069382,0.14153710007667542,0.09322910755872726
TBCA,0.09414237521640542,36,-0.007180521730333567,0.15884175896644592,0.10146460682153702,0.04118838161230087,-0.05019918829202652,0.08621680736541748,0.2039554864168167,0.21007300913333893,0.14414222538471222,0.17871011793613434,0.2584734857082367,0.14228227734565735,0.023364445194602013,0.22724862396717072,0.13724297285079956,0.07832734286785126,0.040668558329343796,0.09657838940620422,0.22394368052482605,0.25465187430381775,0.18748101592063904,0.1281082034111023,0.15968680381774902,-0.028712300583720207,-0.026376958936452866,-0.021801486611366272,0.013789054937660694,-0.04313962906599045,0.039973992854356766,-0.055963270366191864,0.13348466157913208,0.06451136618852615,0.019662892445921898,0.04972071945667267,0.1647292822599411,0.05397682636976242
TBXAS1,0.03412973161579834,36,-0.0528084933757782,0.0473448820412159,0.08174476027488708,0.04710838571190834,0.03693631663918495,-0.06823218613862991,0.08895254135131836,0.15192557871341705,-0.08257001638412476,-0.13148759305477142,0.02790054865181446,-0.00638170400634408,0.060014594346284866,-0.09116624295711517,0.06457050889730453,-0.05149005353450775,0.10278582572937012,0.122285395860672,0.013122019357979298,0.0587453693151474,-0.04066914692521095,0.10420399159193039,0.13948997855186462,0.07452051341533661,-0.06690248847007751,0.09773210436105728,0.030831987038254738,0.01068162638694048,-0.00741117587313056,-0.09199916571378708,0.058393511921167374,0.07284105569124222,0.13010822236537933,0.1737743318080902,0.03554622456431389,0.08822833001613617
TCEA2,0.09054689415562381,36,0.058542124927043915,-0.022020546719431877,0.005017739254981279,0.053067781031131744,0.07259945571422577,0.024072935804724693,0.2649167776107788,0.2859466075897217,0.18235008418560028,0.2953879237174988,0.19464319944381714,0.18022195994853973,0.056654736399650574,0.15326830744743347,0.10780679434537888,0.001226656255312264,0.05869155377149582,0.16281630098819733,-0.03400581330060959,0.06333279609680176,0.07867603003978729,0.12139471620321274,0.0765671655535698,0.07190871983766556,-0.09263845533132553,-0.07504203915596008,0.001605805940926075,0.05542299523949623,0.035422906279563904,0.002246276242658496,0.15101251006126404,0.06546781957149506,0.1806306093931198,0.11934374272823334,0.16910234093666077,0.13402967154979706
TCEA3,0.13849633273720327,36,0.05763101950287819,0.11851914972066879,0.15410125255584717,0.15282313525676727,0.06814127415418625,0.030709318816661835,0.3508106470108032,0.3577747344970703,0.29636040329933167,0.33484774827957153,0.26650524139404297,0.2759735584259033,0.0408528596162796,0.13453537225723267,0.04248713329434395,0.05533367022871971,0.0719691589474678,0.26521390676498413,0.13104091584682465,0.2167428880929947,0.1374373435974121,0.2303910255432129,0.20456257462501526,0.1847587674856186,-0.07197510451078415,0.028911534696817398,0.11282683163881302,-0.01841329038143158,-0.007368347141891718,0.017814192920923233,0.12221795320510864,0.1376422494649887,0.013896461576223373,0.10881346464157104,0.1414632648229599,0.2205156683921814
TCF25,0.12246554269222543,36,0.07537052780389786,-0.03276466578245163,-0.003578248666599393,0.06975850462913513,-0.015942251309752464,-0.048653002828359604,0.1319044828414917,0.23692503571510315,0.3219868540763855,0.2412838190793991,0.28457918763160706,0.24355433881282806,0.13969404995441437,0.24206042289733887,0.23803092539310455,0.26062482595443726,0.17999441921710968,0.08065377920866013,0.1464586853981018,0.01501606684178114,0.10036598145961761,0.025515960529446602,0.11893296986818314,0.22482755780220032,0.054707564413547516,0.040244437754154205,0.07806708663702011,-0.03301537036895752,-0.023209495469927788,-0.012970617972314358,0.13181839883327484,0.10285955667495728,0.19350841641426086,0.1922166794538498,0.20967645943164825,0.19825619459152222
TDRD3,0.04205556317982781,36,0.017696939408779144,0.0771375223994255,-0.111300028860569,0.11298586428165436,0.01535776723176241,-0.03146000951528549,0.03855032101273537,0.0026327420491725206,0.05045026168227196,0.025353796780109406,-0.01688496023416519,-0.07255790382623672,0.07613375037908554,-0.0048350077122449875,0.1548321396112442,0.05025418475270271,0.18212532997131348,0.061629366129636765,-0.010651207529008389,0.09973368048667908,0.044085294008255005,0.13794347643852234,0.1181875467300415,-0.015360463410615921,0.02196047641336918,0.027343016117811203,0.02534562535583973,-0.011222105473279953,0.009895498864352703,0.051861733198165894,0.06363760679960251,0.03437186777591705,0.15397530794143677,0.04259504750370979,0.06379874795675278,0.028397049754858017
TESK1,0.11454672115440998,36,0.060179345309734344,0.043560225516557693,0.010399557650089264,0.10891686379909515,-0.12445908784866333,-0.018900277093052864,0.20072318613529205,0.2645267844200134,0.2694024443626404,0.24805286526679993,0.3126862049102783,0.25812673568725586,0.1670766919851303,0.28039833903312683,0.09837311506271362,0.17075666785240173,0.08179473876953125,0.26229366660118103,0.1995772421360016,0.14548449218273163,0.050166502594947815,0.13761663436889648,0.17758692800998688,0.08012700825929642,0.03081187978386879,0.012655557133257389,0.02835652604699135,-0.04438892751932144,0.05493592098355293,0.022388415411114693,0.024795791134238243,0.12494409084320068,0.07800405472517014,0.07567184418439865,0.12474773824214935,0.10629219561815262
TESMIN,0.12142561713699251,36,0.08046380430459976,0.02038079872727394,0.12370263040065765,0.11330538243055344,0.04208316281437874,0.12302441895008087,0.3400760591030121,0.2496774047613144,0.27501142024993896,0.38413119316101074,0.2508845627307892,0.2153201848268509,0.21263737976551056,-0.03048439882695675,0.05682138353586197,0.13223855197429657,0.018321268260478973,0.13028955459594727,0.2684534192085266,0.2122959941625595,0.14668525755405426,0.2673368752002716,0.18448121845722198,0.12044534832239151,-0.06317764520645142,-0.07970508933067322,-0.053046632558107376,-0.0018567172810435295,-0.00619959132745862,0.03570818156003952,0.08193608373403549,0.10916632413864136,0.13853587210178375,0.08956851065158844,0.12445068359375,0.05835936218500137
TEX10,0.07311115782552709,36,-0.0392606221139431,-0.019339974969625473,0.10725630074739456,0.06855560094118118,0.0038380748592317104,0.06645411252975464,0.11069235950708389,0.19526956975460052,0.06127569079399109,0.22341737151145935,0.017798693850636482,0.10997825860977173,0.13020780682563782,0.037002041935920715,0.07608732581138611,-0.053756773471832275,0.043085794895887375,0.044061079621315,0.13732585310935974,0.23471598327159882,0.16715075075626373,0.10533029586076736,0.14741313457489014,0.11315201222896576,-0.0244287196546793,-0.008962752297520638,0.016790082678198814,-0.016567356884479523,0.06092231720685959,-0.04019514098763466,0.07059704512357712,0.007305431179702282,0.11906591802835464,0.14736346900463104,0.19120174646377563,0.021198900416493416
TEX2,0.1486296264338307,36,0.06044511869549751,0.18424676358699799,0.0448257252573967,0.07999096065759659,0.11076954752206802,0.04110492765903473,0.31954848766326904,0.25157228112220764,0.3993195593357086,0.38311082124710083,0.3119841516017914,0.45145195722579956,0.21714897453784943,0.11993205547332764,0.07495687901973724,0.19795261323451996,0.04036572948098183,0.09114128351211548,0.2839634120464325,0.04143495112657547,0.16150547564029694,0.26001501083374023,0.1713917851448059,0.12999753654003143,-0.013779095374047756,-0.015814857557415962,-0.015584677457809448,0.0035461520310491323,0.0821709930896759,0.0393555574119091,0.13205403089523315,0.10758204758167267,0.16143172979354858,0.19625820219516754,0.10487470030784607,0.14039576053619385
TFF3,-0.06532338010341239,36,-0.03386291116476059,-0.11885000765323639,0.04415846988558769,-0.017789598554372787,0.03654659166932106,-0.09011828899383545,-0.16896018385887146,-0.15558385848999023,-0.11346825957298279,-0.23212991654872894,-0.06153491139411926,-0.13878433406352997,-0.15445537865161896,-0.1986873745918274,0.05120314657688141,0.006238387431949377,0.010919464752078056,-0.2055124193429947,0.018216704949736595,-0.24575744569301605,-0.1316250115633011,-0.10399336367845535,-0.05876684933900833,-0.038839805871248245,0.00048516839160583913,0.04480631649494171,0.09188620001077652,0.0026399081107228994,0.00042988991481252015,-0.04530518129467964,-0.06996940821409225,-0.09996499866247177,-0.0641593262553215,-0.001191579271107912,-0.05349540337920189,-0.05636611580848694
TGFBR2,0.016243291132721223,36,-0.10555576533079147,0.06450778990983963,0.005500266794115305,0.060336943715810776,0.04136437922716141,0.03654523566365242,-0.044369976967573166,-0.006200657691806555,-0.016532370820641518,-0.1289706826210022,-0.026403499767184258,-0.11060813814401627,0.11253733932971954,-0.07105209678411484,0.013788366690278053,0.0700153037905693,0.08509011566638947,-0.02981647290289402,0.09280280023813248,0.07742519676685333,0.0922953262925148,0.01750287413597107,-0.025059862062335014,0.056572407484054565,-0.06039176136255264,-0.0028860431630164385,0.10928866267204285,0.002113272435963154,0.02669757418334484,-0.04508395865559578,0.058260660618543625,0.06468113511800766,0.03703468292951584,0.011079520918428898,0.13504867255687714,-0.012798760086297989
THBS1,-0.05274943753546621,36,-0.046643685549497604,0.06906413286924362,-0.02444687858223915,0.05572830140590668,0.01894126646220684,-0.036742404103279114,-0.05283951759338379,-0.11534686386585236,-0.19649334251880646,-0.12261992692947388,-0.1996600329875946,-0.31963199377059937,0.01100537646561861,-0.02324785105884075,0.04032322019338608,0.10954256355762482,0.04281742870807648,-0.029473314061760902,-0.0005373655585572124,-0.025684107095003128,-0.019381524994969368,-0.027192728593945503,0.007062213495373726,-0.0774226263165474,-0.051248904317617416,-0.07423867285251617,-0.027273017913103104,-0.008115186356008053,-0.0041334135457873344,-0.010519028641283512,-0.1635117381811142,-0.17199845612049103,-0.2070113718509674,-0.05455528572201729,-0.04840611293911934,-0.11508890241384506
THOC5,0.023183666460681707,36,-0.0025963031221181154,-0.07335899025201797,0.0411030575633049,-0.1334235966205597,-0.0853675901889801,0.15577711164951324,-0.08670808374881744,0.010635157115757465,0.01570107601583004,-0.011781347915530205,-0.003995952662080526,0.126790851354599,0.01179404929280281,-0.004404099192470312,0.016427207738161087,-0.015276431106030941,0.07101841270923615,0.10708130151033401,0.04361020401120186,0.02654014527797699,0.0984213799238205,0.078528992831707,0.1882571280002594,0.026350781321525574,-0.005156087689101696,-0.06052412837743759,-0.01969294808804989,0.002462127711623907,-0.07692644000053406,-0.013836984522640705,0.09059194475412369,0.020065460354089737,-0.08099016547203064,0.15994827449321747,0.09672379493713379,0.12082268297672272
THOC6,0.03793887029233803,36,0.006418218836188316,0.013531561009585857,0.031690191477537155,0.04881737008690834,0.03255118429660797,0.08421391993761063,-0.07041427493095398,-0.03738643601536751,0.11615020036697388,-0.014160814695060253,0.1240970566868782,-0.011135092936456203,0.11925461888313293,0.14298748970031738,0.06393004208803177,-0.01093599945306778,0.04306062310934067,-0.04239779710769653,0.00022171612363308668,0.09032925218343735,0.11872868239879608,0.030519839376211166,0.03498341888189316,-0.006898828316479921,0.07487119734287262,-0.01081196591258049,-0.03846452385187149,0.02476346120238304,-0.015978585928678513,0.010030291974544525,0.042555708438158035,0.045011766254901886,0.1618231236934662,0.0865129753947258,0.04118412360548973,0.036145616322755814
TIGD5,0.04103229954812883,36,-0.03234289214015007,-0.015405155718326569,0.0678834393620491,-0.007797377649694681,0.013740522786974907,0.07964929193258286,0.0693354383111,0.09017523378133774,0.10229390114545822,0.12727588415145874,0.10722649842500687,-0.05510244891047478,-0.003169387811794877,0.006407139822840691,-0.048348404467105865,0.11061213165521622,0.11479626595973969,-0.03704291209578514,0.07544292509555817,0.06509765237569809,-0.019842617213726044,0.0794685035943985,0.046497903764247894,0.06380768865346909,0.10171490907669067,-0.08173230290412903,-0.00441754562780261,-0.02456621825695038,0.05878467112779617,-0.0659271702170372,0.0945572704076767,0.0606975257396698,0.09697990119457245,0.07407163828611374,0.1266399472951889,0.039700932800769806
TIMP1,-0.0662858559420177,36,-0.05056105554103851,-0.1387109011411667,-0.02384740673005581,-0.040720656514167786,-0.10277779400348663,-0.09620828926563263,-0.33120396733283997,-0.289188027381897,-0.17654110491275787,-0.3570350110530853,-0.07776504009962082,-0.0862862840294838,0.11111024767160416,-0.06876769661903381,-0.08987680822610855,-0.011112269945442677,-0.12703536450862885,-0.03613200783729553,-0.04347813501954079,-0.03786859288811684,0.043365806341171265,-0.03536190092563629,-0.0557897575199604,0.056922394782304764,-0.018627114593982697,-0.04859247803688049,0.024435266852378845,0.006405899301171303,-0.03157109394669533,-0.09218263626098633,-0.0016385471681132913,0.013679551891982555,0.004137691576033831,-0.0822473093867302,-0.1041031926870346,0.008882771246135235
TJP3,0.12758607448389134,36,0.0866919606924057,0.052914880216121674,0.03985171020030975,0.13782663643360138,0.0951240062713623,0.07859043031930923,0.2377244532108307,0.3489086329936981,0.33242976665496826,0.3638167977333069,0.1623714417219162,0.3220907747745514,0.18982237577438354,0.11553024500608444,0.00787870492786169,0.08749103546142578,-0.01031612791121006,0.1753591001033783,0.12461097538471222,0.2482137680053711,0.1675696223974228,0.16953422129154205,0.15951165556907654,0.1985653042793274,-0.10083097219467163,-0.005843774881213903,-0.05044091120362282,0.036453988403081894,-0.0058120726607739925,-0.007906323298811913,0.08368749916553497,0.18372075259685516,0.049676455557346344,0.19085057079792023,0.16064931452274323,0.16678178310394287
TM7SF2,0.09005815822618185,36,0.04677614942193031,0.05066652223467827,-0.05462636053562164,0.09499440342187881,-0.047170259058475494,0.09939949214458466,0.10719512403011322,0.213446244597435,0.18625357747077942,0.30386558175086975,0.21087074279785156,0.183616042137146,0.1998152881860733,0.14581289887428284,0.10712137818336487,0.09956181049346924,-0.022579940035939217,0.12026091665029526,0.17164123058319092,0.09542953222990036,0.07925482094287872,0.1563233584165573,0.06272278726100922,0.001628438476473093,-0.007663776632398367,0.05891433730721474,0.0013190781464800239,0.08661925792694092,-0.02765737473964691,-0.004831878002732992,0.07387889921665192,0.13012993335723877,0.10597831010818481,0.10814239829778671,0.08163874596357346,0.023345984518527985
TMBIM6,0.11203801974705938,36,-0.04400583356618881,0.13227708637714386,0.06163792684674263,0.005397382192313671,0.22061823308467865,0.13321557641029358,-0.2797665596008301,-0.1944625824689865,0.005841758567839861,-0.09477527439594269,-0.177938312292099,-0.06674245744943619,0.12140558660030365,0.19999466836452484,0.12279998511075974,0.21354056894779205,0.23791800439357758,0.2694932222366333,0.26697930693626404,0.278690367937088,0.28945237398147583,0.3541707396507263,0.2741295397281647,0.291200190782547,0.007573590613901615,-0.06638005375862122,0.0384303480386734,0.0912926197052002,0.07081896811723709,0.12442879378795624,0.17244835197925568,0.21063414216041565,0.2354508936405182,0.10385975241661072,0.26041263341903687,0.1633271723985672
TMEM101,0.01590998491398447,36,0.009145521558821201,-0.04399063438177109,-0.10467661172151566,-0.07005228847265244,0.022047940641641617,-0.04715823009610176,0.19295842945575714,0.253902405500412,0.18219931423664093,0.1349007487297058,-0.02553495019674301,0.16682246327400208,-0.16656821966171265,0.08550364524126053,-0.17610658705234528,-0.02837413363158703,-0.037768732756376266,-9.119047899730504e-05,-0.01774926856160164,0.01105250883847475,-0.028598569333553314,-0.051385775208473206,0.07182946801185608,-0.03143448755145073,-0.0730953961610794,0.05451171472668648,0.02110983245074749,0.012418528087437153,-0.036187201738357544,-0.028090935200452805,-0.025331875309348106,0.0604093112051487,0.03041246347129345,0.06892941147089005,0.0698886513710022,0.11691218614578247
TMEM123,0.13224810973689374,36,0.0873507484793663,0.21964572370052338,0.12857787311077118,0.08392665535211563,0.11873380839824677,0.09906633198261261,-0.08221233636140823,-0.11151270568370819,-0.05653364211320877,-0.10158901661634445,-0.0458451472222805,-0.1046171709895134,0.27269798517227173,0.1795588880777359,0.28717032074928284,0.1447172462940216,0.1667311191558838,0.20918229222297668,0.29189780354499817,0.24561868607997894,0.3080848455429077,0.2899557948112488,0.26490530371665955,0.23137809336185455,-0.0424819253385067,-0.04763259366154671,-0.05544407293200493,-0.004727974068373442,-0.005799566395580769,0.003573440946638584,0.3038484752178192,0.4102894365787506,0.3811158835887909,0.2441108673810959,0.2680589556694031,0.17913152277469635
TMEM14B,0.18727975335423253,36,0.07681260257959366,0.07540442049503326,0.08517873287200928,0.07104984670877457,0.0748848021030426,0.08121586591005325,0.43679338693618774,0.38665446639060974,0.47334998846054077,0.42405903339385986,0.4327545762062073,0.4644942879676819,0.29136544466018677,0.24656043946743011,0.21829873323440552,0.25456124544143677,0.1450759321451187,0.2460717260837555,0.16694451868534088,0.1788347065448761,0.22519591450691223,0.2316713184118271,0.2282642424106598,0.1535833179950714,-0.011898014694452286,-0.00022515772434417158,0.03703930974006653,0.009983159601688385,0.04541171342134476,0.023679956793785095,0.20630204677581787,0.25741007924079895,0.1574043482542038,0.09184550493955612,0.2030288130044937,0.05300981178879738
TMEM160,0.05724229865558704,36,0.04805214703083038,-0.10077792406082153,-0.00047288177302107215,0.008294554427266121,-0.030200939625501633,0.019118476659059525,0.027406523004174232,0.19937269389629364,0.12523119151592255,0.2921653389930725,0.09282288700342178,0.19387970864772797,-0.08684702217578888,0.1259513944387436,0.09255444258451462,0.03487343713641167,-0.008235031738877296,0.008641807362437248,0.016422107815742493,-0.027925558388233185,0.08445104956626892,0.029656819999217987,0.1867399960756302,0.11892931908369064,0.08135385811328888,0.01947852596640587,-0.055134210735559464,-0.0119180241599679,0.038825780153274536,-0.04892341047525406,0.11722500622272491,0.15591657161712646,0.14698122441768646,0.04991857707500458,0.053378019481897354,0.0635162964463234
TMEM184A,0.06530098267184156,36,0.06983431428670883,0.050365906208753586,0.056533921509981155,0.0998242124915123,0.07207649946212769,0.1454349011182785,-0.09740547090768814,-0.11983285844326019,-0.14932899177074432,-0.04314728453755379,0.0034499557223170996,-0.10446932911872864,0.14522257447242737,0.18638329207897186,0.19849419593811035,0.20817682147026062,0.14198939502239227,0.23481762409210205,0.026314565911889076,0.14597375690937042,0.05325072258710861,0.09829503297805786,0.16960883140563965,0.12608212232589722,0.07904646545648575,-0.02710627391934395,-0.050589337944984436,0.015572331845760345,0.011721347458660603,-0.01774699240922928,0.066581130027771,0.1701006442308426,0.134430393576622,0.08622229099273682,0.09525083750486374,0.06940782815217972
TMEM259,0.1656022118921909,36,0.037328142672777176,0.12526409327983856,0.01588613912463188,0.058357853442430496,-0.054778601974248886,0.10404322296380997,0.28085869550704956,0.3781625032424927,0.32828909158706665,0.41836002469062805,0.19178904592990875,0.2906447649002075,0.18802548944950104,0.1285276859998703,0.12485506385564804,0.21572238206863403,0.14634203910827637,0.11669149249792099,0.101870596408844,0.11440814286470413,0.2893262505531311,0.2260528951883316,0.2618127465248108,0.2507377862930298,0.018696656450629234,0.04746784642338753,0.07169252634048462,0.016117289662361145,0.04848470538854599,-0.02821173146367073,0.2529299259185791,0.206687793135643,0.23436962068080902,0.26196393370628357,0.23022766411304474,0.26267585158348083
TMEM45B,0.12123677737286521,36,0.030255036428570747,0.17251120507717133,0.08536939322948456,0.12454212456941605,0.0298902690410614,0.08117548376321793,0.09839019924402237,0.2710914611816406,0.1112588420510292,0.23625202476978302,0.2631782591342926,0.33504217863082886,0.18793249130249023,0.17488175630569458,0.22619658708572388,0.21503758430480957,-0.025620371103286743,0.020489783957600594,0.1849766969680786,0.19235526025295258,0.1550900638103485,0.31313198804855347,0.1867753565311432,0.17934179306030273,-0.07002340257167816,-0.009274226613342762,-0.08114270865917206,0.09106875956058502,0.020357733592391014,-0.05653717741370201,0.07455066591501236,0.10486553609371185,0.005608983337879181,0.1726972758769989,0.15894059836864471,0.10386648029088974
TMEM86A,0.08243799004897785,36,0.08284587413072586,0.028907224535942078,0.11768151074647903,0.14154177904129028,0.01456258725374937,0.022038009017705917,0.03510674089193344,0.1139778196811676,0.08336450159549713,0.15218529105186462,0.16932696104049683,0.09391012787818909,0.1176999881863594,-0.012773153372108936,0.10341429710388184,0.17831112444400787,0.1180436834692955,0.19392237067222595,0.10772646963596344,0.11473014950752258,0.1584370881319046,0.15179535746574402,0.05462892726063728,0.09935023635625839,-0.015089869499206543,-0.04018746316432953,0.013832570053637028,-0.06211808696389198,-0.001914139953441918,-0.05866799131035805,0.12894189357757568,0.16536414623260498,0.21167977154254913,0.06740584969520569,0.09280432760715485,0.0249816682189703
TMX1,0.09898392537919183,36,-0.03864200413227081,0.11672195792198181,0.05191276967525482,0.06971395760774612,0.08740058541297913,0.012652924284338951,0.23390333354473114,0.23943307995796204,0.12188997864723206,0.16971920430660248,0.2515556216239929,0.11530952900648117,0.1660333126783371,0.1077694371342659,0.17905794084072113,0.10757460445165634,-0.007978672161698341,0.12455517798662186,0.04126758128404617,0.06563902646303177,0.15529492497444153,0.12557430565357208,0.05836787447333336,0.09022264182567596,0.00848971027880907,0.02092457376420498,0.02804025076329708,-0.054783254861831665,0.0232063177973032,0.004372352734208107,0.1805371791124344,0.14406585693359375,0.11741013079881668,0.1353248804807663,0.15523436665534973,0.15564985573291779
TNC,0.175727587197116,36,-0.016814833506941795,0.07676378637552261,-0.0048586283810436726,0.07871321588754654,-0.04214593768119812,0.0011222976027056575,0.23315896093845367,0.28176406025886536,0.2646353840827942,0.3968752920627594,0.2501218914985657,0.463946133852005,0.3068004250526428,0.17193759977817535,0.21516846120357513,0.33775535225868225,0.22757743299007416,0.3158342242240906,0.24075385928153992,0.16359472274780273,0.2503761351108551,0.2553703784942627,0.25509950518608093,0.20658709108829498,0.013140825554728508,-0.04662824422121048,-1.3600313650385942e-05,-0.005137244239449501,0.04585349187254906,0.046351008117198944,0.2828620970249176,0.21650777757167816,0.2699223458766937,0.15997210144996643,0.24815064668655396,0.1650751233100891
TNFRSF14,0.06484315431185274,36,-0.03554799407720566,-0.06761114299297333,-0.04495210200548172,-0.027306031435728073,-0.028434880077838898,-0.018117908388376236,0.1499945968389511,0.29205507040023804,0.27815449237823486,0.2878604233264923,0.26404085755348206,0.2683544456958771,0.13666212558746338,0.07964545488357544,0.10856085270643234,0.06572932749986649,0.002527680015191436,-0.1080717146396637,0.04631566256284714,0.0242155734449625,0.10360076278448105,0.1240922063589096,0.052797455340623856,0.12164267152547836,-0.015721924602985382,0.014182301238179207,0.0067930095829069614,-0.0454384908080101,-0.05428057163953781,-0.061732854694128036,0.018762560561299324,0.06922624260187149,0.03451111167669296,0.09277953952550888,0.07885681837797165,0.12020792812108994
TNFRSF21,0.034954880972185895,36,-0.027337929233908653,0.025623638182878494,-0.009712005965411663,0.011374611407518387,0.09860479086637497,-0.007742284331470728,0.03427991271018982,0.0225785281509161,0.06266576796770096,0.13959214091300964,0.09765021502971649,0.10514126718044281,0.05577998235821724,0.0501512847840786,0.08343004435300827,0.03799431771039963,-0.04069731757044792,0.08032989501953125,0.0467594750225544,0.11077399551868439,-0.04305588826537132,0.14811643958091736,0.16211165487766266,0.0644521564245224,-0.013926113024353981,-0.048482418060302734,0.06318547576665878,-0.03910919278860092,-0.10415780544281006,-0.03592685982584953,-0.02007405459880829,0.02362748794257641,0.07704360038042068,0.026155490428209305,0.008439891040325165,0.012735520489513874
TNFRSF4,-0.0034761829301714897,36,0.018778186291456223,0.09066583961248398,0.03794071078300476,-0.07552053034305573,-0.04271166771650314,-0.08407862484455109,-0.041068993508815765,-0.18304167687892914,0.008270179852843285,-0.1421802043914795,-0.03451697155833244,-0.10974791646003723,-0.019674714654684067,0.021098116412758827,-0.020998209714889526,-0.10549018532037735,0.051202282309532166,-0.021956415846943855,0.04274288937449455,0.05699150264263153,-0.0456782691180706,-0.011241858825087547,0.10672792792320251,0.12100857496261597,-0.008264200761914253,-0.0023666750639677048,-0.07450640946626663,0.008235485292971134,-0.048215799033641815,0.04498809576034546,-0.03528451547026634,0.0068121543154120445,0.12381501495838165,0.036507003009319305,0.1599940061569214,0.045623283833265305
TNNT1,-0.0028220313445975385,36,-0.0576510988175869,0.011961065232753754,-0.08506704866886139,0.029310645535588264,0.0243657398968935,0.022050997242331505,0.03912661224603653,0.02365882880985737,0.01366913877427578,-0.024697260931134224,0.2021898627281189,0.04630056023597717,0.05039583146572113,-0.09392442554235458,0.07886520028114319,0.15328969061374664,-0.07121728360652924,-0.0461803637444973,-0.004054795019328594,-0.09810654819011688,0.03200807049870491,-0.0800521969795227,-0.09037122130393982,-0.06147869676351547,-0.015557712875306606,0.01064441166818142,0.018667280673980713,0.04175249859690666,-0.024973955005407333,0.046886689960956573,-0.08380110561847687,-0.10973596572875977,-0.04409920424222946,0.015605970285832882,-0.004019534215331078,0.032646194100379944
TOM1L2,0.12229361295208542,36,-0.002782293362542987,0.051556363701820374,0.0605786107480526,0.0880957618355751,0.06330016255378723,0.0544622465968132,0.2448626160621643,0.2458142340183258,0.26841193437576294,0.24515679478645325,0.14087611436843872,0.17474088072776794,0.22740912437438965,0.2219438999891281,0.16279132664203644,0.15200857818126678,0.14550012350082397,0.26609230041503906,0.12328038364648819,0.15047204494476318,0.10944846272468567,0.161505326628685,0.04453212395310402,0.050179511308670044,0.011417338624596596,0.0755210593342781,-0.005322443321347237,0.015511051751673222,0.008618861436843872,0.012099859304726124,0.058310434222221375,0.21868714690208435,0.083555668592453,0.17711417376995087,0.15118475258350372,0.14563553035259247
TP53I3,0.06078550501519607,36,-0.011959332041442394,-0.07037391513586044,0.12811000645160675,-0.04374196007847786,0.11202865839004517,0.06699542701244354,0.020625822246074677,0.028160713613033295,0.07165398448705673,0.15469253063201904,0.10977049916982651,0.1971137374639511,0.10487525165081024,0.18094080686569214,0.06895037740468979,0.135489359498024,0.0995962917804718,0.004416777286678553,-0.09276045858860016,-0.0313967727124691,0.029766850173473358,0.2018648236989975,0.0423474945127964,0.11087089776992798,0.031966131180524826,-0.004964104387909174,-0.03768017515540123,-0.03238840028643608,0.037353482097387314,-0.04175158962607384,0.10421504080295563,0.16476085782051086,0.07983572781085968,0.022617168724536896,0.13920535147190094,0.10707081854343414
TPM2,0.0007255999112708701,36,-0.006684658117592335,-0.006441924721002579,-0.07681901752948761,-0.014951121993362904,0.08168070018291473,0.005706605967134237,-0.015868790447711945,-0.14426980912685394,-0.21793627738952637,-0.06523928791284561,-0.10062037408351898,-0.2460840940475464,0.09661516547203064,0.006932355463504791,0.06070128455758095,0.011294283904135227,0.10094521939754486,-0.07467638701200485,-0.0680043026804924,0.1305394470691681,0.025695154443383217,0.03934696316719055,0.08665326237678528,0.04296809807419777,0.0325811505317688,-0.037658512592315674,-0.016541553661227226,-0.0053501795046031475,-0.03723844140768051,0.026173366233706474,0.08063244819641113,0.08582751452922821,0.10357238352298737,0.04821823909878731,0.04177576303482056,0.05264692381024361
TRAC,0.07510967477962065,36,-0.0661429613828659,-0.10260825604200363,0.041740063577890396,-0.007795901969075203,-0.1277725100517273,-0.04515037685632706,0.20044447481632233,0.2260642647743225,0.1527407467365265,0.32650861144065857,0.14946937561035156,0.24020060896873474,0.12246129661798477,0.06230206787586212,0.1154085025191307,0.08559655398130417,0.08167485147714615,0.2272961586713791,0.020586637780070305,0.15074487030506134,0.013024984858930111,0.10502627491950989,-0.01931048557162285,0.09528221189975739,0.04943981021642685,0.04512061923742294,0.0010390192037448287,0.0036678106989711523,-0.04591212794184685,-0.06192521005868912,0.07341399788856506,0.034551557153463364,0.05573564022779465,0.15961526334285736,0.1393422931432724,0.2020675539970398
TRAF5,0.08962990968979688,36,-0.04263060912489891,0.025113143026828766,-0.002020911779254675,-0.01176794059574604,0.03684966266155243,-0.060228381305933,0.2337803840637207,0.23179543018341064,0.09899251908063889,0.13228726387023926,0.21831014752388,0.22659200429916382,0.022052587941288948,0.20041660964488983,0.08951500058174133,0.03988637775182724,0.09490638971328735,0.12597092986106873,0.036366358399391174,0.1308252364397049,0.08327863365411758,0.056592028588056564,0.07820561528205872,0.11894005537033081,0.046425968408584595,0.002940758364275098,0.04581725224852562,0.05628766119480133,0.04173964634537697,-0.019610945135354996,0.2145644724369049,0.02040207013487816,0.04617615044116974,0.1597888022661209,0.2347497045993805,0.21336667239665985
TRAP1,0.13458349586774906,36,0.07153962552547455,0.06023186072707176,0.041203148663043976,0.12133800983428955,0.09167952835559845,0.05285649001598358,0.14810875058174133,0.15190128982067108,0.2020920068025589,0.34822705388069153,0.17399929463863373,0.2994024455547333,0.12888574600219727,0.1790720373392105,0.13019540905952454,0.19388943910598755,0.1674221307039261,0.2849169373512268,0.04883880168199539,0.2785608768463135,0.1446661353111267,0.233451247215271,0.2286025583744049,0.1509554088115692,-0.037138715386390686,0.07826656103134155,-0.03242044150829315,-0.03605208918452263,-0.033064570277929306,-0.032573409378528595,0.16808007657527924,0.19429714977741241,0.1255008429288864,0.17984610795974731,0.14683443307876587,0.1913936734199524
TRAPPC4,0.1466762465942237,36,0.12094862759113312,0.1057412326335907,0.07687447965145111,0.0730324387550354,0.1094256117939949,0.0814850926399231,0.3408607244491577,0.37390220165252686,0.3340824246406555,0.4129549562931061,0.23375572264194489,0.3627966642379761,0.09284849464893341,0.21664609014987946,0.1543772667646408,0.06368055939674377,0.050372570753097534,0.2911316752433777,0.1127060279250145,0.1983005851507187,0.1606210619211197,0.14085575938224792,0.16241897642612457,0.15045154094696045,0.03825143352150917,0.048551417887210846,-0.09625127911567688,-0.0663868859410286,0.027315977960824966,-0.023033935576677322,0.16245552897453308,0.10438641905784607,0.17663033306598663,0.14862900972366333,0.21046674251556396,0.1290593296289444
TRIM14,0.07812788863925056,36,0.007866463623940945,-0.07970330119132996,0.026631977409124374,0.04491214454174042,0.008516641333699226,0.05762447416782379,0.22695471346378326,0.2289416640996933,0.22342301905155182,0.15440063178539276,0.05029034614562988,0.25467991828918457,0.18535859882831573,0.006004444323480129,0.08905541151762009,0.10118589550256729,0.036082230508327484,0.12690813839435577,0.12190098315477371,0.16945190727710724,0.04045048728585243,0.16827024519443512,0.0761030912399292,0.060244880616664886,-0.040576737374067307,0.007882557809352875,-0.07196720689535141,-0.01870572380721569,-0.03516526520252228,0.0034533492289483547,0.1437729150056839,0.09632769227027893,0.05799388885498047,0.11198272556066513,0.10394417494535446,0.06810661405324936
TRIM22,0.0653319692484931,36,0.027880927547812462,-0.05414307117462158,0.0026212409138679504,-0.13959063589572906,-0.11755246669054031,-0.009632974863052368,0.2598174214363098,0.19998787343502045,0.15054509043693542,0.29116687178611755,0.05493635684251785,0.23373156785964966,0.05404442176222801,-0.043152011930942535,-0.023302972316741943,0.00660859327763319,0.13519424200057983,0.09747914969921112,0.1426396518945694,0.0659017488360405,0.04721274971961975,0.06566476076841354,0.08354395627975464,0.1665792465209961,0.01435982994735241,0.058527734130620956,-0.0165861826390028,-0.001956819323822856,0.020586980506777763,0.005885162856429815,0.10608575493097305,0.10014168173074722,0.08216371387243271,0.07758202403783798,0.11406537890434265,0.09291389584541321
TRIM25,0.08924760245524037,36,0.005370188504457474,0.06989229470491409,0.036946602165699005,0.03314819186925888,0.05163978040218353,-0.018589738756418228,0.22405876219272614,0.20492614805698395,0.20337741076946259,0.16539986431598663,0.24032475054264069,0.17103302478790283,0.2251693457365036,0.12347956746816635,0.0012502324534580112,0.04660417139530182,0.08891666680574417,0.16850289702415466,0.07824293524026871,0.1933976411819458,0.11945541948080063,0.15436755120754242,0.05825673043727875,0.025205645710229874,0.04749346151947975,-0.06145235896110535,0.047596368938684464,-0.008086073212325573,-0.0029652935918420553,-0.061199646443128586,0.053059469908475876,0.16382591426372528,0.0948333591222763,0.12526555359363556,0.06167268753051758,0.08249416202306747
TRIM47,0.08739766166480775,36,-0.059972938150167465,0.02964116632938385,0.0536709800362587,0.025274449959397316,0.049849655479192734,0.06641573458909988,0.08712488412857056,0.3016207814216614,0.3243836462497711,0.17470143735408783,0.11925307661294937,0.2507457733154297,0.06825347989797592,0.07115718722343445,0.07251133024692535,-0.028301112353801727,0.18721890449523926,0.02530018612742424,0.08355474472045898,0.08748520910739899,0.16014039516448975,-0.05014464259147644,0.06447558850049973,0.05013708770275116,0.0675988644361496,0.08734160661697388,-0.01895461045205593,-0.02561229281127453,-0.017979787662625313,0.00163932831492275,0.10435159504413605,0.16572774946689606,0.16481788456439972,0.12709255516529083,0.12686948478221893,0.14892643690109253
TSPAN33,0.01527249330926376,36,0.02524667978286743,0.0026120790280401707,-0.05105947330594063,0.06763819605112076,-0.035100724548101425,0.024078987538814545,0.0017946293810382485,0.13474997878074646,0.14415572583675385,0.07065407186746597,0.06036368012428284,0.14050255715847015,-0.061564598232507706,0.045857325196266174,0.030929187312722206,-0.02067708969116211,0.013736010529100895,-0.017134932801127434,-0.025042517110705376,0.0035543828271329403,0.09268500655889511,-0.07853011786937714,-0.10290969908237457,-0.020762570202350616,-0.06843968480825424,-0.02326635830104351,0.0034728168975561857,-0.014416688121855259,-0.04411769658327103,-0.019928116351366043,0.04074699431657791,0.04693974182009697,-0.0014285442885011435,0.08374299854040146,0.021969959139823914,0.07875756174325943
TSR2,0.009012471819813881,36,0.05831833928823471,-0.004527442157268524,0.025103110820055008,0.01878792978823185,0.0437479242682457,0.03262898698449135,-0.08389417082071304,0.0012369214091449976,-0.06307259202003479,0.02276359498500824,0.011731862090528011,0.10453219711780548,-0.07498698681592941,-0.033012133091688156,0.005236991681158543,-0.06421045958995819,-0.09004183858633041,0.053150493651628494,0.04510273039340973,-0.00920111034065485,0.01918891817331314,-0.009648872539401054,-0.04920722544193268,0.10923370718955994,-0.06005512923002243,0.0017511460464447737,-0.042441003024578094,0.035966407507658005,-0.003177691949531436,0.04812748730182648,0.08562181144952774,0.004031054675579071,-0.0005824433173984289,0.09045968949794769,0.041474875062704086,0.054311905056238174
TTC31,0.05744787312061009,36,0.07731671631336212,0.02418925240635872,0.06104286387562752,0.10933133959770203,-0.047482799738645554,0.13608552515506744,0.19118930399417877,-0.02091689594089985,0.09546291083097458,0.08443129807710648,0.09211603552103043,0.10615783929824829,-0.09556657820940018,-0.008954367600381374,0.04729495570063591,-0.007559957914054394,0.004414559341967106,0.003845471888780594,0.03144586831331253,0.07943810522556305,0.07272806018590927,0.1000441312789917,0.19391971826553345,0.08119958639144897,0.0896211564540863,0.0036662244237959385,-0.017132628709077835,0.059548016637563705,0.01095759030431509,-0.04662628844380379,0.11697222292423248,0.04990131035447121,0.13046351075172424,0.0987655445933342,0.09937175363302231,0.06144207715988159
TTI1,0.06447826585887621,36,-0.034896597266197205,-0.05277093127369881,-0.02817896194756031,0.07223228365182877,-0.052982475608587265,-0.016969991847872734,0.041963689029216766,0.22392678260803223,0.2708387076854706,-0.006668831221759319,0.188104510307312,0.010528482496738434,0.21766464412212372,0.1520080268383026,0.006123815197497606,0.1746160238981247,0.17646226286888123,0.13018836081027985,-0.0021519269794225693,0.14511844515800476,-0.028258191421628,0.03300952911376953,0.010121322236955166,0.06135312095284462,0.047353677451610565,-0.051877353340387344,-0.05979340523481369,0.04684771969914436,-0.015238980762660503,-0.0042235152795910835,0.07472125440835953,0.14113248884677887,0.05829446017742157,0.07154387980699539,0.16436389088630676,0.15671135485172272
TXN2,0.12664413744480246,36,0.09540664404630661,0.15642249584197998,0.030911004170775414,-0.007739592343568802,-0.013429439626634121,0.062236469238996506,0.16280098259449005,0.29849016666412354,0.15401919186115265,0.2953300178050995,0.316575825214386,0.30867254734039307,0.23486196994781494,0.19356399774551392,0.21754464507102966,0.10019142180681229,0.28207680583000183,0.23622462153434753,0.1043415442109108,0.14611327648162842,0.17645858228206635,0.09868025779724121,0.15522539615631104,0.15334662795066833,-0.08107887953519821,0.026803033426404,0.007868072018027306,-0.017347542569041252,-0.06493078172206879,-0.01646072417497635,0.07013655453920364,0.2088335156440735,0.13143858313560486,0.13227903842926025,0.12924101948738098,0.07408159971237183
TXNDC17,0.210593015447052,36,0.03131765499711037,0.07503324747085571,0.14904016256332397,0.09205888211727142,0.12115482985973358,0.019382525235414505,0.35559818148612976,0.39722394943237305,0.44041481614112854,0.4407523572444916,0.3554685115814209,0.4189504086971283,0.3655143082141876,0.27286890149116516,0.2588061988353729,0.28232523798942566,0.23566651344299316,0.33827197551727295,0.3530142605304718,0.33568069338798523,0.28085896372795105,0.3620940148830414,0.2874015271663666,0.22199690341949463,-0.09781471639871597,0.053579218685626984,-0.019007733091711998,0.04713467136025429,0.0034290142357349396,0.014200852252542973,0.202045738697052,0.20018985867500305,0.23295500874519348,0.16129682958126068,0.18836690485477448,0.10407788306474686
TXNRD2,0.1446267708411647,36,0.07554076611995697,0.05437308922410011,0.08193206042051315,-0.012122933752834797,-0.06234806776046753,0.023997148498892784,0.2999972105026245,0.3043957054615021,0.27739009261131287,0.43669047951698303,0.2644064128398895,0.23488694429397583,0.35426709055900574,0.17085158824920654,0.21373258531093597,0.20112256705760956,0.00681003462523222,0.29054728150367737,0.1282557249069214,0.1621883064508438,0.14327140152454376,0.20606054365634918,0.14435237646102905,0.2354869693517685,0.07456807792186737,0.07656099647283554,0.0585007481276989,-0.02798721380531788,-0.07615014910697937,0.01930364966392517,0.05586588382720947,0.08909320831298828,0.12133635580539703,0.19673867523670197,0.17217282950878143,0.21047531068325043
TYMS,0.17755110142752528,36,0.09516077488660812,0.11948827654123306,0.1430377960205078,0.15037861466407776,0.0765046551823616,0.10132268071174622,0.34928497672080994,0.3620065748691559,0.5039750337600708,0.4569855332374573,0.42991378903388977,0.3580026626586914,0.1623980551958084,0.19335487484931946,0.09433260560035706,0.12151427567005157,0.08490042388439178,0.25506895780563354,0.09305494278669357,0.14122998714447021,0.1810123175382614,0.1555633544921875,0.27799588441848755,0.12330621480941772,0.005703509785234928,0.037460532039403915,-0.027168666943907738,0.05068698525428772,-0.0223496425896883,0.00968379620462656,0.20534901320934296,0.17341190576553345,0.2002638280391693,0.26576411724090576,0.2981075048446655,0.1651335060596466
TYROBP,0.06549089403253877,36,-0.004986437503248453,-0.057491954416036606,-0.06944002956151962,-0.0788118988275528,-0.005961601622402668,-0.1148914098739624,0.33300143480300903,0.31687524914741516,0.24920785427093506,0.3792668581008911,0.20254069566726685,0.3363935947418213,0.1084485575556755,0.15274757146835327,0.119411900639534,-0.1344156414270401,0.03844883292913437,0.09144553542137146,-0.021947791799902916,0.15124434232711792,0.0280816201120615,0.039200685918331146,0.09117619693279266,0.009670838713645935,-0.019164210185408592,-0.01391303539276123,-0.05882182717323303,-0.04709290713071823,-0.03451023995876312,-0.06662444025278091,0.008231714367866516,-0.016779715195298195,0.11813350766897202,0.11786460131406784,0.09205948561429977,0.119074247777462
UBA52,0.056994224322908044,36,-0.08567006140947342,-0.008702884428203106,-0.06211944669485092,-0.0006037942366674542,-0.07977784425020218,-0.16266576945781708,0.21998387575149536,0.19243589043617249,0.13518939912319183,0.1168733462691307,0.1707022339105606,0.08818956464529037,0.0866507813334465,0.14226819574832916,0.016997914761304855,0.11094965785741806,0.03541060909628868,0.07867363840341568,0.02443273738026619,0.14299774169921875,0.08134299516677856,0.06679605692625046,-0.005223214626312256,-0.01929597370326519,0.019042300060391426,-0.08607672899961472,-0.04574519395828247,-0.051843248307704926,-0.0010591692989692092,-0.0036117599811404943,0.16751065850257874,0.27117255330085754,0.25448647141456604,0.050009164959192276,0.03754381835460663,0.15452755987644196
UBA6,0.13360642600390646,36,0.12624280154705048,0.09670687466859818,0.12367881089448929,0.15473121404647827,0.023142432793974876,0.18414583802223206,0.16654931008815765,0.2801154851913452,0.2525687515735626,0.2698959410190582,0.27089953422546387,0.2153642624616623,0.21241483092308044,0.23238122463226318,0.10517077147960663,0.09713271260261536,0.11812817305326462,0.08173360675573349,0.12691111862659454,0.18362607061862946,0.13855785131454468,0.15098071098327637,0.05859600007534027,0.06645649671554565,-0.04869668930768967,0.010494336485862732,0.05924828350543976,0.03785088658332825,0.034827277064323425,-0.016311755403876305,0.11042775958776474,0.10984674096107483,0.15998518466949463,0.19526278972625732,0.2695578634738922,0.151207834482193
UBAP2L,0.18137528220864219,36,0.1636461615562439,0.07702057808637619,0.1589394360780716,0.12345621734857559,-0.016756493598222733,0.11582225561141968,0.27293336391448975,0.3668672740459442,0.4772607386112213,0.33111637830734253,0.2233249843120575,0.3149784803390503,0.2001289427280426,0.11828701943159103,0.16625282168388367,0.31813156604766846,0.16210666298866272,0.3692224621772766,0.27180013060569763,0.27038946747779846,0.25551700592041016,0.27564695477485657,0.24300700426101685,0.11491738259792328,0.0419098436832428,-0.038317516446113586,-0.06232702359557152,0.0034072543494403362,-0.010958566330373287,0.034440893679857254,0.0701722726225853,0.23555931448936462,0.1970662772655487,0.27518415451049805,0.23840393126010895,0.17095252871513367
UBE2C,0.13286649738438427,36,-0.031465865671634674,0.02100314386188984,0.07245089113712311,0.11184820532798767,0.19803376495838165,-0.012392017059028149,0.3106261193752289,0.2899714708328247,0.2192949503660202,0.22719237208366394,0.23213186860084534,0.2391076385974884,0.20673367381095886,0.21653316915035248,0.166050523519516,0.2025705873966217,0.10342981666326523,0.20604348182678223,0.22670061886310577,0.15339134633541107,0.10684888809919357,0.2662825584411621,0.2115020453929901,0.19998149573802948,-0.02591065503656864,-0.015581455081701279,-0.040434692054986954,0.026059016585350037,-0.0373452864587307,0.08482741564512253,0.06492851674556732,0.07801339775323868,0.08758970350027084,0.16437403857707977,0.20725803077220917,0.045545127242803574
UBE2T,0.16734076499576783,36,0.07394326478242874,0.24329529702663422,0.1459677368402481,0.23584413528442383,0.1513785868883133,0.06406531482934952,0.23889127373695374,0.4535400867462158,0.3217151463031769,0.38675442337989807,0.2364412248134613,0.2907564043998718,0.09650586545467377,0.21544377505779266,0.08117209374904633,0.42402559518814087,0.054558105766773224,0.24426163733005524,0.16594286262989044,0.2124815136194229,0.21518102288246155,0.25101718306541443,0.22900943458080292,0.03835025057196617,0.007627664599567652,0.046841710805892944,-0.05777523294091225,0.061739906668663025,0.059772226959466934,-0.005648145452141762,0.0962003692984581,0.15442807972431183,0.13982601463794708,0.12752655148506165,0.14069747924804688,0.18248867988586426
UBE2W,0.07768951719885485,36,0.009680402465164661,0.030895086005330086,0.09286825358867645,0.09950133413076401,0.08136020600795746,0.07233201712369919,0.13206049799919128,0.041343268007040024,0.11336585879325867,0.17830273509025574,0.04716191068291664,0.11883025616407394,0.15105076134204865,0.1735839694738388,0.11414606869220734,0.05833914875984192,0.1379985213279724,0.08125888556241989,0.022862644866108894,0.037752073258161545,0.13571697473526,0.06621691584587097,0.0579172782599926,0.06687953323125839,0.005351513624191284,-0.031251996755599976,0.04378875717520714,0.027250176295638084,0.007344348356127739,-0.003976140636950731,0.03219258040189743,0.16305433213710785,0.16113285720348358,0.057457756251096725,0.06091416999697685,0.15213966369628906
UBL7,0.08485159093591695,36,0.002737851580604911,0.06202737241983414,0.013614599592983723,0.08949964493513107,-0.04598896950483322,-0.010772406123578548,0.12033674865961075,0.26475605368614197,0.16089653968811035,0.25598177313804626,0.21789497137069702,0.15238742530345917,0.010230526328086853,0.03480658680200577,0.23313848674297333,0.11615432798862457,0.12939900159835815,0.1581955999135971,0.051256801933050156,0.11623356491327286,0.0240700151771307,0.054267287254333496,0.15990117192268372,0.07367508858442307,-0.0029361266642808914,0.029519688338041306,-0.017445659264922142,-0.013973642140626907,-0.0052109817042946815,-0.04252662882208824,0.1071501299738884,0.10399636626243591,0.17108473181724548,0.08539145439863205,0.14750492572784424,0.04740295186638832
UBR2,0.06803328715290667,36,-0.022663859650492668,0.0447818823158741,-0.03807297348976135,0.08180351555347443,0.12272273749113083,0.0413379929959774,0.03219977393746376,-0.003921711351722479,0.12372414767742157,0.03737989813089371,0.1924039125442505,0.22661539912223816,0.04175214096903801,0.0559857003390789,0.10362506657838821,0.08491546660661697,0.06766867637634277,0.1549755185842514,0.0579741895198822,0.013552346266806126,0.07457278668880463,0.05621979013085365,0.11901408433914185,0.0759463831782341,0.017339656129479408,0.006522452924400568,0.050167400389909744,0.008702907711267471,0.04017828404903412,0.03714204207062721,0.07144568860530853,0.07447117567062378,0.12192463874816895,0.09700501710176468,0.17730998992919922,0.0024762193206697702
UBXN1,0.06776390868213235,36,0.05220077559351921,0.0405740924179554,0.05861978605389595,0.006202273536473513,0.02429513819515705,0.014485492371022701,0.08908623456954956,0.025446608662605286,0.08005041629076004,0.11736076325178146,0.0941247045993805,0.21900972723960876,0.1812465935945511,0.23259228467941284,-0.03670632466673851,0.0038468565326184034,0.06607789546251297,0.06755004823207855,0.062280330806970596,0.15068145096302032,0.0880676805973053,0.16071844100952148,0.02639801800251007,0.12849600613117218,-0.015121047385036945,-0.006124154198914766,-0.005263319239020348,-0.07785473763942719,0.03482353687286377,-0.026507141068577766,0.2033320516347885,0.012864770367741585,0.1388934701681137,0.054299041628837585,0.11216741800308228,0.06128552928566933
UCK1,0.08796916746844848,36,0.025251640006899834,0.09826449304819107,0.06358003616333008,0.04479783773422241,0.01932666450738907,0.027786342427134514,0.038480449467897415,0.122355155646801,0.18859919905662537,0.1795118898153305,0.055334046483039856,0.2761359214782715,0.12921923398971558,0.19190509617328644,0.09322032332420349,0.18191882967948914,0.02556341513991356,0.1215149313211441,0.048265960067510605,-0.004395407624542713,0.24225866794586182,0.05030236765742302,0.0888206735253334,0.13302306830883026,0.026995746418833733,0.019992563873529434,-0.01641909033060074,-0.038714539259672165,0.047655098140239716,-0.012531966902315617,0.04461076110601425,0.09649083763360977,0.16053393483161926,0.17569687962532043,0.13701093196868896,0.08452803641557693
UFD1L,0.18619737671449205,36,0.1246972307562828,0.07462085783481598,0.2289874404668808,0.14687949419021606,0.06318023800849915,0.08914763480424881,0.3084774613380432,0.34567099809646606,0.2608235776424408,0.47472748160362244,0.2603074610233307,0.37467458844184875,0.38286489248275757,0.22525586187839508,0.18580451607704163,0.2526288330554962,0.07475239038467407,0.20429618656635284,0.16228839755058289,0.302446186542511,0.2099565863609314,0.2699623703956604,0.22107689082622528,0.21996255218982697,0.044743333011865616,-0.02761146053671837,0.024127518758177757,0.050116166472435,-1.4325317351904232e-05,0.042769983410835266,0.05124072730541229,0.15820512175559998,0.1505773663520813,0.2826170027256012,0.24336788058280945,0.219476118683815
UQCRC1,0.07379218495528524,36,-0.02084980718791485,-0.08225023746490479,0.08309992402791977,-0.14187152683734894,-0.16137005388736725,0.04418753832578659,0.08993029594421387,0.19179758429527283,0.25245487689971924,0.18434420228004456,0.17137642204761505,0.3119003474712372,0.11654456704854965,0.08266114443540573,0.10220129042863846,0.13170428574085236,0.10637201368808746,0.15345130860805511,0.10751292109489441,0.07492794841527939,0.08318213373422623,0.13305264711380005,0.008167823776602745,0.06664398312568665,-0.023093802854418755,7.824297063052654e-05,-0.06337505578994751,-0.06344503909349442,-0.03574544936418533,-0.008380071260035038,0.2314450442790985,0.11159788072109222,0.2784857153892517,0.037860848009586334,0.051670726388692856,0.05024798586964607
UXS1,0.13248132702170146,36,0.06928489357233047,0.13450433313846588,0.010179700329899788,0.08751771599054337,0.006121975835412741,0.008641148917376995,0.08119308948516846,0.1624545156955719,0.17428985238075256,0.0965956300497055,0.20229239761829376,0.2884393334388733,0.13023261725902557,0.08831625431776047,0.1397494673728943,0.028853636234998703,0.3390689790248871,0.04939958080649376,0.2644699215888977,0.3045002222061157,0.2573094069957733,0.25843340158462524,0.2360559105873108,0.2567460536956787,0.0052595906890928745,-0.003845096565783024,0.024803679436445236,0.02969515696167946,0.035884711891412735,0.021166710183024406,0.17419900000095367,0.2010200470685959,0.18805886805057526,0.17111313343048096,0.07386620342731476,0.17345573008060455
UXT,0.052554515777450836,36,-0.0100553622469306,0.011901479214429855,-0.037019506096839905,0.06702473759651184,0.022540472447872162,0.05494946241378784,0.09211710095405579,-0.0025719162076711655,0.07402548938989639,0.15854284167289734,0.1428232491016388,0.08816036581993103,0.055082593113183975,0.09012679010629654,0.0910850465297699,0.01000433973968029,0.22608505189418793,0.007727869786322117,0.10257910937070847,0.06209375709295273,0.13095304369926453,0.05798211693763733,-0.019679328426718712,0.015300088562071323,0.02628311887383461,-4.9884543841471896e-05,0.004151669330894947,-0.05743549019098282,0.014986311085522175,-0.006843318231403828,0.046162862330675125,0.1255505084991455,0.1407627910375595,0.08504150807857513,0.02094961144030094,0.0006239878130145371
VARS,0.11908650295097484,36,0.07428614795207977,-0.054644644260406494,0.005414734594523907,-0.045031849294900894,-0.051189981400966644,0.03947139158844948,0.20368383824825287,0.3503873944282532,0.07950428128242493,0.25156834721565247,0.15635888278484344,0.37653520703315735,0.21796518564224243,0.24868369102478027,0.09883502870798111,0.20117636024951935,0.2706541121006012,0.1600932627916336,0.0611736960709095,0.11269883811473846,0.14744333922863007,0.16739055514335632,0.14704811573028564,0.05491219833493233,0.02823401615023613,-0.022838400676846504,0.01576639898121357,0.001038696733303368,-0.047119658440351486,-0.00998575147241354,0.1576535403728485,0.2087917923927307,0.17226751148700714,0.16184194386005402,0.21905748546123505,0.12798839807510376
VAV1,0.04911608163254439,36,-0.0712113082408905,-0.05649320036172867,-0.06949463486671448,0.03230016678571701,0.12425775825977325,-0.07797206938266754,0.18347561359405518,0.15691401064395905,0.09946977347135544,0.20776359736919403,0.09723785519599915,-0.0006513771368190646,0.19668716192245483,0.002240825677290559,0.029823439195752144,0.08984960615634918,0.060738466680049896,0.014932981692254543,0.04726947471499443,0.03453192114830017,-0.011848351918160915,0.05250390246510506,0.09327239543199539,0.011701739393174648,-0.01389725785702467,-0.018774261698126793,-0.05758313089609146,-0.007795425131917,-0.015397622250020504,0.0005680234171450138,0.09079546481370926,0.07603537291288376,0.09828872233629227,0.1239752545952797,0.12995702028274536,0.11470703035593033
VCAM1,0.005683323685338514,36,-0.030220817774534225,-0.04307727888226509,-0.08564594388008118,0.05325748398900032,0.023435553535819054,0.005251720547676086,-0.023739511147141457,-0.17987596988677979,-0.1256266087293625,-0.08189103752374649,-0.22816045582294464,0.027381420135498047,-0.05990419536828995,0.04069230705499649,-0.021081415936350822,0.031166400760412216,0.15845920145511627,-0.0002946034073829651,0.14974647760391235,-0.007762217428535223,0.06991251558065414,0.056409288197755814,0.10997737944126129,0.06712444126605988,0.02400505356490612,0.017655568197369576,0.002342805964872241,-0.04321752488613129,-0.02211671881377697,0.02629624493420124,-0.015230254270136356,-0.07486360520124435,0.04569787532091141,0.07092851400375366,0.17158788442611694,0.09597967565059662
VEGFB,0.07166503944770536,36,-0.0376262292265892,-0.008267941884696484,-0.05472225323319435,0.026276277378201485,-0.04835706949234009,-0.01688816398382187,0.155548095703125,0.22482486069202423,0.059383150190114975,0.09961888194084167,0.1676725447177887,0.17208845913410187,-0.07283424586057663,0.1684558093547821,-0.06798884272575378,0.062265411019325256,0.13310547173023224,0.06430096179246902,0.09674058854579926,0.22395722568035126,0.07817955315113068,0.20099197328090668,0.24334217607975006,0.18545909225940704,0.036270033568143845,-0.04032547399401665,-0.07631339877843857,0.0010107618290930986,-0.01684350147843361,-0.008752258494496346,0.07756292819976807,0.12626002728939056,0.12304794043302536,0.051666323095560074,0.10631214827299118,0.144520103931427
VIM,-0.013349482336909406,36,0.020563535392284393,-0.054661672562360764,-0.06379740685224533,0.0600246861577034,0.04974190518260002,-0.07425151020288467,-0.24769918620586395,-0.17107729613780975,-0.20280243456363678,-0.381296843290329,-0.2470916509628296,-0.3303006887435913,0.033221445977687836,0.07629060000181198,0.13347657024860382,0.13289254903793335,0.1191675066947937,0.007744908798485994,-0.049989089369773865,0.04635129123926163,0.12977094948291779,0.07600205391645432,0.032860565930604935,0.08383271843194962,0.013581015169620514,-0.0043083252385258675,0.01852070540189743,0.06268197298049927,0.10530254989862442,0.024407850578427315,0.2244323492050171,0.22810563445091248,0.14947359263896942,-0.17322027683258057,-0.1642305552959442,-0.1443013846874237
VPS13D,0.07673767897843693,36,0.05134493485093117,0.13033485412597656,0.06605056673288345,0.09359294176101685,0.06488145142793655,0.046415772289037704,0.024882471188902855,0.01601404696702957,0.07174299657344818,0.17272718250751495,0.16105914115905762,0.1863265484571457,0.05322132632136345,0.01869901269674301,0.06746750324964523,0.030821945518255234,-0.07876119017601013,0.08519759029150009,0.15381741523742676,0.07360158115625381,0.10612519085407257,0.09650197625160217,0.08712859451770782,0.12482916563749313,-0.02778538689017296,-0.0035996732767671347,0.0019790881779044867,0.07491517812013626,-0.0021533870603889227,-0.041828304529190063,0.15469390153884888,0.17681390047073364,0.1429874300956726,0.1089906170964241,0.19737225770950317,0.07614780217409134
VPS45,0.04504045222549596,36,-0.007739840541034937,0.08016860485076904,0.1256827712059021,0.11418647319078445,0.033375248312950134,-0.030129915103316307,-0.08222969621419907,-0.08941399306058884,-0.002656002761796117,-0.05920262262225151,-0.12940391898155212,-0.03989196941256523,-0.006305964197963476,0.24428439140319824,0.04155545309185982,0.005220605991780758,0.13656888902187347,0.04966747760772705,0.10698449611663818,0.0921015664935112,0.1260237842798233,0.12073955684900284,0.07348522543907166,0.10023465752601624,-0.07481453567743301,-0.005246767774224281,-0.01569485478103161,-0.02600102871656418,0.004580549895763397,0.05208549648523331,0.09698286652565002,0.12814557552337646,0.0941171646118164,0.10291621088981628,0.175169438123703,0.08591088652610779
VWF,-0.004463256071580367,36,0.13301263749599457,0.05527613312005997,0.11069481819868088,0.01888282783329487,-0.012410961091518402,-0.019550373777747154,-0.22734487056732178,-0.14418259263038635,-0.18521933257579803,-0.09087089449167252,-0.029959922656416893,-0.05115287005901337,-0.028405686840415,-0.009882152080535889,0.0552651509642601,0.12250528484582901,0.12603247165679932,-0.05204005911946297,-0.03326570242643356,-0.029904715716838837,0.005945710930973291,0.03327377513051033,-0.03228507563471794,-0.022402407601475716,-0.0032481681555509567,-0.010701702907681465,0.02639811486005783,0.015640458092093468,-0.026554038748145103,0.016019949689507484,0.0013881323393434286,-0.07506749778985977,0.03752686455845833,0.0672898069024086,0.05288627743721008,0.04573339223861694
WDFY3,0.06925656194410597,36,0.07723197340965271,0.04687158390879631,-0.032653070986270905,0.016793716698884964,0.05256105586886406,-0.02530505694448948,0.26837050914764404,0.09466573596000671,0.07608812302350998,0.011464850045740604,0.031761083751916885,0.1168733686208725,0.027955761179327965,0.0881308913230896,0.054159339517354965,-0.030525656417012215,0.11520650237798691,0.1182108148932457,0.05929424986243248,0.092349112033844,0.18509484827518463,0.13690324127674103,0.03437843546271324,0.0022763919550925493,0.008584207855165005,0.04708321392536163,0.021088968962430954,0.032038040459156036,-0.0036300290375947952,-0.010112449526786804,0.12830406427383423,0.1413699984550476,0.0882069393992424,0.17372587323188782,0.1378774642944336,0.11054213345050812
WDR13,0.09158587108443801,36,-0.040260687470436096,-0.08212559670209885,0.013511037454009056,0.0508170947432518,-0.05516355484724045,0.0034169538412243128,0.1987568736076355,0.26644793152809143,0.1832200139760971,0.16458763182163239,0.25593894720077515,0.27665868401527405,0.10271351039409637,-0.08743307739496231,0.17960771918296814,0.11410674452781677,0.123746857047081,0.05520584434270859,0.1368890404701233,0.1261221021413803,-0.003694675862789154,0.09328123927116394,0.1082661971449852,0.20060008764266968,-0.029189899563789368,0.017829028889536858,-0.03384235501289368,0.057279810309410095,0.007809541653841734,0.03535691648721695,0.19486244022846222,0.1557299941778183,0.21752026677131653,0.1373836100101471,0.06676483154296875,0.08437025547027588
WDR34,0.050650196583268955,36,-0.05555910989642143,-0.06131001189351082,-0.014849180355668068,-0.041143570095300674,-0.26002004742622375,0.01999148167669773,0.029819263145327568,-0.002717415103688836,0.0062706866301596165,0.12259339541196823,0.027178170159459114,-0.01823112927377224,0.16508960723876953,0.09207630902528763,0.20467007160186768,0.17875707149505615,0.05101599916815758,0.012008065357804298,0.06074540317058563,0.22109520435333252,0.10727451741695404,0.2796277701854706,0.11127202212810516,0.2002839297056198,0.05274998024106026,-0.0033312621526420116,0.03683866187930107,-0.039896391332149506,-0.06341730058193207,-0.06459646672010422,0.11149941384792328,0.053422994911670685,0.11497979611158371,0.07631594687700272,0.061261240392923355,0.05164195969700813
WDR46,0.15056008633433116,36,0.07901497930288315,0.08712886273860931,0.04729811102151871,0.06915291398763657,-0.007960032671689987,0.0712842345237732,0.2987806499004364,0.34850603342056274,0.2518461346626282,0.3601621985435486,0.2568589150905609,0.2552453279495239,0.1413854956626892,0.2568812072277069,0.11696615070104599,0.16052772104740143,0.07882257550954819,0.19926802814006805,0.02191873826086521,0.2726782560348511,0.21882343292236328,0.239207461476326,0.18438154458999634,0.240446999669075,0.013654029928147793,0.015003093518316746,0.02315223217010498,-0.06630821526050568,0.057193025946617126,-0.05625654011964798,0.28057217597961426,0.15236394107341766,0.16254593431949615,0.23711612820625305,0.19063766300678253,0.16186369955539703
WDR73,0.09724742366880593,36,-0.004002248402684927,0.07813126593828201,0.04576949030160904,0.12868525087833405,0.04926573112607002,0.0433543361723423,0.21035374701023102,0.18322347104549408,0.19462956488132477,0.2323118895292282,0.10314731299877167,0.30876508355140686,0.1225801557302475,0.14217475056648254,0.07637137919664383,0.049697618931531906,0.10477818548679352,0.10973311215639114,0.14130659401416779,0.0944376215338707,0.09644653648138046,0.08381734043359756,0.1108226478099823,0.17232373356819153,0.03470812737941742,-0.056276410818099976,0.0448908656835556,-0.045217301696538925,0.036318954080343246,-0.04385870695114136,0.03207430616021156,0.10213393718004227,0.0836162194609642,0.21787166595458984,0.13997696340084076,0.07654406130313873
WDR74,0.14571274664356476,36,-0.004223157651722431,0.13332802057266235,-0.020008601248264313,0.028646986931562424,0.06373719125986099,0.010611165314912796,0.247579887509346,0.41007736325263977,0.33870065212249756,0.395480751991272,0.24110294878482819,0.20960542559623718,0.2347705066204071,0.135562926530838,0.11153148114681244,0.042506299912929535,0.0942688062787056,0.23533383011817932,0.11413917690515518,0.34696272015571594,0.15428794920444489,0.3273143768310547,0.123163141310215,0.23817391693592072,0.05040714144706726,-0.05692928656935692,0.009648065082728863,-0.05969417467713356,0.010014667175710201,0.07194102555513382,0.08937651664018631,0.1731519103050232,0.1652420610189438,0.16267718374729156,0.20800964534282684,0.20916035771369934
WIPF1,0.019277659437244035,36,-0.060235071927309036,0.041716672480106354,-0.05609011650085449,-0.000983250793069601,-0.0691448301076889,-0.06512018293142319,-0.06327522546052933,-0.040684062987565994,-0.03389681130647659,-0.10538876801729202,0.06246490776538849,0.05714214965701103,0.029296474531292915,0.17546194791793823,-0.05105737969279289,0.04732687398791313,0.12021998316049576,0.15806666016578674,-0.0007874649600125849,-0.031463779509067535,-0.06603237241506577,0.013712338171899319,0.11526288837194443,0.13600459694862366,0.05590314045548439,-0.014508341439068317,0.022798290476202965,-0.04348597303032875,0.04192044958472252,0.031200483441352844,0.0555502213537693,0.0668308213353157,0.006286059506237507,0.05348364636301994,0.036582231521606445,0.06891853362321854
XAB2,0.10530308032563578,36,0.040303364396095276,0.07551752775907516,0.03946330398321152,0.06826967000961304,-0.01990407146513462,-0.03812767565250397,0.11066948622465134,0.07535530626773834,0.13069447875022888,0.20109982788562775,0.11362364888191223,0.20595936477184296,0.12665754556655884,0.22935129702091217,0.08442264795303345,0.20619162917137146,0.17594537138938904,-0.007250053342431784,0.08110421895980835,0.18130680918693542,0.20653094351291656,0.24632498621940613,0.18502534925937653,0.26059243083000183,-0.02470783330500126,0.028626887127757072,-0.023738069459795952,-0.01465363148599863,-0.021295256912708282,0.015727398917078972,0.17476296424865723,0.03395480290055275,0.19048994779586792,0.12551277875900269,0.16871589422225952,0.15838760137557983
XIAP,-0.025763638860856492,36,-0.035581476986408234,-0.03931308910250664,0.029484981670975685,0.025519726797938347,-0.1103273406624794,0.03728685900568962,-0.053905803710222244,-0.004162753466516733,0.005635292734950781,-0.057506199926137924,-0.07672704756259918,-0.12172891199588776,-0.042051319032907486,0.01866980828344822,-0.10206703841686249,-0.030348680913448334,0.015310180373489857,0.09928237646818161,-0.004462914541363716,0.018623800948262215,0.02511093206703663,-0.11723392456769943,-0.05616600066423416,-0.057568758726119995,-0.023762661963701248,0.003696192055940628,0.033453598618507385,0.03626888245344162,0.009478018619120121,-0.02302876114845276,-0.07826615869998932,-0.12549704313278198,-0.024100014939904213,-0.01887357607483864,-0.09059914946556091,0.00796697661280632
XPO6,0.14344210531594903,36,0.06814224272966385,0.14088375866413116,0.049021754413843155,0.04800933226943016,0.05906455218791962,0.08707276731729507,0.2813657224178314,0.27410802245140076,0.21151532232761383,0.40959790349006653,0.22584326565265656,0.38261061906814575,0.16003093123435974,0.1383485347032547,0.20632542669773102,0.23332855105400085,0.16141170263290405,0.08540049195289612,0.13049457967281342,0.10927705466747284,0.13526968657970428,0.23208434879779816,0.08656737953424454,0.15910863876342773,-0.09425482153892517,0.0292047131806612,-0.0008495274814777076,0.01937612146139145,0.08309623599052429,0.0300113745033741,0.17905466258525848,0.20031310617923737,0.15681353211402893,0.21051840484142303,0.14241132140159607,0.1333380788564682
YIPF4,0.06657335651107132,36,0.02068537287414074,0.03859998658299446,-0.041758060455322266,0.09241025894880295,0.12655210494995117,0.2086053341627121,-0.039486709982156754,-0.042062364518642426,0.008236114867031574,-0.08828005194664001,-0.04225987195968628,0.06072140857577324,0.14252664148807526,0.13316863775253296,-0.05304473638534546,0.004420667886734009,0.08513704687356949,0.27275174856185913,0.07897660881280899,0.10971806198358536,0.11902617663145065,0.2781123220920563,0.03666117414832115,0.15289641916751862,-0.027160074561834335,0.06910030543804169,0.006825406104326248,0.0376858226954937,0.040220845490694046,0.010766355320811272,0.10762647539377213,0.13592574000358582,0.15244989097118378,0.04135263338685036,0.09167023748159409,0.06786290556192398
YTHDC1,0.034660446207756955,36,0.039491355419158936,0.08099496364593506,0.09074044227600098,0.08703630417585373,-0.00959822442382574,0.02443264052271843,-0.1575380116701126,-0.11574304103851318,0.00030385455465875566,-0.2182081639766693,-0.1805163323879242,-0.06853743642568588,0.02473611757159233,0.007390545215457678,0.12958042323589325,-0.001671195961534977,0.037080857902765274,0.21390099823474884,0.17043796181678772,0.04047317057847977,0.1942942887544632,0.09595151990652084,0.02996055781841278,0.037088245153427124,0.0574551597237587,-0.0382978729903698,-0.013426928780972958,0.007211665622889996,-0.007277463097125292,0.0719989687204361,0.0901549756526947,0.018934864550828934,0.0803275778889656,0.16064518690109253,0.14697332680225372,0.12099476158618927
ZDHHC12,0.08699117014313945,36,-0.12435347586870193,-0.04019389674067497,0.03564776852726936,-0.008311361074447632,-0.014225454069674015,-0.05282309278845787,0.11668083816766739,0.14997906982898712,0.1378321647644043,0.27412012219429016,0.1009300947189331,0.29429730772972107,0.37505948543548584,0.15474219620227814,0.14741799235343933,0.10260050743818283,0.00312410038895905,0.010479479096829891,0.11601842194795609,0.11864031851291656,0.13401775062084198,0.2705773115158081,0.1395340859889984,0.16671207547187805,0.0515621080994606,-0.05298355594277382,-0.032963402569293976,-0.04252541810274124,-0.02481449767947197,-0.005308868363499641,0.12815983593463898,0.16013093292713165,0.09155430644750595,0.12095295637845993,0.07530894130468369,0.05410497635602951
ZFAND3,0.07769414334971872,36,0.05949816107749939,0.1313450038433075,0.14939968287944794,0.16594921052455902,0.05660167708992958,0.07830550521612167,-0.1415998786687851,-0.3470212519168854,-0.15667366981506348,-0.10069101303815842,-0.05045928433537483,-0.10365666449069977,0.12122771888971329,0.14142131805419922,0.22046896815299988,0.10774857550859451,0.12427226454019547,0.1473412662744522,0.18079973757266998,0.27337563037872314,0.15903250873088837,0.16697193682193756,0.11730649322271347,0.14166872203350067,-0.07832762598991394,-0.010677685029804707,-0.028870921581983566,0.06372591853141785,0.036121685057878494,0.06328687071800232,0.20794598758220673,0.19695766270160675,0.1691657155752182,0.12583370506763458,0.24778324365615845,0.16141198575496674
ZFP36,0.012611991809939759,36,0.04014648497104645,-0.013294264674186707,-0.001955833053216338,0.045674048364162445,0.025243643671274185,0.0011037643998861313,-0.31418415904045105,-0.3112195134162903,-0.301342248916626,-0.2996278405189514,-0.1855999231338501,-0.3065384328365326,-0.03435804322361946,0.04717997834086418,0.08079979568719864,0.2081005871295929,0.06012219190597534,-0.010235004127025604,0.17508980631828308,0.07162603735923767,0.09403056651353836,0.10769747942686081,0.012093973346054554,0.18619906902313232,0.030706550925970078,0.0389513224363327,0.0033934926614165306,-0.021566733717918396,0.06685305386781693,0.004766942001879215,0.2447810024023056,0.13271519541740417,0.15677905082702637,0.12990446388721466,0.1836775839328766,0.10631761699914932
ZFPL1,0.09328873472339991,36,-0.025171972811222076,-0.03564610704779625,0.10802164673805237,0.10247910767793655,-0.01412578672170639,0.03935118764638901,0.17542517185211182,0.2198488712310791,0.2200172394514084,0.23944544792175293,0.13120369613170624,0.1554594337940216,0.0784473568201065,0.2567616403102875,0.0535554364323616,0.05961481109261513,0.03320969268679619,0.15249663591384888,0.07555645704269409,0.08728045970201492,0.08574748784303665,0.058079417794942856,0.044193707406520844,0.17445136606693268,-0.00807602796703577,0.03176386281847954,0.032557882368564606,-0.029807448387145996,0.06636060029268265,0.00511746434494853,0.15314196050167084,0.11915823817253113,0.15578755736351013,0.10341229289770126,0.13478811085224152,0.11848755180835724
ZFR,0.12257084101697223,36,0.12044389545917511,0.07212286442518234,0.12481361627578735,0.1226712316274643,0.1452503502368927,0.11362138390541077,0.18237115442752838,0.2604234516620636,0.2002093493938446,0.1439828723669052,0.23480160534381866,0.10811527073383331,0.3120031952857971,0.09319549053907394,0.20090170204639435,0.15426066517829895,0.03813023492693901,0.2921628952026367,0.1381719559431076,0.19452275335788727,0.26481133699417114,0.12355019152164459,0.1190720945596695,0.12126077711582184,-0.031551748514175415,-0.012039951048791409,-0.06663019955158234,-0.007422211114317179,0.08177400380373001,-0.01974686235189438,0.04855194687843323,0.07894919812679291,0.16680516302585602,0.1266181766986847,0.10542742908000946,0.060944993048906326
ZG16B,0.0744828160903934,36,0.09809152781963348,0.006628468632698059,0.011432641185820103,0.0048168255016207695,-0.004340709652751684,0.03335458040237427,0.07586614787578583,0.19225069880485535,0.1767309606075287,0.20063461363315582,0.06996209919452667,0.20859268307685852,0.12703637778759003,0.06410591304302216,-0.05447066202759743,0.12093231827020645,0.08900813013315201,0.04536338150501251,0.10736487805843353,0.14430031180381775,0.09786203503608704,0.10815509408712387,-0.004058968275785446,0.12132692337036133,-0.035531919449567795,-0.02716841548681259,-0.010616589337587357,0.016014985740184784,0.044920697808265686,0.023197166621685028,0.09193731099367142,0.19368676841259003,0.16020292043685913,0.07069053500890732,0.10794869810342789,0.005152950529009104
ZMAT5,0.10025208965978688,36,0.05203041806817055,0.10159832239151001,0.06769806891679764,0.03224748745560646,0.016440264880657196,0.03980133309960365,0.2796705365180969,0.2655613124370575,0.26874682307243347,0.3337061107158661,0.22111664712429047,0.23067648708820343,0.16410353779792786,0.15917198359966278,-0.05907600373029709,0.09535858780145645,0.07047758251428604,0.09443944692611694,0.09896593540906906,0.030915148556232452,0.026361556723713875,0.13619942963123322,0.09252012521028519,0.018398845568299294,0.06572265177965164,0.02476876974105835,-0.06949302554130554,-0.009203067980706692,0.01424353290349245,-0.04959088936448097,0.12998329102993011,0.11711235344409943,0.2081891894340515,0.10908588767051697,0.09481464326381683,0.13631190359592438
ZMYND19,0.1529281901376736,36,0.08017071336507797,-0.01936589740216732,0.1099487915635109,0.09196601063013077,-0.007781078573316336,0.1551436185836792,0.23953595757484436,0.2647957503795624,0.29328519105911255,0.3018271028995514,0.1758640557527542,0.29065728187561035,0.08523612469434738,0.166950523853302,0.21484677493572235,0.15632030367851257,0.23941856622695923,0.22181858122348785,0.16857032477855682,0.12170988321304321,0.2324260026216507,0.19035440683364868,0.2855691611766815,0.25141453742980957,0.08209532499313354,0.03263939172029495,0.04954781383275986,-0.009114074520766735,0.03384622186422348,0.023558229207992554,0.1261979639530182,0.16741740703582764,0.14675533771514893,0.17802934348583221,0.24404017627239227,0.1197190210223198
ZMYND8,0.07175942794937226,36,0.06427974998950958,0.11003421992063522,0.007180794142186642,0.013984676450490952,0.07480093091726303,0.04154977202415466,0.020215272903442383,0.051187556236982346,0.06720926612615585,0.15114028751850128,0.14310094714164734,0.24822792410850525,0.04266493394970894,-0.02141723409295082,0.012368625029921532,0.06308111548423767,0.10227452218532562,0.18665198981761932,0.04463858902454376,0.09265796095132828,0.027350574731826782,0.10007153451442719,0.08500643074512482,0.04985171556472778,-0.014295357279479504,-0.019345957785844803,-0.03612839803099632,0.09796258062124252,0.10327467322349548,0.03812897577881813,0.08567884564399719,0.08329326659440994,0.04747100919485092,0.15021950006484985,0.15966393053531647,0.10930418223142624
ZNF217,0.14072356638239902,36,0.07996701449155807,0.22522348165512085,0.1933700293302536,0.02710731141269207,0.12651853263378143,0.1459425985813141,0.0890575721859932,0.07605583965778351,0.18218044936656952,0.13014480471611023,0.20543865859508514,0.18152320384979248,0.057481348514556885,0.2598024010658264,0.26056668162345886,0.16762897372245789,0.059666600078344345,0.2681446671485901,0.060026347637176514,0.2569728195667267,0.15586191415786743,0.18124787509441376,0.2288488894701004,0.12250199913978577,0.006253995466977358,0.025954902172088623,-0.04768158495426178,0.02665209397673607,0.08398156613111496,0.06465432047843933,0.174850732088089,0.27134987711906433,0.11137767136096954,0.15761858224868774,0.23091688752174377,0.21883933246135712
ZNF337,0.11203877294125657,36,0.003981831017881632,-0.053829941898584366,0.10505278408527374,0.04036075249314308,0.012190356850624084,0.09111354500055313,0.21959194540977478,0.28097298741340637,0.20151758193969727,0.294064462184906,0.2534880042076111,0.18154478073120117,0.16964764893054962,0.16283200681209564,0.1526293158531189,0.10608616471290588,0.1030459776520729,0.15169045329093933,0.033506348729133606,0.09421540051698685,0.10265935957431793,0.05271883308887482,0.2382906675338745,0.15431427955627441,0.08313785493373871,0.002070789225399494,0.02054554596543312,0.06291220337152481,-0.006440561730414629,0.0672973021864891,0.10606058686971664,0.11231022328138351,0.09505724161863327,0.11479225009679794,0.18626666069030762,0.03770018368959427
ZNF33B,0.07882988621147685,36,-0.0010626530274748802,0.05364489555358887,0.08682351559400558,-0.03882015123963356,0.007732443045824766,0.0501294769346714,0.1785208284854889,0.31296324729919434,0.1056126281619072,0.11379077285528183,0.21482780575752258,0.11913575977087021,-0.051318563520908356,0.05632748454809189,-0.01578177697956562,0.1339239925146103,0.0031036576256155968,0.11333467066287994,0.0754213035106659,0.18671263754367828,0.15409541130065918,0.09560878574848175,0.05937950313091278,0.11405444145202637,0.005283690057694912,-0.042287472635507584,0.00042635531281121075,0.05600183084607124,-0.008609871380031109,0.05743766576051712,0.12573489546775818,0.18242409825325012,0.09097426384687424,0.07857803255319595,0.17894034087657928,-0.01518804207444191
ZNF362,0.06834700031645803,36,0.011186981573700905,0.040078602731227875,-0.0033230953849852085,0.0026408841367810965,0.04496506229043007,-0.06703513860702515,0.063505157828331,0.07642782479524612,0.133431538939476,0.13282017409801483,0.029553497210144997,0.1731778234243393,0.09809459745883942,0.03936303034424782,0.22310546040534973,0.0972478985786438,0.05463923513889313,0.21298761665821075,0.052001338452100754,0.0725545659661293,0.014313451945781708,0.10598001629114151,0.07047601044178009,0.16173946857452393,0.03955492004752159,-0.046493127942085266,0.047877129167318344,-0.05008813738822937,0.01616906188428402,-0.005151839926838875,0.04970274120569229,0.08484435826539993,0.002488902769982815,0.0807088315486908,0.19549420475959778,0.20545296370983124
ZNF524,0.045378280507672265,36,-0.036685459315776825,0.07787800580263138,-0.07995782047510147,0.007137984037399292,-0.07262641191482544,0.0205996111035347,0.09944221377372742,0.1696843057870865,0.04510451480746269,0.1071343868970871,0.25728994607925415,0.10092431306838989,0.11498014628887177,0.14367592334747314,0.028056109324097633,0.020049042999744415,-0.004638517275452614,0.08444556593894958,0.014592613093554974,0.11927641928195953,0.009528457187116146,0.16030344367027283,0.18809549510478973,0.02215348184108734,-0.010921656154096127,-0.04476975277066231,0.03626523166894913,-0.07996536791324615,-0.0655428022146225,0.005808296613395214,0.04148055613040924,-0.044933635741472244,0.017332782968878746,0.0808233693242073,0.10107617825269699,0.0005211276584304869
ZNF592,0.048481391011995986,36,0.041991543024778366,0.06635639816522598,-0.05387256294488907,0.011895471252501011,-0.014565898105502129,-0.008402534760534763,0.08446802943944931,0.3342200815677643,0.04377741366624832,0.15675631165504456,0.08973083645105362,0.04359078407287598,-0.041562773287296295,0.0746704712510109,-0.12228306382894516,0.19176720082759857,-0.025517942383885384,0.091619111597538,-0.0021184489596635103,0.0769079402089119,0.012568970210850239,0.08427511155605316,0.07525186985731125,0.008670306764543056,-0.008928722701966763,0.04281282797455788,-0.0489538200199604,0.004716678522527218,-0.01978369615972042,0.036955252289772034,0.05087525025010109,0.13116487860679626,0.10693695396184921,0.14139771461486816,0.08000794798135757,0.007934183813631535
ZNF644,0.03924278410785417,36,-0.001673825434409082,-0.03953944891691208,0.08227953314781189,0.0034383172169327736,0.09709532558917999,0.006850413512438536,-0.08599978685379028,0.0575418546795845,-0.08824938535690308,-0.05740570276975632,-0.05806968733668327,-0.032116539776325226,0.07458188384771347,-0.03300191089510918,0.1679520159959793,0.0796206071972847,0.13611383736133575,-0.02203567512333393,0.019775137305259705,-0.02086298167705536,0.0626506581902504,0.15388819575309753,0.03011852502822876,-0.03931382670998573,-0.024222886189818382,0.027095353230834007,-0.07042014598846436,-0.006311793811619282,0.034471772611141205,-0.029060550034046173,0.22372642159461975,0.2558605372905731,0.15014448761940002,0.10637269169092178,0.14980410039424896,0.10164270550012589
ZNF668,0.08945990317483342,36,0.06578366458415985,0.0396597795188427,0.09631741046905518,-0.0002220236201537773,0.026764173060655594,0.10491780936717987,0.023493431508541107,0.21741904318332672,0.0671832263469696,0.20356447994709015,0.1352572739124298,0.10114938020706177,0.1949671357870102,0.13212116062641144,0.11685642600059509,0.08846143633127213,0.07133492827415466,0.23143579065799713,0.07015783339738846,0.11903880536556244,0.13613827526569366,0.210998997092247,0.01730569265782833,0.06912091374397278,-0.028171377256512642,0.008350972086191177,0.05143865570425987,0.04968036338686943,-0.026669738814234734,0.029763158410787582,0.02997482195496559,0.10722500830888748,0.05143522098660469,0.08377769589424133,0.08680432289838791,0.23772236704826355
ZNF771,0.04850436428225496,36,-0.027817795053124428,0.0699346736073494,0.11232360452413559,-0.01066571194678545,-0.09082513302564621,-0.02999148517847061,0.06719360500574112,0.1573774516582489,0.14769496023654938,0.16079677641391754,0.018099088221788406,0.18517310917377472,0.1330745369195938,0.12400007992982864,0.025749672204256058,0.01482999324798584,0.047509148716926575,0.04877922311425209,0.14609700441360474,0.057149194180965424,0.048151738941669464,0.06321315467357635,-0.024355828762054443,0.08739641308784485,0.04052332043647766,-0.009401125833392143,0.0028677477966994047,-0.07824361324310303,-0.020096423104405403,-0.11082655191421509,0.0594063475728035,0.10223567485809326,0.10799878090620041,0.012038657441735268,0.10355447977781296,0.005212345160543919
ZNF787,0.0997937871919324,36,0.014188830740749836,0.04799757897853851,0.06735159456729889,0.037282224744558334,-0.07471519708633423,0.08175830543041229,0.2212117612361908,0.1996452659368515,0.1840008795261383,0.21705999970436096,0.2184031754732132,0.2609470784664154,0.08549131453037262,0.2625792920589447,0.265175998210907,0.011429378762841225,0.08424464613199234,0.1570950597524643,-0.007122862618416548,0.12615245580673218,0.17242449522018433,0.15889061987400055,0.038235075771808624,0.276839017868042,-0.03313314914703369,0.04069502651691437,-0.019442234188318253,0.005582814570516348,-0.04194021597504616,-0.02823612466454506,0.11363530158996582,0.15910476446151733,0.09476123750209808,0.04978228732943535,0.12876294553279877,0.016437696292996407
ZNF791,-0.01335272412850625,36,0.011031286790966988,-0.1053122729063034,-0.009778361767530441,-0.005708054639399052,0.040197327733039856,-0.008886604569852352,-0.09030259400606155,0.010202663019299507,-0.07278726249933243,0.08014781773090363,-0.042020078748464584,0.015839161351323128,-0.0427570678293705,-0.09439695626497269,-0.045011166483163834,-0.07071515172719955,-0.04351004958152771,-0.11200465261936188,0.02179604209959507,0.026261694729328156,0.002957308432087302,0.025454754009842873,-0.06865695863962173,0.013526668772101402,0.0035241753794252872,-0.009721486829221249,0.008460520766675472,0.08626583963632584,0.05969046801328659,0.05936311185359955,-0.03436049818992615,-0.04052696377038956,0.0030380769167095423,0.023852886632084846,-0.06815395504236221,-0.007697736378759146
ZNF83,0.0930451990570873,36,0.0030501096043735743,0.018257101997733116,0.045884549617767334,0.10923705995082855,0.07592475414276123,-0.005991457495838404,0.2801342308521271,0.2305261492729187,0.1623803973197937,0.20797675848007202,0.24386624991893768,0.16447512805461884,0.024917082861065865,0.11117389053106308,0.10644891113042831,-0.013500751927495003,0.0424116775393486,0.21097998321056366,0.11149735003709793,0.07370962202548981,0.07011162489652634,0.06446683406829834,0.1882133185863495,0.10439357906579971,0.004131777677685022,0.00025735492818057537,-0.007047849241644144,0.024327628314495087,-0.010453129187226295,-0.004055639263242483,0.11333727091550827,0.13088591396808624,0.10949739068746567,0.07992714643478394,0.17610497772693634,0.10217016935348511
ZNF91,0.023758268406203972,36,0.1426364928483963,0.1381756067276001,0.06237998977303505,0.0967593714594841,0.06445610523223877,0.013272044248878956,0.11394044756889343,-0.0816127210855484,-0.05590298771858215,0.020209914073348045,-0.09641789644956589,0.0451170913875103,-0.05221105366945267,0.03974184766411781,0.1043243259191513,0.09908124059438705,-0.04169093444943428,-0.0012074284022673965,0.10546909272670746,-0.023132184520363808,0.04632898047566414,0.060430221259593964,0.11538152396678925,0.04166945070028305,-0.05196584016084671,-0.00018625361553858966,-0.04516352713108063,-0.014465454034507275,0.013100781477987766,-0.010095184668898582,0.048707883805036545,-0.049171142280101776,-0.06817971915006638,-0.036486607044935226,0.02523231692612171,0.08677186816930771
ZNRF1,0.11277820167338683,36,-0.12549421191215515,0.09362969547510147,0.01997576840221882,0.04716474190354347,0.04289473220705986,0.02014739252626896,0.16394861042499542,0.305209219455719,0.11955439299345016,0.2580283582210541,0.2839113175868988,0.3115283250808716,0.148977592587471,0.1486920565366745,0.06796610355377197,0.10847953706979752,0.14354947209358215,0.08079927414655685,0.13909882307052612,0.28181949257850647,0.18550056219100952,0.2609404921531677,0.1400006115436554,0.20183436572551727,-0.017178911715745926,-0.027505550533533096,-0.026735100895166397,-0.030178658664226532,0.023943176493048668,-0.012248164974153042,0.05791695415973663,0.13235987722873688,0.14742998778820038,0.12519101798534393,0.16130325198173523,0.077560655772686
ZSWIM8,0.1573697715001698,36,0.07381346821784973,0.05068504437804222,0.13027654588222504,0.09827065467834473,-0.0022474222350865602,0.020846260711550713,0.2670268714427948,0.35639891028404236,0.39627861976623535,0.40134134888648987,0.3723049759864807,0.27666062116622925,0.2541021704673767,0.23904694616794586,0.08731196820735931,0.12121587991714478,0.16942046582698822,0.05348537862300873,0.0609162338078022,0.11918041110038757,0.05933791399002075,0.3155536651611328,0.14584341645240784,0.2835749685764313,0.024828467518091202,0.0691387951374054,0.07363899052143097,-0.019893016666173935,0.017064377665519714,-0.008399994112551212,0.13904111087322235,0.20596115291118622,0.146375834941864,0.21955257654190063,0.2478947639465332,0.1994633972644806
