gene,pcc,n_units,pcc_fold00_A,pcc_fold01_B,pcc_fold02_C,pcc_fold03_D,pcc_fold04_E,pcc_fold05_F,pcc_fold06_G,pcc_fold07_H
A2M,0.10049460630398244,8,-0.013856540434062481,0.2504297196865082,-0.03791487216949463,0.12376712262630463,0.0024800654500722885,-0.01826104149222374,0.19402799010276794,0.3032844066619873
AAMDC,0.049356397008523345,8,0.01580127142369747,0.11829407513141632,0.13452884554862976,0.09873951971530914,-0.05359579622745514,-0.07142487913370132,0.07247237116098404,0.08003576844930649
ABCA3,0.06571672812788165,8,0.004206379875540733,0.19836804270744324,0.08101530373096466,0.04527509585022926,0.0003773292701225728,-0.021763652563095093,0.10146655887365341,0.11678876727819443
ABCA7,0.06704349012579769,8,0.02510981075465679,0.12003351002931595,0.06767360121011734,0.06329712271690369,0.07016327232122421,0.011517678387463093,0.049844056367874146,0.1287088692188263
ABCF3,0.1300914075691253,8,0.06849813461303711,0.2291485220193863,0.15965427458286285,0.18460898101329803,0.07042389363050461,-0.013459904119372368,0.17984233796596527,0.16201502084732056
ABHD14A,0.036481677991105244,8,0.03654627874493599,0.05961252748966217,0.11688873916864395,0.034634701907634735,-0.0003781022969633341,-0.03320642560720444,0.04039612412452698,0.037359580397605896
ABHD4,0.032055337709607556,8,0.024310793727636337,0.05012494698166847,0.052354201674461365,0.06667448580265045,0.0030769838485866785,-0.05831288546323776,0.05654901638627052,0.06166515871882439
ACAA1,0.09390157728921622,8,0.052983369678258896,0.2269899994134903,0.14003336429595947,0.09076032042503357,0.01023236196488142,-0.05393902212381363,0.1487331986427307,0.13541902601718903
ACER3,-0.008003271534107625,8,-0.03008296713232994,0.01791858859360218,-0.025026584044098854,0.05400950461626053,-0.0030595725402235985,-0.006095657125115395,-0.02018715627491474,-0.051502328366041183
ACTR3B,0.06645683306851424,8,0.06719473749399185,0.0888802707195282,0.06329823285341263,0.09308212250471115,-0.0023891746532171965,0.02886471338570118,0.052435364574193954,0.14028839766979218
ADAM15,-0.0006472445093095303,8,-0.11955203115940094,-0.12309644371271133,0.017002442851662636,0.08755580335855484,-0.05495988950133324,-0.05868443474173546,0.22253532707691193,0.024021269753575325
ADCY3,0.03343084872176405,8,0.012775096110999584,0.043181128799915314,0.048538438975811005,0.05636395514011383,0.0015988544328138232,-0.036583300679922104,0.06865406036376953,0.07291855663061142
ADI1,0.10834603174589574,8,0.015900876373052597,0.21426072716712952,0.21060867607593536,0.13890340924263,-0.02062165178358555,-0.0322774238884449,0.19539222121238708,0.14460141956806183
AEBP1,-0.05175352096557617,8,-0.14030879735946655,-0.058278851211071014,-0.08897825330495834,-0.11559399962425232,-0.060896895825862885,-0.15700966119766235,0.07148223370313644,0.13555605709552765
AES,0.07424774381797761,8,-0.008217851631343365,0.16550199687480927,0.10173439234495163,0.03867093473672867,-0.03667350858449936,-0.018259717151522636,0.1710742712020874,0.18015143275260925
AGAP2,0.005570310022449121,8,-0.03972100466489792,-0.007058793678879738,-0.06481336802244186,0.0036473970394581556,0.06436394155025482,-0.007305830717086792,0.02309868298470974,0.07235145568847656
AGO2,0.0860287506984605,8,0.07646997272968292,0.07347997277975082,0.1524983048439026,0.12004541605710983,0.0003630142018664628,0.015643728896975517,0.1113613024353981,0.13836829364299774
AGPAT2,0.09952299646101892,8,0.008289285935461521,0.14990417659282684,0.1820318102836609,0.2209845632314682,-0.0145774120464921,-0.030373455956578255,0.15723612904548645,0.12268887460231781
AGR2,0.09772861516103148,8,0.05526694282889366,0.31454017758369446,0.2528192102909088,0.09945198148488998,-0.056191325187683105,-0.03191908076405525,0.10032626986503601,0.047534745186567307
AHCY,0.08269319904502481,8,0.04406270384788513,0.24102483689785004,0.16394475102424622,0.12404312193393707,-0.06865943223237991,-0.0015417160466313362,0.09936586022377014,0.05930546671152115
AKAP9,0.020960724606993608,8,0.02473302185535431,-0.06046005338430405,0.001468182890675962,0.05757467821240425,0.026823116466403008,-0.0020477231591939926,0.07242876291275024,0.04716581106185913
AKR1A1,0.12806288042338565,8,0.10291135311126709,0.2715701162815094,0.2193041890859604,0.1616445630788803,-0.0064625791274011135,-0.0342903696000576,0.11422189325094223,0.1956038773059845
AKT1S1,0.07833097423281288,8,-0.02040029875934124,0.18929824233055115,0.10531607270240784,0.12699930369853973,-0.0001470603165216744,-0.03796643018722534,0.14238476753234863,0.12116319686174393
ALDH16A1,0.0648068836890161,8,0.038866620510816574,0.1596796065568924,0.07431039214134216,0.061216481029987335,-0.03879212960600853,0.012697193771600723,0.07564669847488403,0.13483020663261414
ALG3,0.13275904254987836,8,0.06654010713100433,0.2452273666858673,0.1497170329093933,0.15608017146587372,0.04281475022435188,0.0014690607786178589,0.20334292948246002,0.19688092172145844
ANGPTL4,0.0011686882935464382,8,-0.0271634329110384,0.015416535548865795,-0.0491684153676033,-0.0052187019027769566,0.005605900194495916,-0.02588341385126114,0.05827360600233078,0.03748742863535881
ANKLE2,0.13110153621528298,8,0.04623336344957352,0.25244832038879395,0.12828880548477173,0.21314603090286255,0.03054908663034439,0.004285995848476887,0.1520387977361679,0.2218218892812729
ANKRD12,0.03940485225757584,8,0.026389632374048233,0.11798498779535294,0.06604121625423431,0.028757978230714798,0.024617360904812813,0.029676232486963272,-0.006357035133987665,0.028128445148468018
ANKRD28,0.0519883165252395,8,0.029300231486558914,0.11497993767261505,0.020135391503572464,0.08225011825561523,0.003930023405700922,0.016330711543560028,0.052522823214530945,0.09645729511976242
ANLN,0.074874208541587,8,0.10961752384901047,0.0939449742436409,0.07475950568914413,0.0749601349234581,-0.017757143825292587,0.010843848809599876,0.14912937581539154,0.10349544882774353
ANO10,0.04558199713937938,8,0.054850947111845016,0.07330968230962753,0.10925239324569702,0.04437655955553055,-0.07570373266935349,-0.012559136375784874,0.08259967714548111,0.08852958679199219
AP5B1,0.010127061832463369,8,-0.045504190027713776,0.0717279314994812,-0.0029515151400119066,0.052552781999111176,0.008899529464542866,-0.05391978472471237,-0.0109727056697011,0.06118444725871086
AP5Z1,0.09697755085653625,8,0.030411764979362488,0.1805303394794464,0.10418401658535004,0.10918088257312775,0.03578031808137894,-0.0025565449614077806,0.205996572971344,0.1122930571436882
APBA2,0.0857285602542106,8,0.0029580642003566027,0.13252940773963928,0.17992398142814636,0.056307196617126465,0.004137963056564331,0.038307130336761475,0.09716854989528656,0.17449618875980377
APBB2,0.04448527761269361,8,0.007573910057544708,0.12083528935909271,0.043588750064373016,0.019704924896359444,0.005894517060369253,0.005191538017243147,0.026508523151278496,0.12658476829528809
APOBEC3G,0.05252316046971828,8,-0.03417281433939934,0.1894276738166809,0.04521086439490318,0.072577565908432,-0.025623532012104988,-0.010166407562792301,0.0617830716073513,0.12114886194467545
APOC1,0.030971032567322254,8,-0.10880033671855927,0.15489663183689117,-0.02060983143746853,0.021457122638821602,0.02191707119345665,-0.08452192693948746,0.11039944738149643,0.15303008258342743
AQP1,0.007465810282155871,8,0.043758418411016464,-0.07389255613088608,0.032936155796051025,0.020392607897520065,0.04428253695368767,0.019737185910344124,0.038125962018966675,-0.06561382859945297
ARF5,0.03203623741865158,8,0.01698356494307518,0.03209682181477547,0.07687114924192429,0.03988076373934746,-0.035126104950904846,-0.04442708566784859,0.11522428691387177,0.054786503314971924
ARF6,0.17486709239892662,8,0.14024414122104645,0.3052575886249542,0.254291832447052,0.249985471367836,-0.013039076700806618,0.07844014465808868,0.1556892693042755,0.22806736826896667
ARFGEF2,0.06759823445463553,8,0.0841008871793747,0.13083156943321228,0.10440932214260101,0.048756763339042664,-0.005856416653841734,0.023884102702140808,0.11649421602487564,0.03816543146967888
ARHGAP10,0.0436296061379835,8,0.012600842863321304,0.1040513813495636,0.043251946568489075,0.05600554496049881,0.00376757699996233,-0.010030066594481468,0.045737672597169876,0.09365195035934448
ARHGAP4,0.08691283594816923,8,-0.01288982480764389,0.23000000417232513,0.06678079813718796,0.10585375130176544,0.06415717303752899,0.006598740816116333,0.07915835827589035,0.15564368665218353
ARHGAP45,0.07313535083085299,8,-0.013259677216410637,0.2558455765247345,0.036780454218387604,0.011521054431796074,0.036426182836294174,-0.03683769330382347,0.07718761265277863,0.21741929650306702
ARHGAP5,0.0598683450371027,8,0.028054583817720413,0.05621703341603279,0.09983932971954346,0.046253692358732224,0.03920428827404976,0.03444831073284149,0.07950219511985779,0.09542732685804367
ARHGEF10L,0.09086744557134807,8,0.03089326061308384,0.17443321645259857,0.07180308550596237,0.08849453926086426,0.055210113525390625,-0.024550195783376694,0.14490079879760742,0.18575474619865417
ARHGEF3,0.09333926680847071,8,0.06049506366252899,0.20157799124717712,0.08632779866456985,0.08123969286680222,-0.0026243862230330706,0.021642399951815605,0.13084439933300018,0.16721117496490479
ARHGEF40,0.019907122499716934,8,-0.019753003492951393,-0.020187940448522568,0.05884413793683052,0.03979796916246414,-0.04517321288585663,-0.0006272660684771836,0.04533107951283455,0.10102521628141403
ARID1B,0.0057120396522805095,8,0.01377357542514801,0.008464610204100609,-0.037625037133693695,0.030883027240633965,-0.03479509800672531,0.005347265861928463,0.013922736048698425,0.04572523757815361
ARID3A,-0.026391636580228806,8,-0.03587035834789276,-0.08118171244859695,-0.027941187843680382,0.025898344814777374,0.010317159816622734,-0.015443481504917145,-0.06290676444768906,-0.024005092680454254
ARID4A,-0.006613034238398541,8,-0.017126737162470818,-0.0761512964963913,-0.02760595642030239,0.008963251486420631,0.0331086739897728,0.002869528718292713,0.022220276296138763,0.0008179856813512743
ARID5A,0.04312160499102902,8,0.009731573052704334,0.2229127585887909,0.06343917548656464,0.03525498881936073,-0.07439569383859634,0.0018376460066065192,0.0724683478474617,0.01372404396533966
ARID5B,0.03246928215958178,8,0.04968057572841644,-0.0196238961070776,0.05742478743195534,0.040283430367708206,0.028850970789790154,0.04284636676311493,-0.0102438535541296,0.07053587585687637
ARNT,0.05377778579713777,8,0.01181645318865776,0.08258254081010818,0.10365862399339676,0.11712674051523209,-0.03590550273656845,0.006376402918249369,0.04474290460348129,0.09982412308454514
ASCL2,0.039802452723961323,8,0.005974168423563242,0.07594729959964752,0.057910505682229996,0.12152416259050369,-0.049615420401096344,-0.013928947038948536,0.05497615039348602,0.06563170254230499
ASH2L,0.0941430224920623,8,0.005869473796337843,0.17355069518089294,0.09540323168039322,0.21609985828399658,0.02079913765192032,0.0262110847979784,0.09440881758928299,0.1208018809556961
ASL,0.08179956919047982,8,0.04154910892248154,0.1743718832731247,0.08392637968063354,0.13580073416233063,-0.019962267950177193,-0.010597632266581059,0.14813019335269928,0.10117815434932709
ASMTL,0.05807813152205199,8,0.020281104370951653,0.11860739439725876,0.09284354001283646,0.04949859157204628,0.008988425135612488,0.0064716460183262825,0.07767035812139511,0.09026399254798889
ASNA1,0.11577739322092384,8,0.018727397546172142,0.25429168343544006,0.1720762699842453,0.17449937760829926,-0.012290733866393566,-0.02443239837884903,0.2064180225133896,0.13692952692508698
ASNS,0.05036249617114663,8,0.02645307220518589,0.10315665602684021,0.09949861466884613,0.07901578396558762,-0.012332795187830925,-0.07633361220359802,0.10592266172170639,0.07751958817243576
ATAD1,0.0559173715300858,8,0.0159732885658741,0.13233782351016998,0.049526337534189224,0.11260349303483963,-0.035644613206386566,0.03640168532729149,0.07154069095849991,0.06460026651620865
ATF6B,0.05458305144657061,8,0.02352260611951351,0.021509267389774323,0.03593532741069794,0.08279451727867126,3.95809838664718e-05,0.05761158466339111,0.14646640419960022,0.06878512352705002
ATG12,0.08830831799423322,8,0.07423993200063705,0.20191265642642975,0.10667654871940613,0.08567474782466888,-0.004332166630774736,0.0482400506734848,0.12544932961463928,0.0686054453253746
ATG16L2,0.07478335127234459,8,0.04154463857412338,0.1876751184463501,0.029312795028090477,0.08806689828634262,0.030289998278021812,0.018360685557127,0.0727386549115181,0.13027802109718323
ATL2,0.06454066516744206,8,0.02568267285823822,0.11862986534833908,0.06623577326536179,0.07792358100414276,0.002976061310619116,-0.0009700480732135475,0.10527555644512177,0.12057185918092728
ATP5H,0.13706165796611458,8,0.05474945530295372,0.2804848551750183,0.24311690032482147,0.2314893901348114,0.009128231555223465,-0.009343433193862438,0.17022348940372467,0.11664437502622604
ATP5O,0.13880827859975398,8,0.034787170588970184,0.28950539231300354,0.1911744475364685,0.2175964117050171,-0.01938273385167122,-0.015866132453083992,0.21475088596343994,0.19790078699588776
ATP6AP1,0.14322283017099835,8,-0.006108116824179888,0.3158380389213562,0.2121141254901886,0.13608893752098083,-0.025656122714281082,-0.0019560980144888163,0.28460684418678284,0.2308550328016281
ATP6V0D1,0.05445212440099567,8,-0.010741193778812885,0.18491776287555695,0.10169097036123276,0.06786268949508667,-0.03660637512803078,-0.04825800284743309,0.10555478930473328,0.07119635492563248
AURKAIP1,0.10752011858858168,8,0.04242561757564545,0.28373098373413086,0.14414803683757782,0.14017817378044128,0.012232990935444832,-0.05366673320531845,0.1764630824327469,0.11464879661798477
AVEN,0.008646938542369753,8,-0.03892752155661583,0.007678680587559938,0.015570646151900291,0.017886849120259285,0.008020393550395966,-0.018066173419356346,0.02323177643120289,0.05378085747361183
BABAM1,0.11563125462271273,8,0.060677818953990936,0.24527962505817413,0.1441061645746231,0.13982638716697693,-0.024456273764371872,-0.02347160317003727,0.19145353138446808,0.1916343867778778
BAD,0.0811477871320676,8,0.03474432975053787,0.13400864601135254,0.1536383479833603,0.07490918785333633,-0.0036565104965120554,-0.06089605763554573,0.18878895044326782,0.12764540314674377
BAG1,0.10086765745654702,8,0.07583194226026535,0.25100982189178467,0.14148566126823425,0.1559140980243683,0.010078392922878265,-0.026524510234594345,0.07309389114379883,0.12605196237564087
BAIAP3,-0.007890127133578062,8,0.018916510045528412,-0.060112934559583664,0.007245790213346481,0.025945298373699188,-0.019984321668744087,0.0365547314286232,-0.043891869485378265,-0.02779422141611576
BCAM,0.1011523564811796,8,0.07437291741371155,0.12438500672578812,0.17895670235157013,0.0677746832370758,-0.0306232962757349,0.028299733996391296,0.19348379969596863,0.17256930470466614
BCL2,-0.01660247892141342,8,0.00457276776432991,-0.0031543406657874584,-0.041584547609090805,0.009052450768649578,0.029598556458950043,-0.00664339167997241,-0.04385887086391449,-0.08080245554447174
BCL2L12,0.07269103667931631,8,0.03636396676301956,0.14835068583488464,0.1526210904121399,0.07679865509271622,-0.0313081368803978,-0.005105828400701284,0.08923953026533127,0.114568330347538
BGN,-0.0467278235591948,8,-0.07681788504123688,-0.19834347069263458,0.06289881467819214,-0.05101969838142395,-0.034439340233802795,-0.06677351891994476,0.06175430491566658,-0.07108179479837418
BICDL1,0.06582056824117899,8,0.039764851331710815,0.19634835422039032,0.09082719683647156,0.03984082117676735,-0.03384951502084732,0.027910102158784866,0.038084037601947784,0.12763869762420654
BIN3,0.07353222627716605,8,-0.0013063958613201976,0.17143921554088593,0.08788630366325378,0.0772683247923851,0.012018672190606594,-0.006746021099388599,0.08025659620761871,0.16744111478328705
BIRC2,0.07507796492427588,8,0.03172358125448227,0.028292622417211533,0.046142540872097015,0.20192581415176392,-0.03426042199134827,0.02218874916434288,0.1342766433954239,0.17033419013023376
BIRC5,0.10663132177432999,8,-0.006782941985875368,0.18965309858322144,0.16342370212078094,0.2127576768398285,-0.017941199243068695,-0.014224126935005188,0.1767629086971283,0.14940145611763
BLVRA,0.13351043197326362,8,0.024656489491462708,0.3698919415473938,0.15099041163921356,0.24276494979858398,-0.03342623636126518,0.018071362748742104,0.21261583268642426,0.08251870423555374
BOK,0.016386246861657128,8,-0.0037415476981550455,0.0033792993053793907,0.04351559281349182,0.07091127336025238,-0.039335403591394424,-0.03561857342720032,0.07281874865293503,0.01916058547794819
BOLA3,0.05286782302209758,8,0.045787397772073746,0.013846173882484436,0.056682221591472626,0.08885137736797333,-0.022488761693239212,-0.00035783855128102005,0.14546507596969604,0.09515693783760071
BRD9,0.12647818762343377,8,0.03165547177195549,0.3162655830383301,0.17253413796424866,0.16773492097854614,-0.014071785844862461,0.022989314049482346,0.13529939949512482,0.17941845953464508
BRF1,0.10549023246858269,8,0.02646520733833313,0.22650153934955597,0.18460680544376373,0.14899931848049164,-0.003254532814025879,-0.015345240943133831,0.13320796191692352,0.14274080097675323
BRF2,0.05947679973905906,8,0.013053586706519127,0.014978294260799885,0.08082312345504761,0.164520725607872,0.0482168048620224,0.005114540923386812,0.08237922191619873,0.06672810018062592
BRK1,0.06863711914047599,8,0.034243062138557434,0.13990193605422974,0.1608610451221466,0.08826274424791336,-0.05357290059328079,-0.05081223323941231,0.16139915585517883,0.06881414353847504
BRPF1,0.051673158654011786,8,0.026745185256004333,0.011436354368925095,0.0688699409365654,0.08361497521400452,0.011203550733625889,0.06681158393621445,0.049745336174964905,0.0949583426117897
BSG,0.03857113281264901,8,-0.005918826907873154,-0.19724725186824799,0.12545913457870483,0.12394987791776657,-0.07634378224611282,-0.046899303793907166,0.24017001688480377,0.14539919793605804
BST2,0.05852157511981204,8,-0.02329140342772007,0.21725066006183624,0.09418991953134537,-0.007209220435470343,-0.03822046145796776,-0.02531895972788334,0.1726420521736145,0.07813001424074173
BTG1,0.06502659880788997,8,0.04286884143948555,-0.25140702724456787,0.1496245265007019,0.25411149859428406,0.002896683756262064,0.07120021432638168,0.1573430895805359,0.09357496351003647
C10orf10,-0.027676130703184754,8,-0.03050326369702816,-0.07880339026451111,-0.04856991767883301,-0.020825931802392006,-0.04421987012028694,0.027102844789624214,-0.02125612273812294,-0.00433339411392808
C10orf54,0.045350792119279504,8,-0.023804642260074615,0.1495101898908615,0.04687603563070297,-0.00971820019185543,-0.030870623886585236,-0.06393545866012573,0.13857631385326385,0.1561727225780487
C12orf45,0.09431023371871561,8,0.04345117136836052,0.19286029040813446,0.1035517156124115,0.20553559064865112,-0.00404087919741869,0.028157588094472885,0.05988732725381851,0.12507906556129456
C15orf61,0.04514742735773325,8,0.013591771945357323,0.015190836042165756,0.09631132334470749,0.11980736255645752,-0.016124485060572624,-0.01835567131638527,0.06402848660945892,0.08672979474067688
C19orf24,0.05523676914162934,8,0.03657803684473038,0.14746171236038208,0.07718691974878311,0.1028016060590744,-0.012052135542035103,-0.04812399297952652,0.11867838352918625,0.01936362311244011
C19orf52,0.0386235416517593,8,0.044946521520614624,-0.12524528801441193,0.09718205034732819,0.07746683061122894,-0.001136427279561758,0.009008122608065605,0.10580296069383621,0.10096356272697449
C19orf60,0.06554329913342372,8,0.005812565330415964,0.17156636714935303,0.08436868339776993,0.054087501019239426,-0.014329941011965275,-0.014303282834589481,0.152210995554924,0.08493350446224213
C1QB,0.034487512428313494,8,-0.05862748622894287,0.2682682275772095,0.06514069437980652,-0.014837861061096191,-0.03353598341345787,-0.09523176401853561,0.08036350458860397,0.06436076760292053
C1R,-0.0519688483182108,8,-0.006137886084616184,-0.08782889693975449,-0.01643221266567707,0.009426042437553406,-0.0015062884194776416,-0.041664332151412964,-0.12081409245729446,-0.15079312026500702
C1S,0.11306551517918706,8,-0.02986951172351837,0.26218560338020325,0.07131574302911758,0.13110092282295227,-0.010037790983915329,0.041334398090839386,0.16039709746837616,0.27809765934944153
C1orf216,0.03330153971910477,8,-0.007232306059449911,0.08039164543151855,0.02498156763613224,0.06857190281152725,-0.006115044001489878,-0.02700957842171192,0.06920308619737625,0.06362104415893555
C2,0.05870113521814346,8,0.03557019680738449,0.2932671904563904,-0.019558491185307503,0.061531100422143936,0.004895737394690514,-0.0586579293012619,0.03905285894870758,0.11350841820240021
C2CD2L,0.056705336552113295,8,0.051137443631887436,0.06791376322507858,0.09707899391651154,0.11231744289398193,0.02680271863937378,-0.016131147742271423,0.05367771163582802,0.060845766216516495
C3,0.04909240244887769,8,0.11005959659814835,-0.12306787073612213,0.19395747780799866,0.14851127564907074,0.028213748708367348,0.03643884137272835,0.06779825687408447,-0.06917210668325424
C4orf48,0.053156567621044815,8,-0.02199712023139,0.12995487451553345,0.08817443251609802,0.14886069297790527,-0.003250568173825741,-0.02605193667113781,0.1409945785999298,-0.031432412564754486
C5orf38,0.034255061647854745,8,0.019828462973237038,-0.004468722268939018,0.05548113211989403,0.10327288508415222,0.015511205419898033,-0.00817501824349165,0.07119299471378326,0.021397553384304047
C6orf136,0.07157646445557475,8,0.06230708584189415,0.14008186757564545,0.026367902755737305,0.08873867988586426,-0.03522331267595291,0.04679257422685623,0.09929682314395905,0.14425009489059448
C6orf48,0.13979654165450484,8,0.07163307070732117,0.3121525049209595,0.1796252429485321,0.20262077450752258,-0.04966912046074867,0.00591516587883234,0.1704825609922409,0.22561213374137878
CADM4,0.10162109252996743,8,0.054407451301813126,0.19728051126003265,0.1537260115146637,0.12932226061820984,0.03324207663536072,-0.01826859451830387,0.1146850734949112,0.14857394993305206
CALML5,0.018279439391335472,8,-0.004881417844444513,0.09013447165489197,0.0035368420649319887,0.04340192675590515,-0.01036941260099411,-0.03073183260858059,-0.01447177492082119,0.06961671262979507
CAMTA2,0.0889908890821971,8,-0.02742239646613598,0.21894550323486328,0.14231909811496735,0.11905045807361603,0.0060228644870221615,-0.010486758314073086,0.09520081430673599,0.16829752922058105
CAPG,0.12775447801686823,8,0.026729170233011246,0.3089962303638458,0.1498204916715622,0.18084010481834412,0.01953703723847866,-0.0767294242978096,0.20665815472602844,0.20618405938148499
CARS2,0.08573664748109877,8,0.05290057510137558,0.17562450468540192,0.16890890896320343,0.06773469597101212,0.029858561232686043,0.015892021358013153,0.07500098645687103,0.0999729260802269
CBLC,0.04307183308992535,8,0.026453034952282906,0.032911211252212524,0.06721442937850952,0.06806860119104385,-0.016795940697193146,0.011915487237274647,0.12595748901367188,0.02885035239160061
CCDC106,0.06247715256176889,8,0.0262416061013937,0.08602919429540634,0.08522776514291763,0.08624180406332016,0.014285208657383919,-0.008363952860236168,0.053367290645837784,0.15678830444812775
CCDC167,0.08781512605492026,8,0.009506751783192158,0.20906005799770355,0.13546203076839447,0.061781302094459534,0.02504083514213562,-0.02397257834672928,0.19611917436122894,0.08952343463897705
CCDC57,0.05106275575235486,8,0.006499931216239929,0.16013585031032562,0.04349334165453911,0.12286686152219772,-0.035953179001808167,-0.054575592279434204,0.0851440578699112,0.08089077472686768
CCDC80,0.021959077610517852,8,0.07634809613227844,-0.03672746568918228,0.024500181898474693,0.024786872789263725,0.01594395563006401,-0.001447490998543799,0.024726420640945435,0.04754205048084259
CCDC88B,0.06093112379312515,8,-0.01873350329697132,0.1258402317762375,0.06095229461789131,0.07173952460289001,0.02561822719871998,0.015868913382291794,0.07571201026439667,0.1304512917995453
CCL19,-0.008901555382180959,8,0.028138525784015656,-0.1282983124256134,-0.010795860551297665,0.04662972688674927,0.001005417201668024,0.026642771437764168,0.03552744910120964,-0.07006216049194336
CCL2,-0.02938979270402342,8,0.04381241276860237,-0.21991902589797974,-0.05893012136220932,0.08914083242416382,0.005357162095606327,-0.023023637011647224,0.061399511992931366,-0.13295547664165497
CCL21,0.011132049927255139,8,0.0037624372635036707,0.042951080948114395,-0.011018000543117523,-0.07187740504741669,0.0055307927541434765,0.04412823170423508,0.010143785737454891,0.06543547660112381
CCM2,0.12520179257262498,8,0.012964209541678429,0.27816686034202576,0.15063872933387756,0.1708744913339615,0.011801539920270443,-0.033488091081380844,0.21808171272277832,0.1925748884677887
CCNB1,0.08278848230838776,8,0.06412217020988464,0.12406988441944122,0.1042233258485794,0.1141299158334732,-0.011813757941126823,0.02053610049188137,0.0866263285279274,0.16041389107704163
CCNB1IP1,0.0461949766613543,8,0.023087242618203163,0.02254999801516533,0.0622292160987854,0.08974741399288177,-0.020117707550525665,-0.030639933422207832,0.1340213268995285,0.08868225663900375
CCNE1,0.0833673682063818,8,0.07006803154945374,0.20731906592845917,0.12049771845340729,0.1046694815158844,-0.04062638431787491,-0.020035967230796814,0.11535812169313431,0.10968887805938721
CCNE2,0.11557874805293977,8,0.08478963375091553,0.2033834308385849,0.14285337924957275,0.1851104497909546,-0.02864181436598301,0.10613986849784851,0.13066035509109497,0.10033468157052994
CCS,0.11687752278521657,8,0.043160464614629745,0.26046738028526306,0.132783442735672,0.12956945598125458,-0.012794598937034607,0.021594204008579254,0.20381498336791992,0.1564248502254486
CCT4,0.17667892137978924,8,0.10955939441919327,0.3523399531841278,0.20995956659317017,0.29286038875579834,0.000739580427762121,0.00996924564242363,0.20707017183303833,0.2309330701828003
CD14,-0.0075981797417625785,8,-0.10072703659534454,0.05499286204576492,0.056429173797369,-0.0948914960026741,0.016866108402609825,-0.07183299213647842,0.011213290505111217,0.06716465204954147
CD320,0.01722673053154722,8,0.011143487878143787,-0.12022916972637177,0.08781925588846207,0.06381332129240036,0.0012424211017787457,-0.011270560324192047,0.036188285797834396,0.0691068023443222
CD3D,0.05510488688014448,8,-0.01719004102051258,0.17457999289035797,0.0658329427242279,0.050473134964704514,0.017338011413812637,-0.03705046325922012,0.06752564758062363,0.11932986974716187
CD4,0.04852846369612962,8,0.011904952116310596,0.11341763287782669,0.09471948444843292,0.031128931790590286,-0.006770685315132141,-0.05687911808490753,0.059306561946868896,0.14139994978904724
CD52,0.034869875817094,8,-0.08728504925966263,0.24104304611682892,0.06326206028461456,0.02355201728641987,0.00350554590113461,-0.08446790277957916,0.003620292292907834,0.11572899669408798
CD68,0.04160419951949734,8,-0.10307517647743225,0.2595416307449341,0.03857579454779625,-0.01588626392185688,0.0011282326886430383,-0.06635342538356781,0.11027505248785019,0.10862775146961212
CD74,-0.05890838126651943,8,-0.03760260343551636,-0.14308801293373108,-0.08004748821258545,0.03616306558251381,-0.0670773983001709,-0.052859045565128326,-0.019929589703679085,-0.10682597756385803
CD79A,0.05878025021229405,8,-0.0011414004256948829,0.16802334785461426,0.07714785635471344,-0.017379751428961754,0.07090900838375092,-0.0320737287402153,0.06517484039068222,0.1395818293094635
CDC20,0.08141490281559527,8,0.06442021578550339,0.07929349690675735,0.0864831730723381,0.12012261152267456,-0.04139256104826927,0.021520277485251427,0.14618712663650513,0.17468488216400146
CDC6,0.08509425085503608,8,0.07054948806762695,0.14215843379497528,0.09213374555110931,0.19860519468784332,0.016547735780477524,-0.009239624254405499,0.06693127751350403,0.10306775569915771
CDH11,0.0018440840067341924,8,0.03782454505562782,0.007438049651682377,0.010488552041351795,0.02773328498005867,-0.031258322298526764,0.01079338975250721,0.013512359000742435,-0.06177918612957001
CDH3,0.0738911044318229,8,0.030110731720924377,0.08960232883691788,0.07757610082626343,0.10608639568090439,-0.029419202357530594,-0.02671230025589466,0.21048220992088318,0.13340257108211517
CDK5RAP1,0.052838395116850734,8,0.030036045238375664,0.19541680812835693,0.06612090766429901,0.11523797363042831,-0.037647902965545654,-0.04008064791560173,0.03474915027618408,0.05887482687830925
CENPF,0.0775859176646918,8,0.0639723539352417,0.11646241694688797,0.09216123819351196,0.13679954409599304,-0.01667562685906887,0.039883580058813095,0.0864802747964859,0.10160356014966965
CEP250,0.07267045276239514,8,0.011137407273054123,0.15482613444328308,0.0807846337556839,0.053443532437086105,-0.02671663835644722,0.03236362338066101,0.13737384974956512,0.13815107941627502
CEP55,0.06304847585852258,8,0.006046035792678595,0.13463620841503143,0.08036761730909348,0.09222239255905151,0.004818330053240061,-0.001969162607565522,0.12638550996780396,0.06188087537884712
CERCAM,0.035448556154733524,8,0.0011023234110325575,0.08477173000574112,0.019532356411218643,0.04495563358068466,-0.025444786995649338,-0.034608833491802216,0.10744726657867432,0.08583275973796844
CERS5,0.09935355558991432,8,0.022126954048871994,0.15244874358177185,0.16240711510181427,0.06866789609193802,0.04663066565990448,0.02364398166537285,0.14217591285705566,0.17672717571258545
CES2,0.037873045599553734,8,0.0047830333933234215,0.04904094338417053,0.08905082941055298,-0.007286407519131899,0.02794513665139675,-0.02773505076766014,0.08524845540523529,0.08193742483854294
CFAP36,0.048447232285980135,8,-0.0035685370676219463,0.07846109569072723,0.07428066432476044,0.11793513596057892,-0.0514579676091671,0.04784427210688591,0.046572934836149216,0.07751026004552841
CFDP1,0.1039059842005372,8,0.06932257115840912,0.08310005068778992,0.1451343148946762,0.1433454304933548,-0.013307198882102966,0.07282819598913193,0.15483687818050385,0.1759876310825348
CGGBP1,0.12453143042512238,8,0.07904255390167236,0.23748652637004852,0.20418620109558105,0.14889712631702423,-0.025341752916574478,0.021630598232150078,0.11784668266773224,0.21250350773334503
CHCHD6,0.029753074486507103,8,0.010862477123737335,0.08500699698925018,0.04930533096194267,0.06007183715701103,-0.042349088937044144,0.002828856697306037,0.04783320054411888,0.024464985355734825
CHD1,0.040462142089381814,8,0.03491601347923279,-0.07377500087022781,0.07530907541513443,0.08653723448514938,-0.029270010069012642,0.04533139243721962,0.07231263816356659,0.11233579367399216
CHD6,0.0831909067928791,8,0.05231212079524994,0.1372765600681305,0.12804509699344635,0.08181611448526382,0.0054187774658203125,0.010845139622688293,0.15507210791110992,0.0947413370013237
CHFR,0.10075015266193077,8,0.04057709500193596,0.16707517206668854,0.1474086046218872,0.14712537825107574,-0.0039002657867968082,0.035585127770900726,0.07099024206399918,0.20113986730575562
CHST11,0.03369154816027731,8,0.004508105106651783,0.14783713221549988,0.023817231878638268,0.057673413306474686,-0.01923300325870514,-0.01176980510354042,0.019418057054281235,0.04728125408291817
CIR1,0.01771820340945851,8,-0.03840336203575134,0.01828322559595108,-0.00019230286125093699,0.05683138221502304,0.009893069043755531,0.012698324397206306,0.03138109669089317,0.05125419422984123
CLASRP,0.13851121793777565,8,0.05482957512140274,0.2454833686351776,0.1676703840494156,0.23744717240333557,-0.005211701150983572,-0.0002889671886805445,0.1754457801580429,0.23271413147449493
CLDN3,0.1391739819664508,8,0.0824597179889679,0.27032873034477234,0.23689274489879608,0.16532602906227112,-0.03520755469799042,-0.023872679099440575,0.17619012296199799,0.24127474427223206
CLDN4,0.21750081237405539,8,0.11241156607866287,0.363463431596756,0.326750785112381,0.30920371413230896,-0.06274326145648956,0.0464593768119812,0.3167015314102173,0.32775935530662537
CLU,0.0793273487361148,8,-0.010787312872707844,0.1794755458831787,0.11996541172266006,0.1234862431883812,-0.026932599022984505,-0.03627035766839981,0.1727403849363327,0.11294147372245789
CNN2,0.06754841993097216,8,-0.027323782444000244,-0.011979800648987293,0.16602391004562378,0.11028215289115906,-0.013982249423861504,-0.045236848294734955,0.1823958456516266,0.18020813167095184
COL14A1,0.0008654175762785599,8,0.05487276613712311,-0.007956874556839466,0.013837892562150955,0.0014104911824688315,0.029648808762431145,0.005531065631657839,-0.0059663173742592335,-0.0844544917345047
COL3A1,-0.010683970060199499,8,-0.104489266872406,-0.2910173237323761,0.11468344926834106,0.08786377310752869,0.04205309972167015,0.07699494063854218,0.10769949108362198,-0.11925992369651794
COL4A1,0.006353157572448254,8,-0.032643917948007584,-0.2708212435245514,0.0033959001302719116,0.060270436108112335,0.03570741042494774,0.014745809137821198,0.1196744292974472,0.12049643695354462
COL6A2,-0.040652378462255,8,-0.020287826657295227,-0.22447898983955383,-0.040863774716854095,0.016588378697633743,0.051673274487257004,-0.06299471110105515,0.08838094025850296,-0.13323631882667542
COL8A2,-0.014426123118028045,8,-0.019972508773207664,-0.11462417244911194,0.012624457478523254,0.04079369828104973,-0.032517947256565094,-0.006238994188606739,-0.002361628692597151,0.006888110656291246
COMMD1,0.10740241734310985,8,0.07597479969263077,0.25767603516578674,0.17426913976669312,0.14832709729671478,0.011140957474708557,0.02909889444708824,0.09791821986436844,0.06481419503688812
COMP,-0.06491929874027846,8,-0.06437426805496216,-0.18966354429721832,-0.00022530968999490142,-0.04057811573147774,-0.005952445324510336,-0.06211237981915474,-0.08851207792758942,-0.0679362490773201
COPS7A,0.11226620571687818,8,0.041106030344963074,0.28424230217933655,0.10649445652961731,0.12751120328903198,-0.01518948469310999,0.01300764549523592,0.1726449429988861,0.16831254959106445
COQ4,0.08932585350703448,8,0.007613997906446457,0.2954271733760834,0.1195729598402977,0.08985404670238495,0.01124828215688467,-0.04855958744883537,0.11052998155355453,0.12891997396945953
CORO1A,0.058338166316389106,8,0.02208302728831768,0.1538475751876831,0.03450686112046242,0.03802863508462906,0.0012031783116981387,-0.05665173381567001,0.1128198429942131,0.16086794435977936
CORO1B,0.06543523003347218,8,0.021820837631821632,0.09429636597633362,0.09006035327911377,0.07907886058092117,-0.006649870425462723,-0.04714271053671837,0.1984037458896637,0.09361425787210464
CORO2A,0.09510843711905181,8,0.1040017381310463,0.15216191112995148,0.09403069317340851,0.16049106419086456,-0.01902569644153118,0.04502027854323387,0.09754495322704315,0.12664255499839783
CORO7,0.10449702281039208,8,0.0031034881249070168,0.27508947253227234,0.128249853849411,0.09851115942001343,0.01619476079940796,-0.02400662936270237,0.14893457293510437,0.1898995041847229
COX5A,0.10928151221014559,8,0.07000257074832916,0.2401275485754013,0.15633909404277802,0.21558000147342682,-0.03571948781609535,-0.016972625628113747,0.11892539262771606,0.12596960365772247
CPNE1,0.17354127881117165,8,0.10851563513278961,0.3087194859981537,0.2040998637676239,0.2155584990978241,-0.020915837958455086,0.0175132118165493,0.2579306662082672,0.2969087064266205
CPSF1,0.10368063161149621,8,0.013509377837181091,0.19767479598522186,0.14504580199718475,0.1651490330696106,0.0420849546790123,-0.03992156311869621,0.11753799766302109,0.1883646547794342
CPVL,0.07977207936346531,8,0.04879457876086235,0.16670311987400055,0.08108410239219666,0.04621937498450279,0.035014305263757706,0.061617035418748856,0.0941007137298584,0.10464340448379517
CRABP2,-0.09456888132262975,8,0.053729258477687836,-0.3284147083759308,-0.08156420290470123,-0.00846222136169672,-0.09984170645475388,-0.04830148443579674,-0.040242891758680344,-0.20345309376716614
CRACR2B,0.18162921292241663,8,0.15787465870380402,0.37435102462768555,0.1902841031551361,0.23116366565227509,-0.009320554323494434,0.04836481809616089,0.22063764929771423,0.23967833817005157
CRELD2,0.13011718954658136,8,0.07563920319080353,0.31702420115470886,0.20797282457351685,0.14560113847255707,0.004997716750949621,-0.027019036933779716,0.14532746374607086,0.1713940054178238
CROCC,0.03006373068637913,8,0.006186204496771097,0.012910577468574047,0.02366112731397152,0.042162105441093445,0.023841869086027145,-0.0005558052216656506,0.06744098663330078,0.06486278027296066
CSF1,0.06094208313152194,8,-0.020948169752955437,0.19110050797462463,0.041185006499290466,0.08707571774721146,0.0292377732694149,-0.029771985486149788,0.09273481369018555,0.09692300111055374
CSF1R,0.028049904911313206,8,0.012783059850335121,0.04379657283425331,0.03460337594151497,0.004795917775481939,-0.012718596495687962,-0.012676260434091091,0.009268020279705524,0.14454714953899384
CTDSPL,0.09853518250747584,8,0.032076481729745865,0.14821411669254303,0.13841913640499115,0.16242313385009766,-0.0020562850404530764,-0.037926241755485535,0.14071212708950043,0.2064189910888672
CTIF,0.05006277711072471,8,-0.0021857423707842827,0.15778495371341705,0.05853480473160744,0.008176999166607857,0.0006028617499396205,-0.016065094619989395,0.08519742637872696,0.10845600813627243
CTSK,0.02046505850739777,8,-0.0093160979449749,-0.14511770009994507,0.0908995121717453,0.0932033509016037,-0.0005541369318962097,0.053535714745521545,0.06071900203824043,0.020350823178887367
CTU2,0.04424773185746744,8,0.004753753077238798,0.1255391240119934,0.08383004367351532,0.08373036235570908,-0.020370308309793472,-0.014511493034660816,0.06913172453641891,0.021878648549318314
CUTC,0.0676549255149439,8,0.004151147790253162,0.0954035148024559,0.1442965865135193,0.09654787927865982,-0.0181285347789526,0.01809644140303135,0.08861913532018661,0.11225323379039764
CUX1,0.09917566203512251,8,0.03897935524582863,0.21527644991874695,0.18475717306137085,0.13973192870616913,-0.064390167593956,-0.019493253901600838,0.12733915448188782,0.17120465636253357
CX3CL1,0.1169818255584687,8,0.03309161216020584,0.19717301428318024,0.15785002708435059,0.027028024196624756,0.030307292938232422,-0.027942659333348274,0.2604617476463318,0.25788554549217224
CXCL10,0.11017916197306477,8,0.0031935430597513914,0.3888677954673767,0.09530781209468842,0.1386231929063797,0.021529730409383774,0.04198966920375824,0.01327422820031643,0.17864732444286346
CXXC5,0.11545402486808598,8,0.06924815475940704,0.29012182354927063,0.05999181047081947,0.23207658529281616,-0.00847812369465828,0.015091056004166603,0.11616453528404236,0.14941635727882385
CYP27A1,0.034380326280370355,8,0.0207787174731493,0.07498150318861008,-0.01445938553661108,0.09401647746562958,-0.008062184788286686,-0.04342120513319969,0.05744149908423424,0.0937671884894371
DAPK3,-0.025849546640529297,8,-0.01373432669788599,-0.20134377479553223,0.06796684116125107,0.09138943254947662,-0.050232093781232834,0.0011734472354874015,-0.0019850071985274553,-0.10003089159727097
DCAF6,0.1034212086815387,8,0.11518537998199463,0.14863049983978271,0.12383764982223511,0.15433666110038757,-0.010765770450234413,0.04854455217719078,0.16832762956619263,0.07927306741476059
DCXR,0.1132581839337945,8,0.07361508905887604,0.23956583440303802,0.20673687756061554,0.24622386693954468,-0.03358590975403786,-0.04274217411875725,0.08949986845254898,0.12675201892852783
DDAH1,0.08449579044099664,8,0.06461071223020554,0.2327577918767929,0.10553646087646484,0.11316051334142685,-0.0008110216003842652,0.003048182465136051,0.09972651302814484,0.057937171310186386
DDB2,0.058045924990437925,8,-0.013844970613718033,0.14258530735969543,0.14343300461769104,0.06790696829557419,-0.008170424029231071,0.014442945830523968,0.015480989590287209,0.10253357887268066
DDIT3,0.08265936374664307,8,0.052336566150188446,0.15846475958824158,0.08898260444402695,0.10963381081819534,-0.03794744238257408,0.035355355590581894,0.13114064931869507,0.12330860644578934
DDRGK1,0.06762584438547492,8,0.07119592279195786,0.16828317940235138,0.113247349858284,0.07332558184862137,-0.026147333905100822,-0.019759057089686394,0.09722904115915298,0.063632071018219
DDT,0.09573255153372884,8,0.08046019822359085,0.17860563099384308,0.18799179792404175,0.1835101991891861,-0.0312751866877079,-0.036157503724098206,0.13590054214000702,0.06682473421096802
DEAF1,0.08433146681636572,8,0.09669159352779388,0.11017267405986786,0.13283094763755798,0.10524702072143555,0.04861866682767868,-0.04182520508766174,0.11563761532306671,0.10727842152118683
DENND1A,0.030095882684690878,8,-0.003578200237825513,0.10763897001743317,0.005015336908400059,0.06478579342365265,-0.010306930169463158,-0.03012745827436447,0.07344116270542145,0.03389838710427284
DERL3,0.05158936115913093,8,0.023916639387607574,0.12173985689878464,0.1488015502691269,0.07188260555267334,-0.050948478281497955,-0.028807086870074272,0.057187628000974655,0.06894217431545258
DESI1,0.08212379890028387,8,0.09627922624349594,0.1911531239748001,0.1502332091331482,0.09521400928497314,-0.030087776482105255,0.013401106931269169,0.029549676924943924,0.11124781519174576
DHX16,0.08494316774886101,8,0.0724538117647171,0.1341838389635086,0.1097354143857956,0.10992760211229324,0.01798563078045845,0.00585599523037672,0.10236355662345886,0.12703949213027954
DLG1,0.028835385281126946,8,-0.004287779796868563,-0.018617890775203705,0.020023183897137642,0.01622612588107586,0.034376900643110275,0.012452377006411552,0.09541620314121246,0.07509396225214005
DMAP1,0.11748208874632837,8,0.040302254259586334,0.23066513240337372,0.2192135751247406,0.14957010746002197,0.03964640200138092,-0.0008424352272413671,0.14596852660179138,0.11533314734697342
DNAJB2,0.12785844295285642,8,0.10408215969800949,0.2180245816707611,0.15079763531684875,0.17145971953868866,0.07857205718755722,-0.01583907939493656,0.21613910794258118,0.09963136166334152
DNAJC1,0.1342560310731642,8,0.02628784254193306,0.3210822343826294,0.12773659825325012,0.2684498727321625,-0.004260262008756399,-0.013374731875956059,0.15883712470531464,0.18928956985473633
DNAJC7,0.10550886485725641,8,0.052254561334848404,0.08749593794345856,0.13823248445987701,0.19585086405277252,0.05578966811299324,0.03427281975746155,0.1274046152830124,0.15276996791362762
DOCK6,0.0983816162624862,8,0.04544878751039505,0.20644068717956543,0.10099756717681885,0.07041089236736298,-0.011112084612250328,-0.0026935723144561052,0.12003908306360245,0.2575215697288513
DPH3,0.0477414961787872,8,0.017278730869293213,0.09884119033813477,0.033083025366067886,0.06449785828590393,-0.005131468176841736,0.006109950598329306,0.07108087837696075,0.0961718037724495
DPM2,0.010989542748575332,8,0.0002702934725675732,-0.1755642592906952,0.06896637380123138,0.14470219612121582,-0.01598646119236946,-0.06646553426980972,0.07672989368438721,0.05526383966207504
DPP7,0.08286547451280057,8,0.015780823305249214,0.22785820066928864,0.09429311007261276,0.07849535346031189,0.03972282633185387,-0.047764673829078674,0.1433277577161789,0.111210398375988
DPP9,0.06458115170244128,8,0.04318494349718094,0.1644415706396103,0.06755390018224716,0.02996072545647621,-0.015613135881721973,0.024747362360358238,0.11616842448711395,0.08620542287826538
DPYSL3,0.04999995871912688,8,0.01020041573792696,-0.088009774684906,0.08461841940879822,0.10661346465349197,0.028362931683659554,-0.04031864553689957,0.1596965193748474,0.1388363391160965
DVL1,0.10139010287821293,8,0.1075427234172821,0.24378646910190582,0.13249972462654114,0.1240154355764389,-0.024310406297445297,-0.031476397067308426,0.1632407009601593,0.09582257270812988
EBAG9,0.05992246209643781,8,0.016886698082089424,0.012207536958158016,0.14513586461544037,0.10682899504899979,0.013083179481327534,0.03312051296234131,0.04859901964664459,0.10351788997650146
ECHDC2,0.07630412455182523,8,0.0702240914106369,0.09526750445365906,0.12703964114189148,0.10032463073730469,-0.007684115320444107,-0.008307238109409809,0.10788854211568832,0.12567993998527527
ECM1,0.05697559421241749,8,0.02475995011627674,0.1773061454296112,0.0018434027442708611,-0.007483628578484058,0.02410886064171791,0.06322944164276123,0.09178389608860016,0.08025668561458588
EFEMP2,-0.0020923137199133635,8,0.029787633568048477,-0.057062726467847824,0.021222906187176704,0.04360875114798546,-0.017931371927261353,-0.015769552439451218,0.016298461705446243,-0.0368926115334034
EFHD2,0.056359111331403255,8,0.013557546772062778,0.03720980882644653,0.018286507576704025,0.05467209219932556,0.06261356174945831,-0.013697248883545399,0.1468321830034256,0.13139843940734863
EGFR,0.019205346965463832,8,0.04454267397522926,0.016617896035313606,-0.01883150450885296,0.018070854246616364,-0.0015720033552497625,-0.005139952525496483,0.026527544483542442,0.07342726737260818
EIF1AD,0.06107126518327277,8,0.03601720184087753,0.0908043310046196,0.06573788076639175,0.08424296975135803,-0.005799971520900726,-0.001078414381481707,0.11780647188425064,0.10083965212106705
EIF3B,0.1190078326035291,8,0.005976792424917221,0.2811814546585083,0.09179499745368958,0.0887051671743393,0.01775345392525196,-0.04199737682938576,0.3055839538574219,0.2030642181634903
EIF3F,0.022551975678652525,8,0.02939446270465851,-0.12522058188915253,0.038198307156562805,0.11437628418207169,-0.04004325345158577,0.042034197598695755,0.08044072240591049,0.04123566672205925
EIF3G,0.06045276753138751,8,0.0035143503919243813,0.1945480853319168,0.11364754289388657,0.08209369331598282,0.01207718811929226,-0.06137639284133911,0.10199537128210068,0.03712230175733566
ELN,-0.021451530235935934,8,-0.015352032147347927,-0.07401791214942932,-0.0011623717145994306,-0.004960169550031424,0.026479927822947502,-0.03260233998298645,-0.032349418848752975,-0.037647925317287445
ELOF1,0.06199203443247825,8,0.012356151826679707,0.06371026486158371,0.11437831819057465,0.12854869663715363,0.020093150436878204,-0.044892873615026474,0.10986469686031342,0.09187787026166916
EMC3,0.08872777130454779,8,0.04010297358036041,0.21548689901828766,0.10909926146268845,0.14703406393527985,-0.05315304175019264,0.027490828186273575,0.13717173039913177,0.08658945560455322
ENPP1,0.043244138127192855,8,0.04810747504234314,-0.04968345910310745,0.03738434612751007,0.10370727628469467,0.018959401175379753,0.019905943423509598,0.14919359982013702,0.018378522247076035
EPHB3,0.06023437844123691,8,0.047069061547517776,0.06118045374751091,0.06827527284622192,0.17137978971004486,-0.009235457517206669,-0.018486689776182175,0.10242994129657745,0.059262655675411224
ERAL1,0.08531984471483156,8,0.10768835246562958,0.003577099647372961,0.15373976528644562,0.1451251357793808,-0.01657419092953205,0.022630592808127403,0.096487857401371,0.16988414525985718
ERBB2,0.2175754775526002,8,0.09621480852365494,0.25551939010620117,0.21330320835113525,0.378544420003891,0.006853886879980564,0.21824663877487183,0.26159316301345825,0.31032830476760864
ERI3,0.07096774503588676,8,0.05832599103450775,0.09465358406305313,0.11982409656047821,0.1062280461192131,-0.06274893134832382,-0.04844930022954941,0.17516493797302246,0.12474353611469269
ERMP1,0.11206989217316732,8,0.05721184238791466,0.2566138207912445,0.20434318482875824,0.14536653459072113,-0.007595162373036146,0.010854597203433514,0.08297928422689438,0.14678503572940826
ESR1,0.03001876230700873,8,0.0658712387084961,-0.0184082742780447,0.0034267266746610403,0.009420795366168022,0.010485121048986912,-0.01958545297384262,0.1063925102353096,0.08254743367433548
ETFB,0.07692466885782778,8,-0.010371675714850426,0.19758997857570648,0.18315714597702026,0.04416913166642189,0.032530058175325394,-0.06311090290546417,0.12503358721733093,0.1064000278711319
EVA1B,-0.05538238683948293,8,0.001755544450134039,-0.17739328742027283,-0.031816739588975906,0.009351996704936028,-0.03039657697081566,-0.05514455586671829,-0.07923687994480133,-0.08017859607934952
EXD3,0.08088501775637269,8,0.032673221081495285,0.09781893342733383,0.06351600587368011,0.09889765828847885,0.049122363328933716,0.04127515107393265,0.12551073729991913,0.13826607167720795
EXO1,0.05568481294903904,8,0.0064177075400948524,0.1174636036157608,0.06556722521781921,0.11526354402303696,0.011146441102027893,0.060904283076524734,0.014400407671928406,0.054315291345119476
EXOC5,0.1267000143416226,8,0.06813335418701172,0.27022314071655273,0.19019527733325958,0.13064303994178772,-0.016205620020627975,0.0772320032119751,0.14939771592617035,0.1439812034368515
EXOSC1,0.11422282957937568,8,0.06982295215129852,0.22022004425525665,0.1120588406920433,0.16120725870132446,0.034044425934553146,-0.007018306292593479,0.15175625681877136,0.1716911643743515
EXOSC10,0.1182981722522527,8,0.05874543637037277,0.24058274924755096,0.1519332230091095,0.217021182179451,-0.01482959371060133,-0.003019372932612896,0.1452704519033432,0.1506813019514084
EXOSC2,0.08175027649849653,8,0.04307250306010246,0.21249327063560486,0.09343482553958893,0.0769432932138443,0.04688199609518051,0.04223726689815521,0.03359941020607948,0.1053396463394165
EZH2,0.13095383066684008,8,0.10569944232702255,0.25732508301734924,0.16485218703746796,0.17559891939163208,0.048280708491802216,0.03148911893367767,0.11517878621816635,0.14920639991760254
FAAH,0.11980549612781033,8,0.03041931428015232,0.32254913449287415,0.2234874963760376,0.0819452628493309,-0.006692821625620127,0.04808017611503601,0.08332329243421555,0.17533211410045624
FADS2,0.15842693176819012,8,0.10383287817239761,0.2456202208995819,0.2681574523448944,0.235017329454422,-0.03224775940179825,0.004957859870046377,0.23076562583446503,0.21131184697151184
FAH,0.017935945536009967,8,0.026973340660333633,-0.015429978258907795,0.10248994082212448,0.07466236501932144,-0.011244595050811768,-0.0640966072678566,0.07390225678682327,-0.04376915842294693
FAIM2,0.043958608992397785,8,0.041135355830192566,0.028435293585062027,0.13128061592578888,0.048534270375967026,0.039698272943496704,0.041358985006809235,0.009498173370957375,0.01172790490090847
FAM102A,0.15110429632477462,8,0.07863103598356247,0.3177235424518585,0.14367561042308807,0.2109440714120865,0.026341808959841728,0.044115081429481506,0.15095987915992737,0.23644334077835083
FAM117A,0.12184595013968647,8,0.02218710072338581,0.3305165767669678,0.20104870200157166,0.09035191684961319,0.03741651773452759,0.05115845426917076,0.07110972702503204,0.1709786057472229
FAM118A,0.06113062307849759,8,-0.0008305732044391334,0.16047190129756927,0.017390649765729904,0.04531877115368843,0.026349015533924103,0.0029256297275424004,0.08626122772693634,0.15115836262702942
FAM160B1,0.023881247150711715,8,0.023559514433145523,-0.030385063961148262,0.0479133240878582,0.07718831300735474,-0.02800546959042549,-0.003337717615067959,0.034650277346372604,0.06946679949760437
FAM173A,0.09046614225371741,8,-0.013620576821267605,0.2290003001689911,0.12933523952960968,0.17744943499565125,-0.009376311674714088,0.0025022828485816717,0.11520645022392273,0.09323231875896454
FAM193B,0.18868533289059997,8,0.09849574416875839,0.36572176218032837,0.13486148416996002,0.15692861378192902,0.016544517129659653,0.05426245182752609,0.3277696371078491,0.35489845275878906
FAM213B,0.03403979784343392,8,0.04173629730939865,-0.09089700877666473,0.031072504818439484,0.1448381096124649,-0.0065467339009046555,0.010426531545817852,0.05778846889734268,0.08390021324157715
FAM3A,0.06615699245594442,8,0.01679832860827446,0.15885838866233826,0.08649317175149918,0.07267715036869049,0.01922137476503849,-0.047144122421741486,0.14182133972644806,0.0805303081870079
FAM45A,0.03004836683976464,8,0.026370981708168983,0.03634006157517433,0.03127294406294823,0.050718359649181366,-0.001401812070980668,0.0270463265478611,0.015024494379758835,0.055015578866004944
FAP,-0.017810866818763316,8,0.019929314032197,-0.1495465338230133,-0.024683497846126556,0.027824822813272476,-0.0116195073351264,0.013858155347406864,-0.01457687746733427,-0.003672810271382332
FARP1,0.1309644376160577,8,0.04630488529801369,0.20179402828216553,0.21251875162124634,0.18836157023906708,-0.01554341521114111,0.03284132108092308,0.1414460837841034,0.23999227583408356
FARSB,0.117844186082948,8,0.05994444340467453,0.2647325396537781,0.16336104273796082,0.1739697903394699,0.002836276311427355,-0.01833878643810749,0.17447184026241302,0.12177634239196777
FASN,0.25202673114836216,8,0.22442492842674255,0.36682528257369995,0.27379414439201355,0.39144167304039,-0.034230560064315796,0.19470958411693573,0.2354363203048706,0.36381247639656067
FBF1,0.047219292842783034,8,0.008940876461565495,0.11044363677501678,0.03872423619031906,0.08350434899330139,0.018035244196653366,0.004601656459271908,0.09976224601268768,0.013742097653448582
FBLN2,0.0810096777167928,8,-9.185224189423025e-05,0.14835137128829956,0.028765743598341942,0.15456387400627136,0.015063454397022724,0.00573578430339694,0.1516285240650177,0.14406052231788635
FCER1G,0.053233041893690825,8,-0.02879975736141205,0.19527296721935272,0.05842353776097298,0.07197732478380203,-0.018983516842126846,-0.022706735879182816,0.04425201565027237,0.1264284998178482
FDPS,0.11384807471767999,8,0.0009911139495670795,0.2722170948982239,0.24205294251441956,0.23827454447746277,-0.05982324853539467,-0.003134769620373845,0.0618087537586689,0.15839816629886627
FGFR1,-0.029158876510336995,8,-0.011247488670051098,-0.07858775556087494,-0.01940341107547283,0.045969631522893906,-0.02229861542582512,0.013818074949085712,-0.021327240392565727,-0.14019420742988586
FGFR4,0.10793838236713782,8,0.08079655468463898,0.12245386093854904,0.14368638396263123,0.1629091501235962,-0.0073691620491445065,0.020018195733428,0.16769342124462128,0.17331865429878235
FKBP10,0.0010851058177649975,8,-0.028066443279385567,-0.07827899605035782,0.07722829282283783,0.016284437850117683,-0.06250981241464615,-0.06120028346776962,0.08529772609472275,0.059925924986600876
FKBP8,0.09595258859917521,8,-0.016631443053483963,0.22428762912750244,0.14458610117435455,0.07877679169178009,0.00250287726521492,-0.040743935853242874,0.18889220058918,0.18595048785209656
FLNA,-0.021220723603619263,8,0.0024363382253795862,-0.22545410692691803,-0.03861808404326439,0.0458420068025589,0.015744099393486977,-0.020278573036193848,0.08370805531740189,-0.03314552456140518
FN1,0.14004439115524292,8,-0.018379870802164078,-0.17724961042404175,0.2152862399816513,0.33839166164398193,-0.04578818008303642,0.11522573232650757,0.335584431886673,0.3572847247123718
FNBP4,0.07201229443307966,8,0.012402708642184734,0.13990551233291626,0.10675949603319168,0.05862961709499359,-0.03361517935991287,0.0784948393702507,0.07346834242343903,0.14005301892757416
FOXA1,0.2297504700254649,8,0.15134184062480927,0.419695645570755,0.3163120746612549,0.3177570700645447,-0.013009743764996529,0.11009431630373001,0.2857089042663574,0.2501036524772644
FOXC1,-0.012680741201620549,8,0.015176583081483841,-0.011346482671797276,-0.016056284308433533,0.014001395553350449,-0.0164075568318367,0.006172196473926306,0.0030579324811697006,-0.09604371339082718
FOXP4,0.14468707784544677,8,0.05903023108839989,0.1973068118095398,0.23575128614902496,0.2145785093307495,-0.03440758213400841,0.005429199896752834,0.21402908861637115,0.2657790780067444
FSTL1,0.09149262786377221,8,-0.038403987884521484,0.08746226131916046,0.14341188967227936,0.09400732815265656,-0.010601579211652279,0.052601054310798645,0.2859739065170288,0.11749015003442764
FSTL3,0.016246270592091605,8,0.032553091645240784,-0.025352975353598595,0.020846765488386154,0.11158787459135056,-0.04559534043073654,-0.008840461261570454,0.0467388741672039,-0.001967664109542966
FUOM,0.07237738405819982,8,-0.008670007809996605,0.18209874629974365,0.08702389895915985,0.17187386751174927,0.026904337108135223,-0.01547591295093298,0.06358008831739426,0.07168405503034592
FUS,0.13344138620595913,8,0.12286150455474854,0.1935594230890274,0.21452204883098602,0.1310695856809616,-0.0013698997208848596,-0.010862944647669792,0.18568915128707886,0.2320622205734253
FZD2,0.029348555537580978,8,0.032835740596055984,0.0206068754196167,0.09132193773984909,0.05192090570926666,0.0009391968487761915,-0.03366195783019066,0.00698041683062911,0.06384532898664474
GALK1,0.02628957493288908,8,-0.05290583148598671,0.036284226924180984,-0.0009811506606638432,0.06550583243370056,-0.003926175180822611,-0.0015479977009817958,0.08897297084331512,0.07891472429037094
GANAB,0.13249968877062201,8,0.03450828790664673,0.2178441435098648,0.19814614951610565,0.21256159245967865,-0.020189864560961723,-0.017679205164313316,0.2609001100063324,0.17390629649162292
GAR1,0.08886018820339814,8,0.07757702469825745,0.1991175413131714,0.08982306718826294,0.15880060195922852,-0.041443608701229095,-0.004293109755963087,0.11462099850177765,0.11667899042367935
GAS6,-0.03374117100611329,8,-0.020440831780433655,-0.16865885257720947,0.01940195821225643,0.07095468789339066,0.0981784537434578,-0.027719395235180855,-0.05855333060026169,-0.18309205770492554
GATA3,0.14567203761544079,8,0.058231864124536514,0.20659542083740234,0.07254738360643387,0.23619717359542847,0.006037510000169277,0.07610049098730087,0.2671418786048889,0.24252457916736603
GATC,0.10780863324180245,8,0.05669495090842247,0.1467546820640564,0.20983198285102844,0.18550238013267517,0.014408377930521965,-0.011817237362265587,0.1287308633327484,0.13236306607723236
GBP1,0.11107852938584983,8,0.009471908211708069,0.2989814281463623,0.04865987226366997,0.12762877345085144,0.019703375175595284,0.04836524277925491,0.17841103672981262,0.15740659832954407
GBP2,0.11384639353491366,8,0.037262823432683945,0.29680025577545166,0.12399078905582428,0.13961203396320343,-0.01628163643181324,0.045714475214481354,0.15270908176898956,0.13096332550048828
GBP3,0.07984832325018942,8,0.005883551202714443,0.2436569184064865,0.06075470522046089,0.08872225880622864,-0.04458288103342056,-0.009790592826902866,0.18698905408382416,0.10715357214212418
GBP4,0.012690713469055481,8,-0.011980550363659859,0.04858230799436569,0.000815410865470767,0.0043125334195792675,-0.0012079421430826187,-0.022725528106093407,-0.00014215672854334116,0.08387163281440735
GBP5,0.021744346544437576,8,0.00036839029053226113,0.09005314111709595,-0.031308360397815704,0.005128050688654184,-0.006188232451677322,0.04516204819083214,-0.011824328452348709,0.08256406337022781
GEMIN4,0.0736804457847029,8,0.03590016067028046,0.12575581669807434,0.1132475882768631,0.1340750902891159,0.029401632025837898,0.016468070447444916,0.04406127333641052,0.09053393453359604
GLCCI1,0.07530573953408748,8,-0.024573855102062225,0.21110358834266663,0.10564272105693817,0.06666863709688187,-0.013012035749852657,0.059963494539260864,0.0867004469037056,0.10995291918516159
GLG1,0.07896783901378512,8,0.023284588009119034,0.12213890999555588,0.1611434817314148,0.05346085503697395,0.012257702648639679,-0.02253090962767601,0.1818675845861435,0.10012049973011017
GLTSCR2,-0.01355553639587015,8,0.02553996816277504,-0.13392190635204315,-0.03621448948979378,0.11238732933998108,-0.014902332797646523,0.01279442012310028,-0.08352362364530563,0.009396343491971493
GMFG,0.06636847846675664,8,-0.01268143393099308,0.2165749967098236,0.05913199856877327,0.042697541415691376,0.008649385534226894,0.036407746374607086,0.07846739143133163,0.10170020163059235
GMPPA,0.10676492948550731,8,-0.022600753232836723,0.2731335759162903,0.15949387848377228,0.10663013160228729,-0.010981467552483082,-0.048220474272966385,0.21278563141822815,0.18387891352176666
GNAI2,0.023552613478386775,8,0.002753711538389325,-0.08086109906435013,0.0761750265955925,-0.05900716409087181,0.031811121851205826,-0.014694249257445335,0.12769858539104462,0.1045449748635292
GNAS,0.2989027027215343,8,0.24221959710121155,0.46286553144454956,0.3499700725078583,0.3849831819534302,0.0034944505896419287,0.17271000146865845,0.347290962934494,0.4276878237724304
GNL2,0.1581913610571064,8,0.13846804201602936,0.30661749839782715,0.1797207146883011,0.21807938814163208,-0.007530681323260069,0.05521967634558678,0.20382867753505707,0.1711275726556778
GPR108,0.05533363192807883,8,0.03920786455273628,0.09316758066415787,0.07935923337936401,0.03966425359249115,-0.0193066094070673,-0.010042439214885235,0.12468019872903824,0.09593897312879562
GPR160,0.10622414806857705,8,0.09070751816034317,0.21926316618919373,0.15049074590206146,0.18428604304790497,-0.0610957108438015,0.05080302804708481,0.1519894301891327,0.06334896385669708
GPRC5A,0.07830272451974452,8,0.01761782355606556,0.04341777786612511,0.18056060373783112,0.2308097779750824,-0.029515814036130905,-0.019994091242551804,0.14824989438056946,0.055275823920965195
GPS1,0.06667783029843122,8,0.012859641574323177,0.19468359649181366,0.10747459530830383,0.09478718787431717,-0.019989116117358208,-0.08532093465328217,0.09420587122440338,0.1347218006849289
GPSM1,0.06447397393640131,8,0.022008245810866356,0.08007986098527908,0.0769457072019577,0.13640572130680084,-0.008789741434156895,0.007905429229140282,0.10175032168626785,0.09948624670505524
GPX3,0.02637382340617478,8,0.04836365208029747,0.01925041899085045,0.046101875603199005,0.03651994466781616,0.020391734316945076,0.04201719909906387,0.07937805354595184,-0.08103229105472565
GRB7,0.20956397848203778,8,0.19724786281585693,0.3314262926578522,0.19780339300632477,0.32468968629837036,0.0227997787296772,0.06554543972015381,0.27110567688941956,0.26589369773864746
GRK3,0.045725852440227754,8,0.02878222055733204,0.1547444760799408,-0.047264114022254944,0.03281877189874649,0.0010531531879678369,0.01409453246742487,0.06777504086494446,0.11380273848772049
GSK3A,0.1305200788192451,8,0.07683642208576202,0.24519158899784088,0.16144387423992157,0.11010254174470901,-0.0222336258739233,0.01632627286016941,0.18899193406105042,0.2675016224384308
GSTM3,0.015874445787630975,8,0.009209404699504375,0.037641484290361404,0.06300285458564758,0.030862631276249886,-0.03233129158616066,0.016701215878129005,0.03559485450387001,-0.0336855873465538
GYPC,-0.02142088720574975,8,-0.05518443509936333,-0.07655850052833557,-0.03349209949374199,-0.027968773618340492,-0.028583696112036705,-0.007316930685192347,0.004065821412950754,0.053671516478061676
HAGHL,0.08115659543545917,8,-0.016210446134209633,0.2400789111852646,0.06790395081043243,0.09631789475679398,0.005092612002044916,-0.009993663057684898,0.143858402967453,0.12220510095357895
HCFC1R1,0.057597786420956254,8,0.03497675806283951,-0.03997382894158363,0.11308342218399048,0.051441192626953125,-0.023666875436902046,-0.05583035200834274,0.25752660632133484,0.1232253685593605
HCST,0.05227770924102515,8,-0.06420448422431946,0.21196699142456055,0.11904000490903854,0.034033097326755524,0.00838193204253912,-0.00871955044567585,0.023683669045567513,0.09404001384973526
HDAC5,0.05469440866727382,8,0.028619451448321342,0.12343376874923706,-0.02450438030064106,0.09762311726808548,0.009637010283768177,-0.03973650932312012,0.11000853776931763,0.13247427344322205
HDAC6,0.06035322096431628,8,0.007171364966779947,0.1398831456899643,0.10284373164176941,0.06719805300235748,0.024179400876164436,-0.025392301380634308,0.07660064846277237,0.0903417244553566
HELZ2,0.07730176614131778,8,0.02969452738761902,0.1539783775806427,0.12793110311031342,0.08075785636901855,-0.007583783008158207,0.03371341899037361,0.09204120188951492,0.10788142681121826
HES1,0.1323758796788752,8,0.1385590136051178,0.11162322014570236,0.23431356251239777,0.173366978764534,-0.03734050318598747,0.09473847597837448,0.2616643011569977,0.08208198845386505
HLA-B,0.08005921496078372,8,-0.11369668692350388,0.3430515229701996,0.09463261812925339,-0.016950996592640877,-0.020178619772195816,-0.025299450382590294,0.11236473172903061,0.26655060052871704
HLA-DMA,0.009134453139267862,8,-0.06415026634931564,0.1297181397676468,-0.03899022936820984,-0.009767587296664715,-0.04428592696785927,-0.017095420509576797,0.01929612271487713,0.09835079312324524
HLA-DMB,0.05774915486108512,8,-0.03823738545179367,0.19236211478710175,0.008095351047813892,0.06513156741857529,-0.007945457473397255,-0.05020778253674507,0.10625036805868149,0.18654446303844452
HLA-DOA,0.07479473762214184,8,0.027377450838685036,0.2734244465827942,0.04511576145887375,0.02029857598245144,-0.008212367072701454,0.01772107370197773,0.07424546778202057,0.14838749170303345
HLA-DPA1,0.10518206097185612,8,-0.052287109196186066,0.3041123151779175,0.04979124665260315,0.07697255164384842,0.05614936351776123,0.02681390941143036,0.13092714548110962,0.24897706508636475
HLA-DPB1,0.030301846098154783,8,-0.03009861335158348,-0.007995661348104477,0.05364781618118286,0.04460069537162781,-0.03568658605217934,-0.05027994513511658,0.09186495095491409,0.17636211216449738
HLA-DRA,0.14997173368465155,8,-0.012813178822398186,0.3878372013568878,0.08506206423044205,0.11028941720724106,0.01003174763172865,0.02747097797691822,0.1734706461429596,0.4184249937534332
HLA-DRB1,0.08701115018629935,8,0.0016220294637605548,0.2388879656791687,0.06499852240085602,0.06570248305797577,-0.035279612988233566,-0.04902373626828194,0.1906828135251999,0.21849873661994934
HMGB2,0.15270249056629837,8,0.1399787813425064,0.19170399010181427,0.16660964488983154,0.3130325675010681,-0.024193821474909782,0.05706110969185829,0.1558808535337448,0.22154679894447327
HNRNPUL2,0.18675314862048253,8,0.09505358338356018,0.33680295944213867,0.2211919128894806,0.26376327872276306,0.029892466962337494,-0.007725630421191454,0.26727136969566345,0.2877752482891083
HOOK3,0.0013428023376036435,8,0.0022580025251954794,-0.004896032158285379,-0.01427928265184164,-0.02029111236333847,-0.03048015758395195,0.037318866699934006,0.05852290615439415,-0.017410771921277046
HPS6,0.03701907623326406,8,0.023980364203453064,0.0741124078631401,0.10464650392532349,0.02482539229094982,0.0024476386606693268,0.002291653770953417,0.008585040457546711,0.05526360869407654
HSD17B1,0.022747453534975648,8,0.015593692660331726,0.009708893485367298,-0.023147426545619965,0.060966748744249344,-0.027918094769120216,0.011555134318768978,0.10604453086853027,0.029176149517297745
HSPA4,0.09038073812553193,8,0.03941565752029419,0.2453823685646057,0.16671797633171082,0.08248455822467804,0.0012886569602414966,-0.05633009970188141,0.13092203438282013,0.1131647527217865
HSPB1,0.1282632682705298,8,-0.010949079878628254,0.24435414373874664,0.15006476640701294,0.21617911756038666,-0.03962079435586929,0.02523566223680973,0.20715880393981934,0.2336835265159607
HSPB11,0.1251913384476211,8,0.07760341465473175,0.29135385155677795,0.1130637526512146,0.12888476252555847,-0.0005659826565533876,0.05407673865556717,0.20560723543167114,0.13150693476200104
HYI,0.019333664560690522,8,0.011773625388741493,-0.06779506802558899,0.100725457072258,0.05477489158511162,-0.025142250582575798,-0.020999424159526825,0.09246551245450974,0.008866572752594948
IDH3G,0.05624953017104417,8,0.004074764437973499,0.18656834959983826,0.0789882019162178,0.0822991281747818,-0.03216421976685524,-0.042750824242830276,0.11960741132497787,0.05337342992424965
IDUA,0.03699495946057141,8,-0.01512190606445074,0.10501530766487122,0.03951667249202728,0.07312227785587311,0.00628513190895319,-0.052498698234558105,0.07546420395374298,0.06417668610811234
IER5L,0.03509570111054927,8,0.06405070424079895,0.016861869022250175,0.06268367171287537,0.11443980783224106,0.018675321713089943,-0.0346563421189785,0.00947882141917944,0.029231755062937737
IFI27,0.08248634962365031,8,-0.05290881171822548,0.31584927439689636,0.24410605430603027,0.041584327816963196,0.04204251617193222,-0.06792879849672318,-0.05299463868141174,0.19014087319374084
IFI27L1,0.039270258974283934,8,-0.015406507067382336,0.16098268330097198,0.06207366660237312,0.05122440680861473,-0.007584354840219021,-0.03794572874903679,0.022280508652329445,0.07853739708662033
IFI44L,-0.03728828800376505,8,0.009151640348136425,-0.006487023085355759,-0.07240545749664307,-0.03464770317077637,-0.017082946375012398,-0.0383121594786644,-0.09686381369829178,-0.04165884107351303
IGFBP2,0.0912058837711811,8,0.006754493340849876,0.17954827845096588,0.15525683760643005,0.15311019122600555,-0.03169950470328331,0.02062091790139675,0.08593970537185669,0.16011615097522736
IGFBP4,0.014432667521759868,8,0.18124103546142578,-0.22440728545188904,0.05878223478794098,0.04323404282331467,0.02053375355899334,0.08097831904888153,0.06873297691345215,-0.11363373696804047
IGHA1,0.13854883797466755,8,0.1723085194826126,0.21698454022407532,0.21167044341564178,0.1895160675048828,-0.13333436846733093,0.04012003540992737,0.16429586708545685,0.24682959914207458
IGHG3,-0.06994541361927986,8,-0.12332139909267426,0.07830117642879486,-0.07300584018230438,-0.1289806365966797,0.08123372495174408,-0.18167263269424438,-0.09015863388776779,-0.12195906788110733
IGHG4,-0.052465933084022254,8,-0.034892488270998,-0.00408919109031558,0.09152942150831223,0.027237100526690483,0.08790356665849686,0.02469596266746521,-0.26138532161712646,-0.35072651505470276
IGHM,-0.021167516708374023,8,-0.11496655642986298,0.1025872528553009,-0.14135059714317322,-0.14476878941059113,0.10367804765701294,-0.10383794456720352,0.012799397110939026,0.11651905626058578
IGKC,-0.09058049879968166,8,-0.13774408400058746,-0.037226755172014236,-0.12517045438289642,-0.09707099944353104,0.09371130913496017,0.0598553903400898,-0.15832960605621338,-0.32266879081726074
IGLC2,-0.10871162568219006,8,-0.1367865651845932,-0.03651290759444237,-0.0163018386811018,-0.06888888031244278,0.056596748530864716,-0.1949533075094223,-0.2561838924884796,-0.21666236221790314
IGLC3,-0.05115904443664476,8,-0.09631837159395218,0.0989265963435173,0.03785967454314232,-0.13952608406543732,-0.09494685381650925,-0.13762922585010529,0.003957896027714014,-0.08159598708152771
IGLC7,0.006633671931922436,8,-0.004189757164567709,-0.01983415149152279,0.06440257281064987,0.05653650313615799,0.033461831510066986,-0.06648584455251694,0.004597047809511423,-0.01541882660239935
IKZF3,0.0764025489334017,8,0.04560838267207146,0.1326788365840912,0.20860879123210907,0.0412234365940094,0.019888371229171753,0.04343419894576073,0.02760973758995533,0.09216863662004471
IL10RA,0.06653909409214975,8,0.0008390173898078501,0.2524263262748718,0.025740494951605797,0.026361186057329178,0.03571072220802307,-0.01402362436056137,0.04941745847463608,0.1558411717414856
ILKAP,0.05407399288378656,8,0.04736914858222008,0.12470479309558868,0.05327746644616127,0.059328362345695496,-0.04318588599562645,-0.02643069438636303,0.08366196602582932,0.1338667869567871
INAFM1,-0.01376145868562162,8,-0.01480901800096035,-0.055713165551424026,-0.002428806619718671,0.0012548745144158602,0.052591707557439804,-0.08712267875671387,0.01662464626133442,-0.020489228889346123
INPP4B,0.022451749013271183,8,0.01550027821213007,0.03209009766578674,0.03785572201013565,0.049390893429517746,-0.03367215022444725,-0.0021235565654933453,0.02945679984986782,0.05111590772867203
INPP5D,0.0649630781263113,8,-0.043251264840364456,0.16299277544021606,0.03260962292551994,0.045237939804792404,0.04464717209339142,0.03510333225131035,0.07290416955947876,0.16946087777614594
INPP5J,0.06813319935463369,8,0.07064291089773178,0.18524430692195892,0.039867330342531204,0.08078762143850327,0.023817840963602066,0.015895290300250053,0.032257355749607086,0.09655293822288513
INTS8,0.14457875164225698,8,0.10668961703777313,0.2875632047653198,0.1902015507221222,0.2549525499343872,-0.03973555937409401,0.07231585681438446,0.16339178383350372,0.12125100940465927
ISG15,0.0007044093799777329,8,0.047598131000995636,0.10219314694404602,0.005105327349156141,-0.08645346760749817,-0.03575649484992027,-0.007300461642444134,-0.0392734557390213,0.019522549584507942
ISLR,-0.025021537960128626,8,-0.00037812997470609844,-0.11444437503814697,0.009706812910735607,0.02018418349325657,0.0063443430699408054,-0.04016721248626709,-0.0367235392332077,-0.044694386422634125
ITGA5,0.05524700367823243,8,0.02025245875120163,0.09828031808137894,0.03294980898499489,0.07573436945676804,-0.018115049228072166,-0.021146642044186592,0.1329631209373474,0.12105764448642731
ITGB4,0.07948114862665534,8,0.04400371015071869,0.05846047401428223,0.1430332362651825,0.131808802485466,-0.02693963795900345,0.05845462903380394,0.083689846098423,0.1433381289243698
ITGB6,0.2125506981392391,8,0.07736186683177948,0.13480928540229797,0.3024599552154541,0.35670244693756104,0.004982563201338053,0.15826478600502014,0.30146053433418274,0.3643641471862793
ITSN1,0.005295618553645909,8,0.02618211694061756,-0.051928021013736725,0.01004756335169077,-0.0295006912201643,0.014636220410466194,0.042820874601602554,0.04764982685446739,-0.017542941495776176
JAG2,0.07171968498732895,8,0.004177715629339218,0.14672264456748962,-0.026356782764196396,0.1364370435476303,0.022000707685947418,-0.0066832127049565315,0.13972564041614532,0.1577337235212326
JAK1,0.0582201054203324,8,0.008635709062218666,-0.016610626131296158,0.13056637346744537,0.06410130113363266,-0.004646413493901491,-0.03388547524809837,0.22769056260585785,0.08990941196680069
JAK3,0.06783900910522789,8,-0.063425712287426,0.21917296946048737,0.05373033881187439,0.041186898946762085,0.014156862162053585,-0.009724564850330353,0.06214122101664543,0.2254740595817566
JCHAIN,-0.050220157427247614,8,0.028776319697499275,-0.11899753659963608,-0.005212075542658567,-0.017679190263152122,0.019272232428193092,-0.014805400744080544,-0.0671004131436348,-0.22601519525051117
JMJD6,0.09993532649241388,8,0.07241395860910416,0.16752028465270996,0.130553737282753,0.17536112666130066,0.04865304008126259,-0.026588095352053642,0.1370195597410202,0.09454900026321411
KAT6B,0.02167390109389089,8,0.026984458789229393,0.053668659180402756,0.03389013931155205,0.06335670500993729,-0.0014228236395865679,-0.014640281908214092,-0.009962196461856365,0.021516548469662666
KATNA1,0.07487669913098216,8,0.054335907101631165,0.17961299419403076,0.025825411081314087,0.048062585294246674,0.03547694906592369,0.036283060908317566,0.07621213048696518,0.14320455491542816
KCNAB2,0.050730392220430076,8,0.012732517905533314,0.15179291367530823,-0.008012630976736546,0.052262503653764725,0.033502984791994095,-0.004779302515089512,0.052460070699453354,0.11588408052921295
KCTD10,0.10630052473425167,8,0.05945630371570587,0.23163293302059174,0.15125854313373566,0.16561156511306763,-0.030026130378246307,-0.0009034401155076921,0.12552683055400848,0.14784759283065796
KDM4B,0.15452794078737497,8,0.08194000273942947,0.31619593501091003,0.24885909259319305,0.19426853954792023,0.0427883081138134,0.016385596245527267,0.12265018373727798,0.21313586831092834
KIAA0895L,0.0986863300204277,8,0.04593788832426071,0.20369486510753632,0.12492834776639938,0.1310151368379593,0.0285539161413908,0.013421798124909401,0.10294390469789505,0.13899478316307068
KIAA1211L,0.027834696986246854,8,0.04365893825888634,0.04570077732205391,0.04766383394598961,0.06460997462272644,-0.012022042647004128,-0.020635362714529037,0.005893439520150423,0.04780801758170128
KIAA1217,0.04529962144442834,8,0.027918865904211998,-0.09026653319597244,0.038404107093811035,0.07945618033409119,-0.0032409809064120054,-0.026819128543138504,0.1627206802368164,0.17422378063201904
KIAA1468,0.05777245264471276,8,0.0519745871424675,0.029593655839562416,0.11943990737199783,0.07185029238462448,0.00030011817580088973,0.016024300828576088,0.07869203388690948,0.09430472552776337
KIAA1715,0.09325522498693317,8,0.05926632136106491,0.14666886627674103,0.1880677193403244,0.10531587153673172,-0.010277719236910343,0.03423459455370903,0.13281671702861786,0.08994942903518677
KIF13B,0.06544041534652933,8,0.037907183170318604,0.12389860302209854,0.1231013834476471,0.06352555751800537,-0.005262736696749926,0.009679403156042099,0.07113108038902283,0.09954284876585007
KIF2C,0.04370293125975877,8,0.03782689571380615,0.10385201126337051,0.024322951212525368,0.03925823047757149,0.03716771677136421,0.00559528823941946,0.050311096012592316,0.051289260387420654
KLF9,0.03950525401160121,8,0.06129826232790947,0.11664586514234543,0.05062790587544441,0.08359429985284805,-0.030077939853072166,-0.03075551614165306,0.007123569026589394,0.05758558586239815
KMT2B,0.15922359889373183,8,0.07070671021938324,0.3298475444316864,0.1841111034154892,0.13445442914962769,0.026261989027261734,0.03884134441614151,0.2081262767314911,0.2814393937587738
KMT2E,-0.02094102738192305,8,0.04633571580052376,-0.051210418343544006,-0.004008993972092867,0.04873521998524666,-0.00774789322167635,-0.021977657452225685,-0.031897589564323425,-0.14575660228729248
KPNB1,0.08698933433333877,8,0.06045632064342499,0.15578444302082062,0.1264832317829132,0.09073801338672638,0.013204894959926605,0.0016511493595317006,0.11504967510700226,0.13254694640636444
KRAS,0.049074226059019566,8,0.07214000076055527,-0.09983266890048981,0.12190502136945724,0.110677570104599,-0.04402516782283783,0.014794975519180298,0.11530844867229462,0.10162562876939774
KRT10,0.1187165027949959,8,0.053499236702919006,0.27587375044822693,0.15651912987232208,0.16668668389320374,-0.031381480395793915,0.011299783363938332,0.12563957273960114,0.19159534573554993
KRT14,-0.02396010576436917,6,-0.045610226690769196,-0.06424766778945923,,,-0.011197802610695362,-0.0053229304030537605,0.020075269043445587,-0.03745727613568306
KRT17,-0.013567518879426643,8,-0.026565542444586754,-0.0015463805757462978,-0.002914815442636609,-0.034056443721055984,-0.04099232330918312,0.02376888133585453,0.001282871700823307,-0.027516398578882217
KRT5,-0.004471267107874155,8,0.005239125341176987,0.07129090279340744,-0.034888312220573425,-0.020817672833800316,0.022684646770358086,-0.024331077933311462,-0.02787940390408039,-0.02706834487617016
KRT8,0.126729420007905,8,0.037120092660188675,0.21706198155879974,0.17853988707065582,0.14974237978458405,-0.06391787528991699,-0.002374231116846204,0.22652782499790192,0.2711353003978729
KRT86,0.02096546342363581,8,0.017051173374056816,-0.03852469101548195,0.027348605915904045,0.05049234628677368,0.021102821454405785,-0.005227020476013422,0.027659639716148376,0.06782083213329315
LAMB2,0.0767188771860674,8,0.022334596142172813,0.12306786328554153,0.015813592821359634,0.08470018953084946,0.013630996458232403,-0.04350478574633598,0.16014713048934937,0.23756143450737
LAMTOR2,0.1123227458447218,8,0.018083199858665466,0.2865975499153137,0.16511046886444092,0.18313966691493988,-0.046650588512420654,-0.07277446985244751,0.2224268913269043,0.14264924824237823
LANCL1,0.024483515648171306,8,0.044356267899274826,-0.11043461412191391,0.02093544416129589,0.05416169390082359,0.013314954936504364,-0.018622860312461853,0.10895541310310364,0.0832018256187439
LARP1B,0.05297226784750819,8,0.04910533130168915,0.1810031682252884,0.07956095039844513,0.03983362019062042,-0.035522717982530594,0.009087294340133667,0.03125181794166565,0.06945867836475372
LARP7,0.04535660718102008,8,0.021866988390684128,0.065188929438591,0.06318198144435883,0.04821222648024559,-0.011581693775951862,0.030193684622645378,0.07475197315216064,0.07103876769542694
LCK,0.03861270332708955,8,-0.041833627969026566,0.1694040447473526,-0.007592589594423771,0.0364796482026577,-0.010098333470523357,-0.018996842205524445,0.08699073642492294,0.09454859048128128
LCP1,0.09638508228817955,8,-0.06901338696479797,0.1968839019536972,0.2700518071651459,0.045671164989471436,0.022116675972938538,0.003625073004513979,0.0727454349398613,0.22899998724460602
LGALS1,0.021288743417244405,8,0.004060870967805386,-0.11889470368623734,0.04422752559185028,0.13934768736362457,0.002337238285690546,0.06348676234483719,-0.024900224059820175,0.06064479053020477
LIMCH1,0.06132396828616038,8,0.030896984040737152,0.03730377182364464,0.14992207288742065,0.13634538650512695,-0.01584473066031933,0.004048346076160669,0.07757849246263504,0.07034142315387726
LIMK1,0.098227045731619,8,0.022034473717212677,0.16484200954437256,0.1126636490225792,0.18068718910217285,-0.01939542032778263,-0.02841956540942192,0.18529941141605377,0.1681046187877655
LINC00176,0.04435275384457782,8,-0.012472622096538544,0.11960627138614655,0.07020255923271179,0.07664263248443604,-0.030094727873802185,-0.005498760845512152,0.05613313615322113,0.08030354231595993
LINGO1,0.05271055462071672,8,0.018592718988656998,0.0402771532535553,0.04163464903831482,0.10900970548391342,0.007318854797631502,0.04663680121302605,0.09778707474470139,0.060427479445934296
LLGL1,0.03949381073471159,8,0.01650972291827202,0.04529878869652748,0.052589140832424164,0.09678961336612701,-0.011839200742542744,-0.02527659758925438,0.08250992000102997,0.05936909839510918
LMF1,0.04166102589806542,8,0.041136082261800766,0.09480172395706177,0.06013515964150429,0.017190590500831604,-0.007408470381051302,-0.024865224957466125,0.08827993273735046,0.06401841342449188
LMNA,-0.02617299269331852,8,0.03256344050168991,-0.06980160623788834,0.0006424604798667133,0.06444701552391052,-0.0437086820602417,0.04230324178934097,-0.17437969148159027,-0.06145012006163597
LRRC8A,0.06925806705839932,8,0.03016190230846405,0.08347298949956894,0.14205637574195862,0.09684807062149048,-0.015192022547125816,0.0365489237010479,0.05305023118853569,0.1271180659532547
LRWD1,0.06556474522221833,8,0.02330861985683441,0.154222309589386,0.06456424295902252,0.16691261529922485,-0.0205196812748909,0.012766091153025627,0.01192388217896223,0.11133988201618195
LST1,-0.002296198421390727,8,-0.015482994727790356,-0.08755281567573547,0.04035744071006775,-0.023234814405441284,0.02768293023109436,-0.0037121905479580164,0.00344934593886137,0.04012351110577583
LTB4R,0.11927485466003418,8,0.052129872143268585,0.18025600910186768,0.1884368658065796,0.16680306196212769,0.05011921748518944,0.049456480890512466,0.08489123731851578,0.18210609257221222
LTBP3,0.018341058894293383,8,-0.03072359412908554,-0.0018873268272727728,0.011251715943217278,-0.0237259641289711,-0.04447171837091446,-0.05816519260406494,0.15909871459007263,0.13535183668136597
LTF,0.07169957421137951,8,-0.02624933421611786,0.08791600912809372,-0.02514791302382946,0.11385247856378555,0.02227390930056572,-0.0035789620596915483,0.2011924833059311,0.2033379226922989
LUC7L,0.10951301976456307,8,0.07657567411661148,0.20769663155078888,0.13627856969833374,0.11817717552185059,0.0037583603989332914,0.04015359282493591,0.09949612617492676,0.1939680278301239
LUC7L3,0.15202238387428224,8,0.04576267674565315,0.23721463978290558,0.15539731085300446,0.2168758362531662,-0.01968148909509182,0.1648676097393036,0.1688898652791977,0.24685262143611908
LUM,0.042569761630147696,8,-0.037739526480436325,-0.2944183051586151,0.07625994086265564,0.1717705875635147,-0.07671677321195602,0.09478770196437836,0.21094928681850433,0.195665180683136
LYL1,0.009651726461015642,8,-0.009192910976707935,0.07353002578020096,-0.015178628265857697,-0.013898048549890518,-0.0552227683365345,-0.02665938250720501,0.027416890487074852,0.09641863405704498
MAGEF1,0.1674279512371868,8,0.06927895545959473,0.26661360263824463,0.2728416919708252,0.2822645604610443,-0.02765672095119953,0.07061152160167694,0.1720132827758789,0.23345671594142914
MAGI1,0.018471907824277878,8,0.0469660721719265,0.01486669946461916,0.06536363810300827,0.038924966007471085,0.017399167641997337,-0.009062716737389565,-0.02431005984544754,-0.002372504211962223
MAGOHB,0.06660117418505251,8,0.060402628034353256,0.08774678409099579,0.1424473226070404,0.09831660985946655,-0.040885478258132935,0.005710890516638756,0.0548056960105896,0.12426494061946869
MAP1S,0.05907609546557069,8,0.029737036675214767,0.18956519663333893,0.10432767868041992,0.04192810878157616,-0.030149973928928375,-0.04757682606577873,0.0454070121049881,0.13937053084373474
MAP3K14,0.030243158762459643,8,-0.020272793248295784,0.08497489243745804,-0.001109327538870275,0.0552438460290432,0.012590139172971249,-0.02396124042570591,0.08138374239206314,0.05309601128101349
MAP3K6,0.06516051951621193,8,-0.002074136398732662,0.21354268491268158,0.05332310125231743,0.05489666014909744,-0.00029021536465734243,-0.021836843341588974,0.13975229859352112,0.08397060632705688
MAP4K2,0.04057322535663843,8,-0.028484072536230087,0.054298557341098785,0.005370374768972397,0.08628250658512115,-0.02999061346054077,0.011971741914749146,0.12412087619304657,0.10101643204689026
MAPK9,0.06048354087397456,8,0.020628470927476883,0.15212713181972504,0.13136687874794006,0.06349775195121765,-0.03237997367978096,0.027512896806001663,0.042015187442302704,0.07909998297691345
MAPKAPK5,0.0945928692817688,8,0.05421535298228264,0.212441086769104,0.13225530087947845,0.11523272097110748,-0.013054944574832916,0.024092387408018112,0.07965618371963501,0.1519048660993576
MAPT,0.005692568025551736,8,0.018200810998678207,-0.008724462240934372,-0.01795751415193081,-0.006038762629032135,0.014401155523955822,0.014753640629351139,0.011417598463594913,0.019488077610731125
MARS,0.1235966581152752,8,0.07130782306194305,0.23957477509975433,0.16650356352329254,0.21279975771903992,-0.03535710647702217,-0.009105640463531017,0.14221760630607605,0.20083248615264893
MAVS,0.07086669350974262,8,0.043293554335832596,0.15211273729801178,0.12982511520385742,0.09361138939857483,-0.06717082858085632,-0.028191475197672844,0.10553163290023804,0.13792142271995544
MCTS1,0.09076484921388328,8,0.0631282702088356,0.22360128164291382,0.1020413264632225,0.18529047071933746,-0.021520700305700302,-0.015944665297865868,0.09207487851381302,0.09744793176651001
MDM2,0.10338721366133541,8,0.08112068474292755,0.191049724817276,0.14616422355175018,0.12773318588733673,-0.005095631815493107,0.0398545078933239,0.10419999063014984,0.14207102358341217
MED13L,0.07540210858132923,8,-0.0008579410496167839,0.16803260147571564,0.08149125427007675,0.09229982644319534,0.015436390414834023,0.029271790757775307,0.09989917278289795,0.11764377355575562
MED25,0.10893365907031693,8,0.062066059559583664,0.14218562841415405,0.1753101348876953,0.1642320603132248,0.0004216477682348341,-0.0004830086254514754,0.16563867032527924,0.16209807991981506
MELK,0.05036751239094883,8,-0.004140208475291729,0.15619464218616486,0.06016669049859047,0.05247517302632332,-0.04347332566976547,0.03538315370678902,0.08479824662208557,0.061535727232694626
MEN1,0.043479192652739584,8,0.0024750279262661934,0.07993067055940628,0.07612527161836624,0.04879095405340195,-0.03767364099621773,-0.017149005085229874,0.10224232077598572,0.0930919423699379
METTL12,0.0022615689085796475,8,-0.017616132274270058,-0.12268436700105667,0.03710825741291046,0.07459808140993118,0.009597939439117908,-0.04227085039019585,0.06624331325292587,0.01311630941927433
METTL16,0.05927772563882172,8,0.03810097649693489,0.11902657151222229,0.05986103042960167,0.06460350006818771,0.04977190122008324,-0.009859064593911171,0.063890241086483,0.08882664889097214
MFAP4,-0.019309214665554464,8,0.05324012041091919,-0.0029114033095538616,-0.046090997755527496,-0.05188983678817749,-0.003353147767484188,-0.0164506733417511,0.003908555489033461,-0.09092633426189423
MFSD3,0.016231241927016526,8,0.022685345262289047,-0.030556218698620796,-0.016165703535079956,0.04873555153608322,-0.006871120538562536,0.024289479479193687,0.05171198770403862,0.036020614206790924
MFSD7,0.024139713088516146,8,0.006347836926579475,0.07703687250614166,0.05187242850661278,0.06164804473519325,-0.012078615836799145,-0.061748914420604706,0.004078944679349661,0.06596110761165619
MGMT,0.0632746540941298,8,0.03820614889264107,0.05513835698366165,0.11087028682231903,0.14812085032463074,0.037254031747579575,-0.02416400983929634,0.088466115295887,0.05230545252561569
MGP,-0.05912793937022798,8,-0.0029469167347997427,-0.13813526928424835,-0.13028928637504578,-0.16918210685253143,-0.06017504632472992,0.044742945581674576,0.02398775890469551,-0.041025593876838684
MIA,0.011251198127865791,7,0.021911203861236572,-0.029433446004986763,0.04685657471418381,,-0.01270633190870285,0.017407692968845367,0.022903116419911385,0.011819576844573021
MIB2,0.0843749437481165,8,0.017129069194197655,0.214131698012352,0.04298148676753044,0.12361688911914825,0.03811679407954216,0.005490468814969063,0.1001373827457428,0.13339576125144958
MICAL1,0.06761176767759025,8,-0.047648362815380096,0.24529598653316498,0.030224939808249474,0.008739057928323746,0.03304607793688774,-0.030861929059028625,0.07309827953577042,0.22900009155273438
MICALL2,0.08297423306794371,8,0.07177665829658508,0.20718950033187866,0.037931546568870544,0.06189923360943794,0.017352452501654625,-0.0016313708620145917,0.14444413781166077,0.12483170628547668
MID1IP1,0.14402433315990493,8,0.08869925141334534,0.19554397463798523,0.19887536764144897,0.17656998336315155,0.006624402012676001,0.05393822491168976,0.26091453433036804,0.17102892696857452
MIF,0.05668107408564538,8,0.02255004271864891,0.10605230927467346,0.07723375409841537,0.0465187132358551,-0.03550148382782936,0.00851412769407034,0.1749372035264969,0.053143925964832306
MIIP,0.09948768687900156,8,0.043157145380973816,0.22779740393161774,0.09937706589698792,0.0656096562743187,0.01139806304126978,0.007963443174958229,0.16415779292583466,0.17644092440605164
MKI67,0.11322283028857782,8,0.07033060491085052,0.28439533710479736,0.12615473568439484,0.1973329782485962,0.01768137700855732,-0.005195103120058775,0.08490107208490372,0.13018164038658142
MKNK1,0.098124616779387,8,0.0687529519200325,0.2102803885936737,0.12905919551849365,0.11395532637834549,0.029635636135935783,0.024911576882004738,0.10413803905248642,0.10426381975412369
MLLT4,0.08219551702495664,8,0.006529807113111019,0.12011365592479706,0.12339682877063751,0.09794104844331741,-0.03672047331929207,0.0416918620467186,0.09474756568670273,0.2098638415336609
MLPH,0.1697346477303654,8,0.16500067710876465,0.3581744134426117,0.2749664783477783,0.2761082649230957,-0.026645483449101448,0.018909145146608353,0.1324710100889206,0.1588926762342453
MLST8,0.1138999111863086,8,0.035923492163419724,0.2185860574245453,0.20369984209537506,0.1728021204471588,0.0017989902989938855,-0.028178539127111435,0.15288026630878448,0.15368705987930298
MMP11,0.1643263199366629,8,0.02702939510345459,0.24343132972717285,0.18869605660438538,0.33355337381362915,-0.023961573839187622,-0.04513685032725334,0.3477812111377716,0.2432176172733307
MMP9,0.06007243605563417,8,-0.019974280148744583,0.23322327435016632,0.08075466006994247,-0.039850570261478424,0.02654542773962021,-0.002541373949497938,0.04403211176395416,0.15839023888111115
MORC2,0.13977333100046962,8,0.06737881153821945,0.23645098507404327,0.24673967063426971,0.20667360723018646,0.010995195247232914,0.017738642171025276,0.1640305519104004,0.16817918419837952
MPND,0.07158717617858201,8,0.007272481918334961,0.17600277066230774,0.15595673024654388,0.0690060704946518,0.0415792316198349,-0.011453448794782162,0.035926900804042816,0.09840667247772217
MPST,0.09793964750133455,8,0.02103576250374317,0.20218946039676666,0.16596719622612,0.1619439274072647,-0.04587693512439728,-0.0537053681910038,0.18272410333156586,0.14923903346061707
MRPL2,0.045272032963112,8,-0.004519949667155743,0.12026936560869217,0.05816509947180748,0.04684240370988846,-0.015876011922955513,0.012903033755719662,0.03334321454167366,0.1110491082072258
MRPL21,0.1362821701914072,8,0.08187414705753326,0.3070847690105438,0.12422487139701843,0.22144517302513123,0.032679688185453415,0.009144965559244156,0.20076768100261688,0.11303606629371643
MRPL23,0.027240802883170545,8,-0.03626147285103798,0.018033212050795555,0.09173212200403214,0.12709735333919525,-0.015318683348596096,-0.06627227365970612,0.1183817908167839,-0.019465625286102295
MRPL51,0.12188663604320027,8,0.05699321627616882,0.03404621407389641,0.1785348504781723,0.2558029890060425,0.002376487711444497,0.006957669742405415,0.24092082679271698,0.19946083426475525
MRPL54,0.008577577187679708,8,-0.04042636975646019,0.07412664592266083,0.02504550665616989,0.03520573675632477,-0.059447869658470154,-0.017499735578894615,0.06505598872900009,-0.013439285568892956
MRPS22,0.10549656476359814,8,0.07628875970840454,0.24150173366069794,0.12479687482118607,0.17024558782577515,-0.03823695704340935,0.009935955516994,0.15831716358661652,0.1011234000325203
MS4A6A,0.06617503467714414,8,0.004136288072913885,0.11722886562347412,0.04919238016009331,0.06699495017528534,0.05106573551893234,-0.02123715914785862,0.09312166273593903,0.16889755427837372
MST1R,0.10723953146953136,8,0.06268779933452606,0.3003181219100952,0.09430299699306488,0.17992077767848969,-0.058083780109882355,-0.002391866408288479,0.15853141248226166,0.12263078987598419
MTG2,0.10052211000584066,8,0.05089535936713219,0.2149624228477478,0.12529608607292175,0.15959064662456512,-0.052640512585639954,-0.013051999732851982,0.2003679871559143,0.11875689029693604
MTMR12,0.08639815438073128,8,0.031186945736408234,0.096531942486763,0.09348255395889282,0.15825018286705017,-0.007367667742073536,0.05378679558634758,0.10441670566797256,0.16089777648448944
MUC1,-0.03168301327241352,8,0.016716331243515015,-0.0609452985227108,-0.08130911737680435,0.0571068674325943,0.0008337277104146779,0.03593844175338745,-0.14111047983169556,-0.08069457858800888
MUCL1,0.11856322200037539,8,0.07208900898694992,0.23110772669315338,0.24340136349201202,0.05689533054828644,-0.1482112854719162,-0.02470952831208706,0.29391559958457947,0.22401756048202515
MUS81,0.1188648998431745,8,0.06442483514547348,0.2482622116804123,0.11933654546737671,0.20628765225410461,-0.0135048758238554,-0.0008502966375090182,0.16328510642051697,0.16367802023887634
MVP,0.0741214282461442,8,-0.002315964549779892,0.2220408320426941,0.019800247624516487,0.11851765215396881,-0.007399705704301596,-0.060979362577199936,0.17450213432312012,0.12880559265613556
MX2,0.05050650783232413,8,0.0034472180996090174,0.20853900909423828,-0.028808047994971275,0.07368393242359161,0.009686551056802273,-0.0006254580803215504,0.04963533207774162,0.08849352598190308
MYBL2,0.09802650817437097,8,0.023621130734682083,0.21308384835720062,0.13692250847816467,0.1287667453289032,0.004866631235927343,0.025163166224956512,0.13914918899536133,0.11263884603977203
MYC,0.09147254889830947,8,0.04859045892953873,0.19168435037136078,0.05783500149846077,0.18080300092697144,-0.04882042855024338,0.0664929747581482,0.09681936353445053,0.1383756697177887
MYH10,0.0431363929528743,8,0.033767711371183395,0.04643622413277626,0.017394857481122017,0.07311689853668213,0.03207845240831375,0.03302125260233879,0.04371562972664833,0.06556011736392975
MYL12B,0.23396978247910738,8,0.17876556515693665,0.42522457242012024,0.3269936740398407,0.29086971282958984,-0.029036790132522583,0.09010574966669083,0.2886972725391388,0.3001385033130646
MYL6B,0.05017739860340953,8,0.014672121033072472,0.10372191667556763,0.061376556754112244,0.06076587736606598,-0.018743546679615974,-0.02520301192998886,0.10016471147537231,0.10466456413269043
MYL9,0.01979816914536059,8,-0.004163541831076145,-0.09304723143577576,0.08731288462877274,0.18303874135017395,-0.0764874517917633,-0.03789322078227997,0.10924287885427475,-0.009617705829441547
MYO1G,0.03759359545074403,8,-0.017358435317873955,0.09617311507463455,0.08530709147453308,0.03011181578040123,-0.02180139720439911,-0.039274655282497406,0.07200774550437927,0.0955834835767746
MYO9B,0.08442833146546036,8,0.03462489694356918,0.22762714326381683,0.07831831276416779,0.04404632747173309,0.00823549646884203,-0.06242777407169342,0.14975053071975708,0.1952517181634903
MZT2A,0.01992828235961497,8,0.04185941442847252,0.11710396409034729,0.03906581178307533,0.08786790072917938,0.01766793802380562,-0.019289135932922363,-0.09827279299497604,-0.02657684125006199
NAA10,0.09512349450960755,8,0.052136871963739395,0.23391902446746826,0.14258138835430145,0.17994168400764465,-0.08489406108856201,-0.03554198145866394,0.1534748673439026,0.11937016248703003
NANS,0.044646596419624984,8,-0.009823736734688282,0.021269135177135468,0.13203471899032593,0.10555507242679596,-0.026371367275714874,-0.02717280015349388,0.09577899426221848,0.06590275466442108
NAT1,0.05802799796219915,8,-0.0057203033939003944,0.18195709586143494,0.0919080600142479,0.04497918859124184,-0.03529741242527962,-0.023674901574850082,0.07353859394788742,0.13653366267681122
NCKAP1L,0.03585545165697113,8,-0.03729468584060669,0.12727199494838715,0.012969022616744041,-0.006596482824534178,0.026047678664326668,0.05722194164991379,0.04658563435077667,0.060638509690761566
NCKAP5L,0.04777845986245666,8,-0.003399957437068224,0.03668678551912308,0.10104863345623016,0.05726546421647072,0.005431506782770157,-0.0015271588927134871,0.07582781463861465,0.1108945906162262
NDC80,0.027382035616028588,8,-0.016777217388153076,0.09042521566152573,0.015949901193380356,0.010421699844300747,0.0007777612772770226,-0.0012490180088207126,0.06096856668591499,0.05853937566280365
NDRG1,0.15060224360786378,8,0.01674233190715313,0.2524814009666443,0.10944245010614395,0.3538431227207184,-0.03959421068429947,0.011012360453605652,0.30903753638267517,0.19185295701026917
NDUFA1,0.1343709987704642,8,0.02267702855169773,0.2734985947608948,0.1869523674249649,0.2712031900882721,0.006040029693394899,-0.04293816536664963,0.2062678188085556,0.1512671262025833
NDUFA12,0.12794570927508175,8,0.08123672008514404,0.23912234604358673,0.20405222475528717,0.20747382938861847,0.019533028826117516,0.03022323176264763,0.11568883806467056,0.1262354552745819
NDUFB2,0.16386650860658847,8,0.09825227409601212,0.22927974164485931,0.2643139362335205,0.2962013781070709,0.0010224718134850264,0.02367476373910904,0.1959039568901062,0.20228354632854462
NDUFB3,0.13663849083241075,8,0.09843780845403671,0.3860389292240143,0.15098023414611816,0.1863185465335846,-0.020512526854872704,-0.010962187312543392,0.20710937678813934,0.09569774568080902
NDUFB9,0.03980564116500318,8,-0.05417748913168907,-0.13148759305477142,0.1297801434993744,0.1759350746870041,-0.059551481157541275,-0.025664398446679115,0.17591223120689392,0.10769864171743393
NDUFC1,0.14206414250656962,8,0.13319437205791473,0.2613345682621002,0.17094890773296356,0.24325445294380188,-0.038175832480192184,0.047679416835308075,0.20465068519115448,0.11362656950950623
NDUFS1,0.14638351649045944,8,0.14995722472667694,0.2894968092441559,0.1547136753797531,0.15826892852783203,0.015768930315971375,0.08125478774309158,0.21914681792259216,0.10246095806360245
NDUFV3,0.042379561346024275,8,0.01602834090590477,0.04822096601128578,0.08844581246376038,0.09006994962692261,-0.037820521742105484,-0.04817633703351021,0.12499931454658508,0.05726896598935127
NEBL,0.038764384225942194,8,0.06486298143863678,-0.09053608030080795,0.07078272849321365,0.09426218271255493,0.017895694822072983,-0.006869765929877758,0.05222504958510399,0.10749228298664093
NEK7,0.0736121617956087,8,0.0084115294739604,0.23098152875900269,0.1352282166481018,0.08560425788164139,-0.06535391509532928,0.06604066491127014,0.09383542835712433,0.03414958342909813
NELFE,0.02469750540331006,8,-0.033637143671512604,0.04862106218934059,0.09026797115802765,0.06097054108977318,-0.04956638440489769,-0.049258168786764145,0.05487476661801338,0.07530739903450012
NFATC4,0.018895887111284537,8,0.00036800684756599367,0.03789418563246727,-0.011502106674015522,0.0325169675052166,0.006585662253201008,-0.02615322358906269,0.004192773252725601,0.10726483166217804
NFIC,-0.05646016533137299,8,0.035386405885219574,-0.21367083489894867,-0.053693607449531555,0.04635041952133179,-0.0479322224855423,0.0037114701699465513,-0.13268913328647614,-0.08914382010698318
NINJ1,0.09351133147720248,8,-0.0035043349489569664,0.21138101816177368,0.14196902513504028,0.1551612913608551,-0.03388739377260208,-0.03585037216544151,0.17462223768234253,0.13819918036460876
NIT2,0.11861312144901603,8,0.04901962727308273,0.31811270117759705,0.14169013500213623,0.19163943827152252,-0.0367736741900444,-0.014271621592342854,0.18525977432727814,0.11422859132289886
NMRAL1,0.12127516348846257,8,0.03403196111321449,0.2753679156303406,0.15814480185508728,0.13447314500808716,-0.011406240984797478,0.02798442915081978,0.22678206861019135,0.12482322752475739
NR1H2,-0.02529618318658322,8,-0.029932206496596336,-0.14971543848514557,-0.010177301242947578,0.05520917475223541,-0.028818560764193535,-0.015306122601032257,-0.004976955242455006,-0.0186520554125309
NR4A1,0.016795523464679718,8,0.005459046922624111,-0.19237037003040314,0.041420623660087585,0.1403179168701172,0.007322538644075394,0.014241603203117847,0.06853592395782471,0.04943690448999405
NRP1,0.029627967975102365,8,-0.008152138441801071,-0.028142157942056656,0.05425133556127548,0.015608309768140316,-0.03909871727228165,0.022336218506097794,0.15895415842533112,0.061266735196113586
NSMCE1,0.08157233241945505,8,0.05403086915612221,0.17130877077579498,0.1633952558040619,0.12229292094707489,-0.02454180270433426,-0.02036992833018303,0.08602695167064667,0.10043562203645706
NTMT1,0.03778427833458409,8,-0.01833607256412506,0.09581483155488968,0.08553481847047806,0.010761507786810398,0.015422772616147995,-0.005997931119054556,0.07746884971857071,0.041605450212955475
NUF2,0.05270123633090407,8,0.008033704943954945,0.06846742331981659,0.08127585053443909,0.037566445767879486,-0.020168226212263107,0.03421112522482872,0.09724964946508408,0.11497391760349274
NUP214,0.07642846764065325,8,0.03090694546699524,0.21933874487876892,0.09029154479503632,0.10930783301591873,-0.036845944821834564,-0.021355969831347466,0.08752119541168213,0.1322633922100067
NUP93,0.11893512820824981,8,0.037258751690387726,0.3149997293949127,0.15582552552223206,0.168232262134552,-0.01680886559188366,0.028342219069600105,0.09509959816932678,0.16853180527687073
NXN,0.036025906447321177,8,-0.02439691871404648,0.0569043792784214,0.0044993143528699875,0.11273997277021408,-0.035184405744075775,0.005935901775956154,0.09379158169031143,0.07391742616891861
OASL,0.02786662157450337,8,-0.0019239193061366677,0.15718939900398254,-0.002498111454769969,0.06531888991594315,-0.042491525411605835,-0.01694123074412346,0.019667547196149826,0.04461192339658737
OGFRL1,0.03956092204316519,8,-0.014423336833715439,-0.0022532728035002947,0.028252137824892998,0.0764123797416687,0.018706291913986206,0.022233422845602036,0.09419436007738113,0.0933653935790062
OPTN,0.03868022398091853,8,0.021985400468111038,0.03472480922937393,-0.02341461181640625,0.09526044130325317,-0.01778450794517994,0.005954518914222717,0.11147870123386383,0.08123704046010971
ORC2,0.009881375008262694,8,0.022341670468449593,-0.049011602997779846,0.01885935664176941,0.04567001014947891,-0.01935541443526745,0.009482129476964474,0.02150883339345455,0.029556017369031906
ORC6,0.06455487152561545,8,0.050204794853925705,0.08553554117679596,0.05496193841099739,0.07343056052923203,-0.028910500928759575,0.02851303108036518,0.11641661822795868,0.13628698885440826
OSBPL8,-0.009605063707567751,8,0.022558242082595825,-0.1163901835680008,0.010222602635622025,0.014002456329762936,-0.010157449170947075,0.0181325301527977,-0.008006093092262745,-0.007202615030109882
P4HA2,0.03451522020623088,8,0.036864835768938065,-0.004354117438197136,0.02533051371574402,0.07051891088485718,-0.04924572631716728,0.01079765148460865,0.10704022645950317,0.07916946709156036
PAF1,0.032603292958810925,8,-0.012216128408908844,0.0625302642583847,0.0922020673751831,0.02201084978878498,0.01708046905696392,-0.011241799220442772,0.03727469965815544,0.05318592116236687
PAFAH1B3,0.08061082754284143,8,0.03618977218866348,0.22871418297290802,0.10230419039726257,0.09404146671295166,-0.04209356755018234,-0.030635803937911987,0.14948143064975739,0.10688494890928268
PAQR4,0.09781344560906291,8,0.10108502209186554,0.177398219704628,0.13553129136562347,0.12806451320648193,-0.038236960768699646,0.009052272886037827,0.17719164490699768,0.09242156147956848
PARN,0.02931622019968927,8,0.024592900648713112,0.02098330669105053,0.05893464386463165,0.03720289468765259,0.030151724815368652,-0.01801338605582714,0.0637073814868927,0.01697029545903206
PCCB,0.09839924378320575,8,0.11891749501228333,0.18372206389904022,0.10838039964437485,0.15929138660430908,-0.018757332116365433,0.008892692625522614,0.09428359568119049,0.13246364891529083
PCIF1,0.06010697968304157,8,0.02500946819782257,0.2107372134923935,0.035798329859972,0.07858311384916306,-0.048882320523262024,-0.015006791800260544,0.07256317138671875,0.12205365300178528
PDCD5,0.15667511195351835,8,0.11412834376096725,0.33059874176979065,0.28810372948646545,0.22403007745742798,0.01872367411851883,0.00023533019702881575,0.1617899090051651,0.11579108983278275
PDGFRA,-0.015158273163251579,8,0.01870056241750717,-0.11581148207187653,-0.02312595024704933,-0.016020923852920532,0.012113506905734539,0.041664354503154755,0.01463763602077961,-0.053423888981342316
PDGFRB,0.017691901186481118,8,0.03404697775840759,-0.06635119020938873,0.025366174057126045,0.08640220016241074,-0.02676037885248661,0.007513727992773056,0.09330444037914276,-0.011986741796135902
PER1,0.08711340086301789,8,0.04493676871061325,0.25078102946281433,-0.01941010169684887,0.07631942629814148,0.005677116569131613,0.020908765494823456,0.1341504007577896,0.18354380130767822
PEX11G,0.0244751627324149,8,0.012408875860273838,0.02742457017302513,0.01741858571767807,0.05284188315272331,-0.033107876777648926,-0.021224411204457283,0.07691775262355804,0.06312192231416702
PEX14,0.032965793056064285,8,-0.009329404681921005,0.09547427296638489,0.02870171330869198,0.027402613312005997,-0.0014100231928750873,-0.013623355887830257,0.06153396517038345,0.07497656345367432
PGLS,0.04992835270240903,8,0.03464176505804062,0.03245123103260994,0.06063076853752136,0.10069646686315536,-0.030650874599814415,-0.02966138906776905,0.13999426364898682,0.0913245901465416
PGR,0.021247638320346596,8,-0.0004325551853980869,0.03634176030755043,-0.04752857983112335,0.013990283012390137,0.039493538439273834,0.015985529869794846,0.05929652974009514,0.05283460021018982
PHF11,0.037763554078992456,8,0.019861925393342972,0.056583940982818604,0.03390629589557648,0.007072204723954201,0.009253520518541336,-0.007285068277269602,0.06195231154561043,0.12076330184936523
PHF13,0.06841602572239935,8,0.03643385320901871,0.12946178019046783,0.05604743957519531,0.13845378160476685,-0.005173530429601669,-0.026622721925377846,0.09186413884162903,0.12686346471309662
PHF21A,0.052694926504045725,8,0.05261498689651489,0.04139804467558861,0.05619320645928383,0.07215577363967896,-0.020964372903108597,0.023985113948583603,0.15588824450969696,0.04028841480612755
PHGDH,0.11820707854349166,8,0.06262342631816864,0.15307532250881195,0.25394895672798157,0.17819970846176147,0.013538726605474949,-0.03686036914587021,0.1486120969057083,0.1725187599658966
PHKB,0.09980576112866402,8,0.057233892381191254,0.21015845239162445,0.13162024319171906,0.1422959268093109,-0.04109741374850273,0.027031738311052322,0.18737685680389404,0.08382639288902283
PIGQ,0.09214724996127188,8,0.0796266496181488,0.11652781069278717,0.19116413593292236,0.1463875025510788,-0.021447917446494102,-0.06388577073812485,0.17896927893161774,0.10983631014823914
PIH1D1,0.017935361713171005,8,0.02644246444106102,0.010364711284637451,0.030311468988656998,0.0587330162525177,-0.022731326520442963,-0.08320008218288422,0.0717688649892807,0.05179377645254135
PILRA,0.043204849818721414,8,0.012891007587313652,0.17913156747817993,0.009860972873866558,0.012944457121193409,0.058686189353466034,-0.048433057963848114,0.03155636414885521,0.08900129795074463
PIM2,0.09990384988486767,8,0.03690982237458229,0.2837776243686676,0.11882878839969635,0.11609701067209244,0.05492834746837616,-0.05795583873987198,0.04810221120715141,0.19854283332824707
PITX1,0.07355409997398965,8,0.08455492556095123,0.13683870434761047,0.027633121237158775,0.18977932631969452,-0.03096151351928711,-0.001278991112485528,0.07414890825748444,0.1077183187007904
PKNOX1,0.05795537703670561,8,0.03579723462462425,0.1530165672302246,0.06059050187468529,0.03727228567004204,-0.016388462856411934,0.03223384916782379,0.08034161478281021,0.08077942579984665
PLAC9,0.02168875269126147,8,0.005654681473970413,0.02779371850192547,0.06398454308509827,0.04590161517262459,-0.030320586636662483,0.011534121818840504,0.03888438269495964,0.010077545419335365
PLEKHO2,0.020584261161275208,8,-0.029925158247351646,0.047810960561037064,0.06521929055452347,0.013103362172842026,-0.010059968568384647,-0.03816135600209236,0.06734582781791687,0.04934113100171089
PLIN2,0.04251516984368209,8,-0.002708431798964739,0.12498060613870621,0.029756324365735054,0.05909658223390579,0.001487674773670733,-0.002777412533760071,0.06019598990678787,0.07009002566337585
PLK1,0.10122824017889798,8,0.05910789966583252,0.20650959014892578,0.1484699845314026,0.12805218994617462,-0.023010333999991417,0.016250520944595337,0.13396793603897095,0.14047813415527344
PLK2,0.15161324245855212,8,0.09721303731203079,0.25842922925949097,0.19887582957744598,0.13329952955245972,-0.05841029807925224,0.08875890076160431,0.23903310298919678,0.2557066082954407
PLLP,0.0862014617305249,8,0.03441232815384865,0.1523621380329132,0.09604401141405106,0.13142280280590057,-0.014505745843052864,0.05212690308690071,0.12482327222824097,0.11292598396539688
PLP2,0.05707211678964086,8,0.0016569627914577723,0.1875157505273819,0.17021365463733673,0.15461505949497223,-0.06675908714532852,-0.09432682394981384,0.03938858211040497,0.06427283585071564
PLPPR2,0.06454593280795962,8,0.00619792565703392,0.12131232023239136,0.08424344658851624,0.08451240509748459,-0.036250144243240356,-0.014504841528832912,0.0940646231174469,0.1767917275428772
PLSCR1,0.056086621480062604,8,-0.04454725980758667,0.12640966475009918,0.09421227872371674,0.02011052891612053,0.011242112144827843,0.05635601282119751,0.1120363250374794,0.0728733092546463
PLTP,-0.015888918424025178,8,-0.05108429864048958,-0.26174241304397583,0.0338820181787014,0.09459784626960754,0.017545459792017937,-0.05411525443196297,0.06860137730836868,0.025203917175531387
PLVAP,-0.019219120091293007,8,0.02225361578166485,-0.12210839986801147,-0.026662109419703484,0.03801127150654793,-0.021956555545330048,0.0013471166603267193,0.044060636311769485,-0.08869853615760803
PLXNA1,0.15935969396377914,8,0.06625887751579285,0.330156534910202,0.1762668788433075,0.2135208696126938,-0.002169204642996192,0.006887005176395178,0.24382111430168152,0.24013547599315643
PLXND1,0.09591440414078534,8,0.01575550250709057,0.16949130594730377,0.0005408432334661484,0.1410302370786667,0.08496731519699097,-0.015967631712555885,0.19883380830287933,0.1726638525724411
PMP22,-0.0003093184204772115,8,-0.02148345112800598,-0.16264864802360535,0.016074394807219505,0.07209617644548416,-0.027189332991838455,0.0031896689906716347,0.09320017695426941,0.02428646758198738
PNISR,-0.01894105097744614,8,0.004747663624584675,-0.06417755782604218,0.026587942615151405,-0.016417721286416054,-0.024953894317150116,0.02053961716592312,-0.021102607250213623,-0.07675185054540634
PNMT,0.08927899482659996,8,0.04699980840086937,0.2656307518482208,0.0961378738284111,0.14823675155639648,0.06325629353523254,-0.023650335147976875,0.06918571889400482,0.04843509569764137
PNP,0.06181867269333452,8,0.03665544092655182,0.09077383577823639,0.13616277277469635,0.10291846096515656,-0.019470099359750748,-0.010216671042144299,0.019159207120537758,0.13856643438339233
PNPLA6,0.09816566156223416,8,0.021396080031991005,0.16427990794181824,0.09885381162166595,0.15938255190849304,0.018943466246128082,-0.02587193064391613,0.15941452980041504,0.18892687559127808
PODNL1,0.01976833865046501,8,0.029375649988651276,-0.020903319120407104,0.01652654819190502,0.04908528923988342,-0.008446069434285164,-0.028978828340768814,0.037381939589977264,0.08410549908876419
PODXL,0.05194181390106678,8,0.042604170739650726,0.03567101061344147,0.04797525331377983,0.020597102120518684,0.026078566908836365,-0.02733013592660427,0.1297905445098877,0.14014799892902374
POLR2E,0.04671473347116262,8,0.03410898894071579,-0.1451794058084488,0.10286949574947357,0.1715356856584549,-0.035629477351903915,-0.015462028793990612,0.16596128046512604,0.09551332890987396
POLR2J,0.07184588932432234,8,0.03711754083633423,0.03178178146481514,0.14798490703105927,0.16380472481250763,-0.02534945122897625,-0.0390823669731617,0.13334885239601135,0.12516112625598907
POR,0.10645848279818892,8,0.048802781850099564,0.235569566488266,0.14659541845321655,0.21030709147453308,-0.016526035964488983,-0.0558801144361496,0.16962523758411407,0.11317391693592072
POSTN,0.06907381924975198,8,-0.07274916768074036,-0.22383685410022736,0.08255200833082199,0.167774960398674,0.06525357812643051,-0.0015145043144002557,0.2788843512535095,0.25622618198394775
PPHLN1,0.10046535823494196,8,0.04649253562092781,0.18832910060882568,0.14969797432422638,0.1298374980688095,-0.033811796456575394,0.04354558140039444,0.16187037527561188,0.11776159703731537
PPIB,-0.01967840234283358,8,-0.08671315759420395,-0.09866167604923248,0.017546581104397774,-0.02552887797355652,-0.037518035620450974,-0.05496811494231224,0.11530447006225586,0.013111592270433903
PPIH,0.0630876156501472,8,0.08694402873516083,-0.034967608749866486,0.08113792538642883,0.15264792740345,0.021616807207465172,-0.01809425838291645,0.09642938524484634,0.11898671835660934
PPM1G,0.1211365150520578,8,0.04291962832212448,0.26333895325660706,0.1867864429950714,0.16766539216041565,0.01017716620117426,0.015749584883451462,0.12563247978687286,0.15682247281074524
PPP1R1A,0.036818413296714425,8,-0.016047028824687004,0.01964287832379341,0.179290771484375,0.19863322377204895,-0.041215021163225174,-0.004116319119930267,0.07828136533498764,-0.11992256343364716
PPP1R1B,0.04485367948655039,8,0.032277677208185196,0.15509146451950073,0.09056878834962845,0.03714897111058235,0.052660200744867325,0.0654372051358223,-0.01351099368184805,-0.060843877494335175
PPP1R37,0.07537457882426679,8,0.039465419948101044,0.17878900468349457,0.10962306708097458,0.07360267639160156,-0.047611795365810394,-0.017646903172135353,0.14886422455310822,0.11791093647480011
PRKAB1,0.11294445709791034,8,0.07241525501012802,0.28082704544067383,0.2052765041589737,0.14680078625679016,-0.010068670846521854,-0.01848747208714485,0.09163960069417953,0.13515260815620422
PRKCSH,0.17667950900795404,8,0.06851464509963989,0.31931307911872864,0.19911454617977142,0.19092153012752533,-0.026322998106479645,-0.0018132085679098964,0.36746805906295776,0.2962404191493988
PROSER1,0.07244327120133676,8,0.06853434443473816,0.07336650788784027,0.1189490333199501,0.09748701751232147,-0.0011291734408587217,0.02224329300224781,0.08204437047243118,0.11805077642202377
PRPF6,0.09327212977223098,8,0.04059344902634621,0.25695034861564636,0.13557815551757812,0.08133668452501297,-0.009734133258461952,-0.029156234115362167,0.10662251710891724,0.16398625075817108
PRPSAP1,0.10711202025413513,8,0.07907219976186752,0.17515091598033905,0.14558562636375427,0.1492849439382553,-0.02380804345011711,0.06118280813097954,0.15638552606105804,0.11404218524694443
PSCA,0.046325278002768755,8,0.04801078885793686,0.02861209213733673,0.06021779030561447,0.11047814041376114,-0.004699430428445339,-0.008415584452450275,0.09980488568544388,0.036593541502952576
PSMD4,0.07381703605642542,8,0.0069521586410701275,0.21126563847064972,0.11919794231653214,0.1683368980884552,-0.034400343894958496,-0.06049622595310211,0.1242583841085434,0.05542183667421341
PSTPIP1,0.03402767650550231,8,-0.038457248359918594,0.15715689957141876,0.018982719630002975,0.019590456038713455,0.004935202654451132,-0.0259713027626276,0.03674128279089928,0.0992434024810791
PTGDS,0.03172262501902878,8,-0.018694916740059853,0.2340194135904312,-0.07096780091524124,-0.08054651319980621,0.018867675215005875,-0.06074235588312149,0.07324512302875519,0.15860037505626678
PTOV1,0.1251898595946841,8,0.03524206206202507,0.2769703269004822,0.19426673650741577,0.1282651126384735,-0.013045242056250572,-0.0055165779776871204,0.20038534700870514,0.18495111167430878
PTP4A3,0.058140145032666624,8,0.02686857432126999,0.11362840235233307,0.09646564722061157,0.10347719490528107,-0.009828788228332996,-0.030911169946193695,0.0874965712428093,0.07792472839355469
PTPRC,-0.008803210381302051,8,0.023308712989091873,-0.19882120192050934,-0.08034250885248184,0.023748628795146942,0.020261770114302635,0.0013588672736659646,0.04284429922699928,0.09721574932336807
PTPRJ,0.11368023121940496,8,0.02202710509300232,0.2788684666156769,0.20137037336826324,0.14655132591724396,-0.00018842837016563863,0.02799728699028492,0.09792574495077133,0.13488997519016266
PTRF,0.026514555742323864,8,0.08124271035194397,0.005487336311489344,0.06817036867141724,0.03641257807612419,-0.00022618117509409785,-0.018609140068292618,0.001644545467570424,0.037994228303432465
PTRH1,0.023913761251606047,8,0.05320501700043678,0.044933270663022995,0.03420547768473625,0.018244650214910507,-0.031111635267734528,-0.011393788270652294,0.047393254935741425,0.03583384305238724
PTTG1,0.12055999925360084,8,0.06478462368249893,0.3247371315956116,0.10735652595758438,0.17430295050144196,0.045072317123413086,0.030784931033849716,0.06813155114650726,0.14930996298789978
PUS3,0.02707548937178217,8,-0.0038937863428145647,0.028705235570669174,0.07896265387535095,0.03516923263669014,-0.04462703689932823,0.05413791909813881,0.02642728015780449,0.04172241687774658
PWP1,0.07514335657469928,8,0.03331288322806358,0.13413040339946747,0.09367641061544418,0.15422627329826355,-0.018211301416158676,0.019305473193526268,0.0866481363773346,0.09805857390165329
PWWP2B,0.07270902663003653,8,0.04604325816035271,0.1690363734960556,0.1480160802602768,0.10097455233335495,-0.00892366748303175,-0.005321891978383064,0.10099516808986664,0.030852340161800385
PXDN,0.13271639728918672,8,0.09384750574827194,0.16502906382083893,0.21064728498458862,0.23951266705989838,-0.07922416180372238,0.044180143624544144,0.25838127732276917,0.12935739755630493
PYURF,0.08174466359196231,8,0.011241324245929718,0.22256594896316528,0.07805930823087692,0.14751197397708893,-0.006521257106214762,0.04263920336961746,0.09734692424535751,0.061113882809877396
QSOX1,0.13370841392315924,8,0.027617458254098892,0.25175803899765015,0.23078615963459015,0.16012558341026306,-0.029832083731889725,-0.011033503338694572,0.2163548767566681,0.2238907814025879
R3HDM2,0.08398579549975693,8,0.1015772670507431,0.15734466910362244,0.09974125027656555,0.10114940255880356,-0.01905246637761593,0.03467179834842682,0.08374618738889694,0.11270825564861298
RAB11FIP1,0.050991259049624205,8,0.03414873033761978,-0.09811997413635254,0.07370559871196747,0.2594000995159149,-0.047992102801799774,0.03342879191040993,0.09523265808820724,0.05812627077102661
RAB3A,0.03662866233207751,8,-0.011540120467543602,0.027488941326737404,0.06702969968318939,0.09631823748350143,-0.0011494349455460906,0.015129052102565765,0.07190929353237152,0.02784362994134426
RAB3GAP1,0.12627617243560962,8,0.04870381951332092,0.3110561668872833,0.16044655442237854,0.14329202473163605,0.003485671943053603,0.02446906827390194,0.1675516664981842,0.1512044072151184
RAB3IL1,0.0030452520004473627,8,-0.011072980239987373,0.040839262306690216,0.01669672690331936,-0.006960622034966946,-0.007735558319836855,0.004100000020116568,-0.0030624172650277615,-0.008442395366728306
RABGAP1L,0.0752261015586555,8,0.02196129411458969,0.10734020918607712,0.19058823585510254,0.0296932402998209,-0.021175386384129524,0.04269867762923241,0.06561756879091263,0.16508497297763824
RALBP1,0.006601672372198664,8,0.011818666011095047,0.02362772263586521,0.059292569756507874,0.03961329534649849,-0.059614747762680054,-0.012156832031905651,-0.001434924197383225,-0.008332370780408382
RALGAPA2,0.060440605971962214,8,0.04267828166484833,0.12227270007133484,0.10221759229898453,0.10162574797868729,0.01841319352388382,-0.025481099262833595,0.09258446842432022,0.029213963076472282
RAMP2,-0.019907028239686042,8,-0.006307384464889765,-0.059900280088186264,0.013548812828958035,0.015215754508972168,0.008625735528767109,-0.02980998158454895,-0.018208324909210205,-0.08242055773735046
RAP1B,-0.012067344621755183,8,0.016597330570220947,-0.1521070897579193,-0.021596381440758705,0.03417368233203888,-0.002595699392259121,0.012745272368192673,0.03851144388318062,-0.022267315536737442
RARS2,0.01102221047040075,8,0.012665903195738792,-0.17222461104393005,0.01619713194668293,0.05301276594400406,0.00965662207454443,0.017930585891008377,0.03782840818166733,0.11311087757349014
RASA2,0.05093004833906889,8,0.005303495563566685,0.023374557495117188,0.07747150212526321,0.03973953798413277,0.006173434667289257,0.03342541307210922,0.08563374727964401,0.13631869852542877
RASGRP2,-0.01084272307343781,8,-0.04661135748028755,-0.12565690279006958,0.013456322252750397,-0.020293105393648148,0.03031991608440876,-0.042630840092897415,0.003273226320743561,0.1014009565114975
RASSF3,0.06764880625996739,8,-0.0069289375096559525,0.14341284334659576,0.08595898747444153,0.1424560248851776,-0.015152004547417164,0.03931500017642975,0.037345003336668015,0.11478353291749954
RBL1,0.08662018668837845,8,0.04560725763440132,0.2664125859737396,0.10200843214988708,0.09461008012294769,0.015719065442681313,-0.02121507003903389,0.14245663583278656,0.04736250638961792
RBM42,0.12372009549289942,8,0.054870013147592545,0.3249147832393646,0.20747064054012299,0.1006162017583847,-0.02866288088262081,-0.02985016070306301,0.18390704691410065,0.17649511992931366
RECQL4,0.06981717422604561,8,0.005525063723325729,0.18791380524635315,0.09812654554843903,0.13481155037879944,-0.020048722624778748,0.026143651455640793,0.06599168479442596,0.060073815286159515
RECQL5,0.09322671277914196,8,0.02931828983128071,0.17627491056919098,0.1426939219236374,0.12629926204681396,0.011051442474126816,0.01273175235837698,0.07355672121047974,0.17388740181922913
REEP6,0.053382136204163544,8,0.0022149214055389166,0.207949697971344,0.11126985400915146,0.11937522888183594,-0.07063405215740204,-0.04665640369057655,0.10186704993247986,0.0016707932809367776
RGS1,0.09342863930214662,8,-0.0012423539301380515,0.24847222864627838,0.12536437809467316,0.06009305268526077,-0.026667697355151176,0.018553392961621284,0.1437515765428543,0.1791045367717743
RHOB,0.19618669943884015,8,0.08757566660642624,0.40020614862442017,0.23277226090431213,0.32487523555755615,-0.06032957509160042,0.06340458989143372,0.23931407928466797,0.28167518973350525
RIOK1,0.04558235080912709,8,0.020518524572253227,0.04837748408317566,0.07411499321460724,0.0341782383620739,0.02471320889890194,-0.02205488830804825,0.05796525999903679,0.12684598565101624
RMND1,0.015105293947272003,8,-0.00831520464271307,0.029842445626854897,0.028031950816512108,0.07169938832521439,-0.034809138625860214,-0.016330339014530182,-0.004178257659077644,0.05490150675177574
RNASET2,0.14350624929647893,8,0.0071872202679514885,0.38783857226371765,0.1961989551782608,0.18820220232009888,-0.06062118336558342,-0.03426656872034073,0.21274857223033905,0.2507622241973877
RND3,0.07953790834289975,8,0.002797792898491025,0.1498374342918396,0.09513738006353378,0.037273865193128586,0.02381916157901287,0.010065236128866673,0.1675540655851364,0.1498183310031891
RNF135,0.08475087369151879,8,0.09462418407201767,0.08764471858739853,0.12202063947916031,0.10862339287996292,0.0016695630038157105,0.01819738559424877,0.09122022241353989,0.15400688350200653
RNF170,0.023833351209759712,8,-0.00520629808306694,0.011437899433076382,-0.005808760412037373,0.018581997603178024,-0.012989239767193794,0.004289664328098297,0.12380918115377426,0.05655236542224884
RRAS,0.06367735960520804,8,-0.026095638051629066,0.18534228205680847,0.03294357657432556,0.049708254635334015,-0.032156623899936676,-0.05318215861916542,0.21653452515602112,0.1363246589899063
RRM2,0.15706660563591868,8,0.10360536724328995,0.2354595810174942,0.20099037885665894,0.26222363114356995,0.012890046462416649,0.00938901212066412,0.18617868423461914,0.24579614400863647
RSL1D1,0.07749721221625805,8,0.07845046371221542,0.18757827579975128,0.13317164778709412,0.12881915271282196,0.023579714819788933,-0.0015650498680770397,0.0671161487698555,0.0028273439966142178
RSRP1,0.08501583617180586,8,0.08910180628299713,0.05397369712591171,0.0894922986626625,0.062471166253089905,0.02037470042705536,0.06434149295091629,0.1511688530445099,0.14920267462730408
RUVBL1,0.10581718449248001,8,0.0772286057472229,0.18599139153957367,0.14756397902965546,0.17419210076332092,-0.026576900854706764,-0.00714360224083066,0.15184417366981506,0.1434377282857895
S100A14,0.0657668188214302,8,0.03578658029437065,0.19576731324195862,0.11161991208791733,0.0786956250667572,-0.07522818446159363,0.03310861438512802,0.05340222641825676,0.0929824635386467
S100A9,-0.023395830765366554,8,-0.050339166074991226,0.11753744632005692,0.033732056617736816,0.06697686016559601,-0.21686747670173645,-0.04113757982850075,0.13729475438594818,-0.23436354100704193
SAMM50,0.08580015029292554,8,-0.006642851047217846,0.20669536292552948,0.13281552493572235,0.14367268979549408,-0.02263049967586994,0.019164059311151505,0.059874966740608215,0.15345194935798645
SASH1,0.04826332535594702,8,0.07137957215309143,0.02980797365307808,0.08678930997848511,0.048040326684713364,-0.03273439034819603,0.03258334845304489,0.09252344071865082,0.05771702155470848
SAT1,0.09992196306120604,8,-0.030129283666610718,-0.01020223367959261,0.20951567590236664,0.1278691440820694,0.017587201669812202,0.019762719050049782,0.18514586985111237,0.2798266112804413
SCAF1,0.05155279516475275,8,0.03140362724661827,0.047875888645648956,0.08101609349250793,0.059122294187545776,-0.0042585148476064205,-0.020613178610801697,0.1002412959933281,0.1176348552107811
SCD,0.2064078345138114,8,0.23230881989002228,0.36480358242988586,0.3229767382144928,0.3550066351890564,0.002799024572595954,0.1523962765932083,0.07146522402763367,0.1495063751935959
SCNN1D,0.019692474510520697,8,0.03710765391588211,-0.04036131501197815,0.06367349624633789,0.03063756600022316,0.009817324578762054,-0.010700171813368797,0.03995643928647041,0.02740880288183689
SCX,0.09837558725848794,8,0.0875532254576683,0.14868365228176117,0.11726942658424377,0.20274052023887634,0.03430407494306564,0.0356326662003994,0.08126876503229141,0.07955236732959747
SDHB,0.12105711968615651,8,0.07411971688270569,0.300630122423172,0.13354553282260895,0.1341726928949356,0.0177536029368639,0.021455394104123116,0.19280770421028137,0.09397219121456146
SEC14L2,-0.01865024969447404,8,-0.010510606691241264,0.01943824626505375,-0.0008661989122629166,-0.05479127913713455,-0.015154008753597736,-0.03218347579240799,-0.022853346541523933,-0.03228132799267769
SEC23A,0.010726967477239668,8,-0.03055761195719242,0.028986820951104164,0.028195424005389214,0.0436127707362175,-0.06727290898561478,0.008420304395258427,0.06011518836021423,0.014315752312541008
SEMA3B,0.006624564295634627,8,0.015316830947995186,-0.057147733867168427,0.05173821747303009,0.025932155549526215,-0.012662033550441265,-0.011412584222853184,-0.024954132735729218,0.06618579477071762
SEMA4B,0.131839461857453,8,0.07907934486865997,0.25518715381622314,0.2411009818315506,0.23475438356399536,-0.07538297772407532,0.013091566041111946,0.16717779636383057,0.13970744609832764
SF3B4,0.027328676398610696,8,0.008991471491754055,-0.13147126138210297,0.09148143231868744,0.061600565910339355,-0.015846537426114082,-0.0034745021257549524,0.09454935789108276,0.11279888451099396
SFRP1,0.013993907312396914,8,-0.00358350807800889,-0.017687905579805374,-0.025625716894865036,0.006422950886189938,0.03907144069671631,0.009135555475950241,0.03276215121150017,0.07145629078149796
SFSWAP,0.10675867163809016,8,0.0643700584769249,0.19501589238643646,0.11780661344528198,0.07138066738843918,0.007342605385929346,0.06515883654356003,0.16178859770298004,0.17120610177516937
SGTA,0.11130196863086894,8,0.008099794387817383,0.24456894397735596,0.1678600013256073,0.13752755522727966,-0.008783644065260887,0.004127454478293657,0.1597883403301239,0.17722730338573456
SH3BP5L,0.07041162558016367,8,-0.03307174891233444,0.18216432631015778,0.09168405830860138,0.08495961129665375,0.016725920140743256,0.0031368827912956476,0.13212837278842926,0.08556558191776276
SIGLEC1,0.03606837018742226,8,-0.0021796654909849167,0.19525915384292603,0.014923748560249805,0.04454544931650162,0.0023486928548663855,-0.08842534571886063,0.062126729637384415,0.05994819849729538
SIGMAR1,0.09740548441186547,8,0.03290049731731415,0.27714139223098755,0.16274064779281616,0.1523164063692093,-0.0622248500585556,-0.03565235063433647,0.15534131228923798,0.09668081998825073
SLC16A2,0.05825701938010752,8,0.01899613067507744,0.04889794811606407,0.1279645711183548,0.048930227756500244,0.02511296607553959,0.045798301696777344,0.0823126882314682,0.06804332137107849
SLC16A3,0.0927661100649857,8,0.0007336165872402489,0.2569020390510559,0.08731598407030106,0.07001881301403046,0.00390415545552969,-0.06514745950698853,0.1936163306236267,0.19478540122509003
SLC22A18,0.051293139811605215,8,0.03139643743634224,0.1875445693731308,0.02545461803674698,0.08188851922750473,-0.019380619749426842,-0.015673303976655006,0.0551949143409729,0.06391998380422592
SLC25A24,0.08817644009832293,8,0.03125714138150215,0.08375563472509384,0.1444035917520523,0.11890015006065369,0.009363503195345402,0.0646616742014885,0.1129685565829277,0.14010126888751984
SLC2A1,-0.038145606056787074,8,0.05039351060986519,-0.2349778413772583,0.07047948986291885,0.12423449754714966,-0.05482090637087822,-0.00541988480836153,-0.09062537550926208,-0.16442833840847015
SLC2A8,0.05398837033135351,8,0.012387426570057869,0.12104995548725128,0.10538805276155472,0.0643477737903595,-0.0026786779053509235,0.001187302521429956,0.055637672543525696,0.07458745688199997
SLC35A2,0.11204079771414399,8,0.08440236747264862,0.15345771610736847,0.14692921936511993,0.19082163274288177,0.009081501513719559,0.01613467186689377,0.17222850024700165,0.12327077239751816
SLC39A6,0.14862627963884734,8,0.08278116583824158,0.41736936569213867,0.1805189996957779,0.12131526321172714,-0.04493880271911621,-0.000330466078594327,0.18811357021331787,0.24418114125728607
SLC43A1,-0.015614721953170374,8,-0.023312676697969437,-0.0886470302939415,0.047995150089263916,0.04816444218158722,0.0036338367499411106,-0.002870808122679591,-0.06035378947854042,-0.04952690005302429
SLC4A5,0.07170401280745864,8,0.03348173946142197,0.1289345920085907,0.06680268049240112,0.10052841901779175,0.024056602269411087,0.017361879348754883,0.059484124183654785,0.14298206567764282
SLC8B1,0.05947606364497915,8,-0.01001295167952776,0.12941671907901764,0.08364816755056381,0.09966926276683807,-0.002119020326063037,-0.003016719361767173,0.07129162549972534,0.1069314256310463
SLC9A3R2,0.04351408884394914,8,0.061231743544340134,-0.09564294666051865,0.05485190451145172,0.08708503097295761,-0.008404693566262722,0.03384586051106453,0.09323093295097351,0.12191487848758698
SLC9A8,0.06631277204724029,8,0.010669782757759094,0.18799039721488953,0.054273348301649094,0.11170575022697449,-0.024317847564816475,-0.00647171912714839,0.06788022071123123,0.12877224385738373
SLFN13,0.06939390581101179,8,0.05410528555512428,0.07646676152944565,0.11436428874731064,0.06797236949205399,0.015635209158062935,-0.005263989791274071,0.10618038475513458,0.12569093704223633
SLPI,0.06162996927741915,8,0.04991430789232254,0.16753289103507996,0.09775824844837189,0.060085806995630264,-0.053603872656822205,-0.009296438656747341,0.11480964720249176,0.06583916395902634
SMCHD1,0.06569856638088822,8,0.05636543035507202,0.05769439414143562,0.10768546909093857,-0.013689792715013027,-0.013200742192566395,0.03167251870036125,0.16335360705852509,0.13570764660835266
SMG9,0.12676891719456762,8,0.010770505294203758,0.28584587574005127,0.1459060162305832,0.15978345274925232,0.020665107294917107,0.01432631816715002,0.1361841857433319,0.2406698763370514
SMYD2,0.08528403053060174,8,0.040972717106342316,0.18913757801055908,0.11096922308206558,0.13589076697826385,-0.028223112225532532,0.04568229243159294,0.09861267358064651,0.08923010528087616
SNAPC3,0.04289696138584986,8,-0.0076764533296227455,0.02332206815481186,0.02999836578965187,0.058865878731012344,0.0027526780031621456,0.05838029459118843,0.08326410502195358,0.09426875412464142
SNF8,0.0628435593098402,8,-0.025854837149381638,0.1671176254749298,0.15867745876312256,0.0036775018088519573,-0.005141241010278463,-0.01664658449590206,0.10478375107049942,0.11613480001688004
SNRPD3,0.14168933709152043,8,0.12207090109586716,0.27063125371932983,0.22824335098266602,0.21690155565738678,-0.04647090658545494,-0.025636153295636177,0.15222595632076263,0.21554873883724213
SNTA1,0.0413210429251194,8,-0.0048063453286886215,0.1465894877910614,0.056021325290203094,0.04903364181518555,-0.040109265595674515,0.020156828686594963,0.06011194363236427,0.04357072710990906
SNX33,0.05975231959018856,8,0.03350618854165077,0.10067994892597198,0.05370268225669861,0.06429031491279602,-0.013429300859570503,0.008030000142753124,0.12378738820552826,0.10745133459568024
SNX8,0.07814047194551677,8,0.0388772189617157,0.18794575333595276,0.14271266758441925,0.03966326266527176,-0.013497204519808292,-0.019160196185112,0.09412840008735657,0.15445387363433838
SOD3,-0.0020497795194387436,8,-0.035006601363420486,-0.01869911514222622,-0.04474768787622452,0.02481011115014553,0.031367987394332886,-0.04688659682869911,0.04088354855775833,0.03188011795282364
SOS2,0.011223713372601196,8,0.005002106539905071,-0.06409770995378494,0.03496329486370087,0.013312987051904202,0.0026177961844950914,-0.004581879358738661,0.043143317103385925,0.05942979454994202
SOX4,0.04170724796131253,8,0.024314595386385918,0.07053697109222412,0.09990544617176056,0.13309699296951294,-0.03377974405884743,0.029856985434889793,0.039503313601017,-0.029776576906442642
SP6,0.06372320810623933,8,0.038236308842897415,0.020647386088967323,0.061773743480443954,0.14899201691150665,0.05130952224135399,-0.001299880794249475,0.06639119237661362,0.12373537570238113
SPAG9,0.07747153600212187,8,-0.01851309835910797,0.24254420399665833,0.0989457368850708,0.08074748516082764,-0.011804412119090557,0.023555880412459373,0.10048829764127731,0.10380819439888
SPARC,-0.04378952691331506,8,-0.06213616579771042,-0.2601932883262634,0.038246143609285355,0.08570963144302368,-0.04733768850564957,0.016828127205371857,0.06996369361877441,-0.19139666855335236
SPIN1,0.09273194056004286,8,0.06651745736598969,0.13416820764541626,0.1665356308221817,0.1429073065519333,-0.08528609573841095,0.04886675626039505,0.09956303238868713,0.1685832291841507
SPSB1,0.05263284579268657,8,0.01576259545981884,0.03583179786801338,0.040523070842027664,0.0785042941570282,-0.024585984647274017,-0.0029836439061909914,0.18633180856704712,0.09167882800102234
SRGN,0.12881066024419852,8,-0.019337497651576996,0.3276757001876831,0.12709198892116547,0.1744377464056015,-0.0038816051091998816,0.06038299575448036,0.1376868635416031,0.22642908990383148
SRPX2,0.04247089012642391,8,-0.0034085658844560385,0.05663618445396423,0.040626659989356995,0.09885746985673904,-0.04963286221027374,0.022349048405885696,0.13339641690254211,0.04094276949763298
SRR,0.08917192445369437,8,0.0193159319460392,0.17929844558238983,0.1158749908208847,0.16377247869968414,-0.007065282668918371,0.0196341834962368,0.1213471069931984,0.10119754076004028
SRRT,0.16871823591645807,8,0.10315337777137756,0.3204999566078186,0.23207131028175354,0.24498231709003448,0.0072948867455124855,0.016717130318284035,0.16952379047870636,0.2555031180381775
SRSF1,0.16596336290240288,8,0.09360496699810028,0.31640398502349854,0.2542322278022766,0.2669355273246765,-0.06315384805202484,0.06352074444293976,0.21627308428287506,0.1798902153968811
SRSF5,0.18374023167416453,8,0.11506706476211548,0.3626161515712738,0.2524903416633606,0.10642792284488678,-0.014896128326654434,0.07502132654190063,0.18890507519245148,0.38429009914398193
SSSCA1,0.04295604082290083,8,0.025484712794423103,0.09211008250713348,0.09458177536725998,0.0992198958992958,-0.013769802637398243,-0.05749628692865372,0.05323358625173569,0.05028436332941055
STAMBP,0.07636419088521507,8,0.0351400226354599,0.20767280459403992,0.08761471509933472,0.12114603817462921,-0.022159045562148094,0.0012182322097942233,0.08549469709396362,0.09478606283664703
STAT5A,0.01106116792652756,8,-0.011110343970358372,-0.02153942734003067,0.02331678941845894,0.02364666759967804,0.014035865664482117,-0.011200761422514915,0.015357296913862228,0.05598325654864311
STK17A,0.06162280825083144,8,0.022730883210897446,0.14550884068012238,0.011903262697160244,0.0020418644417077303,0.06930801272392273,0.00533059798181057,0.10155244916677475,0.13460655510425568
STK4,0.047424808610230684,8,-0.0072699254378676414,0.05952131003141403,0.01921791397035122,0.010131345130503178,0.0178084596991539,0.046831097453832626,0.09244523197412491,0.14071303606033325
STMN1,0.2043981640599668,8,0.11322719603776932,0.3535560369491577,0.2724466323852539,0.32427850365638733,-0.027050253003835678,0.07915696501731873,0.2738432288169861,0.24572700262069702
STRN3,0.02702332055196166,8,0.021741608157753944,0.061743058264255524,0.07127562165260315,0.030772611498832703,-0.02479472942650318,-0.007226681336760521,0.033141665160655975,0.02953341044485569
STT3A,0.08773074409691617,8,0.02933530882000923,0.2123829871416092,0.12793491780757904,0.14416538178920746,0.007673460524529219,-0.029817907139658928,0.14021418988704681,0.06995761394500732
SUGP1,0.0674994972650893,8,0.0056728520430624485,0.13208146393299103,0.11560667306184769,0.07265219837427139,0.03378955274820328,0.032226718962192535,0.05589970946311951,0.09206680953502655
SURF1,0.01185084757162258,8,-0.01953248307108879,-0.05267007276415825,0.11537458747625351,-0.004574890714138746,0.00753671582788229,-0.023895641788840294,0.04103212431073189,0.031536441296339035
SVIL,0.05974465305916965,8,0.010701850987970829,0.05461408197879791,0.048852503299713135,0.050133977085351944,-0.00737475510686636,0.04354023188352585,0.1407303512096405,0.1367589831352234
SYDE1,0.01017070010129828,8,-0.006874221842736006,-0.006527862511575222,0.045537855476140976,0.027204465121030807,-0.0017753503052517772,-0.02265355922281742,0.037279579788446426,0.009174694307148457
SYK,0.07466574315913022,8,0.010966773144900799,0.21327076852321625,0.08885571360588074,0.11875144392251968,-0.01332664955407381,-0.032850395888090134,0.11416208744049072,0.09749620407819748
TACC3,0.09334929607575759,8,0.014393693767488003,0.2039005607366562,0.14080221951007843,0.13684281706809998,0.0036441325210034847,0.010665657930076122,0.09047741442918777,0.14606787264347076
TANC2,0.11481843172805384,8,-0.0033741663210093975,0.36374297738075256,0.12204907834529877,0.22355133295059204,-0.051467668265104294,0.011381221935153008,0.09067084640264511,0.1619938313961029
TARBP1,0.12908431072719395,8,0.09904979914426804,0.1792912781238556,0.11600960791110992,0.15470337867736816,0.0141224954277277,0.06756486743688583,0.20081155002117157,0.2011215090751648
TAX1BP1,0.13347629812778905,8,0.06294811517000198,0.2707458436489105,0.19233755767345428,0.12820588052272797,-0.005172108765691519,0.05853297933936119,0.21383602917194366,0.1463760882616043
TAX1BP3,0.06372861610725522,8,-0.012513402849435806,0.18705318868160248,0.09978058189153671,0.15250054001808167,-0.04505791515111923,-0.06563494354486465,0.07796874642372131,0.11573213338851929
TBC1D10A,0.05390251529752277,8,0.014528852887451649,-0.04889993742108345,0.11521626263856888,0.07721469551324844,-0.00551424128934741,-0.0019588700961321592,0.15396049618721008,0.1266728639602661
TBC1D23,0.12268944224342704,8,0.061950165778398514,0.27906012535095215,0.14232280850410461,0.12677569687366486,-0.03935205191373825,0.08901093155145645,0.21368734538555145,0.10806051641702652
TBCA,0.07725941902026534,8,0.0565781444311142,0.18034513294696808,0.09986396878957748,0.15019826591014862,-0.015438009053468704,-0.0070237815380096436,0.06415872275829315,0.08939290791749954
TBXAS1,0.032446535013150424,8,0.010629230178892612,-0.003333411645144224,0.026789046823978424,0.05077976733446121,0.016011636704206467,-0.021332941949367523,0.08111343532800674,0.09891551733016968
TCEA2,0.0847667776979506,8,0.03476139158010483,0.2288869470357895,0.10513331741094589,0.06923422962427139,-0.0555538535118103,0.026728834956884384,0.12708193063735962,0.1418614238500595
TCEA3,0.1191476006351877,8,0.08764016628265381,0.29806584119796753,0.1082601249217987,0.18239834904670715,0.025910232216119766,0.000978637719526887,0.09650293737649918,0.15342451632022858
TCF25,0.11104380921460688,8,0.01115482859313488,0.23449748754501343,0.19296792149543762,0.07630573958158493,0.0552719421684742,-0.022272534668445587,0.1359436810016632,0.20448140799999237
TDRD3,0.03891401883447543,8,0.007256250362843275,0.017694910988211632,0.08491925895214081,0.054372742772102356,0.013407732360064983,0.017667576670646667,0.07389028370380402,0.042103394865989685
TESK1,0.09777225606376305,8,0.008171294815838337,0.25799229741096497,0.18469277024269104,0.13854186236858368,0.002767592202872038,0.011380359530448914,0.07356228679418564,0.1050695851445198
TESMIN,0.09867878258228302,8,0.08244799822568893,0.2862299978733063,0.0850854441523552,0.2061336487531662,-0.0636068731546402,-0.008322134613990784,0.10439872741699219,0.09706345200538635
TEX10,0.06386187708631041,8,0.03192044422030449,0.11640981584787369,0.04555932432413101,0.14327888190746307,-0.0167301744222641,-0.00014756704331375659,0.06673485785722733,0.12386943399906158
TEX2,0.1221948335878551,8,0.07826462388038635,0.3425211012363434,0.12398785352706909,0.16088977456092834,-0.036398645490407944,0.027225427329540253,0.12839405238628387,0.15267448127269745
TFF3,-0.05552398244617507,8,-0.007770858239382505,-0.11580385267734528,-0.12860089540481567,-0.09789625555276871,0.04725530743598938,-0.023087279871106148,-0.07856836915016174,-0.039719656109809875
TGFBR2,0.01810418500099331,8,0.025056147947907448,-0.0509590320289135,0.027034327387809753,0.04221382364630699,0.013679697178304195,-0.012280706316232681,0.054886482656002045,0.04520273953676224
THBS1,-0.04632774996571243,8,0.006957248318940401,-0.15266038477420807,0.02836851216852665,0.005084395874291658,-0.05086800828576088,0.014044324867427349,-0.15286481380462646,-0.06868327409029007
THOC5,0.02391875075409189,8,-0.01260445173829794,0.011316209100186825,0.030611606314778328,0.08801355212926865,-0.02753143571317196,-0.03156092390418053,0.0075962175615131855,0.12550923228263855
THOC6,0.038021310727344826,8,0.03892674297094345,0.01287613995373249,0.05627979710698128,0.04015007242560387,-0.0011756231542676687,0.0069295670837163925,0.09277988970279694,0.05740389972925186
TIGD5,0.040267485193908215,8,0.019348356872797012,0.07862702012062073,0.017426637932658195,0.055586572736501694,0.014938415959477425,-0.02657264471054077,0.08264927566051483,0.0801362469792366
TIMP1,-0.050328353652730584,8,-0.0625431090593338,-0.19725485146045685,-0.024452148005366325,-0.027394987642765045,0.008443746715784073,-0.05896228551864624,0.025435537099838257,-0.06589873135089874
TJP3,0.10705019257147796,8,0.08629685640335083,0.2893703877925873,0.09663410484790802,0.16704155504703522,-0.06699036806821823,0.0026386978570371866,0.10604627430438995,0.17536403238773346
TM7SF2,0.07369874528376386,8,0.03220338001847267,0.19048529863357544,0.10270290076732635,0.063014917075634,-0.006954903248697519,0.024443581700325012,0.10268497467041016,0.08100981265306473
TMBIM6,0.11266429023817182,8,0.06622332334518433,-0.1276046186685562,0.1891883909702301,0.30544784665107727,-0.012078855186700821,0.10981648415327072,0.2061472237110138,0.16417452692985535
TMEM101,0.02089881233405322,8,-0.0417594276368618,0.15203194320201874,-0.04354844614863396,0.01449686847627163,-0.006386350840330124,-0.012115544639527798,0.018894989043474197,0.08557646721601486
TMEM123,0.13088951539248228,8,0.10021259635686874,-0.06873361766338348,0.2086644321680069,0.2558949291706085,-0.0657816082239151,0.02226540446281433,0.3632959723472595,0.23129801452159882
TMEM14B,0.16095255693653598,8,0.06918130069971085,0.4206887185573578,0.23417627811431885,0.1985306590795517,0.006409470457583666,0.04214559122920036,0.2075943499803543,0.10889408737421036
TMEM160,0.06054899506852962,8,0.003374540014192462,0.1667754352092743,0.02557375840842724,0.06328390538692474,0.03386085107922554,-0.007770712953060865,0.13746599853038788,0.06182818487286568
TMEM184A,0.06618392278323881,8,0.08774442225694656,-0.07384739071130753,0.1901172250509262,0.10462120920419693,0.013797440566122532,0.0027468118350952864,0.12036336958408356,0.08392829447984695
TMEM259,0.15115587133914232,8,0.049128029495477676,0.3128102719783783,0.15030670166015625,0.18215900659561157,0.019163725897669792,0.010774364694952965,0.22769133746623993,0.2572135329246521
TMEM45B,0.09765327163040638,8,0.07759164273738861,0.19828031957149506,0.13278672099113464,0.1928129494190216,-0.06879980862140656,0.03345166891813278,0.06407158821821213,0.15103109180927277
TMEM86A,0.06346774171106517,8,0.06328451633453369,0.10496959090232849,0.10616884380578995,0.11096152663230896,-0.024145709350705147,-0.08072763681411743,0.15912798047065735,0.06810282170772552
TMX1,0.08833038719603792,8,0.04365884140133858,0.18181315064430237,0.11685150861740112,0.06531783193349838,0.014354183338582516,-0.007011475507169962,0.1427517533302307,0.14890730381011963
TNC,0.1624325818847865,8,0.009584052488207817,0.3017134964466095,0.25855305790901184,0.23935571312904358,-0.011729326099157333,0.048961032181978226,0.2558901607990265,0.19713246822357178
TNFRSF14,0.05110236626933329,8,-0.03424379229545593,0.24634230136871338,0.03518640995025635,0.081963911652565,-0.003453158074989915,-0.05317162722349167,0.0431366041302681,0.093058280646801
TNFRSF21,0.024769803450908512,8,0.012112664058804512,0.07261836528778076,0.045890629291534424,0.08173710107803345,0.00766834756359458,-0.06176983565092087,0.02450430393218994,0.015396852046251297
TNFRSF4,0.0051561613800004125,8,-0.008699038065969944,-0.08195231854915619,-0.01776139810681343,0.04497353732585907,-0.02513662911951542,0.01462215930223465,0.03722928464412689,0.07797369360923767
TNNT1,-0.0032831167918629944,8,-0.003510341513901949,0.049201078712940216,0.013776518404483795,-0.04480588436126709,0.004249429330229759,0.021334361284971237,-0.0788687989115715,0.012358702719211578
TOM1L2,0.10252977078198455,8,0.04964873194694519,0.2080027312040329,0.1961563676595688,0.09018097072839737,-0.004148694220930338,-0.0034445791970938444,0.12046597898006439,0.16337665915489197
TP53I3,0.05852745252195746,8,0.03942780941724777,0.10136693716049194,0.0963970273733139,0.03976257145404816,-0.007658789865672588,-0.013738438487052917,0.11904469132423401,0.09361781179904938
TPM2,0.023098265286535025,8,0.008860178291797638,-0.11056289076805115,0.034782666712999344,0.08692465722560883,0.03118847869336605,0.011428605765104294,0.10433386266231537,0.017830563709139824
TRAC,0.07345406664535403,8,-0.052806176245212555,0.22752858698368073,0.11868347227573395,0.08678431063890457,0.024257857352495193,-0.03504366800189018,0.05350159481167793,0.16472655534744263
TRAF5,0.08765947830397636,8,-0.012860932387411594,0.18728171288967133,0.10320530086755753,0.07800239324569702,0.03548179194331169,0.02279364876449108,0.09136486798524857,0.19600704312324524
TRAP1,0.1170972406398505,8,0.06889533251523972,0.21219594776630402,0.1788378804922104,0.18533523380756378,-0.011542374268174171,-0.03229091316461563,0.1585349589586258,0.17681185901165009
TRAPPC4,0.13174161780625582,8,0.0917273536324501,0.3396025002002716,0.1601184606552124,0.1770484447479248,-0.019653011113405228,-0.006507586687803268,0.1431429535150528,0.16845382750034332
TRIM14,0.0694462088868022,8,0.012180835008621216,0.19031836092472076,0.08882724493741989,0.11650124937295914,-0.03822637349367142,-0.00398997962474823,0.09512507915496826,0.09483325481414795
TRIM22,0.0602703879121691,8,-0.05039864033460617,0.19409605860710144,0.03664803132414818,0.0994536429643631,0.014352713711559772,0.010513574816286564,0.08700920641422272,0.09048851579427719
TRIM25,0.07475416967645288,8,0.023391656577587128,0.1933848261833191,0.1093817874789238,0.10634348541498184,-0.007279310375452042,-0.02609018236398697,0.10795000940561295,0.09095108509063721
TRIM47,0.08021133835427463,8,0.023765893653035164,0.20119419693946838,0.05844743549823761,0.06521710753440857,0.027631578966975212,-0.014176258817315102,0.14318281412124634,0.13642793893814087
TSPAN33,0.016105695845908485,8,0.004628566559404135,0.08611486107110977,0.005044248420745134,-0.011677448637783527,-0.03235894814133644,0.001025003264658153,0.012030836194753647,0.06403844803571701
TSR2,0.009660064883064479,8,0.028563184663653374,-0.006456535775214434,-0.04143281653523445,0.013986507430672646,-0.03553398698568344,0.02295844443142414,0.029320765286684036,0.06587495654821396
TTC31,0.05877539614448324,8,0.05871381238102913,0.08749417960643768,-0.007534370757639408,0.09190983325242996,0.0391535721719265,0.007571862544864416,0.1005181223154068,0.09237615764141083
TTI1,0.060918995761312544,8,-0.0184891689568758,0.11697348952293396,0.1444896012544632,0.045460205525159836,-0.033327169716358185,0.01447234582155943,0.09122805297374725,0.12654460966587067
TXN2,0.10313774645328522,8,0.054260872304439545,0.24645254015922546,0.22150267660617828,0.13070359826087952,-0.03234579786658287,-0.050013232976198196,0.13798962533473969,0.11655168980360031
TXNDC17,0.17740116035565734,8,0.06072022393345833,0.3925701975822449,0.2884100675582886,0.3027307689189911,-0.03822986036539078,0.04704958200454712,0.21130594611167908,0.15465235710144043
TXNRD2,0.12336112651973963,8,0.03262488171458244,0.29948997497558594,0.19933342933654785,0.14807285368442535,0.05078306794166565,-0.02737138792872429,0.08676346391439438,0.1971927285194397
TYMS,0.15876390878111124,8,0.1005869135260582,0.40081197023391724,0.15657907724380493,0.16021402180194855,-0.012201821431517601,0.023854171857237816,0.19290043413639069,0.2473665028810501
TYROBP,0.04965481208637357,8,-0.05521409958600998,0.29609471559524536,0.061372388154268265,0.06784714013338089,-0.040955740958452225,-0.06452716141939163,0.0226786769926548,0.10994257777929306
UBA52,0.054965957009699196,8,-0.08958590775728226,0.11545419692993164,0.09308835119009018,0.02676706574857235,0.0037211435846984386,-0.0163238737732172,0.2196422964334488,0.08696438372135162
UBA6,0.1219517791760154,8,0.11176710575819016,0.2365361601114273,0.14964355528354645,0.1292509287595749,0.0040913843549788,0.013399872928857803,0.12310582399368286,0.207819402217865
UBAP2L,0.15463499817997217,8,0.1048692837357521,0.3206140398979187,0.2183753401041031,0.22184626758098602,-0.03650839999318123,0.011194992810487747,0.16631779074668884,0.2303706705570221
UBE2C,0.11057119187898934,8,0.055108215659856796,0.24868817627429962,0.17937979102134705,0.18679748475551605,-0.044157616794109344,0.02871408872306347,0.07757086306810379,0.15246853232383728
UBE2T,0.1379995469469577,8,0.14095789194107056,0.3271865248680115,0.18693698942661285,0.16729730367660522,-0.02033858187496662,0.03367486223578453,0.12520939111709595,0.1430719941854477
UBE2W,0.07042957274825312,8,0.05820298194885254,0.10523658990859985,0.12587662041187286,0.05607914924621582,0.0021223474759608507,0.007090868428349495,0.11938172578811646,0.0894462987780571
UBL7,0.07268246910825837,8,0.012673656456172466,0.19136495888233185,0.12075667828321457,0.07760520279407501,-0.0017048449954017997,-0.03853784501552582,0.125739187002182,0.09356275945901871
UBR2,0.0659136506728828,8,0.029099401086568832,0.08906219154596329,0.08501521497964859,0.07488495856523514,0.02288096398115158,0.04111509025096893,0.08834417164325714,0.09690721333026886
UBXN1,0.05750028230249882,8,0.030525309965014458,0.10290177911520004,0.09028715640306473,0.10058432072401047,-0.018224989995360374,-0.031525999307632446,0.11184877902269363,0.07360590249300003
UCK1,0.07661828317213804,8,0.0408097505569458,0.13353589177131653,0.12895749509334564,0.06993038207292557,0.006787208840250969,-0.006305676884949207,0.09794147312641144,0.14128974080085754
UFD1L,0.16266747209738242,8,0.10569501668214798,0.32961854338645935,0.22523775696754456,0.23166532814502716,0.0009271219023503363,0.03468428552150726,0.12035774439573288,0.2531539797782898
UQCRC1,0.06181628303602338,8,-0.02794651873409748,0.2053612768650055,0.11915136128664017,0.01791304163634777,-0.03684522956609726,-0.03135845810174942,0.2034328579902649,0.044821932911872864
UXS1,0.11062927675084211,8,0.0439559668302536,0.16502296924591064,0.12059121578931808,0.18303899466991425,-0.002628271235153079,0.04855702072381973,0.1871042251586914,0.13939209282398224
UXT,0.046740317600779235,8,0.021382058039307594,0.09208899736404419,0.07604648917913437,0.06659015268087387,0.008667216636240482,-0.027409564703702927,0.09687164425849915,0.03968554735183716
VARS,0.10904690754250623,8,-0.0027803515549749136,0.2327176034450531,0.2013920694589615,0.11519593745470047,-0.012280861847102642,-0.017716271802783012,0.17860853672027588,0.1772385984659195
VAV1,0.0440658803563565,8,-0.029186883941292763,0.13377302885055542,0.06196945160627365,0.024969052523374557,-0.03624778613448143,-0.010611340403556824,0.08740022778511047,0.12046129256486893
VCAM1,0.014202862163074315,8,-0.017291227355599403,-0.10067770630121231,0.023383699357509613,0.08729951083660126,0.014834593050181866,0.00901123322546482,-0.016686828806996346,0.11374962329864502
VEGFB,0.06502718865522183,8,-0.02370133250951767,0.1477314531803131,0.047058068215847015,0.1932862401008606,-0.04212598875164986,-0.002529564080759883,0.10153453797101974,0.09896409511566162
VIM,-0.004074650991242379,8,-0.006527227815240622,-0.23791013658046722,0.049850646406412125,0.04146866872906685,0.004602942615747452,0.08660826832056046,0.20206721127033234,-0.1727575808763504
VPS13D,0.07107793889008462,8,0.06257021427154541,0.09520389884710312,0.026641642674803734,0.1071099266409874,-0.012515834532678127,0.005858882330358028,0.15687504410743713,0.1268797367811203
VPS45,0.04528220626525581,8,0.04762706160545349,-0.06630638241767883,0.07832527160644531,0.10907552391290665,-0.036478012800216675,0.016695735976099968,0.09711186587810516,0.1162065863609314
VWF,-0.0007308109197765589,8,0.047197114676237106,-0.12094314396381378,0.01820138841867447,0.018260834738612175,-0.014052961021661758,0.03240654617547989,-0.04062402620911598,0.05370775982737541
WDFY3,0.06329804070992395,8,0.012308393605053425,0.06551884859800339,0.06379725784063339,0.07509426027536392,0.020197710022330284,0.007023716811090708,0.11734689772129059,0.14509724080562592
WDR13,0.082507929939311,8,-0.01773284189403057,0.22091802954673767,0.08019080013036728,0.07076118141412735,-0.005810920614749193,0.028986971825361252,0.17800591886043549,0.10474430024623871
WDR34,0.044981196988373995,8,-0.04412369430065155,0.03678280860185623,0.10861203819513321,0.10106668621301651,0.04021044820547104,-0.04903177544474602,0.09115864336490631,0.07517442107200623
WDR46,0.12795695627573878,8,0.0505128912627697,0.28657791018486023,0.1712614744901657,0.14251157641410828,0.011057448573410511,-0.02693295106291771,0.1882137954235077,0.2004535049200058
WDR73,0.08337503136135638,8,0.05475475266575813,0.20143884420394897,0.1022963598370552,0.10178088396787643,0.008382070809602737,-0.020795194432139397,0.07042587548494339,0.14871665835380554
WDR74,0.12813424307387322,8,0.029632065445184708,0.2896864414215088,0.15219412744045258,0.20591330528259277,0.010141637176275253,0.006230770610272884,0.13617829978466034,0.19509729743003845
WIPF1,0.024640214862301946,8,-0.037663597613573074,-0.016619211062788963,0.07563486695289612,0.03659874200820923,0.02304384857416153,0.021272040903568268,0.039929505437612534,0.054925523698329926
XAB2,0.08913355611730367,8,0.021225005388259888,0.1406492441892624,0.1362648606300354,0.16080836951732635,-0.012598228640854359,-0.011230597272515297,0.12882016599178314,0.14912962913513184
XIAP,-0.021768698265077546,8,-0.015056016854941845,-0.0434880405664444,-0.00655799126252532,-0.013349680230021477,-0.0038197727408260107,0.014677302911877632,-0.07809486985206604,-0.028460517525672913
XPO6,0.12694259826093912,8,0.06980249285697937,0.28473418951034546,0.15703776478767395,0.14276792109012604,-0.03654329851269722,0.057355623692274094,0.17736919224262238,0.1630169004201889
YIPF4,0.0636119176633656,8,0.06527777016162872,-0.024198763072490692,0.09394049644470215,0.13365845382213593,0.010373547673225403,0.03551353141665459,0.13027264177799225,0.06405766308307648
YTHDC1,0.03908167786721606,8,0.04602203890681267,-0.12380877882242203,0.06646507233381271,0.0918915644288063,0.0014783783117309213,0.032254867255687714,0.06252649426460266,0.1358237862586975
ZDHHC12,0.07786106213461608,8,-0.032300300896167755,0.18538488447666168,0.12561802566051483,0.15444351732730865,-0.013942203484475613,-0.01866072602570057,0.12753957509994507,0.09480572491884232
ZFAND3,0.0838291677646339,8,0.0981806144118309,-0.14479917287826538,0.1473853439092636,0.17427752912044525,-0.04077806696295738,0.07220453023910522,0.18823523819446564,0.1759273260831833
ZFP36,0.03221868199761957,8,0.009943803772330284,-0.2647315561771393,0.04883672297000885,0.11103394627571106,0.01315136719495058,0.023331008851528168,0.17573286592960358,0.14045129716396332
ZFPL1,0.08579659211682156,8,0.03135394677519798,0.1882789433002472,0.11569246649742126,0.08441217988729477,0.0057586864568293095,0.006168298423290253,0.13360881805419922,0.12109939754009247
ZFR,0.09456280898302794,8,0.10555047541856766,0.1856069564819336,0.1777343600988388,0.14376717805862427,-0.04760444909334183,0.016363196074962616,0.08337357640266418,0.09171117842197418
ZG16B,0.06572181568481028,8,0.022252237424254417,0.15454605221748352,0.06351204961538315,0.09557951986789703,-0.02729904092848301,0.024167058989405632,0.14684030413627625,0.04617634415626526
ZMAT5,0.08830725599545985,8,0.05321003869175911,0.26901164650917053,0.08343933522701263,0.07306896150112152,-0.01700510084629059,-0.013867887668311596,0.14161351323127747,0.11698754131793976
ZMYND19,0.12855446920730174,8,0.06752698123455048,0.24597275257110596,0.1814645528793335,0.12876543402671814,0.04517469182610512,0.016610367223620415,0.14699654281139374,0.19592443108558655
ZMYND8,0.06346630677580833,8,0.04328638315200806,0.09888945519924164,0.06365657597780228,0.05899975076317787,-0.0376698337495327,0.07793950289487839,0.06873344630002975,0.1338951736688614
ZNF217,0.12435477960389107,8,0.12076141685247421,0.11322220414876938,0.1812749058008194,0.1609145551919937,-0.013781488873064518,0.05319739878177643,0.17838475108146667,0.2008644938468933
ZNF337,0.10310341720469296,8,0.03050302527844906,0.23689579963684082,0.14051222801208496,0.11544521898031235,0.04121612384915352,0.04212681204080582,0.1008409634232521,0.11728716641664505
ZNF33B,0.07504383369814605,8,0.029459960758686066,0.16305691003799438,0.03877536579966545,0.11766809970140457,-0.012708098627626896,0.04028155282139778,0.13815052807331085,0.08566635102033615
ZNF362,0.06217589971038251,8,0.0016797638963907957,0.08859629184007645,0.12446926534175873,0.08449479192495346,-0.00011002555402228609,0.011207940056920052,0.0376676544547081,0.14940151572227478
ZNF524,0.03532407130114734,8,-0.023085780441761017,0.1241724044084549,0.06584998965263367,0.08887515217065811,-0.005367184057831764,-0.04892238229513168,0.015727713704109192,0.06534265726804733
ZNF592,0.04449702161946334,8,0.0027120488230139017,0.11120456457138062,0.03156673535704613,0.03321247547864914,-0.004854495637118816,0.015731871128082275,0.0834222361445427,0.08298073709011078
ZNF644,0.05363133875653148,8,0.03503052890300751,-0.026513924822211266,0.06451903283596039,0.024086860939860344,-0.02926253154873848,0.04860227555036545,0.19515469670295715,0.11743377149105072
ZNF668,0.08028605999425054,8,0.058859143406152725,0.11715321242809296,0.14208564162254333,0.10587995499372482,0.007918573915958405,0.02107209712266922,0.058091647922992706,0.13122820854187012
ZNF771,0.03869272262090817,8,0.005812233779579401,0.11680909991264343,0.06630812585353851,0.053100720047950745,0.0033226776868104935,-0.07362610846757889,0.0903690755367279,0.047445956617593765
ZNF787,0.0761310689849779,8,0.0265793576836586,0.20548416674137115,0.15108764171600342,0.08044435828924179,-0.010540359653532505,-0.035207733511924744,0.121886245906353,0.0693148747086525
ZNF791,-0.006839306486654095,8,-0.01166075561195612,-0.018357882276177406,-0.06726199388504028,-0.004384948406368494,0.0011118162656202912,0.06428854912519455,-0.015111090615391731,-0.0033381464891135693
ZNF83,0.08156534598674625,8,0.03524860739707947,0.21543005108833313,0.08180137723684311,0.09581369906663895,-0.005436721723526716,0.002360737416893244,0.1122681125998497,0.11503690481185913
ZNF91,0.016905726079130545,8,0.07639297097921371,0.011274192482233047,0.02919992431998253,0.05691319704055786,-0.03791001811623573,-0.0027750793378800154,-0.022827506065368652,0.02497812733054161
ZNRF1,0.0889628812437877,8,0.009011494927108288,0.23240558803081512,0.11264361441135406,0.19239814579486847,-0.04146028682589531,-0.032644305378198624,0.10945191979408264,0.129896879196167
ZSWIM8,0.13318609882844612,8,0.0515054427087307,0.32001572847366333,0.14994540810585022,0.12322075664997101,0.03346169739961624,-0.005897267255932093,0.16290482878684998,0.23033219575881958
